Unnamed: 0,UEI,Start Date,End Date,Duration(Days),Main Cause,Location,Districts,State,Latitude,Longitude,Severity,Area Affected,Human fatality,Human injured,Human Displaced,Animal Fatality,Description of Casualties/injured,Extent of damage ,Event Source,Event Souce ID,District_LGD_Codes,State_Codes,_start_dt,target_location,region,coordinate_precision,data_source,flood_cause_category,flood_cause_final,flood_cause_confidence
569,UEI-IMD-FL-1968-0003,01-07-1968 00:00,30-07-1968 00:00,30.0,floods,,"Kasaragod, Wayanad, Kozhikode, Malappuram, Palakkad, Thrissur, Idukki, Ernakulam, Alappuzha, Kottayam, Pathanamthitta, Kollam, Thiruvananthapuram, Kannur, Churu, Jhunjhunun, Jaisalmer, Sikar, Alwar, Jaipur, Jodhpur, Bharatpur, Nagaur, Dausa, Karauli, Dholpur, Barmer, Sawai Madhopur, Tonk, Pali, Bhilwara, Jalore, Bundi, Kota, Sirohi, Baran, Udaipur, Jhalawar, Dungarpur, Banswara, Ajmer, Rajsamand, Chittorgarh, Ganganagar, Hanumangarh, Bikaner, Pratapgarh, Jhajjar, Gurugram, Faridabad, Mahendragarh, Rewari, Nuh, Palwal, Charki Dadri, Yamunanagar, Kurukshetra, Kaithal, Sirsa, Karnal, Jind, Fatehabad, Hisar, Panipat, Sonipat, Bhiwani, Rohtak, Panchkula, Ambala, Pashchim Champaran, Purbi Champaran, Sitamarhi, Sheohar, Gopalganj, Samastipur, Katihar, Khagaria, Bhojpur, Buxar, Darbhanga, Saharsa, Kaimur (Bhabua), Rohtas, Jamui, Banka, Nawada, Gaya, Munger, Vaishali, Begusarai, Bhagalpur, Lakhisarai, Sheikhpura, Arwal, Jehanabad, Nalanda, Patna, Saran, Siwan, Muzaffarpur, Madhepura, Araria, Supaul, Madhubani, Purnia, Kishanganj, Aurangabad, Amroha, Hapur, Bareilly, Pilibhit, Bulandshahr, Gautam Buddha Nagar, Kheri, Budaun, Bahraich, Shahjahanpur, Aligarh, Kasganj, Mathura, SShrawasti, Sitapur, Hathras, Etah, Hardoi, Farrukhabad, Firozabad, Siddharthnagar, Mainpuri, Mahrajganj, Agra, Gonda, Bara Banki, Kushinagar, Kannauj, Lucknow, Basti, Gorakhpur, Sant Kabir Nagar, Unnao, Etawah, Kanpur nagar Nagar, Auraiya, Ayodhya, Kanpur nagar Dehat, Deoria, Sultanpur, Ambedkar Nagar, Rae Bareli, Jalaun, Azamgarh, Mau, Fatehpur, Ballia, Jaunpur, Jhansi, Banda, Ghazipurr, Kaushambi, Prayagraj, Varanasi, Chitrakoot, Chandauli, Bhadohi, Mirzapur, Lalitpur, Sonbhadra, Amethi, Ghaziabad, Sambhal, Mahoba, Saharanpur, Bijnor, Muzaffarnagar, Baghpat, Meerut, Moradabad, Rampur, Shamli, Balrampur, Hamirpur, Pratapgarh","Kerala, Rajasthan, Haryana, Uttar Pradesh, Bihar",,,,,,,,,,One passenger train was marooned in flood waters near Makrana in Rajasthan.,IMD,,"558, 567, 561, 562, 563, 566, 556, 555, 554, 560, 564, 559, 565, 557, 96, None, 103, 114, 87, 102, 107, 760, 110, 97, 108, 98, 90, 113, 116, 111, 92, 104, 94, 109, 115, 366, 117, 105, 99, 88, 86, 112, 95, 100, 101, 93, 629, 64, 62, 60, 69, 72, 604, 619, 701, 76, 68, 66, 74, 67, 65, 61, 204, 71, 75, 59, 73, 70, 58, 211, 213, 221, 220, 197, 217, 201, 202, 193, 194, 195, 216, None, 215, 198, 190, 210, 196, 207, 224, 191, 192, 204, 219, 611, 199, 209, 520, 218, 222, 208, 205, 188, 223, 206, 214, 203, 189, 154, 502, 130, 173, 134, 144, 159, 133, 125, 180, 119, 633, 167, None, 183, 163, 138, 150, 141, 143, 182, 166, 164, 118, 514, 129, 160, 155, 162, 131, 148, 178, 186, 139, None, 122, 140, None, 137, 185, 121, 175, 151, 123, 24, 142, 126, 152, 153, 456, None, 158, 120, 187, 136, 135, 179, 170, 161, 184, 640, 145, 659, 165, 177, 132, 172, 124, 169, 171, 649, 660, 649, 17, 629","32,8,6,9,10",1968-07-01,Idukki,Western Ghats,district-named,India_Flood_Inventory_v3.csv (IMD-sourced),ambiguous_generic,flash_flood,"regional_default (Western Ghats steep terrain, no floodplain reach -- Main Cause text did not state mechanism)"
576,UEI-IMD-FL-1969-0002,15-07-1969 00:00,22-07-1969 00:00,8.0,floods,,"Beedar, Kalaburagi, Belagavi, Yadgir, Bagalkotee, Raichur, Koppal, Gadag, Ballari, Dharwad, Uttar Kashia Kannada, Haveri, Chitradurga, Davangere, Shivamogga, Udupi, Chikkamagaluru, Chikkaballapura, Hassan, Kolar, Bengaluru Rural, Dakshina Kannada, Bengaluru Urban, Kodagu, Chamarajanagaraa, Tumakuru, Ramanagara, Mandya, Mysuru, Vijayapura, Kasaragod, Wayanad, Kozhikode, Malappuram, Palakkad, Thrissur, Idukki, Ernakulam, Alappuzha, Kottayam, Pathanamthitta, Kollam, Thiruvananthapuram, Kannur","Karnataka, Kerala",,,,,,,,,,,IMD,,"None, 538, 527, 635, None, 546, 543, 537, 528, 536, None, 540, 533, 535, 547, 549, 532, 630, 539, 542, 526, 534, 525, 541, None, 548, 631, 544, 545, 530, 558, 567, 561, 562, 563, 566, 556, 555, 554, 560, 564, 559, 565, 557","29,32",1969-07-15,Idukki,Western Ghats,district-named,India_Flood_Inventory_v3.csv (IMD-sourced),ambiguous_generic,flash_flood,"regional_default (Western Ghats steep terrain, no floodplain reach -- Main Cause text did not state mechanism)"
639,UEI-IMD-FL-1974-0005,22-07-1974 00:00,28-07-1974 00:00,7.0,floods,,"Kasaragod, Wayanad, Kozhikode, Malappuram, Palakkad, Thrissur, Idukki, Ernakulam, Alappuzha, Kottayam, Pathanamthitta, Kannur,Beedar, Kalaburagi, Belagavi, Yadgir, Bagalkotee, Raichur, Koppal, Gadag, Ballari, Dharwad, Uttar Kashia Kannada, Haveri, Chitradurga, Davangere, Shivamogga, Udupi, Chikkamagaluru, Chikkaballapura, Hassan, Kolar, Bengaluru Rural, Bengaluru Urban, Kodagu, Chamarajanagaraa, Tumakuru, Ramanagara, Mandya, Mysuru, Vijayapura","Kerala, Karnataka",,,,,,,,,,"Causing extensive damage to crops,property worth several lakhs of rupees. Many were rendered homelesss. Loss of life was also reported. The worst affected district in Kerala was Idikki which also experienced landslides",IMD,,"558, 567, 561, 562, 563, 566, 556, 555, 554, 560, 564, 557, None, 538, 527, 635, None, 546, 543, 537, 528, 536, None, 540, 533, 535, 547, 549, 532, 630, 539, 542, 526, 525, 541, None, 548, 631, 544, 545, 530","32,29",1974-07-22,Idukki,Western Ghats,district-named,India_Flood_Inventory_v3.csv (IMD-sourced),ambiguous_generic,flash_flood,"regional_default (Western Ghats steep terrain, no floodplain reach -- Main Cause text did not state mechanism)"
664,UEI-IMD-FL-1975-0025,15-06-1975 00:00,30-06-1975 00:00,16.0,floods,,"Kasaragod, Wayanad, Kozhikode, Malappuram, Palakkad, Thrissur, Idukki, Ernakulam, Alappuzha, Kottayam, Pathanamthitta, Kollam, Thiruvananthapuram, Kannur",Kerala,,,,,,,,,,"The flood affected the population of about 4 to 5 lakhs causing loss of life, landslides,extensive damage to crop, the property worth several lakhs of Rupees",IMD,,"558, 567, 561, 562, 563, 566, 556, 555, 554, 560, 564, 559, 565, 557",32,1975-06-15,Idukki,Western Ghats,district-named,India_Flood_Inventory_v3.csv (IMD-sourced),ambiguous_generic,flash_flood,"regional_default (Western Ghats steep terrain, no floodplain reach -- Main Cause text did not state mechanism)"
917,UEI-IMD-FL-1981-0034,27-07-1981 00:00,27-07-1981 00:00,1.0,heavy rains,,Idukki,Kerala,,,,,,,,,,"About 1 hectare oland washed away in landslide causing damage to 600 rubber trees,other cash crops",IMD,,556,32,1981-07-27,Idukki,Western Ghats,district-named,India_Flood_Inventory_v3.csv (IMD-sourced),ambiguous_generic,flash_flood,"regional_default (Western Ghats steep terrain, no floodplain reach -- Main Cause text did not state mechanism)"
1280,UEI-IMD-FL-1985-0030,24-06-1985 00:00,28-06-1985 00:00,5.0,heavy rains,,Idukki,Kerala,,,,,28.0,,,,"28 people including a family of 9, killed in different parts of the city","i)1000 houses collapsed ii)Vehicular traffic between Idukki-Kothamangalam disrupted due to landslide at Vazathoppu,Karimbam iii)Road,telecommunication link disrupted iv)Paddy crop suffered extensive damage v)Pepper vines,Cardamam Plantations badly damaged vi)Crop worth Rs. 95 crore lost",IMD,,556,32,1985-06-24,Idukki,Western Ghats,district-named,India_Flood_Inventory_v3.csv (IMD-sourced),ambiguous_generic,flash_flood,"regional_default (Western Ghats steep terrain, no floodplain reach -- Main Cause text did not state mechanism)"
1367,UEI-IMD-FL-1986-0043,01-08-1986 00:00,14-08-1986 00:00,14.0,severe,,"Alappuzha,Kannur, Ernakulam, Idukki, Kottayam,Kollam",Kerala,,,,,28.0,100.0,,,"28 persons died,100 other, mostly children injured","i)Alappuzha,Ernakulam districts worst affected ii)Paddy crop in 21,700 acres completely,25,650 acres partially damaged iii)19,000 people in Alappuzha district shifted to safer place iv)1750 houses collapsed,9000 damaged v)Heavy loss of rubber plantation,coconut cultivation in Cannore district reported",IMD,,"554, 557, 555, 556, 560, 559",32,1986-08-01,Idukki,Western Ghats,district-named,India_Flood_Inventory_v3.csv (IMD-sourced),ambiguous_generic,flash_flood,"regional_default (Western Ghats steep terrain, no floodplain reach -- Main Cause text did not state mechanism)"
1430,UEI-IMD-FL-1987-0022,13-10-1987 00:00,13-10-1987 00:00,1.0,heavy rains,,Idukki,Kerala,,,,,,,,,,"Extensive damage to houses,agriculture in Kanjikuzhi pancayat",IMD,,556,32,1987-10-13,Idukki,Western Ghats,district-named,India_Flood_Inventory_v3.csv (IMD-sourced),ambiguous_generic,flash_flood,"regional_default (Western Ghats steep terrain, no floodplain reach -- Main Cause text did not state mechanism)"
1500,UEI-IMD-FL-1988-0047,18-07-1988 00:00,18-07-1988 00:00,1.0,heavy rains,,Idukki,Kerala,,,,,,,,,,"Extensive damaged to property,agriculture reported",IMD,,556,32,1988-07-18,Idukki,Western Ghats,district-named,India_Flood_Inventory_v3.csv (IMD-sourced),ambiguous_generic,flash_flood,"regional_default (Western Ghats steep terrain, no floodplain reach -- Main Cause text did not state mechanism)"
1501,UEI-IMD-FL-1988-0048,21-07-1988 00:00,21-07-1988 00:00,1.0,heavy rains,,Idukki,Kerala,,,,,,,,,,"Loss  to crops product,private,public property reported",IMD,,556,32,1988-07-21,Idukki,Western Ghats,district-named,India_Flood_Inventory_v3.csv (IMD-sourced),ambiguous_generic,flash_flood,"regional_default (Western Ghats steep terrain, no floodplain reach -- Main Cause text did not state mechanism)"
1504,UEI-IMD-FL-1988-0051,15-09-1988 00:00,15-09-1988 00:00,1.0,heavy rains,,Idukki,Kerala,,,,,,,,,,"7 houses completely,35 partially damaged",IMD,,556,32,1988-09-15,Idukki,Western Ghats,district-named,India_Flood_Inventory_v3.csv (IMD-sourced),ambiguous_generic,flash_flood,"regional_default (Western Ghats steep terrain, no floodplain reach -- Main Cause text did not state mechanism)"
1588,UEI-IMD-FL-1989-0030,11-06-1989 00:00,12-06-1989 00:00,2.0,heavy rains,,"Idukki,Kottayam",Kerala,,,,,1.0,,,,1 person died,"Extensive damage to property,agriculture reported",IMD,,"556, 560",32,1989-06-11,Idukki,Western Ghats,district-named,India_Flood_Inventory_v3.csv (IMD-sourced),ambiguous_generic,flash_flood,"regional_default (Western Ghats steep terrain, no floodplain reach -- Main Cause text did not state mechanism)"
1589,UEI-IMD-FL-1989-0031,16-07-1989 00:00,16-07-1989 00:00,1.0,heavy rains,,Idukki ,Kerala,,,,,,,,,,Extensive damage to agriculture reported,IMD,,556,32,1989-07-16,Idukki,Western Ghats,district-named,India_Flood_Inventory_v3.csv (IMD-sourced),ambiguous_generic,flash_flood,"regional_default (Western Ghats steep terrain, no floodplain reach -- Main Cause text did not state mechanism)"
1592,UEI-IMD-FL-1989-0034,21-07-1989 00:00,22-07-1989 00:00,2.0,heavy rains,,"Alappuzha, Ernakulam, Idukki, Kozhikode, Malappuram,Palakkad",Kerala,,,,,17.0,,,,17 persons of which 11 from Idukki alone died,"i)About 100 houses damaged ii)Extensive damage to property,agriculture reported",IMD,,"554, 555, 556, 561, 562, 563",32,1989-07-21,Idukki,Western Ghats,district-named,India_Flood_Inventory_v3.csv (IMD-sourced),ambiguous_generic,flash_flood,"regional_default (Western Ghats steep terrain, no floodplain reach -- Main Cause text did not state mechanism)"
1764,UEI-IMD-FL-1991-0044,06-06-1991 00:00,06-06-1991 00:00,1.0,heavy rains,,"Alappuzha, Idukki, Kasaragod, Kollam, Kottayam, Kozhikode, Palakkad, Pathanamthitta, Thiruvananthapuram,Wayanad",Kerala,,,,,22.0,,,,i)22 persons died ii)Large number of domestic animals perished,"i)Several houses collapsed ii)Agriculture crop,the property worth Rs. 100 crores destroyed",IMD,,"554, 556, 558, 559, 560, 561, 563, 564, 565, 567",32,1991-06-06,Idukki,Western Ghats,district-named,India_Flood_Inventory_v3.csv (IMD-sourced),ambiguous_generic,flash_flood,"regional_default (Western Ghats steep terrain, no floodplain reach -- Main Cause text did not state mechanism)"
1872,UEI-IMD-FL-1992-0026,08-06-1992 00:00,09-06-1992 00:00,2.0,heavy rains,,"Kasaragod, Wayanad, Kozhikode, Malappuram, Palakkad, Thrissur, Idukki, Ernakulam, Alappuzha, Kottayam, Pathanamthitta, Kollam, Thiruvananthapuram, Kannur",Kerala,,,,,7.0,,,,7 persons died,"i)Low lying areas flooded ii)Extensive damage property,agriculture reported iii)Railway services disrupted due to flooding of railway tracks",IMD,,"558, 567, 561, 562, 563, 566, 556, 555, 554, 560, 564, 559, 565, 557",32,1992-06-08,Idukki,Western Ghats,district-named,India_Flood_Inventory_v3.csv (IMD-sourced),ambiguous_generic,flash_flood,"regional_default (Western Ghats steep terrain, no floodplain reach -- Main Cause text did not state mechanism)"
1873,UEI-IMD-FL-1992-0027,02-07-1992 00:00,02-07-1992 00:00,1.0,heavy rains,,"Kasaragod, Wayanad, Kozhikode, Malappuram, Palakkad, Thrissur, Idukki, Ernakulam, Alappuzha, Kottayam, Pathanamthitta, Kollam, Thiruvananthapuram, Kannur",Kerala,,,,,55.0,,,,55 persons died,Loss estimated to worth Rs. 56 lakh,IMD,,"558, 567, 561, 562, 563, 566, 556, 555, 554, 560, 564, 559, 565, 557",32,1992-07-02,Idukki,Western Ghats,district-named,India_Flood_Inventory_v3.csv (IMD-sourced),ambiguous_generic,flash_flood,"regional_default (Western Ghats steep terrain, no floodplain reach -- Main Cause text did not state mechanism)"
1958,UEI-IMD-FL-1993-0022,01-06-1993 00:00,01-06-1993 00:00,1.0,heavy rains,,"Alappuzha, Ernakulam, Idukki,  Kollam, Pathanamthitta, Thiruvananthapuram,Thrissur",Kerala,,,,,1.0,,,,One child died.,(i) Extensive damage to crop reported. (ii) Hundreds of houses damaged. (iii) Railway track inundated. .,IMD,,"554, 555, 556, 559, 564, 565, 566",32,1993-06-01,Idukki,Western Ghats,district-named,India_Flood_Inventory_v3.csv (IMD-sourced),ambiguous_generic,flash_flood,"regional_default (Western Ghats steep terrain, no floodplain reach -- Main Cause text did not state mechanism)"
1971,UEI-IMD-FL-1993-0035,10-11-1993 00:00,11-11-1993 00:00,2.0,heavy rains,,"Idukki, Kollam,Thiruvananthapuram",Kerala,,,,,3.0,,,,3 persons died.,"(i) 500 houses completely,2,500 partially damaged. 16,000 people evacuated to safer places. (ii) Crop worth Rs. 7.5 lakhs damaged.",IMD,,"556, 559, 565",32,1993-11-10,Idukki,Western Ghats,district-named,India_Flood_Inventory_v3.csv (IMD-sourced),ambiguous_generic,flash_flood,"regional_default (Western Ghats steep terrain, no floodplain reach -- Main Cause text did not state mechanism)"
2072,UEI-IMD-FL-1994-0039,01-06-1994 00:00,14-06-1994 00:00,14.0,severe flood,,"Alappuzha, Ernakulam, Idukki, Kasaragod, Kollam, Kottayam, Kozhikode, Malappuram, Palakkad, Pathanamthitta, Thiruvananthapuram,Thrissur",Kerala,,,,,30.0,,,,30 persons died,"i)429 houses completely collapsed,3,380 houses partially damaged ii)Crop worth Rs. 33 lakhs destroyed iii)Many coconut trees/electricity poles uprooted",IMD,,"554, 555, 556, 558, 559, 560, 561, 562, 563, 564, 565, 566",32,1994-06-01,Idukki,Western Ghats,district-named,India_Flood_Inventory_v3.csv (IMD-sourced),ambiguous_generic,flash_flood,"regional_default (Western Ghats steep terrain, no floodplain reach -- Main Cause text did not state mechanism)"
2074,UEI-IMD-FL-1994-0041,14-07-1994 00:00,15-07-1994 00:00,2.0,heavy rains,,"Idukki,Malappuram",Kerala,,,,,12.0,2.0,,,"12 persons died,2 other injured",,IMD,,"556, 562",32,1994-07-14,Idukki,Western Ghats,district-named,India_Flood_Inventory_v3.csv (IMD-sourced),ambiguous_generic,flash_flood,"regional_default (Western Ghats steep terrain, no floodplain reach -- Main Cause text did not state mechanism)"
2075,UEI-IMD-FL-1994-0042,14-07-1994 00:00,16-07-1994 00:00,3.0,heavy rains,,"Alappuzha, Ernakulam, Idukki, Kozhikode, Malappuram, Palakkad,Thrissur",Kerala,,,,,14.0,50.0,,,"14 persons died,50 other injured",,IMD,,"554, 555, 556, 561, 562, 563, 566",32,1994-07-14,Idukki,Western Ghats,district-named,India_Flood_Inventory_v3.csv (IMD-sourced),ambiguous_generic,flash_flood,"regional_default (Western Ghats steep terrain, no floodplain reach -- Main Cause text did not state mechanism)"
2080,UEI-IMD-FL-1994-0047,02-08-1994 00:00,02-08-1994 00:00,1.0,heavy rains,,"Ernakulam, Idukki, Kollam, Kottayam,Thiruvananthapuram",Kerala,,,,,3.0,,,,3 persons died,"i)1,000 houses damaged ii)50 families shifted to safer places iii)Railway track between Ernakulam,Kottayam dislocated due to landslides iv)Extensive damage to vegetables reported",IMD,,"555, 556, 559, 560, 565",32,1994-08-02,Idukki,Western Ghats,district-named,India_Flood_Inventory_v3.csv (IMD-sourced),ambiguous_generic,flash_flood,"regional_default (Western Ghats steep terrain, no floodplain reach -- Main Cause text did not state mechanism)"
2081,UEI-IMD-FL-1994-0048,03-08-1994 00:00,09-08-1994 00:00,7.0,heavy rains,,"Alappuzha, Ernakulam, Idukki, Kannur, Kasaragod, Kollam, Kottayam, Pathanamthitta, Thiruvananthapuram,Thrissur",Kerala,,,,,,,,,,i)90 houses damaged ii)Vast tracts of paddy field submerged iii)Extensive damaged to vegetables reported,IMD,,"554, 555, 556, 557, 558, 559, 560, 564, 565, 566",32,1994-08-03,Idukki,Western Ghats,district-named,India_Flood_Inventory_v3.csv (IMD-sourced),ambiguous_generic,flash_flood,"regional_default (Western Ghats steep terrain, no floodplain reach -- Main Cause text did not state mechanism)"
2084,UEI-IMD-FL-1994-0051,11-10-1994 00:00,11-10-1994 00:00,1.0,heavy rains,,Idukki,Kerala,,,,,1.0,,,,1 woman died in a house collapse,,IMD,,556,32,1994-10-11,Idukki,Western Ghats,district-named,India_Flood_Inventory_v3.csv (IMD-sourced),ambiguous_generic,flash_flood,"regional_default (Western Ghats steep terrain, no floodplain reach -- Main Cause text did not state mechanism)"
2199,UEI-IMD-FL-1995-0042,07-05-1995 00:00,09-05-1995 00:00,3.0,heavy rains,,"Ernakulam, Idukki, Thiruvananthapuram",Kerala,,,,,3.0,5.0,,,"1 person died, 5 others injured , 1 person died in Idukku, 1 persons died in Thiruvananthapuram","i)Low lying areas submerged ii)250 huts partially damaged ,  16 houses completely,80 partially damaged , 17 houses completely,27 partially damaged",IMD,,"555, 556, 565",32,1995-05-07,Idukki,Western Ghats,district-named,India_Flood_Inventory_v3.csv (IMD-sourced),ambiguous_generic,flash_flood,"regional_default (Western Ghats steep terrain, no floodplain reach -- Main Cause text did not state mechanism)"
2202,UEI-IMD-FL-1995-0045,13-06-1995 00:00,17-06-1995 00:00,5.0,heavy rains,,"Ernakulam, Idukki, Kasaragod, Kollam, Kottayam, Kozhikode, Malappuram,Thiruvananthapuram",Kerala,,,,,2.0,,,,2 women died,i)Several houses damaged ii)Extensive damage to paddy crop reported,IMD,,"555, 556, 558, 559, 560, 561, 562, 565",32,1995-06-13,Idukki,Western Ghats,district-named,India_Flood_Inventory_v3.csv (IMD-sourced),ambiguous_generic,flash_flood,"regional_default (Western Ghats steep terrain, no floodplain reach -- Main Cause text did not state mechanism)"
2204,UEI-IMD-FL-1995-0047,05-07-1995 00:00,12-07-1995 00:00,8.0,heavy rains,,"Idukki, Kasaragod,Kozhikode",Kerala,,,,,,,,,,"i)85 houses fully,198 houses partially damaged ii)Agricultural loss worth Rs. 2 crores reported",IMD,,"556, 558, 561",32,1995-07-05,Idukki,Western Ghats,district-named,India_Flood_Inventory_v3.csv (IMD-sourced),ambiguous_generic,flash_flood,"regional_default (Western Ghats steep terrain, no floodplain reach -- Main Cause text did not state mechanism)"
2205,UEI-IMD-FL-1995-0048,14-07-1995 00:00,18-07-1995 00:00,5.0,heavy rains,,"Idukki, Kottayam,Malappuram",Kerala,,,,,,,,,,i)Low lying areas flooded ii)Several houses damaged iii)Vegetable/coconut trees uprooted iv)Vehicular traffic disrupted,IMD,,"556, 560, 562",32,1995-07-14,Idukki,Western Ghats,district-named,India_Flood_Inventory_v3.csv (IMD-sourced),ambiguous_generic,flash_flood,"regional_default (Western Ghats steep terrain, no floodplain reach -- Main Cause text did not state mechanism)"
2208,UEI-IMD-FL-1995-0051,02-09-1995 00:00,03-09-1995 00:00,2.0,heavy rains,,"Alappuzha, Idukki,Wayanad",Kerala,,,,,2.0,1.0,,,"2 boys died,1 woman injured",i)Low lying areas flooded ii)Many houses collapsed iii)Hundreds of rubber/coconut trees uprooted iv)Extensive damage to vegetation reported,IMD,,"554, 556, 567",32,1995-09-02,Idukki,Western Ghats,district-named,India_Flood_Inventory_v3.csv (IMD-sourced),ambiguous_generic,flash_flood,"regional_default (Western Ghats steep terrain, no floodplain reach -- Main Cause text did not state mechanism)"
2211,UEI-IMD-FL-1995-0054,18-10-1995 00:00,19-10-1995 00:00,2.0,heavy rains,,"Idukki,Thiruvananthapuram",Kerala,,,,,,,,,,i)2 houses collapsed ii)Loss of agricultural property due to landslide reported,IMD,,"556, 565",32,1995-10-18,Idukki,Western Ghats,district-named,India_Flood_Inventory_v3.csv (IMD-sourced),ambiguous_generic,flash_flood,"regional_default (Western Ghats steep terrain, no floodplain reach -- Main Cause text did not state mechanism)"
2369,UEI-IMD-FL-1996-0052,14-06-1996 00:00,15-06-1996 00:00,2.0,heavy rains,,"Alappuzha, Ernakulam, Idukki, Kannur, Kasaragod, Kottayam, Kozhikode, Malappuram, Thrissur, Wayanad",Kerala,,,,,1.0,,,,1 person died at Kozhikode,"i)100 houses fully,300 partially damaged at Ernakulam district ii)29 houses fully,408 partially damaged at Alappuzha iii)100 houses damaged at Idukki iv)Widespread damaged to progerty,agriculture reported",IMD,,"554, 555, 556, 557, 558, 560, 561, 562, 566, 567",32,1996-06-14,Idukki,Western Ghats,district-named,India_Flood_Inventory_v3.csv (IMD-sourced),ambiguous_generic,flash_flood,"regional_default (Western Ghats steep terrain, no floodplain reach -- Main Cause text did not state mechanism)"
2370,UEI-IMD-FL-1996-0053,16-06-1996 00:00,22-06-1996 00:00,7.0,heavy rains,,"Kasaragod, Wayanad, Kozhikode, Malappuram, Palakkad, Thrissur, Idukki, Ernakulam, Alappuzha, Kottayam, Pathanamthitta, Kollam, Thiruvananthapuram, Kannur",Kerala,,,,,24.0,,,,24 persons died,"i)2,500 houses damaged ii)Extensive damage to agriculture crop reported iii)Loss of property worth Rs. 25 crores reported",IMD,,"558, 567, 561, 562, 563, 566, 556, 555, 554, 560, 564, 559, 565, 557",32,1996-06-16,Idukki,Western Ghats,district-named,India_Flood_Inventory_v3.csv (IMD-sourced),ambiguous_generic,flash_flood,"regional_default (Western Ghats steep terrain, no floodplain reach -- Main Cause text did not state mechanism)"
2373,UEI-IMD-FL-1996-0056,20-07-1996 00:00,21-07-1996 00:00,2.0,heavy rains,,"Idukki, Pathanamthitta",Kerala,,,,,,,,,,"Widespread damage to property,agriculture reported",IMD,,"556, 564",32,1996-07-20,Idukki,Western Ghats,district-named,India_Flood_Inventory_v3.csv (IMD-sourced),ambiguous_generic,flash_flood,"regional_default (Western Ghats steep terrain, no floodplain reach -- Main Cause text did not state mechanism)"
2374,UEI-IMD-FL-1996-0057,24-07-1996 00:00,24-07-1996 00:00,1.0,heavy rains,,"Idukki, Kozhikode",Kerala,,,,,,,,,,"i)27 houses partially damaged ii)Widespread damage to property,agriculture reported",IMD,,"556, 561",32,1996-07-24,Idukki,Western Ghats,district-named,India_Flood_Inventory_v3.csv (IMD-sourced),ambiguous_generic,flash_flood,"regional_default (Western Ghats steep terrain, no floodplain reach -- Main Cause text did not state mechanism)"
2376,UEI-IMD-FL-1996-0059,12-08-1996 00:00,12-08-1996 00:00,1.0,heavy rains,,Idukki,Kerala,,,,,,,,,1 child died,"Widespread damaged to property,agriculture reported",IMD,,556,32,1996-08-12,Idukki,Western Ghats,district-named,India_Flood_Inventory_v3.csv (IMD-sourced),ambiguous_generic,flash_flood,"regional_default (Western Ghats steep terrain, no floodplain reach -- Main Cause text did not state mechanism)"
2378,UEI-IMD-FL-1996-0061,11-09-1996 00:00,11-09-1996 00:00,1.0,heavy rains,,Idukki,Kerala,,,,,,,,,,"Widespread damaged to property,agriculture at Cheruli,Chelachuvadu reported",IMD,,556,32,1996-09-11,Idukki,Western Ghats,district-named,India_Flood_Inventory_v3.csv (IMD-sourced),ambiguous_generic,flash_flood,"regional_default (Western Ghats steep terrain, no floodplain reach -- Main Cause text did not state mechanism)"
2490,UEI-IMD-FL-1997-0043,20-07-1997 00:00,24-07-1997 00:00,5.0,heavy rains,,"Idukki, Kottayam",Kerala,,,,,18.0,,,,i)18 villagers including 5 women buried alive in massive landslide at Mannankandom ii)Many persons injured,"i)Landslides reported ii)Widespread damage to property,agriculture reported",IMD,,"556, 560",32,1997-07-20,Idukki,Western Ghats,district-named,India_Flood_Inventory_v3.csv (IMD-sourced),ambiguous_generic,flash_flood,"regional_default (Western Ghats steep terrain, no floodplain reach -- Main Cause text did not state mechanism)"
2495,UEI-IMD-FL-1997-0048,03-11-1997 00:00,11-11-1997 00:00,9.0,heavy rains,,"Alappuzha, Idukki, Kottayam, Malappuram,Pathanamthitta",Kerala,,,,,7.0,2.0,,,"7 persons died,2 other injured",i)Trees/electricity/telephone lines uprooted ii)Damage to many houses reported,IMD,,"554, 556, 560, 562, 564",32,1997-11-03,Idukki,Western Ghats,district-named,India_Flood_Inventory_v3.csv (IMD-sourced),ambiguous_generic,flash_flood,"regional_default (Western Ghats steep terrain, no floodplain reach -- Main Cause text did not state mechanism)"
2496,UEI-IMD-FL-1997-0049,28-11-1997 00:00,28-11-1997 00:00,1.0,heavy rains,,Idukki,Kerala,,,,,,,,,,i)One bridge collapsed ii)Damage to agriculture reported,IMD,,556,32,1997-11-28,Idukki,Western Ghats,district-named,India_Flood_Inventory_v3.csv (IMD-sourced),ambiguous_generic,flash_flood,"regional_default (Western Ghats steep terrain, no floodplain reach -- Main Cause text did not state mechanism)"
2647,UEI-IMD-FL-1998-0056,28-06-1998 00:00,28-06-1998 00:00,1.0,heavy rains,,Idukki,Kerala,,,,,,,,,,"Widespread damaged to houses, trees, crops,also to telegraphic,electric poles reported",IMD,,556,32,1998-06-28,Idukki,Western Ghats,district-named,India_Flood_Inventory_v3.csv (IMD-sourced),ambiguous_generic,flash_flood,"regional_default (Western Ghats steep terrain, no floodplain reach -- Main Cause text did not state mechanism)"
2648,UEI-IMD-FL-1998-0057,02-07-1998 00:00,06-07-1998 00:00,5.0,heavy rains,,"Idukki, Kasaragod, Kottayam, Malappuram, Palakkad, Thiruvananthapuram,Wayanad",Kerala,,,,,45.0,,,,45 people died,"Widespread damaged to houses, trees, electric lines,rubber plantation",IMD,,"556, 558, 560, 562, 563, 565, 567",32,1998-07-02,Idukki,Western Ghats,district-named,India_Flood_Inventory_v3.csv (IMD-sourced),ambiguous_generic,flash_flood,"regional_default (Western Ghats steep terrain, no floodplain reach -- Main Cause text did not state mechanism)"
2649,UEI-IMD-FL-1998-0058,12-07-1998 00:00,15-07-1998 00:00,4.0,heavy rains,,"Ernakulam, Idukki, Malappuram, Pathanamthitta,Thrissur",Kerala,,,,,5.0,,,,"4 persons,1 child died",Several houses damaged,IMD,,"555, 556, 562, 564, 566",32,1998-07-12,Idukki,Western Ghats,district-named,India_Flood_Inventory_v3.csv (IMD-sourced),ambiguous_generic,flash_flood,"regional_default (Western Ghats steep terrain, no floodplain reach -- Main Cause text did not state mechanism)"
2651,UEI-IMD-FL-1998-0060,01-11-1998 00:00,05-11-1998 00:00,5.0,heavy rains,,"Idukki,Thiruvananthapuram",Kerala,,,,,,3.0,,,3 persons injured in landslide,"i)45 houses fully,154 partially damaged due to landslides ii)Widespread loss to crops reported iii)Train service between Nagarcoil,Thiruvananthapuram dislocated",IMD,,"556, 565",32,1998-11-01,Idukki,Western Ghats,district-named,India_Flood_Inventory_v3.csv (IMD-sourced),ambiguous_generic,flash_flood,"regional_default (Western Ghats steep terrain, no floodplain reach -- Main Cause text did not state mechanism)"
2753,UEI-IMD-FL-1999-0044,25-05-1999 00:00,28-05-1999 00:00,4.0,heavy rains,,"Idukki,Kottayam",Kerala,,,,,1.0,,,,1 person died,Landslides reported from Idukki,IMD,,"556, 560",32,1999-05-25,Idukki,Western Ghats,district-named,India_Flood_Inventory_v3.csv (IMD-sourced),ambiguous_generic,flash_flood,"regional_default (Western Ghats steep terrain, no floodplain reach -- Main Cause text did not state mechanism)"
2754,UEI-IMD-FL-1999-0045,07-06-1999 00:00,12-06-1999 00:00,6.0,heavy rains,,"Kasaragod, Wayanad, Kozhikode, Malappuram, Palakkad, Thrissur, Idukki, Ernakulam, Alappuzha, Kottayam, Pathanamthitta, Kollam, Thiruvananthapuram, Kannur",Kerala,,,,,18.0,80.0,,,"18 persons died,more than 80 injured","i)Rail/Road service dislocated ii)Many houses damaged iii)Widespread damage to property,agriculture reported",IMD,,"558, 567, 561, 562, 563, 566, 556, 555, 554, 560, 564, 559, 565, 557",32,1999-06-07,Idukki,Western Ghats,district-named,India_Flood_Inventory_v3.csv (IMD-sourced),ambiguous_generic,flash_flood,"regional_default (Western Ghats steep terrain, no floodplain reach -- Main Cause text did not state mechanism)"
2755,UEI-IMD-FL-1999-0046,16-06-1999 00:00,20-06-1999 00:00,5.0,heavy rains,,"Ernakulam, Idukki, Kasaragod, Kozhikode, Malappuram, Palakkad,Pathanamthitta",Kerala,,,,,14.0,,,,14 persons died out of which 5 died in a house collapse,"i)Kuttiyadi canal-wall collapsed ii)Many houses damaged iii)Widespread damage to crops,property reported",IMD,,"555, 556, 558, 561, 562, 563, 564",32,1999-06-16,Idukki,Western Ghats,district-named,India_Flood_Inventory_v3.csv (IMD-sourced),ambiguous_generic,flash_flood,"regional_default (Western Ghats steep terrain, no floodplain reach -- Main Cause text did not state mechanism)"
2756,UEI-IMD-FL-1999-0047,17-07-1999 00:00,31-07-1999 00:00,15.0,heavy rains,,"Idukki, Kannur, Kasaragod, Kollam, Palakkad, Pathanamthitta, Thiruvananthapuram,Thrissur",Kerala,,,,,19.0,6.0,,,"19 persons died,6 injured in different icidence of house collapse","i)Landslides from various places reported ii)Many trees/electric poles uprooted iii)Widespread loss of property,agriculture reported",IMD,,"556, 557, 558, 559, 563, 564, 565, 566",32,1999-07-17,Idukki,Western Ghats,district-named,India_Flood_Inventory_v3.csv (IMD-sourced),ambiguous_generic,flash_flood,"regional_default (Western Ghats steep terrain, no floodplain reach -- Main Cause text did not state mechanism)"
2759,UEI-IMD-FL-1999-0050,18-10-1999 00:00,22-10-1999 00:00,5.0,heavy rains,,"Kasaragod, Wayanad, Kozhikode, Malappuram, Palakkad, Thrissur, Idukki, Ernakulam, Alappuzha, Kottayam, Pathanamthitta, Kollam, Thiruvananthapuram, Kannur",Kerala,,,,,21.0,,,,21 persons died,"i)1218 houses/huts damaged ii)Widespread damage to property,agriculture reported",IMD,,"558, 567, 561, 562, 563, 566, 556, 555, 554, 560, 564, 559, 565, 557",32,1999-10-18,Idukki,Western Ghats,district-named,India_Flood_Inventory_v3.csv (IMD-sourced),ambiguous_generic,flash_flood,"regional_default (Western Ghats steep terrain, no floodplain reach -- Main Cause text did not state mechanism)"
2866,UEI-IMD-FL-2000-0063,08-06-2000 00:00,14-06-2000 00:00,7.0,heavy rains,,"Alappuzha, Idukki,Kannur",Kerala,,,,,,2.0,,,2 persons drowned,"(i) Sebveral houses collapsed. A church building collapsed (ii) Widespread damage to agriculture,property reported",IMD,,"554, 556, 557",32,2000-06-08,Idukki,Western Ghats,district-named,India_Flood_Inventory_v3.csv (IMD-sourced),ambiguous_generic,flash_flood,"regional_default (Western Ghats steep terrain, no floodplain reach -- Main Cause text did not state mechanism)"
2869,UEI-IMD-FL-2000-0066,07-07-2000 00:00,10-07-2000 00:00,4.0,heavy rains,,"Idukki, Kollam, Pathanamthitta,Thiruvananthapuram",Kerala,,,,,63.0,15.0,,,"63 persons died,more than 15 iunjured","(i) About 180 houses fully,2500 houses partially collapsed (ii) widespread damage to property,agriculture reportd",IMD,,"556, 559, 564, 565",32,2000-07-07,Idukki,Western Ghats,district-named,India_Flood_Inventory_v3.csv (IMD-sourced),ambiguous_generic,flash_flood,"regional_default (Western Ghats steep terrain, no floodplain reach -- Main Cause text did not state mechanism)"
2871,UEI-IMD-FL-2000-0068,22-08-2000 00:00,28-08-2000 00:00,7.0,heavy rains,,"Alappuzha, Idukki, Kannur, Kasaragod, Kollam, Kottayam, Kozhikode, Malappuram, Palakkad, Pathanamthitta, Thiruvananthapuram, Thrissur,Wayanad",Kerala,,,,,37.0,,,,"37 people died,a few injured",(i) Widespread damage to crops repoted (ii) Many houses collapsed/damaged,IMD,,"554, 556, 557, 558, 559, 560, 561, 562, 563, 564, 565, 566, 567",32,2000-08-22,Idukki,Western Ghats,district-named,India_Flood_Inventory_v3.csv (IMD-sourced),ambiguous_generic,flash_flood,"regional_default (Western Ghats steep terrain, no floodplain reach -- Main Cause text did not state mechanism)"
2981,UEI-IMD-FL-2001-0052,08-07-2001 00:00,14-07-2001 00:00,7.0,heavy rains,,"Alappuzha, Idukki, Kollam, Kottayam, Thiruvananthapuram,Thrissur",Kerala,,,,,22.0,,,,"22 persons died in Idukki dist. due to landslides,other incidences","(i) Landslides reported (ii)Widespread damage to property,,crops reported (iii) Damage to 210 houses also reported",IMD,,"554, 556, 559, 560, 565, 566",32,2001-07-08,Idukki,Western Ghats,district-named,India_Flood_Inventory_v3.csv (IMD-sourced),ambiguous_generic,flash_flood,"regional_default (Western Ghats steep terrain, no floodplain reach -- Main Cause text did not state mechanism)"
3155,UEI-IMD-FL-2003-0050,05-10-2003 00:00,07-10-2003 00:00,3.0,heavy rains,,"Idukki, Kollam,Thiruvananthapuram",Kerala,,,,,1.0,3.0,,,"1 person died,3 others injured due to house collapse/ tree collapse in Kollam dist","(i)Landslide reported in Kollam district (ii)Around 65 houses partially/completely damaged in Idukki,Thiruvananthapuram dist. (iii) Rail services disrupted du to falling of trees over rail track in Thiruvananthapuram dist.",IMD,,"556, 559, 565",32,2003-10-05,Idukki,Western Ghats,district-named,India_Flood_Inventory_v3.csv (IMD-sourced),ambiguous_generic,flash_flood,"regional_default (Western Ghats steep terrain, no floodplain reach -- Main Cause text did not state mechanism)"
3252,UEI-IMD-FL-2004-0034,04-06-2004 00:00,18-06-2004 00:00,15.0,heavy rains,,"Idukki, Kannur, Kollam, Kottayam, Kozhikode, Malappuram, Palakkad , Thrissur,Thiruvananthapuram",Kerala,,,,,25.0,5.0,,,"25 persons died, 3 injured,2 reported missing in separate incidents of landslide,drowning","(i)Landslide reported (ii)Wayanad mountain pass blocked (iii)Widespread damage to agriculture reported (iv)Many houses including  a school building collapsed,many other damaged",IMD,,"556, 557, 559, 560, 561, 562, 563, 566, 565",32,2004-06-04,Idukki,Western Ghats,district-named,India_Flood_Inventory_v3.csv (IMD-sourced),ambiguous_generic,flash_flood,"regional_default (Western Ghats steep terrain, no floodplain reach -- Main Cause text did not state mechanism)"
3256,UEI-IMD-FL-2004-0038,03-08-2004 00:00,08-08-2004 00:00,6.0,heavy rains,,"Idukki, Kannur, Kasaragod, Kollam, Kozhikode, Malappuram, Palakkad,Wayanad",Kerala,,,,,31.0,29.0,,,"31 persons died, 29 injured,5 reported missing","(i)More thean 2000 houses damaged/destroyed (ii)Roads also damaged (iii)Damage to crops also reported (iv)Checkdam at Pothumattom in Idukki dist, collapsed",IMD,,"556, 557, 558, 559, 561, 562, 563, 567",32,2004-08-03,Idukki,Western Ghats,district-named,India_Flood_Inventory_v3.csv (IMD-sourced),ambiguous_generic,flash_flood,"regional_default (Western Ghats steep terrain, no floodplain reach -- Main Cause text did not state mechanism)"
3375,UEI-IMD-FL-2005-0082,22-07-2005 00:00,28-07-2005 00:00,7.0,heavy rains,,"Alappuzha, Ernakulam, Idukki, Kollam, Kottayam, Thiruvananthapuram, Thrissur,Wayanad",Kerala,,,,,28.0,14.0,,,"28 persons including 4 women,3 children died,14 injured","(i)Landslide reported (ii)595 houses completely,3062 houses partially damaged (iii)Hundreds of acres of farm dield flooded (iv)Widespread damage to agriculture reported (v)3 bridges washed away in Ambalavayal",IMD,,"554, 555, 556, 559, 560, 565, 566, 567",32,2005-07-22,Idukki,Western Ghats,district-named,India_Flood_Inventory_v3.csv (IMD-sourced),ambiguous_generic,flash_flood,"regional_default (Western Ghats steep terrain, no floodplain reach -- Main Cause text did not state mechanism)"
3661,UEI-IMD-FL-2007-0082,22-06-2007 00:00,28-06-2007 00:00,7.0,heavy rains,,"Alappuzha, Ernakulam,  Idukki, Kannur, Kasaragod, Kottayam, Kozhikode, Malappuram, Palakkad, Pathanamthitta, Thrissur, Thiruvananthapuram,Wayanad ",Kerala,,,,,77.0,103.0,,,"77 persons died, 66 injured in different incidents,27 reported missing.","i) Landslide reported in Wayanad district. ii) More than 10,000 palm trees uprooted in Wayanad district. iii) 1766 houses completely,1240 partially damaged. iv) Extensive damage to agriculture reported. v) Traffic,electric lines disrupted. vi) Roofs of houses/school blown away. vii) Bridge flooded,low lying areas submerged. ",IMD,,"554, 555, 556, 557, 558, 560, 561, 562, 563, 564, 566, 565, 567",32,2007-06-22,Idukki,Western Ghats,district-named,India_Flood_Inventory_v3.csv (IMD-sourced),ambiguous_generic,flash_flood,"regional_default (Western Ghats steep terrain, no floodplain reach -- Main Cause text did not state mechanism)"
3663,UEI-IMD-FL-2007-0084,01-07-2007 00:00,01-07-2007 00:00,1.0,heavy rains,,Idukki,Kerala,,,,,,3.0,,,3 persons injured.,"i) A police camp,workshed of power house damaged. ii) Road transport disrupted. iii) Widespread damage to agriculture,property reported. iv) 11 houses fully,88 houses partially damaged. ",IMD,,556,32,2007-07-01,Idukki,Western Ghats,district-named,India_Flood_Inventory_v3.csv (IMD-sourced),ambiguous_generic,flash_flood,"regional_default (Western Ghats steep terrain, no floodplain reach -- Main Cause text did not state mechanism)"
3664,UEI-IMD-FL-2007-0085,02-07-2007 00:00,02-07-2007 00:00,1.0,heavy rains,,"Ernakulam, Idukki, Kollam, Wayanad ",Kerala,,,,,1.0,,,,i) One person died. ii) Few animals washed away. ,"Few houses,agricultural areas washed away.",IMD,,"555, 556, 559, 567",32,2007-07-02,Idukki,Western Ghats,district-named,India_Flood_Inventory_v3.csv (IMD-sourced),ambiguous_generic,flash_flood,"regional_default (Western Ghats steep terrain, no floodplain reach -- Main Cause text did not state mechanism)"
3666,UEI-IMD-FL-2007-0087,14-07-2007 00:00,18-07-2007 00:00,5.0,heavy rains,,"Alappuzha, Idukki, Kannur, Kottayam, Kozhikode, Malappuram, Pathanamthitta, Thiruvananthapuram,Wayanad ",Kerala,,,,,30.0,2.0,,,"30 persons died,2 reported missing.","i) 67 houses completely,645 partially damaged. 14,800 houses flooded. ii) Extensive damage to agriculture (around 8000 hectares of land) reported. Plantains destroyed iii) Low lying areas,bridges flooded. iv) Electric/telephone lines disrupted,trees uprooted",IMD,,"554, 556, 557, 560, 561, 562, 564, 565, 567",32,2007-07-14,Idukki,Western Ghats,district-named,India_Flood_Inventory_v3.csv (IMD-sourced),ambiguous_generic,flash_flood,"regional_default (Western Ghats steep terrain, no floodplain reach -- Main Cause text did not state mechanism)"
3790,UEI-IMD-FL-2008-0066,28-07-2008 00:00,30-07-2008 00:00,3.0,heavy rains,,"Alappuzha, Idukki, Kollam, Kottayam, Palakkad, Pathanamthitta, Thiruvananthapuram,Wayanad ",Kerala,,,,,1.0,5.0,,,"One person died,5 others persons injured.","i) 36 houses damaged,200 houses partially damaged. ii) Traffic, telephone lines disrupted due to uprooting of trees. ii) Low lying areas inundated. ",IMD,,"554, 556, 559, 560, 563, 564, 565, 567",32,2008-07-28,Idukki,Western Ghats,district-named,India_Flood_Inventory_v3.csv (IMD-sourced),ambiguous_generic,flash_flood,"regional_default (Western Ghats steep terrain, no floodplain reach -- Main Cause text did not state mechanism)"
3794,UEI-IMD-FL-2008-0070,07-09-2008 00:00,08-09-2008 00:00,2.0,flash flood,,"Idukki, Kasaragod,Kottayam",Kerala,,,,,,,,,,i) Extensive damage to agriculture reported. ii) Landslide reported. ii) Many houses collapsed. ,IMD,,"556, 558, 560",32,2008-09-07,Idukki,Western Ghats,district-named,India_Flood_Inventory_v3.csv (IMD-sourced),flash_flood,flash_flood,explicit (Main Cause text names flash flood / cloudburst / GLOF)
3888,UEI-IMD-FL-2009-0037,15-07-2009 00:00,18-07-2009 00:00,4.0,heavy rains,,"Alappuzha, Ernakulam, Idukki, Kannur, Kasaragod, Kollam, Kozhikode, Pathanamthitta, Thrissur,Thiruvananthapuram",Kerala,,,,,33.0,,,,33 persons died.,"i) 363 houses completely,811 partially damaged. ii) In 666 hectares of cropland a loss of about Rs.10 crores reported. ",IMD,,"554, 555, 556, 557, 558, 559, 561, 564, 566, 565",32,2009-07-15,Idukki,Western Ghats,district-named,India_Flood_Inventory_v3.csv (IMD-sourced),ambiguous_generic,flash_flood,"regional_default (Western Ghats steep terrain, no floodplain reach -- Main Cause text did not state mechanism)"
3892,UEI-IMD-FL-2009-0041,07-11-2009 00:00,08-11-2009 00:00,2.0,heavy rains,,"Idukki, Palakkad,Thiruvananthapuram",Kerala,,,,,1.0,,,,i) One person died. ii) Many cattle heads washed away. ,i) Landslide reported. ii) 21 houses collapsed and. 80 partially damaged. iii) Damage to standing crops reported. ,IMD,,"556, 563, 565",32,2009-11-07,Idukki,Western Ghats,district-named,India_Flood_Inventory_v3.csv (IMD-sourced),ambiguous_generic,flash_flood,"regional_default (Western Ghats steep terrain, no floodplain reach -- Main Cause text did not state mechanism)"
4003,UEI-IMD-FL-2010-0066,08-06-2010 00:00,08-06-2010 00:00,1.0,heavy rains,,Idukki,Kerala,,,,,,,,,,"i) More than 25 acres of crop land damaged. ii) Water tank, check dams,pipelines destroyed. iii) Landslide reported. ",IMD,,556,32,2010-06-08,Idukki,Western Ghats,district-named,India_Flood_Inventory_v3.csv (IMD-sourced),ambiguous_generic,flash_flood,"regional_default (Western Ghats steep terrain, no floodplain reach -- Main Cause text did not state mechanism)"
4004,UEI-IMD-FL-2010-0067,11-06-2010 00:00,15-06-2010 00:00,5.0,heavy rains,,"Alappuzha, Ernakulam, Idukki, Kasaragod, Kochi,Kottayam, Kozhikode, Malappuram, Palakkad, Pathanamthitta,Thrissur,Thiruvananthapuram,Wayanad ",Kerala,,,,,,,,,"30 persons died, 8 persons  missing,19 others injured.","i) Widespread damage to crops reported.ii) About 230 houses completely,170 partially damaged. iii) Landslide reported. iv) Low lying areas flooded. v) State highway submerged. vi) Power lines / rail / road / air traffic disrupted. ",IMD,,"554, 555, 556, 558, None, 560, 561, 562, 563, 564, 566, 565, 567",32,2010-06-11,Idukki,Western Ghats,district-named,India_Flood_Inventory_v3.csv (IMD-sourced),ambiguous_generic,flash_flood,"regional_default (Western Ghats steep terrain, no floodplain reach -- Main Cause text did not state mechanism)"
4011,UEI-IMD-FL-2010-0074,27-10-2010 00:00,29-10-2010 00:00,3.0,heavy rains,,"Idukki,Thiruvananthapuram",Kerala,,,,,3.0,,,,3 persons died.,"i) Damage to banana, tapioca,beetle leaf,vegetables reported. ii) About 20 houses damaged. iii) Landslide reported. ",IMD,,"556, 565",32,2010-10-27,Idukki,Western Ghats,district-named,India_Flood_Inventory_v3.csv (IMD-sourced),ambiguous_generic,flash_flood,"regional_default (Western Ghats steep terrain, no floodplain reach -- Main Cause text did not state mechanism)"
4130,UEI-IMD-FL-2011-0044,01-06-2011 00:00,03-06-2011 00:00,3.0,heavy rains,,"Alappuzha, Idukki, Kollam, Kottayam, Kozhikode, Malappuram, Pathanamthitta, Thrissur, Thiruvananthapuram,Wayanad ",Kerala,,,,,1.0,4.0,,,"3 persons drowned, another died,2 others missing.","i) 25 houses completely,429 houses partially damaged while 8 houses submerged. ii) About 5,500 banana crops damaged. iii)Coir industry affected. iv) Estimated loss of about Rs. 18 lakhs in 150 hectares of land reported. vi) Landslides reported. vi)Several trees uprooted disrupting road/rail/electric supply.  ",IMD,,"554, 556, 559, 560, 561, 562, 564, 566, 565, 567",32,2011-06-01,Idukki,Western Ghats,district-named,India_Flood_Inventory_v3.csv (IMD-sourced),ambiguous_generic,flash_flood,"regional_default (Western Ghats steep terrain, no floodplain reach -- Main Cause text did not state mechanism)"
4131,UEI-IMD-FL-2011-0045,05-06-2011 00:00,08-06-2011 00:00,4.0,heavy rains,,"Alappuzha, Ernakulam, Idukki, Kottayam, Malappuram, Pathanamthitta, Thiruvananthapuram,Thrissur",Kerala,,,,,4.0,5.0,,,"4 persons drowned, other missing,4 others injured.","i) 4 houses completely,153 houses partially damaged. ii) Damage to crops worth Rs. 60 lakhs reported. iii) Damage to property worth Rs.8 lakhs reported. iv) About 10,000 banana plantations damaged. ",IMD,,"554, 555, 556, 560, 562, 564, 565, 566",32,2011-06-05,Idukki,Western Ghats,district-named,India_Flood_Inventory_v3.csv (IMD-sourced),ambiguous_generic,flash_flood,"regional_default (Western Ghats steep terrain, no floodplain reach -- Main Cause text did not state mechanism)"
4135,UEI-IMD-FL-2011-0049,06-08-2011 00:00,07-08-2011 00:00,2.0,heavy rains,,"Idukki, Kannur, Kottayam, Pathanamthitta,Thiruvananthapuram",Kerala,,,,,1.0,1.0,,,"One person died,other missing.","i) Around 2,000 people shifted to safer places. ii)Damage to crops reported. iii) Landslides at 18 places reported causing road traffic disruption on Kollam-Theni,Kochi-Madhura NH. iv) 65 houses completely,117 houses partially damaged.v) Road traffic,power supply on Punalur-Murattupuzha state highway disrupted. vi) 3 bridges across Pampa river submerged. ",IMD,,"556, 557, 560, 564, 565",32,2011-08-06,Idukki,Western Ghats,district-named,India_Flood_Inventory_v3.csv (IMD-sourced),ambiguous_generic,flash_flood,"regional_default (Western Ghats steep terrain, no floodplain reach -- Main Cause text did not state mechanism)"
4138,UEI-IMD-FL-2011-0052,14-10-2011 00:00,17-10-2011 00:00,4.0,heavy rains,,"Idukki,Wayanad",Kerala,,,,,2.0,,,,2 persons died.,"i)One house washed away,other partially damaged. ii) Thousands of banana plantations damaged. iii)Crops worth thousand rupees damaged. ",IMD,,"556, 567",32,2011-10-14,Idukki,Western Ghats,district-named,India_Flood_Inventory_v3.csv (IMD-sourced),ambiguous_generic,flash_flood,"regional_default (Western Ghats steep terrain, no floodplain reach -- Main Cause text did not state mechanism)"
4247,UEI-IMD-FL-2012-0054,17-11-2012 00:00,18-11-2012 00:00,2.0,heavy rains,,"Ernakulam, Idukki, Kottayam, Pathanamthitta,Thiruvananthapuram",Kerala,,,,,5.0,5.0,,,"5 persons died, 2 others missing,3 others injured.","i)Landslide reported. ii) Few houses washed away. iii) Extensive damage to rubber trees,standing crops of banana, coconut, coffee,areca nut on 6 hectares of area affected. iv) Extensive loss to property,agricultural department reported. ",IMD,,"555, 556, 560, 564, 565",32,2012-11-17,Idukki,Western Ghats,district-named,India_Flood_Inventory_v3.csv (IMD-sourced),ambiguous_generic,flash_flood,"regional_default (Western Ghats steep terrain, no floodplain reach -- Main Cause text did not state mechanism)"
4347,UEI-IMD-FL-2013-0074,25-06-2013 00:00,29-06-2013 00:00,5.0,heavy rains,,"Idukki, Ernakulam, Kollam, Kozhikode, Palakkad,Pathanamthitta ",Kerala,,,,,2.0,,,,2 persons died due to wall collapse in Pathananthitta while one person died due to landslide in Munnar.,"Ernakulam: i) 16 houses fully,326 houses partially damaged. ii) 3 wells caved in. Kozhikode: iii) 45 houses fully,and 2 partially damaged. iv) 6 boats completely,1 boat partially damaged. v) About 30 boats drowned at Chaliyar coast. Palakkad: i) 12 houses damaged causing a loss of worth Rs. 1.2 lakhs reported. ii) 6.75 hectares of agricultural land damaged causing a loss of worth Rs. 1.32 crores reported. Pathanamthitta: i) Extensive damage to rubber plantations   reported. ii) Punalur-Muvattapuzha State highway submerged causing vehicular disruption. ",IMD,,"556, 555, 559, 561, 563, 564",32,2013-06-25,Idukki,Western Ghats,district-named,India_Flood_Inventory_v3.csv (IMD-sourced),ambiguous_generic,flash_flood,"regional_default (Western Ghats steep terrain, no floodplain reach -- Main Cause text did not state mechanism)"
4350,UEI-IMD-FL-2013-0077,05-07-2013 00:00,12-07-2013 00:00,8.0,heavy rains,,"Idukki,Thiruvananthapuram ",Kerala,,,,,,2.0,,,i) 2 persons injured in Maruthankuzhy area as a tree fell over them. ii) Few livestock perished. ,"Cheruthoni town in Idukki: i) Landslide reported. ii) 5 acres of standing crops washed away. Thiruvananthapuram: i) A tree fell over a house damaging it in Killimanoor town. ii) A tree fell over electric cable lines disrupting power supply. iii) Acacia, Jackfruit, coconut, rubber, teak trees uprooted fell over a transformer, one house,a shop compound wall, damaging/collapsing the structures,also damaging some vehicles. iv) Several trees uprooted fell over NH road disrupting traffic,damaging a temple, a school building,a cattle-shed. v) A well caved in. vi) Taluka hospital of Chrayankeezhu damaged as a tree fell over it. vii) Few houses damaged.     ",IMD,,"556, 565",32,2013-07-05,Idukki,Western Ghats,district-named,India_Flood_Inventory_v3.csv (IMD-sourced),ambiguous_generic,flash_flood,"regional_default (Western Ghats steep terrain, no floodplain reach -- Main Cause text did not state mechanism)"
4358,UEI-IMD-FL-2013-0085,04-08-2013 00:00,08-08-2013 00:00,5.0,heavy rains ,,"Alappuzha, Ernakulam,Idukki, ",Kerala,,,,,17.0,3.0,,,"Idukki:i) 15 persons died as a mini bus, a jeep,few motor cycles swept away. ii) One person missing,2 injured in landslide.  Kochi: 2 persons died in Kochi.  ","Alappuzha: i) One house washed away,several houses inundated. ii) About 1.8 lakh people shifted to 183 relief camps. iii) Damage to 1600 acres of agricultural crops reported. Ernakulam: i) Kothamangalam town,Kochi airport runway flooded. ii) Landslide at Blavana Pooyamkutty road reported. iii) About 14,043 people shifted to 121 relief camps. iv) Manikandanchal bridge, Mahadeva temple submerged in Aluva. Idukki: i) About 10 shops buried in landslide. ii) Few houses,buildings collapsed. iii) 240 people shifted to 5 relief camps. iv) Landslide reported near Kulamavu,around 4 acres of land washed away. v) A hill caved down around 600 feet causing damage to agricultural crops. vi) Land caved in,roads blocked causing  road traffic disruption.   ",IMD,,"554, 555, 556, 603",32,2013-08-04,Idukki,Western Ghats,district-named,India_Flood_Inventory_v3.csv (IMD-sourced),ambiguous_generic,flash_flood,"regional_default (Western Ghats steep terrain, no floodplain reach -- Main Cause text did not state mechanism)"
4360,UEI-IMD-FL-2013-0087,01-09-2013 00:00,01-09-2013 00:00,1.0,heavy rains ,,Idukki,Kerala,,,,,,,,,,i) 15 acres of paddy fields washed away in Mangad. ii) Loss of worth lakh rupees reported. ,IMD,,556,32,2013-09-01,Idukki,Western Ghats,district-named,India_Flood_Inventory_v3.csv (IMD-sourced),ambiguous_generic,flash_flood,"regional_default (Western Ghats steep terrain, no floodplain reach -- Main Cause text did not state mechanism)"
4455,UEI-IMD-FL-2014-0048,21-06-2014 00:00,21-06-2014 00:00,1.0,heavy rains ,,Idukki,Kerala,,,,,,,,,,"i) Landslide damaged the iron bridge on national highway. ii) Low lying areas,few houses inundated. ",IMD,,556,32,2014-06-21,Idukki,Western Ghats,district-named,India_Flood_Inventory_v3.csv (IMD-sourced),ambiguous_generic,flash_flood,"regional_default (Western Ghats steep terrain, no floodplain reach -- Main Cause text did not state mechanism)"
4542,UEI-IMD-FL-2015-0047,06-04-2015 00:00,10-04-2015 00:00,5.0,heavy rains,,"Alappuzha, Ernakulam, Palakkad, Idukki, Kollam",Kerala,,,,,1.0,,,,1 person injured,"i)Damage to 250 acres of Paddy crops, 500 Banana plantation, vegetables,Gingili crops reported ii)Damage to worth Rs.30,000",IMD,,"554, 555, 563, 556, 559",32,2015-04-06,Idukki,Western Ghats,district-named,India_Flood_Inventory_v3.csv (IMD-sourced),ambiguous_generic,flash_flood,"regional_default (Western Ghats steep terrain, no floodplain reach -- Main Cause text did not state mechanism)"
4543,UEI-IMD-FL-2015-0048,11-04-2015 00:00,16-04-2015 00:00,6.0,heavy rains,,"Ernakulam, Idukki, Kollam, Kozhikode, Malappuram, Pathanamthitta, Thiruvananthapuram, Wayanad",Kerala,,,,,5.0,,,,5 persons injured,"i)Damage to more than 12,000 Banana plantation, more than 350 acres of vegetable cultivation,Teak, Rubber trees reported ii)Damage to several houses reported iii)Approx Rs. 8 lakhs worth damage reported iv)Several trees uprooted,fell across the road causing damage to small vendors ad traffic disruption",IMD,,"555, 556, 559, 561, 562, 564, 565, 567",32,2015-04-11,Idukki,Western Ghats,district-named,India_Flood_Inventory_v3.csv (IMD-sourced),ambiguous_generic,flash_flood,"regional_default (Western Ghats steep terrain, no floodplain reach -- Main Cause text did not state mechanism)"
4544,UEI-IMD-FL-2015-0049,19-04-2015 00:00,25-04-2015 00:00,7.0,,,"Alappuzha, Idukki, Kasaragod, Kannur, Malappuram, Palakkad, Pathanamthitta, Thiruvananthapuram",Kerala,,,,,1.0,13.0,,,"2 persons injured in Idukki District, 3 persons injured in Kannur District due to wall collapsed, 1 person injured in Malappuram district, 2 persons injured in Palakkad District, 1 person died,5 persons seriously injured in Thiruvananthapuram District","ALAPPUZHA : i)Vegetable crops e.g. Beans, Pumkin, Cucumber submerged ii)Alappuzha - Kottayam Pathanamthitta road traffic disrupted iii)Several areas submerged iv)Low-lying areas flooded IDUKKI : i)Severe damage to Agriculture crops including Rubber Teak, Banana, Arecanut, Cardamon,Coconut reported ii)Damage to 3 houses fully,4 houses partially reported KASARAGOD : i)Damage to 50 houses fully,20 houses partially reported ii)Damage to 15,000 Banana plantation, Rubber, Nutmeg, Coconut,more than 100 acres of agriculture crops reported iii)Loss worth crores as per Krishi Bhavan authorities reported KANNUR : Damage to Banana,vegetable crops reported MALAPPURAM : i)Damage to 100 acres of agricultural land,2220 Banana plantation reported ii)Loss worth lakhs rupees reported iii)Several trees including 25 Coconut, Arecanuts uprooted PALAKKAD : i)Damage to more than 10,000 Banana crops reported ii)Damage to more than 20 houses reported iii)Rs.1.5 crores worth damage estimated iv)Several trees, 25 electric poles uprooted causing disruption in vehicular traffic an power supply PATHANAMTHITTA : i)Damage to 20 acres of agricultural land reported ii)15 shops inundated iii)Damage to several vehicles, computers,motors of different shops reported THIRUVANANTHAPURAM : i)Extensive damage to agricultural crops Banana, Tapioca, vegetable in Meenmootil, Vamanapuram, Nelimood, Neyyattinkara, Vellarada etc. reported ii)City area, Coastal areas, low-lying areas,several houses in Poovar, Kanjiramkulam, Pulluvilla,Vanjiyoor police station station flooded iii)Damage to about one hundred houses reported iv)Damage to Thycaud-Women,child hospital reported v)Several trees/electric poles uprooted causing disruption in telecommunication services vehicular traffic,power supply vi)Loss worth lakhs of rupees reported",IMD,,"554, 556, 558, 557, 562, 563, 564, 565",32,2015-04-19,Idukki,Western Ghats,district-named,India_Flood_Inventory_v3.csv (IMD-sourced),unknown_blank,unknown,Main Cause blank or unparseable data artifact
4546,UEI-IMD-FL-2015-0051,03-05-2015 00:00,05-05-2015 00:00,3.0,heavy rains,,"Ernakulam, Idukki, Kannur, Palakkad, Thrissur, Thiruvananthapuram",Kerala,,,,,,2.0,,,2 persons injured as uprooted tree fell over the car,"i)Damage to more than 2,500 Banana crops reported,severe loss to Nutmeg, Tapioca,vegetable reported ii)Damage to more than 80 houses reported iii)Damage to portion of a school building, portion of a school building portion of a mosque reported iv)Damage to several electric cable lines including 11 KV electric ines reported v)Several trees uprooted causing disruption in vehicular traffic,power supply",IMD,,"555, 556, 557, 563, 566, 565",32,2015-05-03,Idukki,Western Ghats,district-named,India_Flood_Inventory_v3.csv (IMD-sourced),ambiguous_generic,flash_flood,"regional_default (Western Ghats steep terrain, no floodplain reach -- Main Cause text did not state mechanism)"
4548,UEI-IMD-FL-2015-0053,10-05-2015 00:00,14-05-2015 00:00,5.0,heavy rains,,"Ernakulam, Idukki, Kannur, Kasaragod, Kollam, Kozhikode, Malappuram, Palakkad, Thrissur, Wayanad",Kerala,,,,,,4.0,,,4 persons injured,"i)Damage to Agriculture crops Banana, Rubber crops,500 acres of Paddy fields reported ii)Damage to several houses reported iii)Water logging in low lying areas iv)Loss worth Rs.60,000/- v)Well caved in vi)A huge tree uprooted,fell across Kozhikode-Vythiri-Ooty State Highway causing traffic disruption",IMD,,"555, 556, 557, 558, 559, 561, 562, 563, 566, 567",32,2015-05-10,Idukki,Western Ghats,district-named,India_Flood_Inventory_v3.csv (IMD-sourced),ambiguous_generic,flash_flood,"regional_default (Western Ghats steep terrain, no floodplain reach -- Main Cause text did not state mechanism)"
4551,UEI-IMD-FL-2015-0056,19-06-2015 00:00,29-06-2015 00:00,11.0,heavy rains,,"Alappuzha, Ernakulam, Idukki, Kasaragod, Kottayam, Palakkad, Pathanamthitta, Thrissur, Thiruvananthapuram, Wayanad",Kerala,,,,,11.0,17.0,,,"1 person drowned, 1 person injured in Alappuzha DIstrict , 5 students died as huge uprooted tree fell on them,8 others injured in another incident in Ernakulam district , 4 persons died in Idukki, District as uprooted trees fell on them , 3 people injured at Kasaragod District , 2 persons injured in Thrissur District , 2 persosn drowned,2 other missing in Thiruvananthapuram, District","ALAPPUZHA : i)Extensive damage to Paddy fields,lakhs rupees worth damage to standing crops reported ii)Damage to more than 300 houses,several shops reported iii)102 persons of 29 families shifted to relief camps iv)Loss of worth Rs. 5.3 lakhs estimated v)Several trees/electric poles uprooted causing disruption in vehicular traffic,power supply Ernakulam : i)Damage to 40,450 Banana plantation,1,200 Rubber trees reported ii)Damage to more than 135 houses reported iii)Loss of Rs. 2.5 crore reported iv)Several trees/electric poles uprooted causing disruption in vehicular traffic,power supply IDUKKI : i)Damage to 22.28 hectares of cultivated land reported ii)Damage to 4 houses fully,189 houses partially reported according to official of the District Disaster Management Cell iii)Loss to standing crops estimated Rs. 2.28 crore,houses Rs. 26.62 lakh reproted iv)Dmaage to Edamalakkudy Gram-Panchyat in Munnar forest division reported KASARAGOD : i)Damage to standing crops,some buildings reported ii)Loss worth Rs. 2.67 lakh reproted KOTTAYAM : i)Extensive damage to crops reported ii)Total loss of Rs. 19 lakh reproted iii)Damage to more than 200 houses Kozhikode i)A crop loss on 3.35 hectares reported by district administration ii)Damage to 20 houses fully,more than 160 houses partially reported iii)A big well caved in at Kundamangalam in Kozhikode District PALAKKAD : i)Damage to 12.13 hectares of cultivated land reported ii)LOss of standing crops worth at least Rs. 3 crore due to landslips reported iii)Damage to around 453 houses reported Assam more than 20 families relocated to temporary shelters iv)Loss of Rs. 1.5 crore reported v)Loss of Rs. 70 lakh reproted by Kerala State Electricity Board in Attappady alone. More than 150 electric poles uprooted PATHANAMTHITTA : i)Damage to houses reported ii)Three 11 KV electric posts damaged as a giant tree uprooted,fell over it THRISSUR : i)Damage to houses reported ii)Water logging in low lying areas iii)Several trees/electric poles uprooted causing disrupted in vehicular traffic,power supply THIRUVANANTHAPURAM : i)Hundreds of people affected due to water logging ii)Damage to more than 35 houses reported iii)Low lying areas inundated iv)361 people moved to safer places v)Several cars washed away WAYANAD : i)Damage to 44.54 hectares cultivated plantain,Ginger reported ii)Damage to around 485 houses reproted iii)A loss of about 10.30 crore rupees incurred in the rain related calamities iv)450 persons of 80 families shifted to relief camps v)Loss of Rs. 50 lakh reported by Kerala State Electricity Board due to damage of 500 electric poles",IMD,,"554, 555, 556, 558, 560, 563, 564, 566, 565, 567",32,2015-06-19,Idukki,Western Ghats,district-named,India_Flood_Inventory_v3.csv (IMD-sourced),ambiguous_generic,flash_flood,"regional_default (Western Ghats steep terrain, no floodplain reach -- Main Cause text did not state mechanism)"
4680,UEI-IMD-FL-2016-0078,07-06-2016 00:00,09-06-2016 00:00,3.0,"heavy rains, flood & landslides",,"Idukki, Kottayam, Thiruvananthapuram, Wayanad",Kerala,,,,,2.0,2.0,,,"One person died & other injured in Idukki Dist. due to landslide on 7th June. One person injured in Sreekaryam in Thiruvananthapuram Dist. One person died as a huge rock fell over him in Wayanad Dist, on 8th June.","Idukki : Complete damage to a house reported. Kottayam : i) One Anganvadi building collapsed in Thazhangadi. ii) Several trees/electric poles uprooted causing disruption in vehicular traffic & power supply. Thiruvananthapuram : i) Damage to vegetable crops reported as fields submerged. ii) 3 wells caved in. iii) Damage to more than 25 houses including house-hold appliances, Taluka office, dispensary, shop & a compound wall of a school reported. iv) More than 11 KV line broke & functioning of 4 transformers disrupted. v) In Kazhakootam, nearby houses inundated as Tettayar river flooded. Wayanad : A house completely damaged as a huge rock fell from 50 feet.",IMD,,"556, 560, 565, 567",32,2016-06-07,Idukki,Western Ghats,district-named,India_Flood_Inventory_v3.csv (IMD-sourced),ambiguous_generic,flash_flood,"regional_default (Western Ghats steep terrain, no floodplain reach -- Main Cause text did not state mechanism)"
4681,UEI-IMD-FL-2016-0079,10-06-2016 00:00,13-06-2016 00:00,4.0,heavy rain,,"Idukki, Kannur, Kollam, Pathanamthitta, Thiruvananthapuram, Wayanad",Kerala,,,,,2.0,3.0,,,One person injured in each Idukki & Pathanamthitta Dist.2 persons including a child died in Kannur Dist. One person injured in Thiruvananthapuram Dist.,"Idukki & Pathanamthitta : 15 houses completely & 128 houses partially damaged. Kannur : 730 mts. long & 71/2 feet high compound wall of a house damaged. Kollam : i) 9 houses completely, 134 partially & several cowsheds damaged. ii) Several houses inundated. iii) Many electric cable lines broke. Thiruvananthapuram : i) Extensive damage to agricultural crops, vegetables, Banana crops, Tapioca reported. ii) Rs.7.25 lakhs worth damage reported. iii) 210 Rubber trees & 150 Banana plants & 7 electric posts uprooted in Pothencode area. iv) Low lying areas inundated. v) Well caved in vi) Damage to vehicles reported.vii) 12 houses completely & 22 partially damaged. Roofs of many houses blown away. viii) Side wall of a bridge collapsed. ix) Several trees/electric poles uprooted causing disruption in vehicular traffic & power supply. Wayanad : One house completely damaged.",IMD,,"556, 557, 559, 564, 565, 567",32,2016-06-10,Idukki,Western Ghats,district-named,India_Flood_Inventory_v3.csv (IMD-sourced),ambiguous_generic,flash_flood,"regional_default (Western Ghats steep terrain, no floodplain reach -- Main Cause text did not state mechanism)"
4682,UEI-IMD-FL-2016-0080,16-06-2016 00:00,19-06-2016 00:00,4.0,heavy rain,,"Alappuzha, Ernakulam, Idukki, Kollam, Kottayam, Malappuram, Thrissur, Thiruvananthapuram, Wayanad",Kerala,,,,,,,,,Several students injured in Kuttanam in Alappuza Dist.,"Alappuzha : i) 33 houses completely, 38 partially & one Anganwadi damaged. ii) Several trees/electric poles uprooted causing disruption in vehicular traffic & power supply. Ernakulam, Idukki, Kollam, Kottayam, Malappuram, Thrissur: Damage to total 175 houses reported. Ernakulam - 28 completely Idukki - 7 completely & 69 partially;Kollam - 11 completely ; Kottayam - 55 completely ; Malappuram - 1 completely ; Thrissur - 4 completely damaged. Thiruvananthapuram : i) Damage to 1.53 hectares of vegetable crops, 1.25 lakh banana crops reported. ii) More than 35 houses completely & more than 430 houses partially damaged. iii) Loss of worth Rs.10.1 crores damage reported. iv) Damage to 1.53 hectares of vegetable crops, 1.25 lakh banana crops reported. v) Crores worth damage reported by KSEB as more than 2000 electric poles, one transformer 11 KV line, 50 electric cable lines damaged. vi) 30 families shifted to relief camps from Pallichal area. vii) Damage to 122 mts. Long Akashwani tower reported. viii) Damage to an Auto-rikshaw reported. viii)Several trees uprooted causing disruption in vehicular traffic. Wayanad : i) 4 houses partially damaged. ii) Several trees uprooted causing disruption in vehicular traffic.",IMD,,"554, 555, 556, 559, 560, 562, 566, 565, 567",32,2016-06-16,Idukki,Western Ghats,district-named,India_Flood_Inventory_v3.csv (IMD-sourced),ambiguous_generic,flash_flood,"regional_default (Western Ghats steep terrain, no floodplain reach -- Main Cause text did not state mechanism)"
4685,UEI-IMD-FL-2016-0083,10-07-2016 00:00,15-07-2016 00:00,6.0,heavy rain,,"Idukki, Kasaragod, Wayanad",Kerala,,,,,1.0,1.0,,,One person died in Kasaragod Dist. & other injured in Idukki Dist.,"i) 4 houses, shop & five storied building under construction by the wayside of Kozhikode-Mysuru NH_212 collapsed. ii) Several trees/electric poles uprooted causing disruption in vehicular traffic & power supply.",IMD,,"556, 558, 567",32,2016-07-10,Idukki,Western Ghats,district-named,India_Flood_Inventory_v3.csv (IMD-sourced),ambiguous_generic,flash_flood,"regional_default (Western Ghats steep terrain, no floodplain reach -- Main Cause text did not state mechanism)"
4806,UEI-IMD-FL-2017-0069,08-06-2017 00:00,08-06-2017 00:00,2.0,Heavy Rains,,Idukki,Kerala,,,,,2.0,,,,2 persons died.,Several trees/electric poles uprooted causing disruption in vehicular traffic & power supply.,IMD,,556,32,2017-06-08,Idukki,Western Ghats,district-named,India_Flood_Inventory_v3.csv (IMD-sourced),ambiguous_generic,flash_flood,"regional_default (Western Ghats steep terrain, no floodplain reach -- Main Cause text did not state mechanism)"
4809,UEI-IMD-FL-2017-0072,09-08-2017 00:00,09-10-2017 00:00,3.0,Heavy Rains,,"Idukki, Kozhikode,  Thiruvananthapuram",Kerala,,,,,6.0,,,,6 persons died in Thiruvananthapuram Dist.,i) Damage to 5 houses including household items reported. ii) Damage to X Ray machine reported. iii) Disruption in Rail & vehicular traffic reported due to water logging.,IMD,,"556, 561, 565",32,2017-08-09,Idukki,Western Ghats,district-named,India_Flood_Inventory_v3.csv (IMD-sourced),ambiguous_generic,flash_flood,"regional_default (Western Ghats steep terrain, no floodplain reach -- Main Cause text did not state mechanism)"
4810,UEI-IMD-FL-2017-0073,17-09-2017 00:00,17-09-2017 00:00,1.0,Heavy rains & landslide,,"Idukki, Kottayam,  Thiruvananthapuram",Kerala,,,,,4.0,,,,4 persons died in Thiruvananthapuram Dist.,i) Crop cultivation & Paddy crops submerged. ii) Trains were delayed due to landslide on railway track. iii) Vehicular traffic disrupted due to water logging in many areas. iv) Several trees/electric poles uprooted causing disruption in vehicular traffic & power supply.,IMD,,"556, 560, 565",32,2017-09-17,Idukki,Western Ghats,district-named,India_Flood_Inventory_v3.csv (IMD-sourced),ambiguous_generic,flash_flood,"regional_default (Western Ghats steep terrain, no floodplain reach -- Main Cause text did not state mechanism)"
4811,UEI-IMD-FL-2017-0074,18-09-2017 00:00,19-09-2017 00:00,2.0,Heavy rains & landslide,,"Idukki, Kottayam, Kozhikode,  Thiruvananthapuram, Thrissur, Wayanad",Kerala,,,,,5.0,2.0,,,Total 5 persons died & 2 others injured. (3 persons died & other injured in Kottayam Dist. 2 persons died & other injured in Thiruvananthapuram Dist.),"i) Damage to 314 houses reported. Alappuzha-51, Idukki-21, Kasaragod-4, Kollam-25, Kottayam-15, Kozhikode-about 95, Malappuram-5, Pathanamthitta-10, Thiruvananthapuram-80, Thrissur-7, Wayanad-1. ii) Several trees/electric poles uprooted causing disruption in vehicular traffic & power supply.",IMD,,"556, 560, 561, 565, 566, 567",32,2017-09-18,Idukki,Western Ghats,district-named,India_Flood_Inventory_v3.csv (IMD-sourced),ambiguous_generic,flash_flood,"regional_default (Western Ghats steep terrain, no floodplain reach -- Main Cause text did not state mechanism)"
4895,UEI-IMD-FL-2018-0035,29-05-2018 00:00,31-07-2018 00:00,34.0,Heavy rains / Floods,,"Alappuzha, Ernakulam, Idukki, Kannur, Kasaragod, Kollam, Kottayam, Kozhikode, Malappuram, Palakkad, Pathanamthitta, Thrissur, Thiruvananthapuram, Wayanad",Kerala,,,,,138.0,,,,"Total 138 persons died. Alappuzha -12, Ernakulam �������� 6, Idukki - 5, Kannur�������� 22, Kasaragod - 12, Kollam - 3, Kottayam �������� 9, Kozhikode �������� 21, Malappuram��������13, Palakkad �������� 4, Pathanamthitta �������� 8, Thrissur �������� 11, Thiruvananthapuram - 7, Wayanad �������� 5. Many animals perished.","i) Damage to 27359.135 hectares of crops of estimated cost of about 3726.118 lakhs rupees reported. ii) Damage to 439 pacca houses fully or partially of estimated cost of about 6389.64 lakhs rupees reported. iii) Damage to fishing assets such as boats,nets reported iv) Damage to roads, irrigation canals, water supply schemes,community owned open wells reported.",IMD,,"554, 555, 556, 557, 558, 559, 560, 561, 562, 563, 564, 566, 565, 567",32,2018-05-29,Idukki,Western Ghats,district-named,India_Flood_Inventory_v3.csv (IMD-sourced),ambiguous_generic,flash_flood,"regional_default (Western Ghats steep terrain, no floodplain reach -- Main Cause text did not state mechanism)"
4896,UEI-IMD-FL-2018-0036,08-01-2018 00:00,30-08-2018 00:00,30.0,Heavy rains / Floods,,"Alappuzha, Ernakulam, Idukki, Kannur, Kasaragod, Kollam, Kottayam, Kozhikode, Malappuram, Palakkad, Pathanamthitta, Thrissur, Thiruvananthapuram, Wayanad",Kerala,,,,,339.0,,,847209.0,"Total 339 persons died. Alappuzha -43, Ernakulam �������� 58, Idukki - 54, Kannur�������� 6, Kasaragod - 1, Kollam - 5, Kottayam �������� 14, Kozhikode �������� 16, Malappuram��������30, Palakkad �������� 20, Pathanamthitta �������� 3, Thrissur �������� 72, Thiruvananthapuram - 11, Wayanad �������� 6. While, 40188 large animals, 7765 small animals,799256 birds perished.","i) Damage to 59345.37 hectares of crops of estimated cost of about 7357.104 lakhs rupees reported. ii) Damage to total of 1,11,356 urban houses in urban areas,6,92,848 houses in grama panchayaths in Alappuzha, Ernakulam, Kottayam, Pathanamthitta, Thrissur,Wayanad districts reported iii) Damage to fishing assets such as boats,nets reported. iv) 5 major Hydro Stations,7 small hydro-electric power projects in the State were impacted. Damage in the transmission wing includes 50 Substations. Viz. 22 Stations got submerged, control Systems got v) damaged, 10 Power Transformers inundated,10 Major Transmission Corridors interrupted. In Distribution Sector around 284 Electrical Sections in 6 Districts impacted, around 1000 Distribution Transformers submerged, 3500 km Distribution lines destroyed, 30,000 electric poles damaged, 5 lakhs single phase,1 lakh three phase energy meters damaged. vi) Some roads,bridges completely washed away. Damage to Irrigation canals, Public Taps, Pipelines, Pump houses, check dams, Bunds, Irrigation Pumps,other irrigation machineries,structures reported.",IMD,,"554, 555, 556, 557, 558, 559, 560, 561, 562, 563, 564, 566, 565, 567",32,2018-01-08,Idukki,Western Ghats,district-named,India_Flood_Inventory_v3.csv (IMD-sourced),ambiguous_generic,flash_flood,"regional_default (Western Ghats steep terrain, no floodplain reach -- Main Cause text did not state mechanism)"
4898,UEI-IMD-FL-2018-0038,16-11-2018 00:00,16-11-2018 00:00,1.0,Heavy rains,,"Alappuzha, Idukki",Kerala,,,,,,,,,,"i) Damage to 7 houses completely,7 houses partially reported in Idukki Dist. ii) A tree uprooted & fallen on railway track causing delay to train for hours in Alappuzha Dist. iii) Several trees/electric poles uprooted causing disruption in vehicular traffic & power supply.",IMD,,"554, 556",32,2018-11-16,Idukki,Western Ghats,district-named,India_Flood_Inventory_v3.csv (IMD-sourced),ambiguous_generic,flash_flood,"regional_default (Western Ghats steep terrain, no floodplain reach -- Main Cause text did not state mechanism)"
5039,UEI-IMD-FL-2019-0060,18-07-2019 00:00,20-07-2019 00:00,3.0,Heavy rains,,"Alappuzha , Ernakulam, Idukki, Kannur, Kasaragod, Kollam, Kottayam, Kozhikode, Pathanamthitta, Thrissur, Thiruvananthapuram, Wayanad",Kerala,,,,,12.0,1.0,9.0,,"Total 12 persons died, 9 persons missing & one injured. Ernakulam �������� 1 person died due to wall collapsed, Kannur-2 persons died & other injured, Kasaragod �������� 1 person died, Kollam �������� 1 fisherman drowned & 2 others missing. Kottayam �������� 1, Kozhikode -1 person died, Thrissur �������� 1 person drowned, Thiruvananthapuram - 3 persons died & 7 fishermen missing, Wayanad �������� 1 person died.",i) Damage to about 180 houses reported. ii) Low-lying areas inundated. iii) Damage to boats reported. iv) Several families shifted to relief camps. v) Transport disrupted due to Landslip in several places in Idukki Dist. vi) Transport disrupted due to water logging in Pathanamthitta Dist.,IMD,,"554, 555, 556, 557, 558, 559, 560, 561, 564, 566, 565, 567",32,2019-07-18,Idukki,Western Ghats,district-named,India_Flood_Inventory_v3.csv (IMD-sourced),ambiguous_generic,flash_flood,"regional_default (Western Ghats steep terrain, no floodplain reach -- Main Cause text did not state mechanism)"
5040,UEI-IMD-FL-2019-0061,28-07-2019 00:00,28-07-2019 00:00,1.0,Landslip,,Idukki,Kerala,,,,,,,,,,"i) Damage to shops, parked vehicles reported. ii) Traffic disrupted at National Highway in Munnar as rocks,mud caved in.",IMD,,556,32,2019-07-28,Idukki,Western Ghats,district-named,India_Flood_Inventory_v3.csv (IMD-sourced),landslide_only_not_flood_cause,landslide_only,"explicit (Main Cause names only landslide/mudslide, no flood/rain word)"
5043,UEI-IMD-FL-2019-0064,08-08-2019 00:00,08-08-2019 00:00,1.0,"Heavy rains, Floods (Muvattupuzha & Kabani river) & Landslip",,"Ernakulam, Idukki, Kannur, Kasaragod, Kozhikode, Malappuram, Palakkad, Thiruvananthapuram, Thrissur, Wayanad",Kerala,,,,,23.0,10.0,40.0,,"Idukki : 2 persons including a child died. Kannur : One person died. Kasaragod : One person died. Kozhikode : One person died. Malappuram : One person died. Palakkad : One person died. Thrissur : One person electrocuted. Wayanad : 15 persons died, 40 others missing & 10 injured.","Ernakulam : i) Apron area of Kochi International Airport & the taxi way of CIAL flooded. ii) Air traffic disrupted. iii) Muvattupuzha River flooded. Idukki : i) Damage to around 500 houses reported. ii) Damage to shed reported. iii) Landslide occurred in 30 places. iv) Landslip occurred at 70 places. v) Munnar, Marayur & Mankulam areas isolated due to floodin Kannur : i) Several areas of Sreekanthapuram, Kellakom, Kottiyoor, Ambayathode, Mattannur, Mannur, Iritty,,Vallithode flooded. ii) Traffic disrupted due to landslide. Kasaragod : i) 25 families isolated, as cut-off from main land. ii) Road traffic disrupted. Kozhikode : i) Landslide occurred 4 times. ii) 4 families shifted to relief camps. iii) Traffic including bus services,power-supply disrupted. Malappuram : i) Around 200 houses,100 commercial establishments inundated. ii) 920 people from 21 places shifted to safer places. iii) Nilambur-Kozhikode route bus services,traffic disrupted. iv) 292 families shifted to 171 relief camps. Palakkad : i) Landslide occurred at 11 places. ii) Power supply & Traffic disrupted in several areas. Thiruvananthapuram : i) Damage to rubber crops, Banana plantation,,several vegetable crops repored. ii) Damage to houses including appliances repored. iii) Damage to about 100 electric post & about 380 electric cable-line around 50 places reported. iv) Damage to vehicles reported. v) Huge Advertisement play-cards fell. vi) Trees uprooted around 179 places in the city. vii) Transport,power supply disrupted. viii) Fire force,electricity department contributed a lot in rescue operations. Thrissur : i) Landslide occurred. ii) Power supply,traffic disrupted in several areas. iii) Railway services disrupted as Railway track inundated. Wayanad : i) Extensive damage to crops including 100 acres of tea-plantation reported. ii) Church, mosque,a temple & vehicles caved in. iii) Damage to about 125 houses reported. iv) Shops inundated. v) 257 families shifted to relief camps. vi) Damage to roads reported. vii) Low-lying areas submerged. viii) Several trees, electric / telephone poles uprooted causing disruption in communication,power supply. ",IMD,,"555, 556, 557, 558, 561, 562, 563, 565, 566, 567",32,2019-08-08,Idukki,Western Ghats,district-named,India_Flood_Inventory_v3.csv (IMD-sourced),riverine_flood,riverine_flood,explicit (Main Cause text names a river/tributary/breach/spate)
5044,UEI-IMD-FL-2019-0065,08-09-2019 00:00,08-09-2019 00:00,1.0,Heavy rains & Landslide,,"Ernakulam, Idukki, Kannur, Malappuram, Palakkad, Thiruvananthapuram, Thrissur, Wayanad",Kerala,,,,,19.0,2.0,,,Idukki : 2 persons died. Kannur : One person died. Malappuram : 8 persons died. Thiruvananthapuram: 2 persons injured. Wayanad : 8 persons died.,"Ernakulam : i) Flight service disrupted as CIAL Kochi runway flooded. ii) Air port shutdown for 2 days. iii) 115 relief camps opened. Idukki : i) Damage to agricultural crops reported. ii) Damage to houses reported. iii) Damage to roads reported. iv) Power supply & mobile services disrupted. Kannur : i) Houses inundated. ii) 6,221 persons shifted to relief camps Malappuram : i) Landslide reported. ii) More than 30 houses including 48 persons of 19 family caved in. iii) 1200 persons shifted to 82 relief camps. iv) Communication,power supply disrupted. Palakkad : i) Damage to agricultural crops reported. ii) Damage to houses reported. iii) 44 relief camps opened. Thiruvananthapuram : i) Damage to agriculture crops reported. ii) Damage to about 200 houses reported. iii) Damage to an autorikshaw reported. iv) 19 persons shifted to relief camps. v) Several trees including Tamarind & Rubber trees, electric / telephone poles uprooted causing disruption in communication,power supply.  Thrissur : 6,473 persons shifted to 91 relief camps. Wayanad : i) Damage to more than 100 acres of tea plants reported. ii) Damage to several buildings & a temple reported.",IMD,,"555, 556, 557, 562, 563, 565, 566, 567",32,2019-09-08,Idukki,Western Ghats,district-named,India_Flood_Inventory_v3.csv (IMD-sourced),ambiguous_generic,flash_flood,"regional_default (Western Ghats steep terrain, no floodplain reach -- Main Cause text did not state mechanism)"
5045,UEI-IMD-FL-2019-0066,08-10-2019 00:00,08-10-2019 00:00,1.0,"Heavy rains, Floods & Landslide",,"Alappuzha, Ernakulam, Idukki, Kannur, Kasaragod, Kollam, Kottayam, Kozhikode, Malappuram, Palakkad, Pathanamthitta, Thiruvananthapuram, Thrissur, Wayanad",Kerala,,,,,8.0,1.0,,,Kannur : 2 persons died. Kozhikode : 5 persons died. Thiruvananthapuram : One woman injured in Pathencode. Thrissur : One person died.,"Alappuzha : i) Damage to agriculture crops reported. ii) Several houses inundated. iii) Home appliances washed away. iv) NDMA Chengannur & Army in Thiruvalla help in rescue operations. v) 824 families with 2836 persons shifted to 6 relief camps. Ernakulam : i) 23,156 persons shifted to 133 relief camps. ii) Damage to 2 houses fully & 54 houses partially reported. Idukki : i) Landslide occurred at 4 different places. ii) Damage to several acres of agriculture crops reported. iii) 4 bridges washed away in Cheruthoni. iv) Several houses,business institutes submerged. v) 1192 persons shifted to 26 relief camps. vi) Damage to roads reported. vii) Power supply & mobile services disrupted. Kannur : i) Landslide at three different places reported. ii) Several villages cut-off from other parts. iii) 9743 persons shifted to 104 relief camps. Kasaragod : i) Damage to 21 houses fully & 282 partially reported. ii) Low-lying areas submerged. iii) Tejaswani River flooded. iv) 2549 people of 726 families shifted to 19 relief camps. Kollam : i) Damage to 153 houses partially & 2 housed fully reported. ii) Chengotta-Punalur path railway services disrupted. Kottayam : i) Damage to agriculture crops including paddy reported. ii) Loss of worth crores reported. iii) Low-lying areas inundated. iv) 4000 people shifted to relief camps. Kozhikode : i) Damage to 3 bridges reported, which cause Maruthilav village cut-off from other parts. ii) Railway services disrupted. iii) 37409 persons shifted to 287 relief camps. iv) 43 villages inundated. v) Damage to a vehicle reported. Malappuram : i) Bharathapuzha flooded. ii) Hundreds of houses inundated. iii) 683 families with 8272 persons shifted to 187 relief camps. iv) Damage to Vaniempuzha hanging bridge reported. v) Around 200 people in the forest area cut-off from main land. Palakkad : i) Damage to Paddy cultivation reported. ii) 2,836 families with 8,272 persons shifted to 81 relief camps. Pathanamthitta : i) Damage to agriculture crops worth 2.5 lakhs reported. ii) Damage to 51 houses reported. iii) Low-lying areas inundated in upper Kuttanad areas. iv) 1788 members of 458 families shifted to 39 relief camps. Thiruvananthapuram : i) Damage to a compound wall of a rest house reported. ii) Damage to 6 houses fully & 78 houses partially reported. 30 houses inundated & 4 houses submerged. iii) Damage to 2 cars reported. iv) Several trees including Tamarind & Rubber trees, electric / telephone poles uprooted causing disruption in communication,power supply. Thrissur : 18,684 persons of 5,291 families shifted to 152 relief camps. Wayanad : i) Tea estate plantation,several tourist monuments caved in. 63 persons caved in ii) Damage to about 70 houses reported. iii) 32,276 persons shifted to 197 relief camps. iv) Power supply disrupted.",IMD,,"554, 555, 556, 557, 558, 559, 560, 561, 562, 563, 564, 565, 566, 567",32,2019-10-08,Idukki,Western Ghats,district-named,India_Flood_Inventory_v3.csv (IMD-sourced),ambiguous_generic,flash_flood,"regional_default (Western Ghats steep terrain, no floodplain reach -- Main Cause text did not state mechanism)"
5046,UEI-IMD-FL-2019-0067,08-11-2019 00:00,14-08-2019 00:00,4.0,Heavy rains & Landslide,,"Alappuzha, Idukki, Kollam, Malappuram, Thiruvananthapuram, Wayanad",Kerala,,,,,2.0,7.0,,,Thiruvanantha-puram : 2 fishermen died. 7 other persons injured in different incidences. Wayanad : One person died at Kalpetta on 11th.,"Alappuzha : i) Extensive damage to crops including paddy cultivation reported. ii) Several houses inundated. iii) Damage worth 37 crores estimated. iv) 13,800 persons of more than 3000 families shifted to 89 relief camps. v) Roads submerged. vi) Traffic disrupted. Idukki : i) Town flooded by Muthirapuzha River. ii) About 1400 persons shifted to 21 relief camps. iii) Damage to roads reported. iv) Power supply & mobile services disrupted.  Kollam : i) Damage to house reported. ii) Hectares of agriculture crops submerged. iii) Roads inundated. Malappuram : i) Extensive damage to a bridge reported causing isolation of Shantigramam. ii) Some hoses flooded. Thiruvananthapuram : i) Damage to crops mainly Banana cultivation reported. ii) Damage to several houses reported. Wayanad : i) Low-lying areas inundated. ii) 35,155 people shifted to 203 relief camps. iii) Damage to crops reported. ",IMD,,"554, 556, 559, 562, 565, 567",32,2019-11-08,Idukki,Western Ghats,district-named,India_Flood_Inventory_v3.csv (IMD-sourced),ambiguous_generic,flash_flood,"regional_default (Western Ghats steep terrain, no floodplain reach -- Main Cause text did not state mechanism)"
5053,UEI-IMD-FL-2019-0074,21-10-2019 00:00,21-10-2019 00:00,1.0,Heavy rains & Landslide,,"Alappuzha, Ernakulam, Idukki, Kannur, Kasaragod, Kollam, Kottayam, Kozhikode, Malappuram, Palakkad, Pathanamthitta, Thiruvananthapuram, Thrissur, Wayanad",Kerala,,,,,1.0,,,,Kottayam : One person electrocuted.,"Alappuzha : i) Paddy fields inundated. ii) 446 families shifted to a relief camp. iii) Transport disrupted. iv) Water- logging in low-lying areas. Ernakulam : i) Houses & Ernakulam North Railway-station tracks flooded. ii) Transport & train-services disrupted. iii) 11 relief camps opened. iv) Landslip reported in Velloor(Piravom). Kollam : i) Complete damage to 5 houses reported. ii) 3 relief camps opened. Kottayam : i) Traffic,power-supply disrupted. ii) 2 relief camps opened. Malappuram : i) Agriculture land inundated. ii) Power-supply disrupted. Palakkad : i) Landslide reported in Attappady. ii) Traffic,power-supply disrupted at several areas. iii) 9 relief camps opened. Thiruvananthapuram : i) Damage to 30 houses reported. ii) Power-supply,traffic disrupted. Districts of Kerala : i) Damage to 34 houses reported. ii) 1380 families with 3506 persons shifted to 16 relief camps in the state. ",IMD,,"554, 555, 556, 557, 558, 559, 560, 561, 562, 563, 564, 565, 566, 567",32,2019-10-21,Idukki,Western Ghats,district-named,India_Flood_Inventory_v3.csv (IMD-sourced),ambiguous_generic,flash_flood,"regional_default (Western Ghats steep terrain, no floodplain reach -- Main Cause text did not state mechanism)"
5056,UEI-IMD-FL-2019-0077,11-01-2019 00:00,11-02-2019 00:00,2.0,Heavy rains,,"Alappuzha, Idukki, Thiruvananthapuram",Kerala,,,,,,,,,,"i) 10,400 hectares of paddy fields submerged. ii) Damage worth rupees 12.25 crores reported. iii) Complete damage to a house reported.",IMD,,"554, 556, 565",32,2019-01-11,Idukki,Western Ghats,district-named,India_Flood_Inventory_v3.csv (IMD-sourced),ambiguous_generic,flash_flood,"regional_default (Western Ghats steep terrain, no floodplain reach -- Main Cause text did not state mechanism)"
5209,UEI-IMD-FL-2020-0053,08-06-2020 00:00,08-06-2020 00:00,1.0,Landslide,,Idukki,Kerala,,,,,65.0,,5.0,,"65 persons died & 5 persons missing from Petimudi, Munnar","i) Huge rocks,mud fell over one of the housing quarters of tea workers at Petimudi, Munnar. ii) Damage to 30 houses reported. iii) Complete damage to 4 estate lanes in the Nayamakkad division reported. iv) Uprooted trees,boulders on road causes traffic disruption. v) Bridge at periyavarai washed away. vi) Damage to a car reported.",IMD,,556,32,2020-06-08,Idukki,Western Ghats,district-named,India_Flood_Inventory_v3.csv (IMD-sourced),landslide_only_not_flood_cause,landslide_only,"explicit (Main Cause names only landslide/mudslide, no flood/rain word)"
5383,UEI-IMD-FL-2021-0074,20-05-2021 00:00,20-05-2021 00:00,1.0,Heavy rains & Flood,,Idukki,Kerala,,,,,,,,,,,IMD,,556,32,2021-05-20,Idukki,Western Ghats,district-named,India_Flood_Inventory_v3.csv (IMD-sourced),ambiguous_generic,flash_flood,"regional_default (Western Ghats steep terrain, no floodplain reach -- Main Cause text did not state mechanism)"
5391,UEI-IMD-FL-2021-0082,03-08-2021 00:00,03-08-2021 00:00,1.0,Heavy rains,,Idukki,Kerala,,,,,,,,,,,IMD,,556,32,2021-08-03,Idukki,Western Ghats,district-named,India_Flood_Inventory_v3.csv (IMD-sourced),ambiguous_generic,flash_flood,"regional_default (Western Ghats steep terrain, no floodplain reach -- Main Cause text did not state mechanism)"
5392,UEI-IMD-FL-2021-0083,27-09-2021 00:00,28-09-2021 00:00,2.0,Heavy rains,,"Idukki, Thiruvananthapuram",Kerala,,,,,,,,,,,IMD,,"556, 565",32,2021-09-27,Idukki,Western Ghats,district-named,India_Flood_Inventory_v3.csv (IMD-sourced),ambiguous_generic,flash_flood,"regional_default (Western Ghats steep terrain, no floodplain reach -- Main Cause text did not state mechanism)"
5407,UEI-IMD-FL-2021-0098,16-10-2021 00:00,16-10-2021 00:00,1.0,"Heavy Rains, Floods & Landslips",,"Alappuzha, Ernakulam, Idukki, Kollam, Kottayam, Palakkad, Thiruvananthapuram",Kerala,,,,,,,,,,,IMD,,"554, 555, 556, 559, 560, 563, 565",32,2021-10-16,Idukki,Western Ghats,district-named,India_Flood_Inventory_v3.csv (IMD-sourced),ambiguous_generic,flash_flood,"regional_default (Western Ghats steep terrain, no floodplain reach -- Main Cause text did not state mechanism)"
5410,UEI-IMD-FL-2021-0101,16-10-2021 00:00,16-10-2021 00:00,1.0,"Heavy Rains, Floods & Landslips",,Idukki,Kerala,,,,,11.0,,,,,,IMD,,556,32,2021-10-16,Idukki,Western Ghats,district-named,India_Flood_Inventory_v3.csv (IMD-sourced),ambiguous_generic,flash_flood,"regional_default (Western Ghats steep terrain, no floodplain reach -- Main Cause text did not state mechanism)"
5417,UEI-IMD-FL-2021-0108,11-10-2021 00:00,19-10-2021 00:00,9.0,"Heavy rains, Floods & Landslides",,"Alappuzha, Idukki, Ernakulam, Kannur, Kottayam, Kollam, Kozhikode, Malappuram, Palakkad,  Pathanamthitta, Thrissur, Thiruvananthapuram",Kerala,,,,,,,,,,,IMD,,"554, 556, 555, 557, 560, 559, 561, 562, 563, 564, 566, 565",32,2021-10-11,Idukki,Western Ghats,district-named,India_Flood_Inventory_v3.csv (IMD-sourced),ambiguous_generic,flash_flood,"regional_default (Western Ghats steep terrain, no floodplain reach -- Main Cause text did not state mechanism)"
6188,UEI-IMD-FL-2022-0542,20-05-2022 00:00,20-05-2022 00:00,1.0,Heavy rains,,Idukki,Kerala,,,,,1.0,,,,,,IMD,,556,32,2022-05-20,Idukki,Western Ghats,district-named,India_Flood_Inventory_v3.csv (IMD-sourced),ambiguous_generic,flash_flood,"regional_default (Western Ghats steep terrain, no floodplain reach -- Main Cause text did not state mechanism)"
6193,UEI-IMD-FL-2022-0547,04-07-2022 00:00,04-07-2022 00:00,1.0,Landslide,,Idukki,Kerala,,,,,1.0,,,,,,IMD,,556,32,2022-07-04,Idukki,Western Ghats,district-named,India_Flood_Inventory_v3.csv (IMD-sourced),landslide_only_not_flood_cause,landslide_only,"explicit (Main Cause names only landslide/mudslide, no flood/rain word)"
6194,UEI-IMD-FL-2022-0548,05-07-2022 00:00,05-07-2022 00:00,1.0,Heavy rains,,Idukki,Kerala,,,,,1.0,,,,,,IMD,,556,32,2022-07-05,Idukki,Western Ghats,district-named,India_Flood_Inventory_v3.csv (IMD-sourced),ambiguous_generic,flash_flood,"regional_default (Western Ghats steep terrain, no floodplain reach -- Main Cause text did not state mechanism)"
6197,UEI-IMD-FL-2022-0551,15-07-2022 00:00,15-07-2022 00:00,1.0,Landslide,,Idukki,Kerala,,,,,1.0,,,,,,IMD,,556,32,2022-07-15,Idukki,Western Ghats,district-named,India_Flood_Inventory_v3.csv (IMD-sourced),landslide_only_not_flood_cause,landslide_only,"explicit (Main Cause names only landslide/mudslide, no flood/rain word)"
6198,UEI-IMD-FL-2022-0552,16-07-2022 00:00,16-07-2022 00:00,1.0,Heavy Rains & Floods,,"Kasaragod, Wayanad, Kozhikode, Malappuram, Palakkad, Thrissur, Idukki, Ernakulam, Alappuzha, Kottayam, Pathanamthitta, Kollam, Thiruvananthapuram, Kannur",Kerala,,,,,4.0,,,,,,IMD,,"558, 567, 561, 562, 563, 566, 556, 555, 554, 560, 564, 559, 565, 557",32,2022-07-16,Idukki,Western Ghats,district-named,India_Flood_Inventory_v3.csv (IMD-sourced),ambiguous_generic,flash_flood,"regional_default (Western Ghats steep terrain, no floodplain reach -- Main Cause text did not state mechanism)"
6222,UEI-IMD-FL-2022-0576,29-08-2022 00:00,29-08-2022 00:00,1.0,Landslide,,Idukki,Kerala,,,,,5.0,,,,,,IMD,,556,32,2022-08-29,Idukki,Western Ghats,district-named,India_Flood_Inventory_v3.csv (IMD-sourced),landslide_only_not_flood_cause,landslide_only,"explicit (Main Cause names only landslide/mudslide, no flood/rain word)"
569,UEI-IMD-FL-1968-0003,01-07-1968 00:00,30-07-1968 00:00,30.0,floods,,"Kasaragod, Wayanad, Kozhikode, Malappuram, Palakkad, Thrissur, Idukki, Ernakulam, Alappuzha, Kottayam, Pathanamthitta, Kollam, Thiruvananthapuram, Kannur, Churu, Jhunjhunun, Jaisalmer, Sikar, Alwar, Jaipur, Jodhpur, Bharatpur, Nagaur, Dausa, Karauli, Dholpur, Barmer, Sawai Madhopur, Tonk, Pali, Bhilwara, Jalore, Bundi, Kota, Sirohi, Baran, Udaipur, Jhalawar, Dungarpur, Banswara, Ajmer, Rajsamand, Chittorgarh, Ganganagar, Hanumangarh, Bikaner, Pratapgarh, Jhajjar, Gurugram, Faridabad, Mahendragarh, Rewari, Nuh, Palwal, Charki Dadri, Yamunanagar, Kurukshetra, Kaithal, Sirsa, Karnal, Jind, Fatehabad, Hisar, Panipat, Sonipat, Bhiwani, Rohtak, Panchkula, Ambala, Pashchim Champaran, Purbi Champaran, Sitamarhi, Sheohar, Gopalganj, Samastipur, Katihar, Khagaria, Bhojpur, Buxar, Darbhanga, Saharsa, Kaimur (Bhabua), Rohtas, Jamui, Banka, Nawada, Gaya, Munger, Vaishali, Begusarai, Bhagalpur, Lakhisarai, Sheikhpura, Arwal, Jehanabad, Nalanda, Patna, Saran, Siwan, Muzaffarpur, Madhepura, Araria, Supaul, Madhubani, Purnia, Kishanganj, Aurangabad, Amroha, Hapur, Bareilly, Pilibhit, Bulandshahr, Gautam Buddha Nagar, Kheri, Budaun, Bahraich, Shahjahanpur, Aligarh, Kasganj, Mathura, SShrawasti, Sitapur, Hathras, Etah, Hardoi, Farrukhabad, Firozabad, Siddharthnagar, Mainpuri, Mahrajganj, Agra, Gonda, Bara Banki, Kushinagar, Kannauj, Lucknow, Basti, Gorakhpur, Sant Kabir Nagar, Unnao, Etawah, Kanpur nagar Nagar, Auraiya, Ayodhya, Kanpur nagar Dehat, Deoria, Sultanpur, Ambedkar Nagar, Rae Bareli, Jalaun, Azamgarh, Mau, Fatehpur, Ballia, Jaunpur, Jhansi, Banda, Ghazipurr, Kaushambi, Prayagraj, Varanasi, Chitrakoot, Chandauli, Bhadohi, Mirzapur, Lalitpur, Sonbhadra, Amethi, Ghaziabad, Sambhal, Mahoba, Saharanpur, Bijnor, Muzaffarnagar, Baghpat, Meerut, Moradabad, Rampur, Shamli, Balrampur, Hamirpur, Pratapgarh","Kerala, Rajasthan, Haryana, Uttar Pradesh, Bihar",,,,,,,,,,One passenger train was marooned in flood waters near Makrana in Rajasthan.,IMD,,"558, 567, 561, 562, 563, 566, 556, 555, 554, 560, 564, 559, 565, 557, 96, None, 103, 114, 87, 102, 107, 760, 110, 97, 108, 98, 90, 113, 116, 111, 92, 104, 94, 109, 115, 366, 117, 105, 99, 88, 86, 112, 95, 100, 101, 93, 629, 64, 62, 60, 69, 72, 604, 619, 701, 76, 68, 66, 74, 67, 65, 61, 204, 71, 75, 59, 73, 70, 58, 211, 213, 221, 220, 197, 217, 201, 202, 193, 194, 195, 216, None, 215, 198, 190, 210, 196, 207, 224, 191, 192, 204, 219, 611, 199, 209, 520, 218, 222, 208, 205, 188, 223, 206, 214, 203, 189, 154, 502, 130, 173, 134, 144, 159, 133, 125, 180, 119, 633, 167, None, 183, 163, 138, 150, 141, 143, 182, 166, 164, 118, 514, 129, 160, 155, 162, 131, 148, 178, 186, 139, None, 122, 140, None, 137, 185, 121, 175, 151, 123, 24, 142, 126, 152, 153, 456, None, 158, 120, 187, 136, 135, 179, 170, 161, 184, 640, 145, 659, 165, 177, 132, 172, 124, 169, 171, 649, 660, 649, 17, 629","32,8,6,9,10",1968-07-01,Wayanad,Western Ghats,district-named,India_Flood_Inventory_v3.csv (IMD-sourced),ambiguous_generic,flash_flood,"regional_default (Western Ghats steep terrain, no floodplain reach -- Main Cause text did not state mechanism)"
576,UEI-IMD-FL-1969-0002,15-07-1969 00:00,22-07-1969 00:00,8.0,floods,,"Beedar, Kalaburagi, Belagavi, Yadgir, Bagalkotee, Raichur, Koppal, Gadag, Ballari, Dharwad, Uttar Kashia Kannada, Haveri, Chitradurga, Davangere, Shivamogga, Udupi, Chikkamagaluru, Chikkaballapura, Hassan, Kolar, Bengaluru Rural, Dakshina Kannada, Bengaluru Urban, Kodagu, Chamarajanagaraa, Tumakuru, Ramanagara, Mandya, Mysuru, Vijayapura, Kasaragod, Wayanad, Kozhikode, Malappuram, Palakkad, Thrissur, Idukki, Ernakulam, Alappuzha, Kottayam, Pathanamthitta, Kollam, Thiruvananthapuram, Kannur","Karnataka, Kerala",,,,,,,,,,,IMD,,"None, 538, 527, 635, None, 546, 543, 537, 528, 536, None, 540, 533, 535, 547, 549, 532, 630, 539, 542, 526, 534, 525, 541, None, 548, 631, 544, 545, 530, 558, 567, 561, 562, 563, 566, 556, 555, 554, 560, 564, 559, 565, 557","29,32",1969-07-15,Wayanad,Western Ghats,district-named,India_Flood_Inventory_v3.csv (IMD-sourced),ambiguous_generic,flash_flood,"regional_default (Western Ghats steep terrain, no floodplain reach -- Main Cause text did not state mechanism)"
639,UEI-IMD-FL-1974-0005,22-07-1974 00:00,28-07-1974 00:00,7.0,floods,,"Kasaragod, Wayanad, Kozhikode, Malappuram, Palakkad, Thrissur, Idukki, Ernakulam, Alappuzha, Kottayam, Pathanamthitta, Kannur,Beedar, Kalaburagi, Belagavi, Yadgir, Bagalkotee, Raichur, Koppal, Gadag, Ballari, Dharwad, Uttar Kashia Kannada, Haveri, Chitradurga, Davangere, Shivamogga, Udupi, Chikkamagaluru, Chikkaballapura, Hassan, Kolar, Bengaluru Rural, Bengaluru Urban, Kodagu, Chamarajanagaraa, Tumakuru, Ramanagara, Mandya, Mysuru, Vijayapura","Kerala, Karnataka",,,,,,,,,,"Causing extensive damage to crops,property worth several lakhs of rupees. Many were rendered homelesss. Loss of life was also reported. The worst affected district in Kerala was Idikki which also experienced landslides",IMD,,"558, 567, 561, 562, 563, 566, 556, 555, 554, 560, 564, 557, None, 538, 527, 635, None, 546, 543, 537, 528, 536, None, 540, 533, 535, 547, 549, 532, 630, 539, 542, 526, 525, 541, None, 548, 631, 544, 545, 530","32,29",1974-07-22,Wayanad,Western Ghats,district-named,India_Flood_Inventory_v3.csv (IMD-sourced),ambiguous_generic,flash_flood,"regional_default (Western Ghats steep terrain, no floodplain reach -- Main Cause text did not state mechanism)"
664,UEI-IMD-FL-1975-0025,15-06-1975 00:00,30-06-1975 00:00,16.0,floods,,"Kasaragod, Wayanad, Kozhikode, Malappuram, Palakkad, Thrissur, Idukki, Ernakulam, Alappuzha, Kottayam, Pathanamthitta, Kollam, Thiruvananthapuram, Kannur",Kerala,,,,,,,,,,"The flood affected the population of about 4 to 5 lakhs causing loss of life, landslides,extensive damage to crop, the property worth several lakhs of Rupees",IMD,,"558, 567, 561, 562, 563, 566, 556, 555, 554, 560, 564, 559, 565, 557",32,1975-06-15,Wayanad,Western Ghats,district-named,India_Flood_Inventory_v3.csv (IMD-sourced),ambiguous_generic,flash_flood,"regional_default (Western Ghats steep terrain, no floodplain reach -- Main Cause text did not state mechanism)"
1179,UEI-IMD-FL-1984-0036,15-06-1984 00:00,15-06-1984 00:00,1.0,heavy rains,,"Kottayam, Wayanad",Kerala,,,,,8.0,25.0,,,"25 people injured when a bus overturned in Murattupazha, A family having 8 members died when their house submerged under water at Puthupaddy, 40 km east of Kozhikode ","i)Low lying areas submerged ii)Several roads damaged, Several roads washed away",IMD,,"560, 567",32,1984-06-15,Wayanad,Western Ghats,district-named,India_Flood_Inventory_v3.csv (IMD-sourced),ambiguous_generic,flash_flood,"regional_default (Western Ghats steep terrain, no floodplain reach -- Main Cause text did not state mechanism)"
1184,UEI-IMD-FL-1984-0041,01-07-1984 00:00,03-07-1984 00:00,3.0,heavy rains,,Wayanad,Kerala,,,,,16.0,,,,16 people died,"i)50 hectares of land burried under the debris as huge mass of rock,earth crushing down from the hill on 2nd ii)80 houses destroyed in Kelpatta,Vengapally iii)Plantation crop in 41 hectares submerged in Mundakayil estate",IMD,,567,32,1984-07-01,Wayanad,Western Ghats,district-named,India_Flood_Inventory_v3.csv (IMD-sourced),ambiguous_generic,flash_flood,"regional_default (Western Ghats steep terrain, no floodplain reach -- Main Cause text did not state mechanism)"
1764,UEI-IMD-FL-1991-0044,06-06-1991 00:00,06-06-1991 00:00,1.0,heavy rains,,"Alappuzha, Idukki, Kasaragod, Kollam, Kottayam, Kozhikode, Palakkad, Pathanamthitta, Thiruvananthapuram,Wayanad",Kerala,,,,,22.0,,,,i)22 persons died ii)Large number of domestic animals perished,"i)Several houses collapsed ii)Agriculture crop,the property worth Rs. 100 crores destroyed",IMD,,"554, 556, 558, 559, 560, 561, 563, 564, 565, 567",32,1991-06-06,Wayanad,Western Ghats,district-named,India_Flood_Inventory_v3.csv (IMD-sourced),ambiguous_generic,flash_flood,"regional_default (Western Ghats steep terrain, no floodplain reach -- Main Cause text did not state mechanism)"
1872,UEI-IMD-FL-1992-0026,08-06-1992 00:00,09-06-1992 00:00,2.0,heavy rains,,"Kasaragod, Wayanad, Kozhikode, Malappuram, Palakkad, Thrissur, Idukki, Ernakulam, Alappuzha, Kottayam, Pathanamthitta, Kollam, Thiruvananthapuram, Kannur",Kerala,,,,,7.0,,,,7 persons died,"i)Low lying areas flooded ii)Extensive damage property,agriculture reported iii)Railway services disrupted due to flooding of railway tracks",IMD,,"558, 567, 561, 562, 563, 566, 556, 555, 554, 560, 564, 559, 565, 557",32,1992-06-08,Wayanad,Western Ghats,district-named,India_Flood_Inventory_v3.csv (IMD-sourced),ambiguous_generic,flash_flood,"regional_default (Western Ghats steep terrain, no floodplain reach -- Main Cause text did not state mechanism)"
1873,UEI-IMD-FL-1992-0027,02-07-1992 00:00,02-07-1992 00:00,1.0,heavy rains,,"Kasaragod, Wayanad, Kozhikode, Malappuram, Palakkad, Thrissur, Idukki, Ernakulam, Alappuzha, Kottayam, Pathanamthitta, Kollam, Thiruvananthapuram, Kannur",Kerala,,,,,55.0,,,,55 persons died,Loss estimated to worth Rs. 56 lakh,IMD,,"558, 567, 561, 562, 563, 566, 556, 555, 554, 560, 564, 559, 565, 557",32,1992-07-02,Wayanad,Western Ghats,district-named,India_Flood_Inventory_v3.csv (IMD-sourced),ambiguous_generic,flash_flood,"regional_default (Western Ghats steep terrain, no floodplain reach -- Main Cause text did not state mechanism)"
2208,UEI-IMD-FL-1995-0051,02-09-1995 00:00,03-09-1995 00:00,2.0,heavy rains,,"Alappuzha, Idukki,Wayanad",Kerala,,,,,2.0,1.0,,,"2 boys died,1 woman injured",i)Low lying areas flooded ii)Many houses collapsed iii)Hundreds of rubber/coconut trees uprooted iv)Extensive damage to vegetation reported,IMD,,"554, 556, 567",32,1995-09-02,Wayanad,Western Ghats,district-named,India_Flood_Inventory_v3.csv (IMD-sourced),ambiguous_generic,flash_flood,"regional_default (Western Ghats steep terrain, no floodplain reach -- Main Cause text did not state mechanism)"
2210,UEI-IMD-FL-1995-0053,15-10-1995 00:00,28-10-1995 00:00,14.0,heavy rains,,"Alappuzha, Kollam, Malappuram, Thiruvananthapuram,Wayanad",Kerala,,,,,,,,,,i)Many houses damaged ii)Extensive damage to plantations reported,IMD,,"554, 559, 562, 565, 567",32,1995-10-15,Wayanad,Western Ghats,district-named,India_Flood_Inventory_v3.csv (IMD-sourced),ambiguous_generic,flash_flood,"regional_default (Western Ghats steep terrain, no floodplain reach -- Main Cause text did not state mechanism)"
2369,UEI-IMD-FL-1996-0052,14-06-1996 00:00,15-06-1996 00:00,2.0,heavy rains,,"Alappuzha, Ernakulam, Idukki, Kannur, Kasaragod, Kottayam, Kozhikode, Malappuram, Thrissur, Wayanad",Kerala,,,,,1.0,,,,1 person died at Kozhikode,"i)100 houses fully,300 partially damaged at Ernakulam district ii)29 houses fully,408 partially damaged at Alappuzha iii)100 houses damaged at Idukki iv)Widespread damaged to progerty,agriculture reported",IMD,,"554, 555, 556, 557, 558, 560, 561, 562, 566, 567",32,1996-06-14,Wayanad,Western Ghats,district-named,India_Flood_Inventory_v3.csv (IMD-sourced),ambiguous_generic,flash_flood,"regional_default (Western Ghats steep terrain, no floodplain reach -- Main Cause text did not state mechanism)"
2370,UEI-IMD-FL-1996-0053,16-06-1996 00:00,22-06-1996 00:00,7.0,heavy rains,,"Kasaragod, Wayanad, Kozhikode, Malappuram, Palakkad, Thrissur, Idukki, Ernakulam, Alappuzha, Kottayam, Pathanamthitta, Kollam, Thiruvananthapuram, Kannur",Kerala,,,,,24.0,,,,24 persons died,"i)2,500 houses damaged ii)Extensive damage to agriculture crop reported iii)Loss of property worth Rs. 25 crores reported",IMD,,"558, 567, 561, 562, 563, 566, 556, 555, 554, 560, 564, 559, 565, 557",32,1996-06-16,Wayanad,Western Ghats,district-named,India_Flood_Inventory_v3.csv (IMD-sourced),ambiguous_generic,flash_flood,"regional_default (Western Ghats steep terrain, no floodplain reach -- Main Cause text did not state mechanism)"
2648,UEI-IMD-FL-1998-0057,02-07-1998 00:00,06-07-1998 00:00,5.0,heavy rains,,"Idukki, Kasaragod, Kottayam, Malappuram, Palakkad, Thiruvananthapuram,Wayanad",Kerala,,,,,45.0,,,,45 people died,"Widespread damaged to houses, trees, electric lines,rubber plantation",IMD,,"556, 558, 560, 562, 563, 565, 567",32,1998-07-02,Wayanad,Western Ghats,district-named,India_Flood_Inventory_v3.csv (IMD-sourced),ambiguous_generic,flash_flood,"regional_default (Western Ghats steep terrain, no floodplain reach -- Main Cause text did not state mechanism)"
2650,UEI-IMD-FL-1998-0059,10-10-1998 00:00,17-10-1998 00:00,8.0,severe floods,,"Kollam, Kottayam, Kozhikode, Malappuram, Pathanamthitta, Thiruvananthapuram,Wayanad",Kerala,,,,,44.0,,,,44 persons died,i)Widespread loss to crops reported ii)One bridge damaged in Kollam iii)1039 houses damaged iv)Property worth crores of rupees damaged,IMD,,"559, 560, 561, 562, 564, 565, 567",32,1998-10-10,Wayanad,Western Ghats,district-named,India_Flood_Inventory_v3.csv (IMD-sourced),ambiguous_generic,flash_flood,"regional_default (Western Ghats steep terrain, no floodplain reach -- Main Cause text did not state mechanism)"
2754,UEI-IMD-FL-1999-0045,07-06-1999 00:00,12-06-1999 00:00,6.0,heavy rains,,"Kasaragod, Wayanad, Kozhikode, Malappuram, Palakkad, Thrissur, Idukki, Ernakulam, Alappuzha, Kottayam, Pathanamthitta, Kollam, Thiruvananthapuram, Kannur",Kerala,,,,,18.0,80.0,,,"18 persons died,more than 80 injured","i)Rail/Road service dislocated ii)Many houses damaged iii)Widespread damage to property,agriculture reported",IMD,,"558, 567, 561, 562, 563, 566, 556, 555, 554, 560, 564, 559, 565, 557",32,1999-06-07,Wayanad,Western Ghats,district-named,India_Flood_Inventory_v3.csv (IMD-sourced),ambiguous_generic,flash_flood,"regional_default (Western Ghats steep terrain, no floodplain reach -- Main Cause text did not state mechanism)"
2759,UEI-IMD-FL-1999-0050,18-10-1999 00:00,22-10-1999 00:00,5.0,heavy rains,,"Kasaragod, Wayanad, Kozhikode, Malappuram, Palakkad, Thrissur, Idukki, Ernakulam, Alappuzha, Kottayam, Pathanamthitta, Kollam, Thiruvananthapuram, Kannur",Kerala,,,,,21.0,,,,21 persons died,"i)1218 houses/huts damaged ii)Widespread damage to property,agriculture reported",IMD,,"558, 567, 561, 562, 563, 566, 556, 555, 554, 560, 564, 559, 565, 557",32,1999-10-18,Wayanad,Western Ghats,district-named,India_Flood_Inventory_v3.csv (IMD-sourced),ambiguous_generic,flash_flood,"regional_default (Western Ghats steep terrain, no floodplain reach -- Main Cause text did not state mechanism)"
2871,UEI-IMD-FL-2000-0068,22-08-2000 00:00,28-08-2000 00:00,7.0,heavy rains,,"Alappuzha, Idukki, Kannur, Kasaragod, Kollam, Kottayam, Kozhikode, Malappuram, Palakkad, Pathanamthitta, Thiruvananthapuram, Thrissur,Wayanad",Kerala,,,,,37.0,,,,"37 people died,a few injured",(i) Widespread damage to crops repoted (ii) Many houses collapsed/damaged,IMD,,"554, 556, 557, 558, 559, 560, 561, 562, 563, 564, 565, 566, 567",32,2000-08-22,Wayanad,Western Ghats,district-named,India_Flood_Inventory_v3.csv (IMD-sourced),ambiguous_generic,flash_flood,"regional_default (Western Ghats steep terrain, no floodplain reach -- Main Cause text did not state mechanism)"
2980,UEI-IMD-FL-2001-0051,15-06-2001 00:00,21-06-2001 00:00,7.0,heavy rains,,"Alappuzha, Kollam, Kozhikode, Malappuram,Wayanad",Kerala,,,,,5.0,3.0,,,"5 persons including 1 child died,3 persons missing",,IMD,,"554, 559, 561, 562, 567",32,2001-06-15,Wayanad,Western Ghats,district-named,India_Flood_Inventory_v3.csv (IMD-sourced),ambiguous_generic,flash_flood,"regional_default (Western Ghats steep terrain, no floodplain reach -- Main Cause text did not state mechanism)"
3254,UEI-IMD-FL-2004-0036,07-07-2004 00:00,09-07-2004 00:00,3.0,heavy rains,,"Thiruvananthapuram,Wayanad",Kerala,,,,,,1.0,,,1 person drowned in Thriuvananthapuram dist,(i)Widespread damage to agriculture reported (ii)A few roads damaged,IMD,,"565, 567",32,2004-07-07,Wayanad,Western Ghats,district-named,India_Flood_Inventory_v3.csv (IMD-sourced),ambiguous_generic,flash_flood,"regional_default (Western Ghats steep terrain, no floodplain reach -- Main Cause text did not state mechanism)"
3256,UEI-IMD-FL-2004-0038,03-08-2004 00:00,08-08-2004 00:00,6.0,heavy rains,,"Idukki, Kannur, Kasaragod, Kollam, Kozhikode, Malappuram, Palakkad,Wayanad",Kerala,,,,,31.0,29.0,,,"31 persons died, 29 injured,5 reported missing","(i)More thean 2000 houses damaged/destroyed (ii)Roads also damaged (iii)Damage to crops also reported (iv)Checkdam at Pothumattom in Idukki dist, collapsed",IMD,,"556, 557, 558, 559, 561, 562, 563, 567",32,2004-08-03,Wayanad,Western Ghats,district-named,India_Flood_Inventory_v3.csv (IMD-sourced),ambiguous_generic,flash_flood,"regional_default (Western Ghats steep terrain, no floodplain reach -- Main Cause text did not state mechanism)"
3362,UEI-IMD-FL-2005-0069,06-04-2005 00:00,06-04-2005 00:00,1.0,heavy rains,,"Thiruvananthapuram,Wayanad",Kerala,,,,,,2.0,,,2 women injured in house collapse in Elakaman in Varkala taluk,"1 bridge collapsed in Papanasam in Varkala taluk,1 building damaged in Sultanbattery",IMD,,"565, 567",32,2005-04-06,Wayanad,Western Ghats,district-named,India_Flood_Inventory_v3.csv (IMD-sourced),ambiguous_generic,flash_flood,"regional_default (Western Ghats steep terrain, no floodplain reach -- Main Cause text did not state mechanism)"
3364,UEI-IMD-FL-2005-0071,15-04-2005 00:00,28-04-2005 00:00,14.0,heavy rains,,"Thiruvananthapuram,Wayanad",Kerala,,,,,2.0,2.0,,,,"(i)2000 plantains damaged (ii)Damage to rubber,other agricultural property reported (iii)Damage to hundreds of houses reported in Kattakkada (iv)Electric/telephone lines disrupted",IMD,,"565, 567",32,2005-04-15,Wayanad,Western Ghats,district-named,India_Flood_Inventory_v3.csv (IMD-sourced),ambiguous_generic,flash_flood,"regional_default (Western Ghats steep terrain, no floodplain reach -- Main Cause text did not state mechanism)"
3365,UEI-IMD-FL-2005-0072,02-05-2005 00:00,02-05-2005 00:00,1.0,heavy rains,,Wayanad,Kerala,,,,,,,,,,In Sultan Battery:(i)Many trees uprooted (ii)Vehicular traffic disrupted (iii)Telephone lines disrupted (iv)1 house completely damaged in Ambalavayal,IMD,,567,32,2005-05-02,Wayanad,Western Ghats,district-named,India_Flood_Inventory_v3.csv (IMD-sourced),ambiguous_generic,flash_flood,"regional_default (Western Ghats steep terrain, no floodplain reach -- Main Cause text did not state mechanism)"
3367,UEI-IMD-FL-2005-0074,29-05-2005 00:00,29-05-2005 00:00,1.0,heavy rains,,Wayanad,Kerala,,,,,,,,,,Widespread damage to plantain in Sultanbattery reported,IMD,,567,32,2005-05-29,Wayanad,Western Ghats,district-named,India_Flood_Inventory_v3.csv (IMD-sourced),ambiguous_generic,flash_flood,"regional_default (Western Ghats steep terrain, no floodplain reach -- Main Cause text did not state mechanism)"
3368,UEI-IMD-FL-2005-0075,01-06-2005 00:00,14-06-2005 00:00,14.0,heavy rains,,"Kollam, Thiruvananthapuram,Wayanad",Kerala,,,,,2.0,,,,2 persons died,In Pulpalli:(i)19 houses collapsed (ii)Damage to agriculture reported (iii)Electric supply disrupted due to uprooting trees in Kalpetta,IMD,,"559, 565, 567",32,2005-06-01,Wayanad,Western Ghats,district-named,India_Flood_Inventory_v3.csv (IMD-sourced),ambiguous_generic,flash_flood,"regional_default (Western Ghats steep terrain, no floodplain reach -- Main Cause text did not state mechanism)"
3373,UEI-IMD-FL-2005-0080,07-07-2005 00:00,07-07-2005 00:00,1.0,heavy rains,,"Kozhikode, Malappuram,Wayanad",Kerala,,,,,,1.0,,,1 woman missing in Kuttayadi,"(i)Landslide reported (ii)46 houses completely,50 houses partially damaged (iii)In Areekode, 3 houses completely damaged (iv) 175 families were shifted to relief camp in Thariyode",IMD,,"561, 562, 567",32,2005-07-07,Wayanad,Western Ghats,district-named,India_Flood_Inventory_v3.csv (IMD-sourced),ambiguous_generic,flash_flood,"regional_default (Western Ghats steep terrain, no floodplain reach -- Main Cause text did not state mechanism)"
3375,UEI-IMD-FL-2005-0082,22-07-2005 00:00,28-07-2005 00:00,7.0,heavy rains,,"Alappuzha, Ernakulam, Idukki, Kollam, Kottayam, Thiruvananthapuram, Thrissur,Wayanad",Kerala,,,,,28.0,14.0,,,"28 persons including 4 women,3 children died,14 injured","(i)Landslide reported (ii)595 houses completely,3062 houses partially damaged (iii)Hundreds of acres of farm dield flooded (iv)Widespread damage to agriculture reported (v)3 bridges washed away in Ambalavayal",IMD,,"554, 555, 556, 559, 560, 565, 566, 567",32,2005-07-22,Wayanad,Western Ghats,district-named,India_Flood_Inventory_v3.csv (IMD-sourced),ambiguous_generic,flash_flood,"regional_default (Western Ghats steep terrain, no floodplain reach -- Main Cause text did not state mechanism)"
3377,UEI-IMD-FL-2005-0084,02-10-2005 00:00,02-10-2005 00:00,1.0,heavy rains,,Wayanad,Kerala,,,,,,,,,,Water entered in 13 houses in Sultan Battery,IMD,,567,32,2005-10-02,Wayanad,Western Ghats,district-named,India_Flood_Inventory_v3.csv (IMD-sourced),ambiguous_generic,flash_flood,"regional_default (Western Ghats steep terrain, no floodplain reach -- Main Cause text did not state mechanism)"
3378,UEI-IMD-FL-2005-0085,07-10-2005 00:00,07-10-2005 00:00,1.0,heavy rains,,Wayanad,Kerala,,,,,,,,,,"Widespread damage to plantain,other agriculture in Pusppali reported",IMD,,567,32,2005-10-07,Wayanad,Western Ghats,district-named,India_Flood_Inventory_v3.csv (IMD-sourced),ambiguous_generic,flash_flood,"regional_default (Western Ghats steep terrain, no floodplain reach -- Main Cause text did not state mechanism)"
3379,UEI-IMD-FL-2005-0086,08-10-2005 00:00,14-10-2005 00:00,7.0,heavy rains,,"Kollam, Thiruvananthapuram,Wayanad",Kerala,,,,,1.0,,,,1 fisherman died in Ochira,"(i) 1 bridge collapsed in Sultanbattery (ii) 2 houses completely damaged,3 partially damaged ",IMD,,"559, 565, 567",32,2005-10-08,Wayanad,Western Ghats,district-named,India_Flood_Inventory_v3.csv (IMD-sourced),ambiguous_generic,flash_flood,"regional_default (Western Ghats steep terrain, no floodplain reach -- Main Cause text did not state mechanism)"
3380,UEI-IMD-FL-2005-0087,22-10-2005 00:00,23-10-2005 00:00,2.0,heavy rains,,"Kannur,Wayanad",Kerala,,,,,,,,,,"(i)Extensive damage to agriculture reported (ii)1 house completely,8 houses partially damaged",IMD,,"557, 567",32,2005-10-22,Wayanad,Western Ghats,district-named,India_Flood_Inventory_v3.csv (IMD-sourced),ambiguous_generic,flash_flood,"regional_default (Western Ghats steep terrain, no floodplain reach -- Main Cause text did not state mechanism)"
3514,UEI-IMD-FL-2006-0046,05-03-2006 00:00,05-03-2006 00:00,1.0,heavy rains,,Wayanad,Kerala,,,,,,18.0,,,"In Sultanbattery, 18 per sons injured due to bus collapsed.",,IMD,,567,32,2006-03-05,Wayanad,Western Ghats,district-named,India_Flood_Inventory_v3.csv (IMD-sourced),ambiguous_generic,flash_flood,"regional_default (Western Ghats steep terrain, no floodplain reach -- Main Cause text did not state mechanism)"
3516,UEI-IMD-FL-2006-0048,27-05-2006 00:00,29-05-2006 00:00,3.0,heavy rains,,"Alappuzha, Kannur, Kasaragod, Kollam, Kottayam, Kozhikode, Malappuram, Thiruvananthapuram,Thrissur,Wayanad ",Kerala,,,,,2.0,12.0,,,"2 persons died,12 persons injured.","i) 120 houses completely,1038 partially damaged. ii) Extensive damage to agriculture reported. iii) Many trees uprooted. iv) 2 fishing boats collapsed",IMD,,"554, 557, 558, 559, 560, 561, 562, 565, 566, 567",32,2006-05-27,Wayanad,Western Ghats,district-named,India_Flood_Inventory_v3.csv (IMD-sourced),ambiguous_generic,flash_flood,"regional_default (Western Ghats steep terrain, no floodplain reach -- Main Cause text did not state mechanism)"
3517,UEI-IMD-FL-2006-0049,01-06-2006 00:00,01-06-2006 00:00,1.0,heavy rains,,"Alappuzha, Ernakulam, Kannur, Kollam, Kozhikode, Palakkad, Thrissur,Wayanad",Kerala,,,,,10.0,3.0,,,"10 persons died,3 other missing. ","i) Around 25 acres of paddy,plantains in 106 hectares of land destroyed. ii) Extensive damage to agriculture reported. ",IMD,,"554, 555, 557, 559, 561, 563, 566, 567",32,2006-06-01,Wayanad,Western Ghats,district-named,India_Flood_Inventory_v3.csv (IMD-sourced),ambiguous_generic,flash_flood,"regional_default (Western Ghats steep terrain, no floodplain reach -- Main Cause text did not state mechanism)"
3520,UEI-IMD-FL-2006-0052,01-07-2006 00:00,03-07-2006 00:00,3.0,heavy rains,,"Kannur,Wayanad",Kerala,,,,,1.0,,,,One person died.,"i) 2 houses completely,74 houses partially damaged. ii) Extensive damage to agriculture in 84.2 hectares reported",IMD,,"557, 567",32,2006-07-01,Wayanad,Western Ghats,district-named,India_Flood_Inventory_v3.csv (IMD-sourced),ambiguous_generic,flash_flood,"regional_default (Western Ghats steep terrain, no floodplain reach -- Main Cause text did not state mechanism)"
3521,UEI-IMD-FL-2006-0053,04-07-2006 00:00,04-07-2006 00:00,1.0,heavy rains,,"Malikkeri,Wayanad",Kerala,,,,,6.0,1.0,,,"4 children,2 women died,a girl injured.","i) Landslide reported. ii) 78 houses completely,266 houses partially damaged. iii) Extensive damage to agriculture reported. ",IMD,,"None, 567",32,2006-07-04,Wayanad,Western Ghats,district-named,India_Flood_Inventory_v3.csv (IMD-sourced),ambiguous_generic,flash_flood,"regional_default (Western Ghats steep terrain, no floodplain reach -- Main Cause text did not state mechanism)"
3522,UEI-IMD-FL-2006-0054,05-07-2006 00:00,06-07-2006 00:00,2.0,heavy rains,,Wayanad,Kerala,,,,,,,,,,"i) 97 houses collapsed. 2 houses completely,154 houses partially damaged. ii) Low lying areas flooded. iii) Extensive damage to agriculture reported. ",IMD,,567,32,2006-07-05,Wayanad,Western Ghats,district-named,India_Flood_Inventory_v3.csv (IMD-sourced),ambiguous_generic,flash_flood,"regional_default (Western Ghats steep terrain, no floodplain reach -- Main Cause text did not state mechanism)"
3523,UEI-IMD-FL-2006-0055,13-08-2006 00:00,13-08-2006 00:00,1.0,heavy rains,,Wayanad,Kerala,,,,,,,,,,i) One house completely damaged. ii) Low lying areas flooded.,IMD,,567,32,2006-08-13,Wayanad,Western Ghats,district-named,India_Flood_Inventory_v3.csv (IMD-sourced),ambiguous_generic,flash_flood,"regional_default (Western Ghats steep terrain, no floodplain reach -- Main Cause text did not state mechanism)"
3528,UEI-IMD-FL-2006-0060,04-11-2006 00:00,04-11-2006 00:00,1.0,heavy rains,,Wayanad,Kerala,,,,,,,,,,i) Electric/telephone lines affected. ii) Low lying areas inundated.,IMD,,567,32,2006-11-04,Wayanad,Western Ghats,district-named,India_Flood_Inventory_v3.csv (IMD-sourced),ambiguous_generic,flash_flood,"regional_default (Western Ghats steep terrain, no floodplain reach -- Main Cause text did not state mechanism)"
3657,UEI-IMD-FL-2007-0078,21-04-2007 00:00,21-04-2007 00:00,1.0,moderate flood,,Wayanad,Kerala,,,,,,,,,,i) Roads flooded. ii) Roofs of houses collapsed. iii) Electric lines disrupted.,IMD,,567,32,2007-04-21,Wayanad,Western Ghats,district-named,India_Flood_Inventory_v3.csv (IMD-sourced),ambiguous_generic,flash_flood,"regional_default (Western Ghats steep terrain, no floodplain reach -- Main Cause text did not state mechanism)"
3658,UEI-IMD-FL-2007-0079,07-06-2007 00:00,07-06-2007 00:00,1.0,heavy rains,,Wayanad,Kerala,,,,,,,,,,"i) Extensive damage to buildings,agriculture reported. ii) 600 plantains destroyed, rubber trees broken,coconut & palm trees uprooted. ",IMD,,567,32,2007-06-07,Wayanad,Western Ghats,district-named,India_Flood_Inventory_v3.csv (IMD-sourced),ambiguous_generic,flash_flood,"regional_default (Western Ghats steep terrain, no floodplain reach -- Main Cause text did not state mechanism)"
3659,UEI-IMD-FL-2007-0080,10-06-2007 00:00,10-06-2007 00:00,1.0,heavy rains,,Wayanad,Kerala,,,,,,,,,,5000 plantains destroyed.,IMD,,567,32,2007-06-10,Wayanad,Western Ghats,district-named,India_Flood_Inventory_v3.csv (IMD-sourced),ambiguous_generic,flash_flood,"regional_default (Western Ghats steep terrain, no floodplain reach -- Main Cause text did not state mechanism)"
3661,UEI-IMD-FL-2007-0082,22-06-2007 00:00,28-06-2007 00:00,7.0,heavy rains,,"Alappuzha, Ernakulam,  Idukki, Kannur, Kasaragod, Kottayam, Kozhikode, Malappuram, Palakkad, Pathanamthitta, Thrissur, Thiruvananthapuram,Wayanad ",Kerala,,,,,77.0,103.0,,,"77 persons died, 66 injured in different incidents,27 reported missing.","i) Landslide reported in Wayanad district. ii) More than 10,000 palm trees uprooted in Wayanad district. iii) 1766 houses completely,1240 partially damaged. iv) Extensive damage to agriculture reported. v) Traffic,electric lines disrupted. vi) Roofs of houses/school blown away. vii) Bridge flooded,low lying areas submerged. ",IMD,,"554, 555, 556, 557, 558, 560, 561, 562, 563, 564, 566, 565, 567",32,2007-06-22,Wayanad,Western Ghats,district-named,India_Flood_Inventory_v3.csv (IMD-sourced),ambiguous_generic,flash_flood,"regional_default (Western Ghats steep terrain, no floodplain reach -- Main Cause text did not state mechanism)"
3662,UEI-IMD-FL-2007-0083,28-06-2007 00:00,29-06-2007 00:00,2.0,heavy rains,,Wayanad,Kerala,,,,,,,,,,"i) 33 houses completely,about 1759 houses partially damaged. ii) Extensive damage to agriculture reported.Around 518 hectares of land destroyed. iii) Trees uprooted,large number of plantains destroyed",IMD,,567,32,2007-06-28,Wayanad,Western Ghats,district-named,India_Flood_Inventory_v3.csv (IMD-sourced),ambiguous_generic,flash_flood,"regional_default (Western Ghats steep terrain, no floodplain reach -- Main Cause text did not state mechanism)"
3664,UEI-IMD-FL-2007-0085,02-07-2007 00:00,02-07-2007 00:00,1.0,heavy rains,,"Ernakulam, Idukki, Kollam, Wayanad ",Kerala,,,,,1.0,,,,i) One person died. ii) Few animals washed away. ,"Few houses,agricultural areas washed away.",IMD,,"555, 556, 559, 567",32,2007-07-02,Wayanad,Western Ghats,district-named,India_Flood_Inventory_v3.csv (IMD-sourced),ambiguous_generic,flash_flood,"regional_default (Western Ghats steep terrain, no floodplain reach -- Main Cause text did not state mechanism)"
3665,UEI-IMD-FL-2007-0086,04-07-2007 00:00,05-07-2007 00:00,2.0,heavy rains,,Wayanad,Kerala,,,,,,2.0,,,2 persons injured due to landslide.,"i) 12 houses completely,487 partially damaged. ii) Low lying areas submerged. iii) Roads flooded, trees uprooted,traffic disrupted. ",IMD,,567,32,2007-07-04,Wayanad,Western Ghats,district-named,India_Flood_Inventory_v3.csv (IMD-sourced),ambiguous_generic,flash_flood,"regional_default (Western Ghats steep terrain, no floodplain reach -- Main Cause text did not state mechanism)"
3666,UEI-IMD-FL-2007-0087,14-07-2007 00:00,18-07-2007 00:00,5.0,heavy rains,,"Alappuzha, Idukki, Kannur, Kottayam, Kozhikode, Malappuram, Pathanamthitta, Thiruvananthapuram,Wayanad ",Kerala,,,,,30.0,2.0,,,"30 persons died,2 reported missing.","i) 67 houses completely,645 partially damaged. 14,800 houses flooded. ii) Extensive damage to agriculture (around 8000 hectares of land) reported. Plantains destroyed iii) Low lying areas,bridges flooded. iv) Electric/telephone lines disrupted,trees uprooted",IMD,,"554, 556, 557, 560, 561, 562, 564, 565, 567",32,2007-07-14,Wayanad,Western Ghats,district-named,India_Flood_Inventory_v3.csv (IMD-sourced),ambiguous_generic,flash_flood,"regional_default (Western Ghats steep terrain, no floodplain reach -- Main Cause text did not state mechanism)"
3667,UEI-IMD-FL-2007-0088,26-07-2007 00:00,28-07-2007 00:00,3.0,heavy rains,,Wayanad,Kerala,,,,,,,,,,"i)Extensive damage to paddy,ginger reported.Field in acres submerged. ii) One house,a hotel destroyed. ",IMD,,567,32,2007-07-26,Wayanad,Western Ghats,district-named,India_Flood_Inventory_v3.csv (IMD-sourced),ambiguous_generic,flash_flood,"regional_default (Western Ghats steep terrain, no floodplain reach -- Main Cause text did not state mechanism)"
3670,UEI-IMD-FL-2007-0091,03-11-2007 00:00,09-11-2007 00:00,7.0,heavy rains,,"Alappuzha, Malappuram, Pathanamthitta, Thiruvananthapuram,Wayanad",Kerala,,,,,,5.0,,,5 persons injured.,"i) Extensive damage to agriculture reported. ii) 15 houses,a school inundated. Roofs of houses collapsed. iii) Roads, rail tracks, canals,low lying areas flooded. iv) National highway submerged. v) Several trees uprooted. vi) Road traffic,electric supply disrupted. ",IMD,,"554, 562, 564, 565, 567",32,2007-11-03,Wayanad,Western Ghats,district-named,India_Flood_Inventory_v3.csv (IMD-sourced),ambiguous_generic,flash_flood,"regional_default (Western Ghats steep terrain, no floodplain reach -- Main Cause text did not state mechanism)"
3786,UEI-IMD-FL-2008-0062,13-03-2008 00:00,24-03-2008 00:00,12.0,heavy rains,,"Alappuzha, Ernakulam Kannur, Kasaragod,Kollam, Kottayam, Kozhikode, Malappuram, Palakkad, Pathanamthitta, Thiruvananthapuram, Thrissur,Wayanad",Kerala,,,,,16.0,20.0,,1.0,"i) 16 persons died,20 others injured. ii) One cattle perished. ",i) Paddy crops in more than 13000 hectares destroyed. ii) About 400 houses damaged. ,IMD,,"554, None, 558, 559, 560, 561, 562, 563, 564, 565, 566, 567",32,2008-03-13,Wayanad,Western Ghats,district-named,India_Flood_Inventory_v3.csv (IMD-sourced),ambiguous_generic,flash_flood,"regional_default (Western Ghats steep terrain, no floodplain reach -- Main Cause text did not state mechanism)"
3788,UEI-IMD-FL-2008-0064,23-04-2008 00:00,25-04-2008 00:00,3.0,heavy rains,,Wayanad,Kerala,,,,,,,,,,i) About 300 houses collapsed. ii) Extensive damage to agriculture reported. ,IMD,,567,32,2008-04-23,Wayanad,Western Ghats,district-named,India_Flood_Inventory_v3.csv (IMD-sourced),ambiguous_generic,flash_flood,"regional_default (Western Ghats steep terrain, no floodplain reach -- Main Cause text did not state mechanism)"
3790,UEI-IMD-FL-2008-0066,28-07-2008 00:00,30-07-2008 00:00,3.0,heavy rains,,"Alappuzha, Idukki, Kollam, Kottayam, Palakkad, Pathanamthitta, Thiruvananthapuram,Wayanad ",Kerala,,,,,1.0,5.0,,,"One person died,5 others persons injured.","i) 36 houses damaged,200 houses partially damaged. ii) Traffic, telephone lines disrupted due to uprooting of trees. ii) Low lying areas inundated. ",IMD,,"554, 556, 559, 560, 563, 564, 565, 567",32,2008-07-28,Wayanad,Western Ghats,district-named,India_Flood_Inventory_v3.csv (IMD-sourced),ambiguous_generic,flash_flood,"regional_default (Western Ghats steep terrain, no floodplain reach -- Main Cause text did not state mechanism)"
3791,UEI-IMD-FL-2008-0067,10-08-2008 00:00,12-08-2008 00:00,3.0,heavy rains,,"Palakkad,Wayanad",Kerala,,,,,2.0,,,,2 persons died.,i). Few houses collapsed. 1) Extensive damage to agriculture reported. ,IMD,,"563, 567",32,2008-08-10,Wayanad,Western Ghats,district-named,India_Flood_Inventory_v3.csv (IMD-sourced),ambiguous_generic,flash_flood,"regional_default (Western Ghats steep terrain, no floodplain reach -- Main Cause text did not state mechanism)"
3795,UEI-IMD-FL-2008-0071,19-10-2008 00:00,27-10-2008 00:00,9.0,heavy rains,,"Alappuzha, Kottayam, Kozhikode, Malappuram, Palakkad, Thiruvananthapuram, Thrissur,Wayanad",Kerala,,,,,6.0,16.0,,,"6 persons died,16 others injured.","i) Many houses damaged. ii) 18,000 acres of paddy crop flooded.",IMD,,"554, 560, 561, 562, 563, 565, 566, 567",32,2008-10-19,Wayanad,Western Ghats,district-named,India_Flood_Inventory_v3.csv (IMD-sourced),ambiguous_generic,flash_flood,"regional_default (Western Ghats steep terrain, no floodplain reach -- Main Cause text did not state mechanism)"
3886,UEI-IMD-FL-2009-0035,05-07-2009 00:00,05-07-2009 00:00,1.0,heavy rains,,"Kozhikode, Thrissur,Wayanad",Kerala,,,,,5.0,,,,5 persons died.,,IMD,,"561, 566, 567",32,2009-07-05,Wayanad,Western Ghats,district-named,India_Flood_Inventory_v3.csv (IMD-sourced),ambiguous_generic,flash_flood,"regional_default (Western Ghats steep terrain, no floodplain reach -- Main Cause text did not state mechanism)"
3887,UEI-IMD-FL-2009-0036,11-07-2009 00:00,12-07-2009 00:00,2.0,heavy rains,,Wayanad,Kerala,,,,,,,,,,i)About 600 plantations destroyed. ii) Landslide reported. ,IMD,,567,32,2009-07-11,Wayanad,Western Ghats,district-named,India_Flood_Inventory_v3.csv (IMD-sourced),ambiguous_generic,flash_flood,"regional_default (Western Ghats steep terrain, no floodplain reach -- Main Cause text did not state mechanism)"
3889,UEI-IMD-FL-2009-0038,20-07-2009 00:00,22-07-2009 00:00,3.0,heavy rains,,Wayanad,Kerala,,,,,7.0,10.0,,17.0,"i) 7 persons died,10 persons injured. ii) 17 cattle washed away. ","i) Landslide reported in 14 places. ii) 316 houses completely,3991 houses partially damaged. iii) Extensive damage to agriculture reported. iv) In 1372 hectares of land a total loss of Rs. 44 crores reported. ",IMD,,567,32,2009-07-20,Wayanad,Western Ghats,district-named,India_Flood_Inventory_v3.csv (IMD-sourced),ambiguous_generic,flash_flood,"regional_default (Western Ghats steep terrain, no floodplain reach -- Main Cause text did not state mechanism)"
3893,UEI-IMD-FL-2009-0042,27-12-2009 00:00,29-12-2009 00:00,3.0,heavy rains,,Wayanad,Kerala,,,,,,,,,,"Extensive damage to paddy crops, coffee plantations,vegetables reported.",IMD,,567,32,2009-12-27,Wayanad,Western Ghats,district-named,India_Flood_Inventory_v3.csv (IMD-sourced),ambiguous_generic,flash_flood,"regional_default (Western Ghats steep terrain, no floodplain reach -- Main Cause text did not state mechanism)"
4001,UEI-IMD-FL-2010-0064,03-05-2010 00:00,03-05-2010 00:00,1.0,heavy rains,,Wayanad,Kerala,,,,,,,,,,i) Damage to crops reported. ii) Few houses damaged.,IMD,,567,32,2010-05-03,Wayanad,Western Ghats,district-named,India_Flood_Inventory_v3.csv (IMD-sourced),ambiguous_generic,flash_flood,"regional_default (Western Ghats steep terrain, no floodplain reach -- Main Cause text did not state mechanism)"
4004,UEI-IMD-FL-2010-0067,11-06-2010 00:00,15-06-2010 00:00,5.0,heavy rains,,"Alappuzha, Ernakulam, Idukki, Kasaragod, Kochi,Kottayam, Kozhikode, Malappuram, Palakkad, Pathanamthitta,Thrissur,Thiruvananthapuram,Wayanad ",Kerala,,,,,,,,,"30 persons died, 8 persons  missing,19 others injured.","i) Widespread damage to crops reported.ii) About 230 houses completely,170 partially damaged. iii) Landslide reported. iv) Low lying areas flooded. v) State highway submerged. vi) Power lines / rail / road / air traffic disrupted. ",IMD,,"554, 555, 556, 558, None, 560, 561, 562, 563, 564, 566, 565, 567",32,2010-06-11,Wayanad,Western Ghats,district-named,India_Flood_Inventory_v3.csv (IMD-sourced),ambiguous_generic,flash_flood,"regional_default (Western Ghats steep terrain, no floodplain reach -- Main Cause text did not state mechanism)"
4008,UEI-IMD-FL-2010-0071,03-10-2010 00:00,08-10-2010 00:00,6.0,"flood (karamana, neyyak,vamanapuram) ",,"Alappuzha, Kollam Kozhikode, Malappuram,Thrissur, Thiruvananthapuram,Wayanad",Kerala,,,,,20.0,1.0,,,"About 20 persons died, one persons injured.","i) About 500 acres of ginger,other person missing,3 crops damaged.ii) About 400 houses completely,1380 houses partially damaged. iii) About 3,000 persons shifted to safer places. iv) Loss to paddy crops worth about Rs. 2.5 crores reported. v) Low lying areas flooded. vi) Telecommunication,power supply disrupted. . vii) Trees,electric poles uprooted. viii) Road/rail /air traffic disrupted. ",IMD,,"554, None, 562, 566, 565, 567",32,2010-10-03,Wayanad,Western Ghats,district-named,India_Flood_Inventory_v3.csv (IMD-sourced),ambiguous_generic,flash_flood,"regional_default (Western Ghats steep terrain, no floodplain reach -- Main Cause text did not state mechanism)"
4010,UEI-IMD-FL-2010-0073,22-10-2010 00:00,22-10-2010 00:00,1.0,heavy rains,,"Kannur, Kasaragod, Kozhikode, Malappuram,Wayanad",Kerala,,,,,,,,,,"i) Extensive damage to banana,paddy fields reported. ii) Few houses collapsed. iii) Low lying areas flooded. iv) Trees uprooted. v) Road traffic disrupted. ",IMD,,"557, 558, 561, 562, 567",32,2010-10-22,Wayanad,Western Ghats,district-named,India_Flood_Inventory_v3.csv (IMD-sourced),ambiguous_generic,flash_flood,"regional_default (Western Ghats steep terrain, no floodplain reach -- Main Cause text did not state mechanism)"
4014,UEI-IMD-FL-2010-0077,20-11-2010 00:00,24-11-2010 00:00,5.0,heavy rains,,"Kozhikode, Palakkad, Pathanamthitta, Thiruvananthapuram,Wayanad",Kerala,,,,,2.0,,,7000.0,i) 2 children injured. ii) 7000 hens drowned.,"i) Damage to crops worth lakhs of rupees reported. ii) About 12,000 hectares of paddy fields submerged iii) Damage to banana,tapioca crops reported. iv) A poultry farm submerged. v) Landslide reported. vi) Low lying areas flooded. vii) Few houses damaged. ",IMD,,"561, 563, 564, 565, 567",32,2010-11-20,Wayanad,Western Ghats,district-named,India_Flood_Inventory_v3.csv (IMD-sourced),ambiguous_generic,flash_flood,"regional_default (Western Ghats steep terrain, no floodplain reach -- Main Cause text did not state mechanism)"
4126,UEI-IMD-FL-2011-0040,14-04-2011 00:00,14-04-2011 00:00,1.0,heavy rains,,Wayanad,Kerala,,,,,,,,,,"i)Damage to Ambalavayal Govt. High school,4 other buildings reported. ii)15 houses damaged. iii) Trees uprooted disrupting Electricity television 1 telephone services. ",IMD,,567,32,2011-04-14,Wayanad,Western Ghats,district-named,India_Flood_Inventory_v3.csv (IMD-sourced),ambiguous_generic,flash_flood,"regional_default (Western Ghats steep terrain, no floodplain reach -- Main Cause text did not state mechanism)"
4127,UEI-IMD-FL-2011-0041,21-04-2011 00:00,21-04-2011 00:00,1.0,heavy rains,,Wayanad,Kerala,,,,,,,,,,KSRTC bus stand slide down causing traffic disruption.,IMD,,567,32,2011-04-21,Wayanad,Western Ghats,district-named,India_Flood_Inventory_v3.csv (IMD-sourced),ambiguous_generic,flash_flood,"regional_default (Western Ghats steep terrain, no floodplain reach -- Main Cause text did not state mechanism)"
4130,UEI-IMD-FL-2011-0044,01-06-2011 00:00,03-06-2011 00:00,3.0,heavy rains,,"Alappuzha, Idukki, Kollam, Kottayam, Kozhikode, Malappuram, Pathanamthitta, Thrissur, Thiruvananthapuram,Wayanad ",Kerala,,,,,1.0,4.0,,,"3 persons drowned, another died,2 others missing.","i) 25 houses completely,429 houses partially damaged while 8 houses submerged. ii) About 5,500 banana crops damaged. iii)Coir industry affected. iv) Estimated loss of about Rs. 18 lakhs in 150 hectares of land reported. vi) Landslides reported. vi)Several trees uprooted disrupting road/rail/electric supply.  ",IMD,,"554, 556, 559, 560, 561, 562, 564, 566, 565, 567",32,2011-06-01,Wayanad,Western Ghats,district-named,India_Flood_Inventory_v3.csv (IMD-sourced),ambiguous_generic,flash_flood,"regional_default (Western Ghats steep terrain, no floodplain reach -- Main Cause text did not state mechanism)"
4132,UEI-IMD-FL-2011-0046,17-06-2011 00:00,18-06-2011 00:00,2.0,heavy rains,,Wayanad,Kerala,,,,,,,,,,"i) About 166 families affected. ii) 10 houses partially,one house completely damaged. iii)Estimated damage worth about 20 lakhs reported. iv) NH, public liabrary, bridge,4 shops submerged. v) Road,bridge damaged due to landslide.  ",IMD,,567,32,2011-06-17,Wayanad,Western Ghats,district-named,India_Flood_Inventory_v3.csv (IMD-sourced),ambiguous_generic,flash_flood,"regional_default (Western Ghats steep terrain, no floodplain reach -- Main Cause text did not state mechanism)"
4134,UEI-IMD-FL-2011-0048,16-07-2011 00:00,20-07-2011 00:00,5.0,heavy rains,,"Malappuram, Kasaragod, Kozhikode,Wayanad",Kerala,,,,,4.0,1.0,,,"4 persons died,one drowned.",i)14 houses damaged. ii)Rubber crop affected. iii) NH-212 disrupted due to landslide. iv) Low lying areas submerged. v) Trees/electric poles uprooted. ,IMD,,"562, 558, 561, 567",32,2011-07-16,Wayanad,Western Ghats,district-named,India_Flood_Inventory_v3.csv (IMD-sourced),ambiguous_generic,flash_flood,"regional_default (Western Ghats steep terrain, no floodplain reach -- Main Cause text did not state mechanism)"
4136,UEI-IMD-FL-2011-0050,28-08-2011 00:00,04-09-2011 00:00,8.0,heavy rains,,"Kozhikode, Malappuram, Palakkad, Thiruvananthapuram, Thrissur,Wayanad",Kerala,,,,,2.0,1.0,,,"2 persons electrocuted,one student drowned.","i) 21 houses completely,22partially damaged. ii) About 12,000 hectares of paddy fields submerged iii) Extensive damage to banana,rubber crops, vegetables reported. iv)Multiple landslides reported. v) Kerala-Tamil Nadu interstate high way traffic disrupted. ",IMD,,"561, 562, 563, 565, 566, 567",32,2011-08-28,Wayanad,Western Ghats,district-named,India_Flood_Inventory_v3.csv (IMD-sourced),ambiguous_generic,flash_flood,"regional_default (Western Ghats steep terrain, no floodplain reach -- Main Cause text did not state mechanism)"
4137,UEI-IMD-FL-2011-0051,10-10-2011 00:00,10-10-2011 00:00,1.0,heavy rains,,Wayanad,Kerala,,,,,,,,,,"Padimudi bridge collapsed,traffication was cut off.",IMD,,567,32,2011-10-10,Wayanad,Western Ghats,district-named,India_Flood_Inventory_v3.csv (IMD-sourced),ambiguous_generic,flash_flood,"regional_default (Western Ghats steep terrain, no floodplain reach -- Main Cause text did not state mechanism)"
4138,UEI-IMD-FL-2011-0052,14-10-2011 00:00,17-10-2011 00:00,4.0,heavy rains,,"Idukki,Wayanad",Kerala,,,,,2.0,,,,2 persons died.,"i)One house washed away,other partially damaged. ii) Thousands of banana plantations damaged. iii)Crops worth thousand rupees damaged. ",IMD,,"556, 567",32,2011-10-14,Wayanad,Western Ghats,district-named,India_Flood_Inventory_v3.csv (IMD-sourced),ambiguous_generic,flash_flood,"regional_default (Western Ghats steep terrain, no floodplain reach -- Main Cause text did not state mechanism)"
4140,UEI-IMD-FL-2011-0054,31-10-2011 00:00,08-11-2011 00:00,9.0,heavy rains,,"Kannur, Thiruvananthapuram,Wayanad",Kerala,,,,,,5.0,,,5 persons injured.,"i) 4 houses completely,26 partially damaged. Several houses submerged. Hundreds of rubber, banana, coffee, topioca, ginger,vegetable cultivations damaged. Hundreds acres of paddy fields submerged. Estimated loss of more than 25 lakhs reported. V) Damage to private property reported. ",IMD,,"557, 565, 567",32,2011-10-31,Wayanad,Western Ghats,district-named,India_Flood_Inventory_v3.csv (IMD-sourced),ambiguous_generic,flash_flood,"regional_default (Western Ghats steep terrain, no floodplain reach -- Main Cause text did not state mechanism)"
4239,UEI-IMD-FL-2012-0046,09-04-2012 00:00,09-04-2012 00:00,1.0,heavy rains,,Wayanad,Kerala,,,,,,,,,,"i)Approx. 10,000 banana,500 rubber plantations damaged. ii) 4 houses damaged in Punalur. ",IMD,,567,32,2012-04-09,Wayanad,Western Ghats,district-named,India_Flood_Inventory_v3.csv (IMD-sourced),ambiguous_generic,flash_flood,"regional_default (Western Ghats steep terrain, no floodplain reach -- Main Cause text did not state mechanism)"
4242,UEI-IMD-FL-2012-0049,06-06-2012 00:00,06-06-2012 00:00,1.0,heavy rains,,Wayanad,Kerala,,,,,,,,,,About 600 plantations damaged.,IMD,,567,32,2012-06-06,Wayanad,Western Ghats,district-named,India_Flood_Inventory_v3.csv (IMD-sourced),ambiguous_generic,flash_flood,"regional_default (Western Ghats steep terrain, no floodplain reach -- Main Cause text did not state mechanism)"
4245,UEI-IMD-FL-2012-0052,28-07-2012 00:00,28-07-2012 00:00,1.0,heavy rains,,Wayanad ,Kerala,,,,,,,,,,Damage to Banana plantations worth about 2 lakh rupees reported.,IMD,,567,32,2012-07-28,Wayanad,Western Ghats,district-named,India_Flood_Inventory_v3.csv (IMD-sourced),ambiguous_generic,flash_flood,"regional_default (Western Ghats steep terrain, no floodplain reach -- Main Cause text did not state mechanism)"
4246,UEI-IMD-FL-2012-0053,04-08-2012 00:00,08-08-2012 00:00,5.0,heavy rains,,"Kannur, Kozhikode,Wayanad",Kerala,,,,,14.0,3.0,,,"14 persons died,3 others missing.","i)Extensive damage to several houses, shops, school buldings, Govt. offices,hospitals in the Iritty town of Kannur reported. ii) About 300 houses inundated in Kannur. iii) 2 pumping stations of Kerala Water Authority flooded causing damage to crops. iv) Total loss worth about 3 crores rupees estimated excluding damage to crops.v) Number of houses completely/partially damaged,about 100 persons shifted to safer places. vi) Disruption in traffic,power supply  reported. vii) 2 bridges connecting the region to Kuttiyadi,Mananthavady submerged. ",IMD,,"557, 561, 567",32,2012-08-04,Wayanad,Western Ghats,district-named,India_Flood_Inventory_v3.csv (IMD-sourced),ambiguous_generic,flash_flood,"regional_default (Western Ghats steep terrain, no floodplain reach -- Main Cause text did not state mechanism)"
4334,UEI-IMD-FL-2013-0061,09-03-2013 00:00,09-03-2013 00:00,1.0,heavy rains,,Wayanad ,Kerala,,,,,,,,4500.0,,"i) Around 10,000 banana, coconut, arecanut plantations damaged. ii) Damage to crops worth lakhs rupees reported. ",IMD,,567,32,2013-03-09,Wayanad,Western Ghats,district-named,India_Flood_Inventory_v3.csv (IMD-sourced),ambiguous_generic,flash_flood,"regional_default (Western Ghats steep terrain, no floodplain reach -- Main Cause text did not state mechanism)"
4337,UEI-IMD-FL-2013-0064,29-03-2013 00:00,31-03-2013 00:00,3.0,heavy rains,,Wayanad ,Kerala,,,,,,,,,,"i) Thousands of Banana plantations,other crops uprooted. ii) Loss worth lakhs rupees reported. ",IMD,,567,32,2013-03-29,Wayanad,Western Ghats,district-named,India_Flood_Inventory_v3.csv (IMD-sourced),ambiguous_generic,flash_flood,"regional_default (Western Ghats steep terrain, no floodplain reach -- Main Cause text did not state mechanism)"
4338,UEI-IMD-FL-2013-0065,26-04-2013 00:00,28-04-2013 00:00,3.0,heavy rains ,,Wayanad ,Kerala,,,,,,2.0,,,2 persons injured. ,"i) Acres of banana plantations, paddy,vegetables damaged. ii) Damage to several houses reported. iii) Trees uprooted causing disruption in road traffic,power supply reported. ",IMD,,567,32,2013-04-26,Wayanad,Western Ghats,district-named,India_Flood_Inventory_v3.csv (IMD-sourced),ambiguous_generic,flash_flood,"regional_default (Western Ghats steep terrain, no floodplain reach -- Main Cause text did not state mechanism)"
4339,UEI-IMD-FL-2013-0066,03-05-2013 00:00,07-05-2013 00:00,5.0,heavy rains,,Wayanad ,Kerala,,,,,,,,,,"i) Damage to thousands of banana, rubber,mango plantations reported. ii) Number of villages inundated. ",IMD,,567,32,2013-05-03,Wayanad,Western Ghats,district-named,India_Flood_Inventory_v3.csv (IMD-sourced),ambiguous_generic,flash_flood,"regional_default (Western Ghats steep terrain, no floodplain reach -- Main Cause text did not state mechanism)"
4343,UEI-IMD-FL-2013-0070,08-06-2013 00:00,16-06-2013 00:00,9.0,heavy rains,,Wayanad ,Kerala,,,,,,,,,,"About 20,500 banana plantations damaged.",IMD,,567,32,2013-06-08,Wayanad,Western Ghats,district-named,India_Flood_Inventory_v3.csv (IMD-sourced),ambiguous_generic,flash_flood,"regional_default (Western Ghats steep terrain, no floodplain reach -- Main Cause text did not state mechanism)"
4349,UEI-IMD-FL-2013-0076,01-07-2013 00:00,04-07-2013 00:00,4.0,heavy rains ,,Wayanad ,Kerala,,,,,,,,,,"Mananthavady Tehsil: i) Landslides reported. ii) One house partially damaged. iii) One well caved in. iv) Many bamboo grooves, rubber trees uprooted causing traffic disruption. v) Niravill bridge submerged. vi) Mainly tribal people,farmers affected. vii) Pollampara bridge damaged as it was submerged. Vythiri Tehsil: i) 56 houses partially,3 houses completely damaged. ii) One well caved in. iii) 257 families shifted to 16 relief camps. iv) Rs. 7.89 lakhs worth loss reported.   ",IMD,,567,32,2013-07-01,Wayanad,Western Ghats,district-named,India_Flood_Inventory_v3.csv (IMD-sourced),ambiguous_generic,flash_flood,"regional_default (Western Ghats steep terrain, no floodplain reach -- Main Cause text did not state mechanism)"
4351,UEI-IMD-FL-2013-0078,11-07-2013 00:00,11-07-2013 00:00,1.0,heavy rains,,Wayanad ,Kerala,,,,,,,,,,"Mananthavady Tehsil: 1,90,000 banana plantations damaged. 8 hectares of ginger, 5 hectares of yam, 1118 arecanut trees, 336 rubber trees, 1.5 acres of paddy damaged causing Rs.2 crores worth loss reported. ",IMD,,567,32,2013-07-11,Wayanad,Western Ghats,district-named,India_Flood_Inventory_v3.csv (IMD-sourced),ambiguous_generic,flash_flood,"regional_default (Western Ghats steep terrain, no floodplain reach -- Main Cause text did not state mechanism)"
4356,UEI-IMD-FL-2013-0083,01-08-2013 00:00,02-08-2013 00:00,2.0,heavy rains,,Wayanad ,Kerala,,,,,,2.0,,,2 persons injured in Kalpetta town.,"Taruvana town: i) Thousands of paddy, banana, arecanut, coconut, rubber plantations submerged,damaged. ii) 841.30 ha. of crops damaged. iii) 4 houses partially damaged. Kalpetta town: i) 17 houses completely while 14 houses partially damaged. ii) 361 families shifted to relief camps. Mananthavady Tehsil: i) 18 families with 133 people shifted to relief  camps. ii) Several trees uprooted causing traffic disruption. iii) Cherupuzha bridge submerged. iv) One house damaged fully,other partially. Padinjarathara town:  i) Agricultural crops, worth lakhs rupees damaged. ii) Thousands of banana, paddy, arecanut, coconut plantations submerged. iii) Several families shifted to safer places.  ",IMD,,567,32,2013-08-01,Wayanad,Western Ghats,district-named,India_Flood_Inventory_v3.csv (IMD-sourced),ambiguous_generic,flash_flood,"regional_default (Western Ghats steep terrain, no floodplain reach -- Main Cause text did not state mechanism)"
4359,UEI-IMD-FL-2013-0086,10-08-2013 00:00,16-08-2013 00:00,7.0,heavy rains,,Wayanad ,Kerala,,,,,,,,,,i) Landslide reported. ii) Acres of paddy fields damaged. iii) Thalasserry-Mananthavady road completely damaged disrupting vehicular traffic ,IMD,,567,32,2013-08-10,Wayanad,Western Ghats,district-named,India_Flood_Inventory_v3.csv (IMD-sourced),ambiguous_generic,flash_flood,"regional_default (Western Ghats steep terrain, no floodplain reach -- Main Cause text did not state mechanism)"
4361,UEI-IMD-FL-2013-0088,12-09-2013 00:00,12-09-2013 00:00,1.0,heavy rains ,,Wayanad ,Kerala,,,,,,,,,,i) Padumutty bridge collapsed. ii) 2 houses damaged partially. iii) Several houses inundated. iv) Landslide reported. v) People shifted to safer places.,IMD,,567,32,2013-09-12,Wayanad,Western Ghats,district-named,India_Flood_Inventory_v3.csv (IMD-sourced),ambiguous_generic,flash_flood,"regional_default (Western Ghats steep terrain, no floodplain reach -- Main Cause text did not state mechanism)"
4448,UEI-IMD-FL-2014-0041,07-03-2014 00:00,09-03-2014 00:00,3.0,heavy rains,,Wayanad ,Kerala,,,,,,,,,,"i) One house damaged completely. ii) More than 100 banana plants uprooted in Athiyoor colony. iii) Several bamboo trees uprooted,fell across the National Highway leading to traffic disruption. ",IMD,,567,32,2014-03-07,Wayanad,Western Ghats,district-named,India_Flood_Inventory_v3.csv (IMD-sourced),ambiguous_generic,flash_flood,"regional_default (Western Ghats steep terrain, no floodplain reach -- Main Cause text did not state mechanism)"
4449,UEI-IMD-FL-2014-0042,25-03-2014 00:00,25-03-2014 00:00,1.0,heavy rains,,Wayanad ,Kerala,,,,,,,,,,"More than 1,000 banana,tapioca plantations uprooted causing damage worth rupees 4 lakhs reported. ",IMD,,567,32,2014-03-25,Wayanad,Western Ghats,district-named,India_Flood_Inventory_v3.csv (IMD-sourced),ambiguous_generic,flash_flood,"regional_default (Western Ghats steep terrain, no floodplain reach -- Main Cause text did not state mechanism)"
4450,UEI-IMD-FL-2014-0043,10-04-2014 00:00,16-04-2014 00:00,7.0,heavy rains ,,"Alappuzha, Kasaragod, Kozhikode, Thiruvananthapuram, Thrissur,Wayanad ",Kerala,,,,,6.0,,,,6 persons died including 2 children. ,"i) Thousands of banana, rubber,betel-leaves plantations,crops in Neyyattinkara & Katakkada Tehsils damaged. ii) Several electric,electronic equipments damaged. iii) Damage worth rupees lakhs reported. iv) Roofs of several houses blown away. v) 10 houses completely,15 partially damaged. vi) Low lying areas inundated. vii)Several trees/electric poles uprooted causing disruption in vehicular traffic,power supply. ",IMD,,"554, 558, 561, 565, 566, 567",32,2014-04-10,Wayanad,Western Ghats,district-named,India_Flood_Inventory_v3.csv (IMD-sourced),ambiguous_generic,flash_flood,"regional_default (Western Ghats steep terrain, no floodplain reach -- Main Cause text did not state mechanism)"
4451,UEI-IMD-FL-2014-0044,19-04-2014 00:00,30-04-2014 00:00,12.0,heavy rains ,,"Thiruvananthapuram,Wayanad",Kerala,,,,,,,,,,"i) About 10,000 banana plantations in more than 3 acres of land damaged. Jackfruit,mango trees uprooted. ii) Acres of banana, tapioca,coconut plantations damaged. iii) About 100 houses completely,400 partially damaged. iv) About 160 electric poles,more than 50 trees uprooted causing disruption traffic,power supply. ",IMD,,"565, 567",32,2014-04-19,Wayanad,Western Ghats,district-named,India_Flood_Inventory_v3.csv (IMD-sourced),ambiguous_generic,flash_flood,"regional_default (Western Ghats steep terrain, no floodplain reach -- Main Cause text did not state mechanism)"
4452,UEI-IMD-FL-2014-0045,03-05-2014 00:00,09-05-2014 00:00,7.0,heavy rains ,,"Alappuzha, Ernakulam, Kozhikode, Malappuram, Thrissur, Thiruvananthapuram,Wayanad",Kerala,,,,,4.0,20.0,,,"2 persons drowned , 2 persons died as a tree fell on him,3 others injured in Thiruvananthapuram 2 persons drowned in Kozhikode, other in Malappuram as a branch of a tree fell over her,10 others injured. 2 persons died,other injured due to tree fell on them in Wayanad. ","Thiruvananthapuram: Varkala town: i) Damage to crops reported. ii) Many electric cable lines,about 15 electric posts damaged. Low tension wires broke causing disruption in power supply. iii) About 70 houses,few structures damaged.Attingal: i) About 32 houses damaged partially. ii) Tapioca, banana, rubber,other crops damaged. iii) About 7.20 lakhs worth rupees damage reported. iv) 11 KV lines broke causing disruption in power supply. Pallichal village: More than 2 lakhs banana plantations damaged.Malayankeezhu village: i) Acres of banana, tapioca, other crops  damaged. ii) Loss worth lakhs rupees reported. iii) Several trees uprooted,roofs of many houses blown away.  Parashala town: 11 KV line with 4 Electric posts uprooted causing disruption in power supply. Sreekaryam & Malayankeezhu: i) Low lying areas flooded. ii) Roof tops of several houses blown away. iii) 2 houses damaged completely  Wayanad: Kalpetta, Mananthavady & Sulthan Bathery towns: i) Extensive damage to about 500 hectares of crops reported. ii) Extensive damage to banana, tapioca,  arecanut plantations reported. iii) More than 5,000 ripe banana crops damaged  causing about 6.5 lakhs damage reported. iv) About 10,000 banana plantations uprooted. v) Several houses completely,partially  damaged. vi) Damage to a transformer reported due to a huge tree fell on it disrupting 11 KV lines at many places. vii)Roofs of many houses blown away. viii)Several trees uprooted causing traffic disruption. Malappuram: About 620 acres of paddy fields sumerged.  Alappuzha: About 800 acres of agricultural land submerged,crops damaged .  ",IMD,,"554, 555, 561, 562, 566, 565, 567",32,2014-05-03,Wayanad,Western Ghats,district-named,India_Flood_Inventory_v3.csv (IMD-sourced),ambiguous_generic,flash_flood,"regional_default (Western Ghats steep terrain, no floodplain reach -- Main Cause text did not state mechanism)"
4453,UEI-IMD-FL-2014-0046,06-06-2014 00:00,06-06-2014 00:00,1.0,heavy rains ,,Wayanad ,Kerala,,,,,,,,,,About 2000 banana plantations uprooted,IMD,,567,32,2014-06-06,Wayanad,Western Ghats,district-named,India_Flood_Inventory_v3.csv (IMD-sourced),ambiguous_generic,flash_flood,"regional_default (Western Ghats steep terrain, no floodplain reach -- Main Cause text did not state mechanism)"
4456,UEI-IMD-FL-2014-0049,12-07-2014 00:00,15-07-2014 00:00,4.0,heavy rains,,"Kannur, Kasaragod, Kozhikode, Malappuram,Wayanad",Kerala,,,,,9.0,2.0,,,"2 persons died,2 others missing in Kannur. 5 persons died in Kasaragod. 2 persons died in Kozhikode. 2 persons died in Malappuram. ","Kannur: i) 5 houses damaged completely,41 partially. ii) 11 hectares of standing crops damaged. iii) Agricultural loss rupees 5.4 crores reported. Kasaragod: i) Extensive damage to arecanut, coconut,banana plantations reported. ii) Number of houses damaged.  Kozhikode: i) Low lying areas inundated. ii) Extensive damage to crops in nearly 12 hectares land of rupees 9.4 crores reported. iii) About 14 houses damaged. Malappuram: i) 36 houses destroyed completely,246 partially. ii) Loss of rupees 1.42 crores reported.   Wayanad: Ambalavayal village, Kalpetta, Mananthavady, Pandhaloor,Sulthan Bathery towns: i) Low lying areas,crops submerged. ii) About 32 families shifted to relief camps. iii) Landslide reported. iv) Several trees uprooted disrupting power supply,road traffic. Kozhikode:  Extensive damage to the standing crops,banana, ginger, vegetables crops reported. Thiruvananthapuram:  Few houses damaged. ",IMD,,"557, 558, 561, 562, 567",32,2014-07-12,Wayanad,Western Ghats,district-named,India_Flood_Inventory_v3.csv (IMD-sourced),ambiguous_generic,flash_flood,"regional_default (Western Ghats steep terrain, no floodplain reach -- Main Cause text did not state mechanism)"
4457,UEI-IMD-FL-2014-0050,01-08-2014 00:00,07-08-2014 00:00,7.0,heavy rains,,"Alappuzha, Kannur, Kasaragod, Kozhikode, Kottayam, Malappuram, Palakkad, Pathanamthitta, Thrissur, Thiruvananthapuram,Wayanad ",Kerala,,,,,,,,,"One person died in Alappuzha. 2 persons died,other missing in Idukki. 3 persons died, 2 others drowned,3 others missing in Kasaragod. 2 persons drowned,other missing in Malappuram. 4 persons died in Kottayam. One person died,other drowned in Pathanamthitta. One person died in Thrissur.  ","Alappuzha: i) Low areas inundated. ii) Vegetable crops submerged. iii) 5 acres of paddy fields submerged. iv) About 50 houses damaged partially. v) 500 families shifted to relief camps. vi) Damage to one school building reported. vii)Extensive damage to school building reported. 2 persons died,other missing while one person drowned in Kannur. Kannur: i) One house damaged completely,25 partially. ii) Landslide reported in Kelakattum & Periyothu areas. iii) About 67 families shifted to relief camps. Kasaragod:  Several houses inundated causing 15 families shifted to relief camps. Kottayam: i) About 4 houses damaged completely,428 partially. ii) Damage worth around rupees 32 lakhs reported. iii) About 127 persons shifted to relief camps.  Wayanad: i) Well caved in Tharuvana town, Mananthavady tehsil. ii) About 41 persons shifted to relief camps.  ",IMD,,"554, 557, 558, 561, 560, 562, 563, 564, 566, 565, 567",32,2014-08-01,Wayanad,Western Ghats,district-named,India_Flood_Inventory_v3.csv (IMD-sourced),ambiguous_generic,flash_flood,"regional_default (Western Ghats steep terrain, no floodplain reach -- Main Cause text did not state mechanism)"
4458,UEI-IMD-FL-2014-0051,22-08-2014 00:00,24-08-2014 00:00,3.0,heavy rains ,,"Kottayam, Pathanamthitta, Thiruvananthapuram,Wayanad ",Kerala,,,,,4.0,7.0,,,"3 persons died in Pathanamthitta. One person died,7 others missing in Thiruvananthapuram . ","Kottayam: i) Damage to about 2 acres crops in Irattupetta, Poojar, Laipally areas reported. ii) 300 mts of Kaduthuruthy-Karikkad Muvattupuzha valley irrigation canal washed away. iii) Landslide reported. iv)Damage to food products in Changanacherry area worth rupees 5 lakhs reported. Pathanamthitta: i) Damage to the crops in more than 300 acres reported. ii) About 175 people shifted to safer places. Thiruvananthapuram: i) Extensive damage to paddy, banana, rubber, tapioca, coconut, vegetables in more than 500 acres of cropland reported. Several trees uprooted causing damage to some structures,disrupting power supply. ii) About 100 acres of standing crops damaged. in Kaaret area. iii) Lanslides reported in Ponmudi-Vithura,Bonakadu areas causing traffic disruption. iv)More than 100 houses damaged causing shifting of about 1500 people to relief camps Wayanad: i) About 300 hectares of banana, coffee, pepper, ginger, vegetables, paddy crops damaged. ii) About 115 families shifted to 6 relief camps. iii) About 20 shops washed away. iv)Landslide in Thamaraserry ghat reported. v)One house completely,25 houses partially damaged. vi)Damage to bridges,canals reported. vii)Damage worth rupees 4.4 crores reported.     ",IMD,,"560, 564, 565, 567",32,2014-08-22,Wayanad,Western Ghats,district-named,India_Flood_Inventory_v3.csv (IMD-sourced),ambiguous_generic,flash_flood,"regional_default (Western Ghats steep terrain, no floodplain reach -- Main Cause text did not state mechanism)"
4543,UEI-IMD-FL-2015-0048,11-04-2015 00:00,16-04-2015 00:00,6.0,heavy rains,,"Ernakulam, Idukki, Kollam, Kozhikode, Malappuram, Pathanamthitta, Thiruvananthapuram, Wayanad",Kerala,,,,,5.0,,,,5 persons injured,"i)Damage to more than 12,000 Banana plantation, more than 350 acres of vegetable cultivation,Teak, Rubber trees reported ii)Damage to several houses reported iii)Approx Rs. 8 lakhs worth damage reported iv)Several trees uprooted,fell across the road causing damage to small vendors ad traffic disruption",IMD,,"555, 556, 559, 561, 562, 564, 565, 567",32,2015-04-11,Wayanad,Western Ghats,district-named,India_Flood_Inventory_v3.csv (IMD-sourced),ambiguous_generic,flash_flood,"regional_default (Western Ghats steep terrain, no floodplain reach -- Main Cause text did not state mechanism)"
4545,UEI-IMD-FL-2015-0050,26-04-2015 00:00,30-04-2015 00:00,5.0,,,"Alappuzha, Ernakulam, Kannur, Kottayam, Malappuram, Pathanamthitta, Thiruvananthapuram, Wayanad",Kerala,,,,,,2.0,,,"1 person injured in Kannur District, 1 person injured in Kottayam District, ","ALAPPUZHA : i)More than 200 fishermen families affected ii)Damage to 7 boats, nets, engine,fishing equipments in Neerkunam- Pounnapra coastal area reported iii)Around 15 lakhs rupees worth damage reported Ernakulam : i)Damage to 200 Banana,rubber Coconut, vegetable crops reported ii)Damage to Agriculture crops worth lakhs of rupees reported iii)Damage to several houses reported iv)Iriigation,drinking water supply disrupted KANNUR : i)Damage to 50 houses reported ii)Damage to 300 acres of agriculture crops reported KOTTAYAM i)Damage to hundreds of Rubber, Banana, Tapioca, Teak Coconut,vegetable crops reported ii)Damage to few houses reported MALAPPURAM : i)Around 5,000 hectares of addy fields flooded ii)Seeds ready for harvest, fell,got sprouted PATHANAMTHITTA : i)Damage to 2,500 Tapioca plantation reported ii)Damage to 5 houses reported THIRUVANANTHAPURAM & WAYANAD : i)Thousands of Banana plantations uprooted ii)Several electric cable lines damaged",IMD,,"554, 555, 557, 560, 562, 564, 565, 567",32,2015-04-26,Wayanad,Western Ghats,district-named,India_Flood_Inventory_v3.csv (IMD-sourced),unknown_blank,unknown,Main Cause blank or unparseable data artifact
4548,UEI-IMD-FL-2015-0053,10-05-2015 00:00,14-05-2015 00:00,5.0,heavy rains,,"Ernakulam, Idukki, Kannur, Kasaragod, Kollam, Kozhikode, Malappuram, Palakkad, Thrissur, Wayanad",Kerala,,,,,,4.0,,,4 persons injured,"i)Damage to Agriculture crops Banana, Rubber crops,500 acres of Paddy fields reported ii)Damage to several houses reported iii)Water logging in low lying areas iv)Loss worth Rs.60,000/- v)Well caved in vi)A huge tree uprooted,fell across Kozhikode-Vythiri-Ooty State Highway causing traffic disruption",IMD,,"555, 556, 557, 558, 559, 561, 562, 563, 566, 567",32,2015-05-10,Wayanad,Western Ghats,district-named,India_Flood_Inventory_v3.csv (IMD-sourced),ambiguous_generic,flash_flood,"regional_default (Western Ghats steep terrain, no floodplain reach -- Main Cause text did not state mechanism)"
4551,UEI-IMD-FL-2015-0056,19-06-2015 00:00,29-06-2015 00:00,11.0,heavy rains,,"Alappuzha, Ernakulam, Idukki, Kasaragod, Kottayam, Palakkad, Pathanamthitta, Thrissur, Thiruvananthapuram, Wayanad",Kerala,,,,,11.0,17.0,,,"1 person drowned, 1 person injured in Alappuzha DIstrict , 5 students died as huge uprooted tree fell on them,8 others injured in another incident in Ernakulam district , 4 persons died in Idukki, District as uprooted trees fell on them , 3 people injured at Kasaragod District , 2 persons injured in Thrissur District , 2 persosn drowned,2 other missing in Thiruvananthapuram, District","ALAPPUZHA : i)Extensive damage to Paddy fields,lakhs rupees worth damage to standing crops reported ii)Damage to more than 300 houses,several shops reported iii)102 persons of 29 families shifted to relief camps iv)Loss of worth Rs. 5.3 lakhs estimated v)Several trees/electric poles uprooted causing disruption in vehicular traffic,power supply Ernakulam : i)Damage to 40,450 Banana plantation,1,200 Rubber trees reported ii)Damage to more than 135 houses reported iii)Loss of Rs. 2.5 crore reported iv)Several trees/electric poles uprooted causing disruption in vehicular traffic,power supply IDUKKI : i)Damage to 22.28 hectares of cultivated land reported ii)Damage to 4 houses fully,189 houses partially reported according to official of the District Disaster Management Cell iii)Loss to standing crops estimated Rs. 2.28 crore,houses Rs. 26.62 lakh reproted iv)Dmaage to Edamalakkudy Gram-Panchyat in Munnar forest division reported KASARAGOD : i)Damage to standing crops,some buildings reported ii)Loss worth Rs. 2.67 lakh reproted KOTTAYAM : i)Extensive damage to crops reported ii)Total loss of Rs. 19 lakh reproted iii)Damage to more than 200 houses Kozhikode i)A crop loss on 3.35 hectares reported by district administration ii)Damage to 20 houses fully,more than 160 houses partially reported iii)A big well caved in at Kundamangalam in Kozhikode District PALAKKAD : i)Damage to 12.13 hectares of cultivated land reported ii)LOss of standing crops worth at least Rs. 3 crore due to landslips reported iii)Damage to around 453 houses reported Assam more than 20 families relocated to temporary shelters iv)Loss of Rs. 1.5 crore reported v)Loss of Rs. 70 lakh reproted by Kerala State Electricity Board in Attappady alone. More than 150 electric poles uprooted PATHANAMTHITTA : i)Damage to houses reported ii)Three 11 KV electric posts damaged as a giant tree uprooted,fell over it THRISSUR : i)Damage to houses reported ii)Water logging in low lying areas iii)Several trees/electric poles uprooted causing disrupted in vehicular traffic,power supply THIRUVANANTHAPURAM : i)Hundreds of people affected due to water logging ii)Damage to more than 35 houses reported iii)Low lying areas inundated iv)361 people moved to safer places v)Several cars washed away WAYANAD : i)Damage to 44.54 hectares cultivated plantain,Ginger reported ii)Damage to around 485 houses reproted iii)A loss of about 10.30 crore rupees incurred in the rain related calamities iv)450 persons of 80 families shifted to relief camps v)Loss of Rs. 50 lakh reported by Kerala State Electricity Board due to damage of 500 electric poles",IMD,,"554, 555, 556, 558, 560, 563, 564, 566, 565, 567",32,2015-06-19,Wayanad,Western Ghats,district-named,India_Flood_Inventory_v3.csv (IMD-sourced),ambiguous_generic,flash_flood,"regional_default (Western Ghats steep terrain, no floodplain reach -- Main Cause text did not state mechanism)"
4555,UEI-IMD-FL-2015-0060,27-09-2015 00:00,28-09-2015 00:00,2.0,heavy rains,,"Kannur, Wayanad",Kerala,,,,,,,,,,i)Damage to 3.5 acres of Paddy crops reported ii)Loss worth lakhs of rupees reproted as 2 acres of land damaged iii)Many roads washed away,IMD,,"557, 567",32,2015-09-27,Wayanad,Western Ghats,district-named,India_Flood_Inventory_v3.csv (IMD-sourced),ambiguous_generic,flash_flood,"regional_default (Western Ghats steep terrain, no floodplain reach -- Main Cause text did not state mechanism)"
4680,UEI-IMD-FL-2016-0078,07-06-2016 00:00,09-06-2016 00:00,3.0,"heavy rains, flood & landslides",,"Idukki, Kottayam, Thiruvananthapuram, Wayanad",Kerala,,,,,2.0,2.0,,,"One person died & other injured in Idukki Dist. due to landslide on 7th June. One person injured in Sreekaryam in Thiruvananthapuram Dist. One person died as a huge rock fell over him in Wayanad Dist, on 8th June.","Idukki : Complete damage to a house reported. Kottayam : i) One Anganvadi building collapsed in Thazhangadi. ii) Several trees/electric poles uprooted causing disruption in vehicular traffic & power supply. Thiruvananthapuram : i) Damage to vegetable crops reported as fields submerged. ii) 3 wells caved in. iii) Damage to more than 25 houses including house-hold appliances, Taluka office, dispensary, shop & a compound wall of a school reported. iv) More than 11 KV line broke & functioning of 4 transformers disrupted. v) In Kazhakootam, nearby houses inundated as Tettayar river flooded. Wayanad : A house completely damaged as a huge rock fell from 50 feet.",IMD,,"556, 560, 565, 567",32,2016-06-07,Wayanad,Western Ghats,district-named,India_Flood_Inventory_v3.csv (IMD-sourced),ambiguous_generic,flash_flood,"regional_default (Western Ghats steep terrain, no floodplain reach -- Main Cause text did not state mechanism)"
4681,UEI-IMD-FL-2016-0079,10-06-2016 00:00,13-06-2016 00:00,4.0,heavy rain,,"Idukki, Kannur, Kollam, Pathanamthitta, Thiruvananthapuram, Wayanad",Kerala,,,,,2.0,3.0,,,One person injured in each Idukki & Pathanamthitta Dist.2 persons including a child died in Kannur Dist. One person injured in Thiruvananthapuram Dist.,"Idukki & Pathanamthitta : 15 houses completely & 128 houses partially damaged. Kannur : 730 mts. long & 71/2 feet high compound wall of a house damaged. Kollam : i) 9 houses completely, 134 partially & several cowsheds damaged. ii) Several houses inundated. iii) Many electric cable lines broke. Thiruvananthapuram : i) Extensive damage to agricultural crops, vegetables, Banana crops, Tapioca reported. ii) Rs.7.25 lakhs worth damage reported. iii) 210 Rubber trees & 150 Banana plants & 7 electric posts uprooted in Pothencode area. iv) Low lying areas inundated. v) Well caved in vi) Damage to vehicles reported.vii) 12 houses completely & 22 partially damaged. Roofs of many houses blown away. viii) Side wall of a bridge collapsed. ix) Several trees/electric poles uprooted causing disruption in vehicular traffic & power supply. Wayanad : One house completely damaged.",IMD,,"556, 557, 559, 564, 565, 567",32,2016-06-10,Wayanad,Western Ghats,district-named,India_Flood_Inventory_v3.csv (IMD-sourced),ambiguous_generic,flash_flood,"regional_default (Western Ghats steep terrain, no floodplain reach -- Main Cause text did not state mechanism)"
4682,UEI-IMD-FL-2016-0080,16-06-2016 00:00,19-06-2016 00:00,4.0,heavy rain,,"Alappuzha, Ernakulam, Idukki, Kollam, Kottayam, Malappuram, Thrissur, Thiruvananthapuram, Wayanad",Kerala,,,,,,,,,Several students injured in Kuttanam in Alappuza Dist.,"Alappuzha : i) 33 houses completely, 38 partially & one Anganwadi damaged. ii) Several trees/electric poles uprooted causing disruption in vehicular traffic & power supply. Ernakulam, Idukki, Kollam, Kottayam, Malappuram, Thrissur: Damage to total 175 houses reported. Ernakulam - 28 completely Idukki - 7 completely & 69 partially;Kollam - 11 completely ; Kottayam - 55 completely ; Malappuram - 1 completely ; Thrissur - 4 completely damaged. Thiruvananthapuram : i) Damage to 1.53 hectares of vegetable crops, 1.25 lakh banana crops reported. ii) More than 35 houses completely & more than 430 houses partially damaged. iii) Loss of worth Rs.10.1 crores damage reported. iv) Damage to 1.53 hectares of vegetable crops, 1.25 lakh banana crops reported. v) Crores worth damage reported by KSEB as more than 2000 electric poles, one transformer 11 KV line, 50 electric cable lines damaged. vi) 30 families shifted to relief camps from Pallichal area. vii) Damage to 122 mts. Long Akashwani tower reported. viii) Damage to an Auto-rikshaw reported. viii)Several trees uprooted causing disruption in vehicular traffic. Wayanad : i) 4 houses partially damaged. ii) Several trees uprooted causing disruption in vehicular traffic.",IMD,,"554, 555, 556, 559, 560, 562, 566, 565, 567",32,2016-06-16,Wayanad,Western Ghats,district-named,India_Flood_Inventory_v3.csv (IMD-sourced),ambiguous_generic,flash_flood,"regional_default (Western Ghats steep terrain, no floodplain reach -- Main Cause text did not state mechanism)"
4683,UEI-IMD-FL-2016-0081,26-06-2016 00:00,29-06-2016 00:00,4.0,heavy rain,,"Kasaragod, Malappuram, Wayanad",Kerala,,,,,,,,,,"i) 20 hectares of agriculture land belonging to 157 farmers damaged causing loss of worth crores. Paddy, Ginger, Banana Damage to crops reported. ii) 52 families from different areas shifted to relief camps. iii) 4 wells caved in. iv) Full damage to 2 houses & partial damage to 106 houses reported. Also damage to 3 rooms of Higher Secondary School building reported. v) Low lying areas inundated. vi) Several trees/electric poles uprooted causing disruption in vehicular traffic & power supply.",IMD,,"558, 562, 567",32,2016-06-26,Wayanad,Western Ghats,district-named,India_Flood_Inventory_v3.csv (IMD-sourced),ambiguous_generic,flash_flood,"regional_default (Western Ghats steep terrain, no floodplain reach -- Main Cause text did not state mechanism)"
4684,UEI-IMD-FL-2016-0082,02-07-2016 00:00,02-07-2016 00:00,1.0,heavy rain,,Wayanad,Kerala,,,,,,,,,,i) Damage to 69 hectares agriculture crops reported due to which 444 farmers affected. ii) 22 houses fully & 65 partially damaged. iii) Several trees/electric poles uprooted causing disruption in vehicular traffic & power supply.,IMD,,567,32,2016-07-02,Wayanad,Western Ghats,district-named,India_Flood_Inventory_v3.csv (IMD-sourced),ambiguous_generic,flash_flood,"regional_default (Western Ghats steep terrain, no floodplain reach -- Main Cause text did not state mechanism)"
4685,UEI-IMD-FL-2016-0083,10-07-2016 00:00,15-07-2016 00:00,6.0,heavy rain,,"Idukki, Kasaragod, Wayanad",Kerala,,,,,1.0,1.0,,,One person died in Kasaragod Dist. & other injured in Idukki Dist.,"i) 4 houses, shop & five storied building under construction by the wayside of Kozhikode-Mysuru NH_212 collapsed. ii) Several trees/electric poles uprooted causing disruption in vehicular traffic & power supply.",IMD,,"556, 558, 567",32,2016-07-10,Wayanad,Western Ghats,district-named,India_Flood_Inventory_v3.csv (IMD-sourced),ambiguous_generic,flash_flood,"regional_default (Western Ghats steep terrain, no floodplain reach -- Main Cause text did not state mechanism)"
4807,UEI-IMD-FL-2017-0070,28-08-2017 00:00,28-08-2017 00:00,1.0,Heavy Rains,,Wayanad,Kerala,,,,,,,,,,Damage to Karapuzha bridge reported.,IMD,,567,32,2017-08-28,Wayanad,Western Ghats,district-named,India_Flood_Inventory_v3.csv (IMD-sourced),ambiguous_generic,flash_flood,"regional_default (Western Ghats steep terrain, no floodplain reach -- Main Cause text did not state mechanism)"
4808,UEI-IMD-FL-2017-0071,09-05-2017 00:00,09-07-2017 00:00,3.0,Heavy Rains,," Thiruvananthapuram, Wayanad",Kerala,,,,,,,,2000.0,2000 hens perished in Thiruvananthapuram Dist.,i) Damage to Paddy crops reported. ii) Damage to 13 houses reported. 200 houses inundated. iii) Vehicular traffic disrupted due to water logging in many areas. iv) Hundreds of Rubber trees/electric poles uprooted causing disruption in vehicular traffic & power supply.,IMD,,"565, 567",32,2017-05-09,Wayanad,Western Ghats,district-named,India_Flood_Inventory_v3.csv (IMD-sourced),ambiguous_generic,flash_flood,"regional_default (Western Ghats steep terrain, no floodplain reach -- Main Cause text did not state mechanism)"
4811,UEI-IMD-FL-2017-0074,18-09-2017 00:00,19-09-2017 00:00,2.0,Heavy rains & landslide,,"Idukki, Kottayam, Kozhikode,  Thiruvananthapuram, Thrissur, Wayanad",Kerala,,,,,5.0,2.0,,,Total 5 persons died & 2 others injured. (3 persons died & other injured in Kottayam Dist. 2 persons died & other injured in Thiruvananthapuram Dist.),"i) Damage to 314 houses reported. Alappuzha-51, Idukki-21, Kasaragod-4, Kollam-25, Kottayam-15, Kozhikode-about 95, Malappuram-5, Pathanamthitta-10, Thiruvananthapuram-80, Thrissur-7, Wayanad-1. ii) Several trees/electric poles uprooted causing disruption in vehicular traffic & power supply.",IMD,,"556, 560, 561, 565, 566, 567",32,2017-09-18,Wayanad,Western Ghats,district-named,India_Flood_Inventory_v3.csv (IMD-sourced),ambiguous_generic,flash_flood,"regional_default (Western Ghats steep terrain, no floodplain reach -- Main Cause text did not state mechanism)"
4891,UEI-IMD-FL-2018-0031,22-04-2018 00:00,22-04-2018 00:00,1.0,Heavy rains,,Wayanad,Kerala,,,,,,,,,,"Damage to thousands of Banana plants, Palm trees, rubber & coconut trees reported",IMD,,567,32,2018-04-22,Wayanad,Western Ghats,district-named,India_Flood_Inventory_v3.csv (IMD-sourced),ambiguous_generic,flash_flood,"regional_default (Western Ghats steep terrain, no floodplain reach -- Main Cause text did not state mechanism)"
4895,UEI-IMD-FL-2018-0035,29-05-2018 00:00,31-07-2018 00:00,34.0,Heavy rains / Floods,,"Alappuzha, Ernakulam, Idukki, Kannur, Kasaragod, Kollam, Kottayam, Kozhikode, Malappuram, Palakkad, Pathanamthitta, Thrissur, Thiruvananthapuram, Wayanad",Kerala,,,,,138.0,,,,"Total 138 persons died. Alappuzha -12, Ernakulam �������� 6, Idukki - 5, Kannur�������� 22, Kasaragod - 12, Kollam - 3, Kottayam �������� 9, Kozhikode �������� 21, Malappuram��������13, Palakkad �������� 4, Pathanamthitta �������� 8, Thrissur �������� 11, Thiruvananthapuram - 7, Wayanad �������� 5. Many animals perished.","i) Damage to 27359.135 hectares of crops of estimated cost of about 3726.118 lakhs rupees reported. ii) Damage to 439 pacca houses fully or partially of estimated cost of about 6389.64 lakhs rupees reported. iii) Damage to fishing assets such as boats,nets reported iv) Damage to roads, irrigation canals, water supply schemes,community owned open wells reported.",IMD,,"554, 555, 556, 557, 558, 559, 560, 561, 562, 563, 564, 566, 565, 567",32,2018-05-29,Wayanad,Western Ghats,district-named,India_Flood_Inventory_v3.csv (IMD-sourced),ambiguous_generic,flash_flood,"regional_default (Western Ghats steep terrain, no floodplain reach -- Main Cause text did not state mechanism)"
4896,UEI-IMD-FL-2018-0036,08-01-2018 00:00,30-08-2018 00:00,30.0,Heavy rains / Floods,,"Alappuzha, Ernakulam, Idukki, Kannur, Kasaragod, Kollam, Kottayam, Kozhikode, Malappuram, Palakkad, Pathanamthitta, Thrissur, Thiruvananthapuram, Wayanad",Kerala,,,,,339.0,,,847209.0,"Total 339 persons died. Alappuzha -43, Ernakulam �������� 58, Idukki - 54, Kannur�������� 6, Kasaragod - 1, Kollam - 5, Kottayam �������� 14, Kozhikode �������� 16, Malappuram��������30, Palakkad �������� 20, Pathanamthitta �������� 3, Thrissur �������� 72, Thiruvananthapuram - 11, Wayanad �������� 6. While, 40188 large animals, 7765 small animals,799256 birds perished.","i) Damage to 59345.37 hectares of crops of estimated cost of about 7357.104 lakhs rupees reported. ii) Damage to total of 1,11,356 urban houses in urban areas,6,92,848 houses in grama panchayaths in Alappuzha, Ernakulam, Kottayam, Pathanamthitta, Thrissur,Wayanad districts reported iii) Damage to fishing assets such as boats,nets reported. iv) 5 major Hydro Stations,7 small hydro-electric power projects in the State were impacted. Damage in the transmission wing includes 50 Substations. Viz. 22 Stations got submerged, control Systems got v) damaged, 10 Power Transformers inundated,10 Major Transmission Corridors interrupted. In Distribution Sector around 284 Electrical Sections in 6 Districts impacted, around 1000 Distribution Transformers submerged, 3500 km Distribution lines destroyed, 30,000 electric poles damaged, 5 lakhs single phase,1 lakh three phase energy meters damaged. vi) Some roads,bridges completely washed away. Damage to Irrigation canals, Public Taps, Pipelines, Pump houses, check dams, Bunds, Irrigation Pumps,other irrigation machineries,structures reported.",IMD,,"554, 555, 556, 557, 558, 559, 560, 561, 562, 563, 564, 566, 565, 567",32,2018-01-08,Wayanad,Western Ghats,district-named,India_Flood_Inventory_v3.csv (IMD-sourced),ambiguous_generic,flash_flood,"regional_default (Western Ghats steep terrain, no floodplain reach -- Main Cause text did not state mechanism)"
4900,UEI-IMD-FL-2018-0040,28-12-2018 00:00,28-12-2018 00:00,1.0,Heavy rains,,Wayanad,Kerala,,,,,,,,,,Damage to acers of paddy fields & also harvested paddy crops reported.,IMD,,567,32,2018-12-28,Wayanad,Western Ghats,district-named,India_Flood_Inventory_v3.csv (IMD-sourced),ambiguous_generic,flash_flood,"regional_default (Western Ghats steep terrain, no floodplain reach -- Main Cause text did not state mechanism)"
5028,UEI-IMD-FL-2019-0049,19-04-2019 00:00,19-04-2019 00:00,1.0,Heavy Rain,,Wayanad,Kerala,,,,,,,,,,i) Damage to house reported. ii) Damage to vehicles reported. iii) Electric supply disruption reported.,IMD,,567,32,2019-04-19,Wayanad,Western Ghats,district-named,India_Flood_Inventory_v3.csv (IMD-sourced),ambiguous_generic,flash_flood,"regional_default (Western Ghats steep terrain, no floodplain reach -- Main Cause text did not state mechanism)"
5029,UEI-IMD-FL-2019-0050,24-04-2019 00:00,26-04-2019 00:00,3.0,Heavy Rain,,"Malappuram, Thiruvananthapuram, Wayanad",Kerala,,,,,3.0,2.0,,,3 persons died & 2 others injured at Malappuram on 25th April.,i) Damage to plantain cultivation reported. ii) Damage to several houses reported. iii) Damage to many vehicles reported. iv) Several trees/electric poles uprooted causing disruption in vehicular traffic & power supply.,IMD,,"562, 565, 567",32,2019-04-24,Wayanad,Western Ghats,district-named,India_Flood_Inventory_v3.csv (IMD-sourced),ambiguous_generic,flash_flood,"regional_default (Western Ghats steep terrain, no floodplain reach -- Main Cause text did not state mechanism)"
5030,UEI-IMD-FL-2019-0051,28-04-2019 00:00,29-04-2019 00:00,2.0,Heavy Rain,,"Thiruvananthapuram, Wayanad",Kerala,,,,,,,,,,i) Damage to plantain cultivation reported. ii) Roofs of several houses blown away.,IMD,,"565, 567",32,2019-04-28,Wayanad,Western Ghats,district-named,India_Flood_Inventory_v3.csv (IMD-sourced),ambiguous_generic,flash_flood,"regional_default (Western Ghats steep terrain, no floodplain reach -- Main Cause text did not state mechanism)"
5031,UEI-IMD-FL-2019-0052,16-05-2019 00:00,16-05-2019 00:00,1.0,Heavy Rain,,Wayanad,Kerala,,,,,,,,,,"i) Damage to one-acre paddy crop, around 500 rubber, 50 areca nut & 25 coconut trees,800 banana plantations reported. ii) Damage to houses reported. iii)Around one lakh worth damage reported. iv) Several trees/electric poles uprooted causing disruption in vehicular traffic & power supply.",IMD,,567,32,2019-05-16,Wayanad,Western Ghats,district-named,India_Flood_Inventory_v3.csv (IMD-sourced),ambiguous_generic,flash_flood,"regional_default (Western Ghats steep terrain, no floodplain reach -- Main Cause text did not state mechanism)"
5032,UEI-IMD-FL-2019-0053,19-05-2019 00:00,19-05-2019 00:00,1.0,Heavy Rain,,Wayanad,Kerala,,,,,,,,,,"i) Damage to 3100 banana plantation, Rubber,areca nut trees reported. ii) Damage to electric posts reported. iii)Disruption in water supply reported. iv) Disruption in traffic,power supply at NH-766 reported as huge tree uprooted,fell across.",IMD,,567,32,2019-05-19,Wayanad,Western Ghats,district-named,India_Flood_Inventory_v3.csv (IMD-sourced),ambiguous_generic,flash_flood,"regional_default (Western Ghats steep terrain, no floodplain reach -- Main Cause text did not state mechanism)"
5036,UEI-IMD-FL-2019-0057,14-06-2019 00:00,14-06-2019 00:00,1.0,Heavy Rain,,"Malappuram , Wayanad",Kerala,,,,,,,,,,Damage to many houses & Dairy-farm reported.,IMD,,"562, 567",32,2019-06-14,Wayanad,Western Ghats,district-named,India_Flood_Inventory_v3.csv (IMD-sourced),ambiguous_generic,flash_flood,"regional_default (Western Ghats steep terrain, no floodplain reach -- Main Cause text did not state mechanism)"
5039,UEI-IMD-FL-2019-0060,18-07-2019 00:00,20-07-2019 00:00,3.0,Heavy rains,,"Alappuzha , Ernakulam, Idukki, Kannur, Kasaragod, Kollam, Kottayam, Kozhikode, Pathanamthitta, Thrissur, Thiruvananthapuram, Wayanad",Kerala,,,,,12.0,1.0,9.0,,"Total 12 persons died, 9 persons missing & one injured. Ernakulam �������� 1 person died due to wall collapsed, Kannur-2 persons died & other injured, Kasaragod �������� 1 person died, Kollam �������� 1 fisherman drowned & 2 others missing. Kottayam �������� 1, Kozhikode -1 person died, Thrissur �������� 1 person drowned, Thiruvananthapuram - 3 persons died & 7 fishermen missing, Wayanad �������� 1 person died.",i) Damage to about 180 houses reported. ii) Low-lying areas inundated. iii) Damage to boats reported. iv) Several families shifted to relief camps. v) Transport disrupted due to Landslip in several places in Idukki Dist. vi) Transport disrupted due to water logging in Pathanamthitta Dist.,IMD,,"554, 555, 556, 557, 558, 559, 560, 561, 564, 566, 565, 567",32,2019-07-18,Wayanad,Western Ghats,district-named,India_Flood_Inventory_v3.csv (IMD-sourced),ambiguous_generic,flash_flood,"regional_default (Western Ghats steep terrain, no floodplain reach -- Main Cause text did not state mechanism)"
5041,UEI-IMD-FL-2019-0062,08-04-2019 00:00,08-06-2019 00:00,3.0,Heavy rains & Landslip,,Wayanad,Kerala,,,,,,,,,,i) Bridge washed away. ii) Huge iron-pipe broke. iii) People shifted to safer places.,IMD,,567,32,2019-04-08,Wayanad,Western Ghats,district-named,India_Flood_Inventory_v3.csv (IMD-sourced),ambiguous_generic,flash_flood,"regional_default (Western Ghats steep terrain, no floodplain reach -- Main Cause text did not state mechanism)"
5043,UEI-IMD-FL-2019-0064,08-08-2019 00:00,08-08-2019 00:00,1.0,"Heavy rains, Floods (Muvattupuzha & Kabani river) & Landslip",,"Ernakulam, Idukki, Kannur, Kasaragod, Kozhikode, Malappuram, Palakkad, Thiruvananthapuram, Thrissur, Wayanad",Kerala,,,,,23.0,10.0,40.0,,"Idukki : 2 persons including a child died. Kannur : One person died. Kasaragod : One person died. Kozhikode : One person died. Malappuram : One person died. Palakkad : One person died. Thrissur : One person electrocuted. Wayanad : 15 persons died, 40 others missing & 10 injured.","Ernakulam : i) Apron area of Kochi International Airport & the taxi way of CIAL flooded. ii) Air traffic disrupted. iii) Muvattupuzha River flooded. Idukki : i) Damage to around 500 houses reported. ii) Damage to shed reported. iii) Landslide occurred in 30 places. iv) Landslip occurred at 70 places. v) Munnar, Marayur & Mankulam areas isolated due to floodin Kannur : i) Several areas of Sreekanthapuram, Kellakom, Kottiyoor, Ambayathode, Mattannur, Mannur, Iritty,,Vallithode flooded. ii) Traffic disrupted due to landslide. Kasaragod : i) 25 families isolated, as cut-off from main land. ii) Road traffic disrupted. Kozhikode : i) Landslide occurred 4 times. ii) 4 families shifted to relief camps. iii) Traffic including bus services,power-supply disrupted. Malappuram : i) Around 200 houses,100 commercial establishments inundated. ii) 920 people from 21 places shifted to safer places. iii) Nilambur-Kozhikode route bus services,traffic disrupted. iv) 292 families shifted to 171 relief camps. Palakkad : i) Landslide occurred at 11 places. ii) Power supply & Traffic disrupted in several areas. Thiruvananthapuram : i) Damage to rubber crops, Banana plantation,,several vegetable crops repored. ii) Damage to houses including appliances repored. iii) Damage to about 100 electric post & about 380 electric cable-line around 50 places reported. iv) Damage to vehicles reported. v) Huge Advertisement play-cards fell. vi) Trees uprooted around 179 places in the city. vii) Transport,power supply disrupted. viii) Fire force,electricity department contributed a lot in rescue operations. Thrissur : i) Landslide occurred. ii) Power supply,traffic disrupted in several areas. iii) Railway services disrupted as Railway track inundated. Wayanad : i) Extensive damage to crops including 100 acres of tea-plantation reported. ii) Church, mosque,a temple & vehicles caved in. iii) Damage to about 125 houses reported. iv) Shops inundated. v) 257 families shifted to relief camps. vi) Damage to roads reported. vii) Low-lying areas submerged. viii) Several trees, electric / telephone poles uprooted causing disruption in communication,power supply. ",IMD,,"555, 556, 557, 558, 561, 562, 563, 565, 566, 567",32,2019-08-08,Wayanad,Western Ghats,district-named,India_Flood_Inventory_v3.csv (IMD-sourced),riverine_flood,riverine_flood,explicit (Main Cause text names a river/tributary/breach/spate)
5044,UEI-IMD-FL-2019-0065,08-09-2019 00:00,08-09-2019 00:00,1.0,Heavy rains & Landslide,,"Ernakulam, Idukki, Kannur, Malappuram, Palakkad, Thiruvananthapuram, Thrissur, Wayanad",Kerala,,,,,19.0,2.0,,,Idukki : 2 persons died. Kannur : One person died. Malappuram : 8 persons died. Thiruvananthapuram: 2 persons injured. Wayanad : 8 persons died.,"Ernakulam : i) Flight service disrupted as CIAL Kochi runway flooded. ii) Air port shutdown for 2 days. iii) 115 relief camps opened. Idukki : i) Damage to agricultural crops reported. ii) Damage to houses reported. iii) Damage to roads reported. iv) Power supply & mobile services disrupted. Kannur : i) Houses inundated. ii) 6,221 persons shifted to relief camps Malappuram : i) Landslide reported. ii) More than 30 houses including 48 persons of 19 family caved in. iii) 1200 persons shifted to 82 relief camps. iv) Communication,power supply disrupted. Palakkad : i) Damage to agricultural crops reported. ii) Damage to houses reported. iii) 44 relief camps opened. Thiruvananthapuram : i) Damage to agriculture crops reported. ii) Damage to about 200 houses reported. iii) Damage to an autorikshaw reported. iv) 19 persons shifted to relief camps. v) Several trees including Tamarind & Rubber trees, electric / telephone poles uprooted causing disruption in communication,power supply.  Thrissur : 6,473 persons shifted to 91 relief camps. Wayanad : i) Damage to more than 100 acres of tea plants reported. ii) Damage to several buildings & a temple reported.",IMD,,"555, 556, 557, 562, 563, 565, 566, 567",32,2019-09-08,Wayanad,Western Ghats,district-named,India_Flood_Inventory_v3.csv (IMD-sourced),ambiguous_generic,flash_flood,"regional_default (Western Ghats steep terrain, no floodplain reach -- Main Cause text did not state mechanism)"
5045,UEI-IMD-FL-2019-0066,08-10-2019 00:00,08-10-2019 00:00,1.0,"Heavy rains, Floods & Landslide",,"Alappuzha, Ernakulam, Idukki, Kannur, Kasaragod, Kollam, Kottayam, Kozhikode, Malappuram, Palakkad, Pathanamthitta, Thiruvananthapuram, Thrissur, Wayanad",Kerala,,,,,8.0,1.0,,,Kannur : 2 persons died. Kozhikode : 5 persons died. Thiruvananthapuram : One woman injured in Pathencode. Thrissur : One person died.,"Alappuzha : i) Damage to agriculture crops reported. ii) Several houses inundated. iii) Home appliances washed away. iv) NDMA Chengannur & Army in Thiruvalla help in rescue operations. v) 824 families with 2836 persons shifted to 6 relief camps. Ernakulam : i) 23,156 persons shifted to 133 relief camps. ii) Damage to 2 houses fully & 54 houses partially reported. Idukki : i) Landslide occurred at 4 different places. ii) Damage to several acres of agriculture crops reported. iii) 4 bridges washed away in Cheruthoni. iv) Several houses,business institutes submerged. v) 1192 persons shifted to 26 relief camps. vi) Damage to roads reported. vii) Power supply & mobile services disrupted. Kannur : i) Landslide at three different places reported. ii) Several villages cut-off from other parts. iii) 9743 persons shifted to 104 relief camps. Kasaragod : i) Damage to 21 houses fully & 282 partially reported. ii) Low-lying areas submerged. iii) Tejaswani River flooded. iv) 2549 people of 726 families shifted to 19 relief camps. Kollam : i) Damage to 153 houses partially & 2 housed fully reported. ii) Chengotta-Punalur path railway services disrupted. Kottayam : i) Damage to agriculture crops including paddy reported. ii) Loss of worth crores reported. iii) Low-lying areas inundated. iv) 4000 people shifted to relief camps. Kozhikode : i) Damage to 3 bridges reported, which cause Maruthilav village cut-off from other parts. ii) Railway services disrupted. iii) 37409 persons shifted to 287 relief camps. iv) 43 villages inundated. v) Damage to a vehicle reported. Malappuram : i) Bharathapuzha flooded. ii) Hundreds of houses inundated. iii) 683 families with 8272 persons shifted to 187 relief camps. iv) Damage to Vaniempuzha hanging bridge reported. v) Around 200 people in the forest area cut-off from main land. Palakkad : i) Damage to Paddy cultivation reported. ii) 2,836 families with 8,272 persons shifted to 81 relief camps. Pathanamthitta : i) Damage to agriculture crops worth 2.5 lakhs reported. ii) Damage to 51 houses reported. iii) Low-lying areas inundated in upper Kuttanad areas. iv) 1788 members of 458 families shifted to 39 relief camps. Thiruvananthapuram : i) Damage to a compound wall of a rest house reported. ii) Damage to 6 houses fully & 78 houses partially reported. 30 houses inundated & 4 houses submerged. iii) Damage to 2 cars reported. iv) Several trees including Tamarind & Rubber trees, electric / telephone poles uprooted causing disruption in communication,power supply. Thrissur : 18,684 persons of 5,291 families shifted to 152 relief camps. Wayanad : i) Tea estate plantation,several tourist monuments caved in. 63 persons caved in ii) Damage to about 70 houses reported. iii) 32,276 persons shifted to 197 relief camps. iv) Power supply disrupted.",IMD,,"554, 555, 556, 557, 558, 559, 560, 561, 562, 563, 564, 565, 566, 567",32,2019-10-08,Wayanad,Western Ghats,district-named,India_Flood_Inventory_v3.csv (IMD-sourced),ambiguous_generic,flash_flood,"regional_default (Western Ghats steep terrain, no floodplain reach -- Main Cause text did not state mechanism)"
5046,UEI-IMD-FL-2019-0067,08-11-2019 00:00,14-08-2019 00:00,4.0,Heavy rains & Landslide,,"Alappuzha, Idukki, Kollam, Malappuram, Thiruvananthapuram, Wayanad",Kerala,,,,,2.0,7.0,,,Thiruvanantha-puram : 2 fishermen died. 7 other persons injured in different incidences. Wayanad : One person died at Kalpetta on 11th.,"Alappuzha : i) Extensive damage to crops including paddy cultivation reported. ii) Several houses inundated. iii) Damage worth 37 crores estimated. iv) 13,800 persons of more than 3000 families shifted to 89 relief camps. v) Roads submerged. vi) Traffic disrupted. Idukki : i) Town flooded by Muthirapuzha River. ii) About 1400 persons shifted to 21 relief camps. iii) Damage to roads reported. iv) Power supply & mobile services disrupted.  Kollam : i) Damage to house reported. ii) Hectares of agriculture crops submerged. iii) Roads inundated. Malappuram : i) Extensive damage to a bridge reported causing isolation of Shantigramam. ii) Some hoses flooded. Thiruvananthapuram : i) Damage to crops mainly Banana cultivation reported. ii) Damage to several houses reported. Wayanad : i) Low-lying areas inundated. ii) 35,155 people shifted to 203 relief camps. iii) Damage to crops reported. ",IMD,,"554, 556, 559, 562, 565, 567",32,2019-11-08,Wayanad,Western Ghats,district-named,India_Flood_Inventory_v3.csv (IMD-sourced),ambiguous_generic,flash_flood,"regional_default (Western Ghats steep terrain, no floodplain reach -- Main Cause text did not state mechanism)"
5047,UEI-IMD-FL-2019-0068,19-08-2019 00:00,20-08-2019 00:00,2.0,Heavy rains,,"Alappuzha, Thiruvananthapuram, Wayanad",Kerala,,,,,,,,,,"Alappuzha : i) Damage to 5 houses fully & 115 houses partially reported. ii) 300 people shifted to 3 relief camps. Thiruvananthapuram : Damage to houses reported. Wayanad : i) Damage to crops Viz. Paddy (45 hectare), Bannana (20 hectare), Ginger (4 hectare), Arecanut (2 hectare), tapioca (2 hectare) & Tuber crops reported. ii) Dairy farms affected. iii) Damage worth one crore reported. iv) Damage to a house reported. v) Kavadam, Chekkalloor areas more affected.",IMD,,"554, 565, 567",32,2019-08-19,Wayanad,Western Ghats,district-named,India_Flood_Inventory_v3.csv (IMD-sourced),ambiguous_generic,flash_flood,"regional_default (Western Ghats steep terrain, no floodplain reach -- Main Cause text did not state mechanism)"
5048,UEI-IMD-FL-2019-0069,22-08-2019 00:00,23-08-2019 00:00,2.0,Heavy rains,,Wayanad,Kerala,,,,,,,,,,i) Damage to agriculture crops reported. ii) Damage to about 10 houses including home appliances reported. iii) 30 families shifted to relief camps.,IMD,,567,32,2019-08-22,Wayanad,Western Ghats,district-named,India_Flood_Inventory_v3.csv (IMD-sourced),ambiguous_generic,flash_flood,"regional_default (Western Ghats steep terrain, no floodplain reach -- Main Cause text did not state mechanism)"
5049,UEI-IMD-FL-2019-0070,09-03-2019 00:00,09-09-2019 00:00,2.0,Heavy rains,,Wayanad,Kerala,,,,,,,,,,i) Damage to Ginger crops reported. ii) Damage to school building reported. iii) Damage to a house including household appliances reported. iv) Damage worth lakhs reported,IMD,,567,32,2019-03-09,Wayanad,Western Ghats,district-named,India_Flood_Inventory_v3.csv (IMD-sourced),ambiguous_generic,flash_flood,"regional_default (Western Ghats steep terrain, no floodplain reach -- Main Cause text did not state mechanism)"
5053,UEI-IMD-FL-2019-0074,21-10-2019 00:00,21-10-2019 00:00,1.0,Heavy rains & Landslide,,"Alappuzha, Ernakulam, Idukki, Kannur, Kasaragod, Kollam, Kottayam, Kozhikode, Malappuram, Palakkad, Pathanamthitta, Thiruvananthapuram, Thrissur, Wayanad",Kerala,,,,,1.0,,,,Kottayam : One person electrocuted.,"Alappuzha : i) Paddy fields inundated. ii) 446 families shifted to a relief camp. iii) Transport disrupted. iv) Water- logging in low-lying areas. Ernakulam : i) Houses & Ernakulam North Railway-station tracks flooded. ii) Transport & train-services disrupted. iii) 11 relief camps opened. iv) Landslip reported in Velloor(Piravom). Kollam : i) Complete damage to 5 houses reported. ii) 3 relief camps opened. Kottayam : i) Traffic,power-supply disrupted. ii) 2 relief camps opened. Malappuram : i) Agriculture land inundated. ii) Power-supply disrupted. Palakkad : i) Landslide reported in Attappady. ii) Traffic,power-supply disrupted at several areas. iii) 9 relief camps opened. Thiruvananthapuram : i) Damage to 30 houses reported. ii) Power-supply,traffic disrupted. Districts of Kerala : i) Damage to 34 houses reported. ii) 1380 families with 3506 persons shifted to 16 relief camps in the state. ",IMD,,"554, 555, 556, 557, 558, 559, 560, 561, 562, 563, 564, 565, 566, 567",32,2019-10-21,Wayanad,Western Ghats,district-named,India_Flood_Inventory_v3.csv (IMD-sourced),ambiguous_generic,flash_flood,"regional_default (Western Ghats steep terrain, no floodplain reach -- Main Cause text did not state mechanism)"
5057,UEI-IMD-FL-2019-0078,11-10-2019 00:00,11-10-2019 00:00,1.0,Heavy rains,,Wayanad,Kerala,,,,,,1.0,,2.0,One person injured & 2 cows perished.,,IMD,,567,32,2019-10-11,Wayanad,Western Ghats,district-named,India_Flood_Inventory_v3.csv (IMD-sourced),ambiguous_generic,flash_flood,"regional_default (Western Ghats steep terrain, no floodplain reach -- Main Cause text did not state mechanism)"
5060,UEI-IMD-FL-2019-0081,12-03-2019 00:00,12-03-2019 00:00,1.0,Heavy rains,,Wayanad,Kerala,,,,,,,,,,Damage to hectares of paddy crops & Banana crops reported.,IMD,,567,32,2019-03-12,Wayanad,Western Ghats,district-named,India_Flood_Inventory_v3.csv (IMD-sourced),ambiguous_generic,flash_flood,"regional_default (Western Ghats steep terrain, no floodplain reach -- Main Cause text did not state mechanism)"
5208,UEI-IMD-FL-2020-0052,08-05-2020 00:00,08-05-2020 00:00,1.0,Heavy Rains & Floods,,Wayanad,Kerala,,,,,2.0,,,,2 children died in different incidences.,i) Damage to a house reported. ii) Tree uprooted. iii) Traffic disrupted at many places,IMD,,567,32,2020-05-08,Wayanad,Western Ghats,district-named,India_Flood_Inventory_v3.csv (IMD-sourced),ambiguous_generic,flash_flood,"regional_default (Western Ghats steep terrain, no floodplain reach -- Main Cause text did not state mechanism)"
5210,UEI-IMD-FL-2020-0054,08-06-2020 00:00,08-06-2020 00:00,1.0,Heavy Rains & Landslide,,Wayanad,Kerala,,,,,,,,,,"i) Kalpetta, Mundakkai, Makkiyadu, Mananthavady area affected. ii) Damage to 10 hectares paddy fields, 17500 plantain trees & 125 rubber trees reported. iii) Damage to 15 houses reported. iv) 5 bridges washed away. v) 621 families shifted to 49 relief camps. vi) Damage to 1183 transformers reported which causes disruption in power supply in the region for 3 days. vii) Estimated 1.39 crore monetary loss reported. viii) NH 766 was inundated & traffic disrupted in ghat areas",IMD,,567,32,2020-06-08,Wayanad,Western Ghats,district-named,India_Flood_Inventory_v3.csv (IMD-sourced),ambiguous_generic,flash_flood,"regional_default (Western Ghats steep terrain, no floodplain reach -- Main Cause text did not state mechanism)"
5212,UEI-IMD-FL-2020-0056,08-08-2020 00:00,08-08-2020 00:00,1.0,Heavy Rains & Floods,,"Thiruvananthapuram, Wayanad",Kerala,,,,,,,,,,Thiruvananthapuram : i) Damage to 5867 hectares of agricultural land reported. ii) Damage to 37 houses completely & 198 houses partially reported. iii) 153 families were shifted to 7 relief camps. Wayanad : i) A bridge washed away. ii) Karingari- Kakkadavu road inundated. iii) 79 relief camps were opened. iv) About 15000 people shifted to safer places.,IMD,,"565, 567",32,2020-08-08,Wayanad,Western Ghats,district-named,India_Flood_Inventory_v3.csv (IMD-sourced),ambiguous_generic,flash_flood,"regional_default (Western Ghats steep terrain, no floodplain reach -- Main Cause text did not state mechanism)"
5214,UEI-IMD-FL-2020-0058,08-10-2020 00:00,08-10-2020 00:00,1.0,Heavy Rains & Floods,,"Pathanamthitta, Wayanad",Kerala,,,,,,,1.0,,One person missing from Pathanamthitta district.,"i) Damage to 180 hectares of Pepper, 236.24 hectares plantain trees & 195.7 hectares of other crops reported. ii) Damage to 22 houses completely,605 houses partially reported. iii) Estimated 14.184 crore of monetary loss reported.",IMD,,"564, 567",32,2020-10-08,Wayanad,Western Ghats,district-named,India_Flood_Inventory_v3.csv (IMD-sourced),ambiguous_generic,flash_flood,"regional_default (Western Ghats steep terrain, no floodplain reach -- Main Cause text did not state mechanism)"
5220,UEI-IMD-FL-2020-0064,20-09-2020 00:00,20-09-2020 00:00,1.0,Heavy Rains & Flood,,"Ernakulam, Kannur, Thrissur, Wayanad",Kerala,,,,,,,,,,i) Damage to crops reported. ii) Damage to several houses reported. iii) Damage to vehicles reported. iv) A complete damage to roof of a fertilizer depot reported. v) Estimated crop loss of ������� 6.91 crore reported from Kannur Dist. vi) 59 people shifted to 5 relief camps. vii) Damage to a well reported. viii) Many trees including Nutmeg & rubber trees uprooted in many places causes disruption to traffic. ix) Damage to many electric posts reported causing disruption in power supply.,IMD,,"555, 557, 566, 567",32,2020-09-20,Wayanad,Western Ghats,district-named,India_Flood_Inventory_v3.csv (IMD-sourced),ambiguous_generic,flash_flood,"regional_default (Western Ghats steep terrain, no floodplain reach -- Main Cause text did not state mechanism)"
5372,UEI-IMD-FL-2021-0063,10-01-2021 00:00,10-01-2021 00:00,1.0,Heavy   Rains,,Wayanad,Kerala,,,,,,,,,,,IMD,,567,32,2021-01-10,Wayanad,Western Ghats,district-named,India_Flood_Inventory_v3.csv (IMD-sourced),ambiguous_generic,flash_flood,"regional_default (Western Ghats steep terrain, no floodplain reach -- Main Cause text did not state mechanism)"
5377,UEI-IMD-FL-2021-0068,18-04-2021 00:00,18-04-2021 00:00,1.0,Heavy   Rains,,Wayanad,Kerala,,,,,,,,,,,IMD,,567,32,2021-04-18,Wayanad,Western Ghats,district-named,India_Flood_Inventory_v3.csv (IMD-sourced),ambiguous_generic,flash_flood,"regional_default (Western Ghats steep terrain, no floodplain reach -- Main Cause text did not state mechanism)"
5379,UEI-IMD-FL-2021-0070,20-04-2021 00:00,21-04-2021 00:00,2.0,Heavy   Rains,,Wayanad,Kerala,,,,,,,,,,,IMD,,567,32,2021-04-20,Wayanad,Western Ghats,district-named,India_Flood_Inventory_v3.csv (IMD-sourced),ambiguous_generic,flash_flood,"regional_default (Western Ghats steep terrain, no floodplain reach -- Main Cause text did not state mechanism)"
5386,UEI-IMD-FL-2021-0077,16-06-2021 00:00,17-06-2021 00:00,2.0,Heavy rains,,Wayanad,Kerala,,,,,,,,,,,IMD,,567,32,2021-06-16,Wayanad,Western Ghats,district-named,India_Flood_Inventory_v3.csv (IMD-sourced),ambiguous_generic,flash_flood,"regional_default (Western Ghats steep terrain, no floodplain reach -- Main Cause text did not state mechanism)"
5387,UEI-IMD-FL-2021-0078,21-06-2021 00:00,25-06-2021 00:00,3.0,Heavy rains,,Wayanad,Kerala,,,,,,,,,,,IMD,,567,32,2021-06-21,Wayanad,Western Ghats,district-named,India_Flood_Inventory_v3.csv (IMD-sourced),ambiguous_generic,flash_flood,"regional_default (Western Ghats steep terrain, no floodplain reach -- Main Cause text did not state mechanism)"
5388,UEI-IMD-FL-2021-0079,14-07-2021 00:00,15-07-2021 00:00,2.0,Heavy rains,,Wayanad,Kerala,,,,,1.0,1.0,,,,,IMD,,567,32,2021-07-14,Wayanad,Western Ghats,district-named,India_Flood_Inventory_v3.csv (IMD-sourced),ambiguous_generic,flash_flood,"regional_default (Western Ghats steep terrain, no floodplain reach -- Main Cause text did not state mechanism)"
5389,UEI-IMD-FL-2021-0080,17-07-2021 00:00,18-07-2021 00:00,2.0,Heavy rains & Landslide,,Wayanad,Kerala,,,,,,,,,,,IMD,,567,32,2021-07-17,Wayanad,Western Ghats,district-named,India_Flood_Inventory_v3.csv (IMD-sourced),ambiguous_generic,flash_flood,"regional_default (Western Ghats steep terrain, no floodplain reach -- Main Cause text did not state mechanism)"
5390,UEI-IMD-FL-2021-0081,21-07-2021 00:00,21-07-2021 00:00,1.0,Heavy rains,,Wayanad,Kerala,,,,,,,,,,,IMD,,567,32,2021-07-21,Wayanad,Western Ghats,district-named,India_Flood_Inventory_v3.csv (IMD-sourced),ambiguous_generic,flash_flood,"regional_default (Western Ghats steep terrain, no floodplain reach -- Main Cause text did not state mechanism)"
6190,UEI-IMD-FL-2022-0544,16-06-2022 00:00,16-06-2022 00:00,1.0,Mud slip,,Wayanad,Kerala,,,,,1.0,,,,,,IMD,,567,32,2022-06-16,Wayanad,Western Ghats,district-named,India_Flood_Inventory_v3.csv (IMD-sourced),landslide_only_not_flood_cause,landslide_only,"explicit (Main Cause names only landslide/mudslide, no flood/rain word)"
6198,UEI-IMD-FL-2022-0552,16-07-2022 00:00,16-07-2022 00:00,1.0,Heavy Rains & Floods,,"Kasaragod, Wayanad, Kozhikode, Malappuram, Palakkad, Thrissur, Idukki, Ernakulam, Alappuzha, Kottayam, Pathanamthitta, Kollam, Thiruvananthapuram, Kannur",Kerala,,,,,4.0,,,,,,IMD,,"558, 567, 561, 562, 563, 566, 556, 555, 554, 560, 564, 559, 565, 557",32,2022-07-16,Wayanad,Western Ghats,district-named,India_Flood_Inventory_v3.csv (IMD-sourced),ambiguous_generic,flash_flood,"regional_default (Western Ghats steep terrain, no floodplain reach -- Main Cause text did not state mechanism)"
6221,UEI-IMD-FL-2022-0575,02-08-2022 00:00,02-08-2022 00:00,1.0,Heavy Rains & Floods,,Wayanad  ,Kerala,,,,,,,,,,,IMD,,567,32,2022-08-02,Wayanad,Western Ghats,district-named,India_Flood_Inventory_v3.csv (IMD-sourced),ambiguous_generic,flash_flood,"regional_default (Western Ghats steep terrain, no floodplain reach -- Main Cause text did not state mechanism)"
7141,UEI-IMD-FL-2023-0356,23-07-2023 00:00,23-07-2023 00:00,1.0,Heavy Rains & Floods,,Wayanad,Kerala,,,,,2.0,,,,,,IMD,,567,32,2023-07-23,Wayanad,Western Ghats,district-named,India_Flood_Inventory_v3.csv (IMD-sourced),ambiguous_generic,flash_flood,"regional_default (Western Ghats steep terrain, no floodplain reach -- Main Cause text did not state mechanism)"
694,UEI-IMD-FL-1976-0028,08-10-1976 00:00,21-10-1976 00:00,14.0,floods,,"Chennai, The Nilgiris, Coimbatore",Tamil Nadu,,,,,2.0,,,,2 children were washed away in wild streams,"Chennai, Nilgiris,Coimbatore districts were affected by floods",IMD,,"568, 587, 569",33,1976-10-08,Nilgiris,Western Ghats,district-named,India_Flood_Inventory_v3.csv (IMD-sourced),ambiguous_generic,ambiguous,no regional-default applied (out of scope tonight -- only Wayanad/Idukki disambiguated)
749,UEI-IMD-FL-1978-0054,01-04-1978 00:00,07-04-1978 00:00,7.0,moderate,,The Nilgiris,Tamil Nadu,,,,,,,,,,"20 huts washed away, total loss Rs. 2 lakhs",IMD,,587,33,1978-04-01,Nilgiris,Western Ghats,district-named,India_Flood_Inventory_v3.csv (IMD-sourced),ambiguous_generic,ambiguous,no regional-default applied (out of scope tonight -- only Wayanad/Idukki disambiguated)
750,UEI-IMD-FL-1978-0055,01-11-1978 00:00,07-11-1978 00:00,7.0,moderate to severe,," Coimbatore, Erode, Salem,Thanjavur, The Nilgiris",Tamil Nadu,,,,,200.0,23.0,,,"5 persons killed, 15 men, 4 women,4 children washed away in streams, 74 people killed in landslides, 98 lives lost","Many houses damaged building washed away (barring a few reinforced structures), communication line from Ooty disrupted, 1 lakh hectares of land hit by floods in Ooty,surrounding villages, , 800 hectares of cropped fields damaged, orange farms turned into vast sheets of water, a number of building structures collpased, Ghat roads cut off due to erosion,landslides",IMD,,"569, 573, 584, 586, 587",33,1978-11-01,Nilgiris,Western Ghats,district-named,India_Flood_Inventory_v3.csv (IMD-sourced),ambiguous_generic,ambiguous,no regional-default applied (out of scope tonight -- only Wayanad/Idukki disambiguated)
751,UEI-IMD-FL-1978-0056,22-11-1978 00:00,28-11-1978 00:00,7.0,severe,,The Nilgiris,Tamil Nadu,,,,,,,,,,Market washed away,IMD,,587,33,1978-11-22,Nilgiris,Western Ghats,district-named,India_Flood_Inventory_v3.csv (IMD-sourced),ambiguous_generic,ambiguous,no regional-default applied (out of scope tonight -- only Wayanad/Idukki disambiguated)
816,UEI-IMD-FL-1979-0054,13-11-1979 00:00,20-11-1979 00:00,8.0,heavy rains,,The Nilgiris,Tamil Nadu,,,,,18.0,,,,18 houman lives lost in heavy landslides,i)Vehicular traffic affected by landslides in ghat roads ii)40 huts submerged iii)Extensive damage to property,IMD,,587,33,1979-11-13,Nilgiris,Western Ghats,district-named,India_Flood_Inventory_v3.csv (IMD-sourced),ambiguous_generic,ambiguous,no regional-default applied (out of scope tonight -- only Wayanad/Idukki disambiguated)
1307,UEI-IMD-FL-1985-0057,01-11-1985 00:00,14-11-1985 00:00,14.0,severe,,"Thiruvallur, Chennai, Krishnagiri, Tiruvannamalai, Dharmapuri, Salem, Erode, The Nilgiris, Namakkal, Perambalur, Coimbatore, Tiruchirappalli, Ariyalur, Tiruppur, Thanjavur, Karur, Thiruvarur, Dindigul, Madurai, Theni, Virudhunagar, Thoothukkudi, Kanniyakumariumari, Viluppuram, Cuddalore, Pudukkottai, Sivaganga, Ramanathapuram, Nagapattinam, Kallakurichi, Tenkasi, Tirunelveli, Vellore, Ranipet, Tirupathur, Kancheepuram, Chengalpattu",Tamil Nadu,,,,,80.0,,,,80 persons died,"i)Chengleput, Madras, Cuddalore, Kallakurichi, Viluppuram,Tanjavour districts worst affected ii)1 lakh people affected iii)80,000 hectares of standing crop submerged iv)Many culverts,one major railway bridge in Chengleput district totally washed away v)Road,rail traffic between Madras city,Southern districts of the state completely cut off vi)Many houses damaged vii)Estimated loss to railways due to washing away of railway bridge,culverts worth Rs. 8 crores viii)Electricity/telephone/telecommunication installations extensively damaged ix)Roads breached at many place",IMD,,"589, 568, 577, 593, 571, 584, 573, 587, 580, 581, 569, 591, 610, 634, 586, 576, 590, 572, 578, 588, 597, 594, None, 596, 570, 582, 585, 583, 579, 729, 733, 592, 595, 731, 732, 574, 730",33,1985-11-01,Nilgiris,Western Ghats,district-named,India_Flood_Inventory_v3.csv (IMD-sourced),ambiguous_generic,ambiguous,no regional-default applied (out of scope tonight -- only Wayanad/Idukki disambiguated)
1609,UEI-IMD-FL-1989-0051,22-07-1989 00:00,22-07-1989 00:00,1.0,heavy rains,,"Coimbatore, The Nilgiris",Tamil Nadu,,,,,10.0,,,,"10 person, 6 of which from Coimbatore died",Train services between Vijaywada-Kazipet section disrupted due to flooding of railway track,IMD,,"569, 587",33,1989-07-22,Nilgiris,Western Ghats,district-named,India_Flood_Inventory_v3.csv (IMD-sourced),ambiguous_generic,ambiguous,no regional-default applied (out of scope tonight -- only Wayanad/Idukki disambiguated)
1695,UEI-IMD-FL-1990-0077,18-10-1990 00:00,31-10-1990 00:00,14.0,heavy rains,,"Chennai,The Nilgiris",Tamil Nadu,,,,,62.0,,,,"15 persons died, 47 persons died due to building collapse in various parts of the district","i)Normal life completely paralysed ii)Thousands of huts damaged iii)Large number of houses collapsed rendering thousands of families homeless iv)Low-lying areas flooded , i)Building including primary health centre, post office, primary school,co-operative stores at Gedde collapsed ii)Large number of trees uprooted iii)Train services between Mettupalayam,Coonoor disrupted due to landslide iv)Road communication between Kotagiri,Coonoor,Kotagiri,Uthagamandalam disrupted due to landslide",IMD,,"568, 587",33,1990-10-18,Nilgiris,Western Ghats,district-named,India_Flood_Inventory_v3.csv (IMD-sourced),ambiguous_generic,ambiguous,no regional-default applied (out of scope tonight -- only Wayanad/Idukki disambiguated)
1813,UEI-IMD-FL-1991-0093,20-10-1991 00:00,30-10-1991 00:00,11.0,heavy rains,,"Thiruvallur, Chennai, Krishnagiri, Tiruvannamalai, Dharmapuri, Salem, Erode, The Nilgiris, Namakkal, Perambalur, Coimbatore, Tiruchirappalli, Ariyalur, Tiruppur, Thanjavur, Karur, Thiruvarur, Dindigul, Madurai, Theni, Virudhunagar, Thoothukkudi, Kanniyakumariumari, Viluppuram, Cuddalore, Pudukkottai, Sivaganga, Ramanathapuram, Nagapattinam, Kallakurichi, Tenkasi, Tirunelveli, Vellore, Ranipet, Tirupathur, Kancheepuram, Chengalpattu",Tamil Nadu,,,,,21.0,6.0,,,"21 persons including 11 children died, while 6 other injured",Extensive damage to crops due to breached of irrigation tanks reported,IMD,,"589, 568, 577, 593, 571, 584, 573, 587, 580, 581, 569, 591, 610, 634, 586, 576, 590, 572, 578, 588, 597, 594, None, 596, 570, 582, 585, 583, 579, 729, 733, 592, 595, 731, 732, 574, 730",33,1991-10-20,Nilgiris,Western Ghats,district-named,India_Flood_Inventory_v3.csv (IMD-sourced),ambiguous_generic,ambiguous,no regional-default applied (out of scope tonight -- only Wayanad/Idukki disambiguated)
2001,UEI-IMD-FL-1993-0065,07-11-1993 00:00,11-11-1993 00:00,5.0,heavy rains,,"Coimbatore, The Nilgiris, Ramanathapuram,Thanjavur",Tamil Nadu,,,,,60.0,52.0,,,(i) 52 fishermen reported missing. (ii) More than 60 persons feared killed in a landslide near Occonoor. (iii) 6 persons including 5 children died in various incidences of house collapse.,"(i) Low lying areas flooded. (ii) One fishing boat sank,39 others damaged. (iii) 1000 houses fully damaged. (iv) 1.4 lakh acres of cropped land submerged. (v) Public/private property worth Rs. 260 crores damaged. Road,other public utility worth Rs.180 crores damaged.",IMD,,"569, 587, 583, 586",33,1993-11-07,Nilgiris,Western Ghats,district-named,India_Flood_Inventory_v3.csv (IMD-sourced),ambiguous_generic,ambiguous,no regional-default applied (out of scope tonight -- only Wayanad/Idukki disambiguated)
2422,UEI-IMD-FL-1996-0105,12-12-1996 00:00,18-12-1996 00:00,7.0,heavy rains,,"Thiruvallur, Chennai, Krishnagiri, Tiruvannamalai, Dharmapuri, Salem, Erode, The Nilgiris, Namakkal, Perambalur, Coimbatore, Tiruchirappalli, Ariyalur, Tiruppur, Thanjavur, Karur, Thiruvarur, Dindigul, Madurai, Theni, Virudhunagar, Thoothukkudi, Kanniyakumariumari, Viluppuram, Cuddalore, Pudukkottai, Sivaganga, Ramanathapuram, Nagapattinam, Kallakurichi, Tenkasi, Tirunelveli, Vellore, Ranipet, Tirupathur, Kancheepuram, Chengalpattu",Tamil Nadu,,,,,135.0,,,2738.0,"i)135 persons died ii)2,738 cattleheads perished","i)3.05 lakh houses fully,3.55 lakh houses partially damaged ii)Paddy crop in 1,89,791 hectares completely,85,122 hectares partially submerged iii)Embankment of 1,333 lakes completely,981 partially breached iv)8,576 km road damaged v)976 culverts,62 big bridges damaged vi)Train services between Chennai,Trichy affected due to inundation vii)Total loss estimated Rs. 1,090 crore",IMD,,"589, 568, 577, 593, 571, 584, 573, 587, 580, 581, 569, 591, 610, 634, 586, 576, 590, 572, 578, 588, 597, 594, None, 596, 570, 582, 585, 583, 579, 729, 733, 592, 595, 731, 732, 574, 730",33,1996-12-12,Nilgiris,Western Ghats,district-named,India_Flood_Inventory_v3.csv (IMD-sourced),ambiguous_generic,ambiguous,no regional-default applied (out of scope tonight -- only Wayanad/Idukki disambiguated)
2556,UEI-IMD-FL-1997-0109,05-12-1997 00:00,20-12-1997 00:00,16.0,heavy rains,,"Thiruvallur, Chennai, Krishnagiri, Tiruvannamalai, Dharmapuri, Salem, Erode, The Nilgiris, Namakkal, Perambalur, Coimbatore, Tiruchirappalli, Ariyalur, Tiruppur, Thanjavur, Karur, Thiruvarur, Dindigul, Madurai, Theni, Virudhunagar, Thoothukkudi, Kanniyakumariumari, Viluppuram, Cuddalore, Pudukkottai, Sivaganga, Ramanathapuram, Nagapattinam, Kallakurichi, Tenkasi, Tirunelveli, Vellore, Ranipet, Tirupathur, Kancheepuram, Chengalpattu",Tamil Nadu,,,,,177.0,,,,177 persons died,"i)Nagapattinam, Thanjavur,Tiruvabur districts worst affected ii)Reservior at Chembarampakkam,Red-hills overflown iii)Thousands of people in low lying areas shifted to safer places",IMD,,"589, 568, 577, 593, 571, 584, 573, 587, 580, 581, 569, 591, 610, 634, 586, 576, 590, 572, 578, 588, 597, 594, None, 596, 570, 582, 585, 583, 579, 729, 733, 592, 595, 731, 732, 574, 730",33,1997-12-05,Nilgiris,Western Ghats,district-named,India_Flood_Inventory_v3.csv (IMD-sourced),ambiguous_generic,ambiguous,no regional-default applied (out of scope tonight -- only Wayanad/Idukki disambiguated)
2687,UEI-IMD-FL-1998-0096,01-11-1998 00:00,14-11-1998 00:00,14.0,heavy rains,,"Thiruvallur, Chennai, Krishnagiri, Tiruvannamalai, Dharmapuri, Salem, Erode, The Nilgiris, Namakkal, Perambalur, Coimbatore, Tiruchirappalli, Ariyalur, Tiruppur, Thanjavur, Karur, Thiruvarur, Dindigul, Madurai, Theni, Virudhunagar, Thoothukkudi, Kanniyakumariumari, Viluppuram, Cuddalore, Pudukkottai, Sivaganga, Ramanathapuram, Nagapattinam, Kallakurichi, Tenkasi, Tirunelveli, Vellore, Ranipet, Tirupathur, Kancheepuram, Chengalpattu",Tamil Nadu,,,,,82.0,,,,82 persons died,"i)322 hectares of agriculturaal land with various crops,8,831 hecares of paddy crop damaged ii)2 Thermal Power Stations crippled iii)1532 huts damaged",IMD,,"589, 568, 577, 593, 571, 584, 573, 587, 580, 581, 569, 591, 610, 634, 586, 576, 590, 572, 578, 588, 597, 594, None, 596, 570, 582, 585, 583, 579, 729, 733, 592, 595, 731, 732, 574, 730",33,1998-11-01,Nilgiris,Western Ghats,district-named,India_Flood_Inventory_v3.csv (IMD-sourced),ambiguous_generic,ambiguous,no regional-default applied (out of scope tonight -- only Wayanad/Idukki disambiguated)
3429,UEI-IMD-FL-2005-0136,07-04-2005 00:00,07-04-2005 00:00,1.0,heavy rains,,"Kanniyakumariumari, Namakkal, The Nilgiris,Tiruchirappalli ",Tamil Nadu,,,,,27.0,,,,27 persons died.,,IMD,,"None, 580, 587, 591",33,2005-04-07,Nilgiris,Western Ghats,district-named,India_Flood_Inventory_v3.csv (IMD-sourced),ambiguous_generic,ambiguous,no regional-default applied (out of scope tonight -- only Wayanad/Idukki disambiguated)
3431,UEI-IMD-FL-2005-0138,15-10-2005 00:00,28-10-2005 00:00,14.0,severe flood,,"Thiruvallur, Chennai, Krishnagiri, Tiruvannamalai, Dharmapuri, Salem, Erode, The Nilgiris, Namakkal, Perambalur, Coimbatore, Tiruchirappalli, Ariyalur, Tiruppur, Thanjavur, Karur, Thiruvarur, Dindigul, Madurai, Theni, Virudhunagar, Thoothukkudi, Kanniyakumariumari, Viluppuram, Cuddalore, Pudukkottai, Sivaganga, Ramanathapuram, Nagapattinam, Kallakurichi, Tenkasi, Tirunelveli, Vellore, Ranipet, Tirupathur, Kancheepuram, Chengalpattu",Tamil Nadu,,,,,80.0,,,,80 persons died.,"i) About 600 huts damaged. ii) Extensive damage to standing crop reported. iii) Several roads,highways breached. iv) 15,000 people shifted to safer places.",IMD,,"589, 568, 577, 593, 571, 584, 573, 587, 580, 581, 569, 591, 610, 634, 586, 576, 590, 572, 578, 588, 597, 594, None, 596, 570, 582, 585, 583, 579, 729, 733, 592, 595, 731, 732, 574, 730",33,2005-10-15,Nilgiris,Western Ghats,district-named,India_Flood_Inventory_v3.csv (IMD-sourced),ambiguous_generic,ambiguous,no regional-default applied (out of scope tonight -- only Wayanad/Idukki disambiguated)
3434,UEI-IMD-FL-2005-0141,24-11-2005 00:00,24-11-2005 00:00,1.0,heavy rains,,"Thiruvallur, Chennai, Krishnagiri, Tiruvannamalai, Dharmapuri, Salem, Erode, The Nilgiris, Namakkal, Perambalur, Coimbatore, Tiruchirappalli, Ariyalur, Tiruppur, Thanjavur, Karur, Thiruvarur, Dindigul, Madurai, Theni, Virudhunagar, Thoothukkudi, Kanniyakumariumari, Viluppuram, Cuddalore, Pudukkottai, Sivaganga, Ramanathapuram, Nagapattinam, Kallakurichi, Tenkasi, Tirunelveli, Vellore, Ranipet, Tirupathur, Kancheepuram, Chengalpattu",Tamil Nadu,,,,,,150.0,,,150 persons washed away while traveling through a bus.,"i) Railway tracks breached,link to southern parts of the state cut off for 3 days. ii) Thousands of hectares of crop submerged. ",IMD,,"589, 568, 577, 593, 571, 584, 573, 587, 580, 581, 569, 591, 610, 634, 586, 576, 590, 572, 578, 588, 597, 594, None, 596, 570, 582, 585, 583, 579, 729, 733, 592, 595, 731, 732, 574, 730",33,2005-11-24,Nilgiris,Western Ghats,district-named,India_Flood_Inventory_v3.csv (IMD-sourced),ambiguous_generic,ambiguous,no regional-default applied (out of scope tonight -- only Wayanad/Idukki disambiguated)
3572,UEI-IMD-FL-2006-0104,09-11-2006 00:00,15-11-2006 00:00,7.0,heavy rains,,The Nilgiris,Tamil Nadu,,,,,1.0,,,,One person died due to landslide.,i)Landslide reported at many places. ii)7 bridges washed away. ,IMD,,587,33,2006-11-09,Nilgiris,Western Ghats,district-named,India_Flood_Inventory_v3.csv (IMD-sourced),ambiguous_generic,ambiguous,no regional-default applied (out of scope tonight -- only Wayanad/Idukki disambiguated)
3922,UEI-IMD-FL-2009-0071,06-11-2009 00:00,11-11-2009 00:00,6.0,heavy rains,,"The Nilgiris,Kanniyakumariumari,Thiruvallur, Thiruvarur,Tirunelveli",Tamil Nadu,,,,,49.0,,,,49 persons died.,"i) Paddy cultivation in 30,000-40,000 acres submerged. ii) 700 houses completely damaged. iii) Land slide reported in The Nilgiris. ",IMD,,"587, None, 589, 590, 592",33,2009-11-06,Nilgiris,Western Ghats,district-named,India_Flood_Inventory_v3.csv (IMD-sourced),ambiguous_generic,ambiguous,no regional-default applied (out of scope tonight -- only Wayanad/Idukki disambiguated)
3923,UEI-IMD-FL-2009-0072,16-11-2009 00:00,16-11-2009 00:00,1.0,heavy rains,,"Dharmapuri, Kanniyakumariumari, The Nilgiris,Thiruvallur",Tamil Nadu,,,,,5.0,,,,5 persons died.,,IMD,,"571, None, 587, 589",33,2009-11-16,Nilgiris,Western Ghats,district-named,India_Flood_Inventory_v3.csv (IMD-sourced),ambiguous_generic,ambiguous,no regional-default applied (out of scope tonight -- only Wayanad/Idukki disambiguated)
4172,UEI-IMD-FL-2011-0086,21-04-2011 00:00,21-04-2011 00:00,1.0,heavy rains,,The Nilgiris,Tamil Nadu,,,,,2.0,,,,2 persons died due to wall collapse.,,IMD,,587,33,2011-04-21,Nilgiris,Western Ghats,district-named,India_Flood_Inventory_v3.csv (IMD-sourced),ambiguous_generic,ambiguous,no regional-default applied (out of scope tonight -- only Wayanad/Idukki disambiguated)
4485,UEI-IMD-FL-2014-0078,06-05-2014 00:00,08-05-2014 00:00,3.0,heavy rains ,,"Kanniyakumariumari, Madurai, The Nilgiris,Theni ",Tamil Nadu,,,,,3.0,3.0,,,"Kanniyakumari: One child washed away.  Madurai:  One girl died,2 others injured due to wall collapse. Nilgiris: 2 women died,other injured due to tree fell on them. ","i) Few houses damaged. ii) Many trees/electric poles uprooted disrupting road traffic,power supply. iii) Landslides reported in Theni district. ",IMD,,"None, 578, 587, 588",33,2014-05-06,Nilgiris,Western Ghats,district-named,India_Flood_Inventory_v3.csv (IMD-sourced),ambiguous_generic,ambiguous,no regional-default applied (out of scope tonight -- only Wayanad/Idukki disambiguated)
4585,UEI-IMD-FL-2015-0090,21-06-2015 00:00,21-06-2015 00:00,1.0,heavy rains,,The Nilgiris,Tamil Nadu,,,,,1.0,,,,1 person died,,IMD,,587,33,2015-06-21,Nilgiris,Western Ghats,district-named,India_Flood_Inventory_v3.csv (IMD-sourced),ambiguous_generic,ambiguous,no regional-default applied (out of scope tonight -- only Wayanad/Idukki disambiguated)
4587,UEI-IMD-FL-2015-0092,09-11-2015 00:00,09-11-2015 00:00,1.0,heavy rains,," Thiruvallur, Chennai, Krishnagiri, Tiruvannamalai, Dharmapuri, Salem, Erode, The Nilgiris, Namakkal, Perambalur, Coimbatore, Tiruchirappalli, Ariyalur, Tiruppur, Thanjavur, Karur, Thiruvarur, Dindigul, Madurai, Theni, Virudhunagar, Thoothukkudi, Kanniyakumari",Tamil Nadu,,,,,13.0,,,,13 persons died in different incidents,"i)2,000 acres of paddy fields submerged ii)Damage to 900 acres of Banana crops reported iii)Power generation stopped as the mines flooded in Cuddalore District iv)Damage to 45 thatched houses reported",IMD,,"589, 568, 577, 593, 571, 584, 573, 587, 580, 581, 569, 591, 610, 634, 586, 576, 590, 572, 578, 588, 597, 594, 575",33,2015-11-09,Nilgiris,Western Ghats,district-named,India_Flood_Inventory_v3.csv (IMD-sourced),ambiguous_generic,ambiguous,no regional-default applied (out of scope tonight -- only Wayanad/Idukki disambiguated)
4588,UEI-IMD-FL-2015-0093,11-11-2015 00:00,13-11-2015 00:00,3.0,heavy rains,,"Chennai, Cuddalore, Dharmapuri, Erode, The Nilgiris, Thiruvallur, Thoothukkudi, Viluppuram",Tamil Nadu,,,,,25.0,,,,25 persons died in different incidences,"i)Damage to more than 28 houses reported ii)Several trees/electric poles uprooted causing disruption in vehicular traffic,power supply",IMD,,"568, 570, 571, 573, 587, 589, 594, 596",33,2015-11-11,Nilgiris,Western Ghats,district-named,India_Flood_Inventory_v3.csv (IMD-sourced),ambiguous_generic,ambiguous,no regional-default applied (out of scope tonight -- only Wayanad/Idukki disambiguated)
4590,UEI-IMD-FL-2015-0095,23-11-2015 00:00,23-11-2015 00:00,1.0,heavy rains,," Thiruvallur, Chennai, Krishnagiri, Tiruvannamalai, Dharmapuri, Salem, Erode, The Nilgiris, Namakkal, Perambalur, Coimbatore, Tiruchirappalli, Ariyalur, Tiruppur, Thanjavur, Karur, Thiruvarur, Dindigul, Madurai, Theni, Virudhunagar, Thoothukkudi, Kanniyakumari",Tamil Nadu,,,,,50.0,,,,50 persons died,"i)Damage to 300 houses reported ii)Several trees/electric poles uprooted causing disruption in vehicular traffic,power supply",IMD,,"589, 568, 577, 593, 571, 584, 573, 587, 580, 581, 569, 591, 610, 634, 586, 576, 590, 572, 578, 588, 597, 594, 575",33,2015-11-23,Nilgiris,Western Ghats,district-named,India_Flood_Inventory_v3.csv (IMD-sourced),ambiguous_generic,ambiguous,no regional-default applied (out of scope tonight -- only Wayanad/Idukki disambiguated)
4592,UEI-IMD-FL-2015-0097,01-12-2015 00:00,03-12-2015 00:00,3.0,heavy rains,," Thiruvallur, Chennai, Krishnagiri, Tiruvannamalai, Dharmapuri, Salem, Erode, The Nilgiris, Namakkal, Perambalur, Coimbatore, Tiruchirappalli, Ariyalur, Tiruppur, Thanjavur, Karur, Thiruvarur, Dindigul, Madurai, Theni, Virudhunagar, Thoothukkudi, Kanniyakumari",Tamil Nadu,,,,,17.0,,,,17 persons died,"i)Damage to crops reported ii)Damage to many houses reported iii)Several trees / electric poles uprooted causing disruption in vehicular traffic,power supply",IMD,,"589, 568, 577, 593, 571, 584, 573, 587, 580, 581, 569, 591, 610, 634, 586, 576, 590, 572, 578, 588, 597, 594, 575",33,2015-12-01,Nilgiris,Western Ghats,district-named,India_Flood_Inventory_v3.csv (IMD-sourced),ambiguous_generic,ambiguous,no regional-default applied (out of scope tonight -- only Wayanad/Idukki disambiguated)
4593,UEI-IMD-FL-2015-0098,08-12-2015 00:00,11-12-2015 00:00,4.0,heavy rains,," Thiruvallur, Chennai, Krishnagiri, Tiruvannamalai, Dharmapuri, Salem, Erode, The Nilgiris, Namakkal, Perambalur, Coimbatore, Tiruchirappalli, Ariyalur, Tiruppur, Thanjavur, Karur, Thiruvarur, Dindigul, Madurai, Theni, Virudhunagar, Thoothukkudi, Kanniyakumari",Tamil Nadu,,,,,30.0,,,1210.0,"30 persons died, 1210 cattle heads perished","i)Extensive damage to 25 hectares of Paddy crops reported ii)20,000 hectares of cotton plants submerged iii)Damage to 5,631 huts fully,331 huts partially reported iv)Damage to around 25 lakh vehicles reported",IMD,,"589, 568, 577, 593, 571, 584, 573, 587, 580, 581, 569, 591, 610, 634, 586, 576, 590, 572, 578, 588, 597, 594, 575",33,2015-12-08,Nilgiris,Western Ghats,district-named,India_Flood_Inventory_v3.csv (IMD-sourced),ambiguous_generic,ambiguous,no regional-default applied (out of scope tonight -- only Wayanad/Idukki disambiguated)
3027,UEI-IMD-FL-2001-0098,06-07-2001 00:00,06-07-2001 00:00,1.0,heavy rains,,"Uttar Kashi Kashi, Chamoli, Dehradun, Tehri Garhwal, Rudra Prayag, Pithoragarh, Bageshwar, Haridwar, Garhwal, Almora, Nainital, Champawat, Udam Singh Nagar",Uttarakhand,,,,,10.0,,,,10 tourists died due to landslide in Gomukh,(i) Landslides reported (ii)Many people stranded on the way; helped by India-Tibet border police,IMD,,"None, 47, 49, 55, 54, 53, 46, 50, 52, 45, 51, 48, 56",5,2001-07-06,Rudraprayag,NW Himalaya,district-named,India_Flood_Inventory_v3.csv (IMD-sourced),ambiguous_generic,ambiguous,no regional-default applied (out of scope tonight -- only Wayanad/Idukki disambiguated)
3028,UEI-IMD-FL-2001-0099,16-07-2001 00:00,16-07-2001 00:00,1.0,heavy rains,,"Uttar Kashi Kashi, Chamoli, Dehradun, Tehri Garhwal, Rudra Prayag, Pithoragarh, Bageshwar, Haridwar, Garhwal, Almora, Nainital, Champawat, Udam Singh Nagar",Uttarakhand,,,,,25.0,,,25.0,"(i)More than 25 pesons died,many other injured/missing due to landslides in Gupt Kashi,Gauri Kund area (ii) 25 cattle lost",(i) Landslides reported (ii) 26 houses damaged,IMD,,"None, 47, 49, 55, 54, 53, 46, 50, 52, 45, 51, 48, 56",5,2001-07-16,Rudraprayag,NW Himalaya,district-named,India_Flood_Inventory_v3.csv (IMD-sourced),ambiguous_generic,ambiguous,no regional-default applied (out of scope tonight -- only Wayanad/Idukki disambiguated)
3029,UEI-IMD-FL-2001-0100,18-07-2001 00:00,18-07-2001 00:00,1.0,heavy rains,,Rudra Prayag,Uttarakhand,,,,,26.0,,,30.0,(i)26 people died in landslides (ii)30 animals perished,"(i) Landslides reported (ii) 4 villages of Vyomguard,Fatta areas cut off (iii) 26 houses completely damaged (iv) Relief,rescue opeations assisted by Polica,Jawans of INdo-Tibet Border Security to remove debris (v) 850 Kedarnath pilgrims stranded between Gupt Kashi,Gauri Kund. traffic closed down on Dehra Dun-Chakrata,Tihri- over diversion, hampering supply of medicines, tents etc to the affected people",IMD,,54,5,2001-07-18,Rudraprayag,NW Himalaya,district-named,India_Flood_Inventory_v3.csv (IMD-sourced),ambiguous_generic,ambiguous,no regional-default applied (out of scope tonight -- only Wayanad/Idukki disambiguated)
3441,UEI-IMD-FL-2005-0148,14-07-2005 00:00,14-07-2005 00:00,1.0,heavy rains,,"Uttar Kashi Kashi, Chamoli, Dehradun, Tehri Garhwal, Rudra Prayag, Pithoragarh, Bageshwar, Haridwar, Garhwal, Almora
, Nainital, Champawat, Udam Singh Nagar","Uttar Pradesh, Uttarakhand",,,,,,,,,,"i) 500 vehicles stranded on Hrishikesh-Badrinath national highway,Rudraprayag-Kedarnath road due to landslide. ii) Electric/telephone services disrupted. ",IMD,,"None, 47, 49, 55, 54, 53, 46, 50, 52, 45, 51, 48, 56","9,5",2005-07-14,Rudraprayag,NW Himalaya,district-named,India_Flood_Inventory_v3.csv (IMD-sourced),ambiguous_generic,ambiguous,no regional-default applied (out of scope tonight -- only Wayanad/Idukki disambiguated)
3442,UEI-IMD-FL-2005-0149,21-07-2005 00:00,21-07-2005 00:00,1.0,heavy rains,,"Uttar Kashi Kashi, Chamoli, Dehradun, Tehri Garhwal, Rudra Prayag, Pithoragarh, Bageshwar, Haridwar, Garhwal, Almora
, Nainital, Champawat, Udam Singh Nagar","Uttar Pradesh, Uttarakhand",,,,,,,,,,"i) Normal life disrupted. ii) Vehicular traffic affected due to landslide,cloud burst. iii) Extensive damage to many houses reported. ",IMD,,"None, 47, 49, 55, 54, 53, 46, 50, 52, 45, 51, 48, 56","9,5",2005-07-21,Rudraprayag,NW Himalaya,district-named,India_Flood_Inventory_v3.csv (IMD-sourced),ambiguous_generic,ambiguous,no regional-default applied (out of scope tonight -- only Wayanad/Idukki disambiguated)
4271,UEI-IMD-FL-2012-0078,13-09-2012 00:00,13-09-2012 00:00,1.0,heavy rains (cloud burst),,Rudra Prayag,Uttarakhand,,,,,7.0,55.0,,,i) 7 persons died in house collapse. ii) About 40 persons missing. iii) About 15 others injured. ,"1) In Ukhimath area about 12 kachcha houses collapsed from 8 villages, ii) Landslides reported at national highways Hrishikesh-Badrinath,Hrishikesh-Gangotri. ",IMD,,54,5,2012-09-13,Rudraprayag,NW Himalaya,district-named,India_Flood_Inventory_v3.csv (IMD-sourced),flash_flood,flash_flood,explicit
4404,UEI-IMD-FL-2013-0131,14-06-2013 00:00,18-06-2013 00:00,5.0,"heavy to very rainfall/flash floods (saraswati,mandakini rivers,its tributaries triggered by very heavy rainfall,lake burst), cloudburst on jun16 &17 jun, massive landslides,avalanches reported at multiple places. ",,"Chamoli, Pithoragarh, Rudra Prayag,Uttar Kashi Kashi",Uttarakhand,,,,,5000.0,,,1000.0,"i) About 5,000 people- the locals, the pilgrims, the tourists, trakers died/missing. ii) More than thousand livestock perished. ","i) More than thousands of pilgrims of Char Dham on the Gangotri,Yamunotri routes, Hemkund, Roopkunda,tourists/trakers of Valley of flowers stranded. ii) Lakhs of people shifted to safer places. iii) Many roads including state highways, infrastructures, villages washed away/damaged. iv) Many Hydroelectric projects, houses, water schemes, bridges, commercial,residential buildings, hotels, rest houses, shops, temples, telephone towers, vehicles destroyed/ drifted in the floods of rivers. v) Damage to the cash crops especially apple crops reported.    ",IMD,,"47, 53, 54, None",5,2013-06-14,Rudraprayag,NW Himalaya,district-named,India_Flood_Inventory_v3.csv (IMD-sourced),flash_flood,flash_flood,explicit
5129,UEI-IMD-FL-2019-0150,07-04-2019 00:00,07-04-2019 00:00,1.0,Heavy rains,,Rudra Prayag,Uttarakhand,,,,,,,,,,Damage to water pipeline & 40-meter road reported in Sari Chamshil village of Augustmuni block.,IMD,,54,5,2019-04-07,Rudraprayag,NW Himalaya,district-named,India_Flood_Inventory_v3.csv (IMD-sourced),ambiguous_generic,ambiguous,no regional-default applied (out of scope tonight -- only Wayanad/Idukki disambiguated)
5131,UEI-IMD-FL-2019-0152,08-08-2019 00:00,08-09-2019 00:00,2.0,"Heavy rains, flash flood as a result of cloud burst",,"Chamoli, Garhwal, Rudra Prayag, Tehri Garhwal",Uttarakhand,,,,,5.0,5.0,,40.0,"Total 5 persons died. Chamoli �������� 2 including a woman & kid, Garhwal - One youth washed away in Alaknanda river, Tehri �������� 2. While, 5 persons severely injured in Tharthi village Tehri district. More than 40 livestock perished in Chamoli Dist.","i) Damage to agricultural land reported. ii) Damage to more than 230 houses, 50 shops, Twenty Four cowsheds reported. iii) Damage to 10 water mills, water supply lines reported. iv) Damage to more than two dozen local footbridges,about 60 connecting roads reported.",IMD,,"47, 52, 54, 55",5,2019-08-08,Rudraprayag,NW Himalaya,district-named,India_Flood_Inventory_v3.csv (IMD-sourced),flash_flood,flash_flood,explicit
6744,UEI-IMD-FL-2022-1098,19-07-2022 00:00,19-07-2022 00:00,1.0,Heavy rains,,Rudra Prayag,Uttarakhand,,,,,2.0,6.0,,,,,IMD,,54,5,2022-07-19,Rudraprayag,NW Himalaya,district-named,India_Flood_Inventory_v3.csv (IMD-sourced),ambiguous_generic,ambiguous,no regional-default applied (out of scope tonight -- only Wayanad/Idukki disambiguated)
7359,UEI-IMD-FL-2023-0574,25-06-2023 00:00,25-06-2023 00:00,1.0,Heavy rains,,Rudra Prayag,Uttarakhand,,,,,1.0,,,,,,IMD,,54,5,2023-06-25,Rudraprayag,NW Himalaya,district-named,India_Flood_Inventory_v3.csv (IMD-sourced),ambiguous_generic,ambiguous,no regional-default applied (out of scope tonight -- only Wayanad/Idukki disambiguated)
7365,UEI-IMD-FL-2023-0580,11-07-2023 00:00,11-07-2023 00:00,1.0,Heavy rains & Landslides,,Rudra Prayag,Uttarakhand,,,,,3.0,,,,,,IMD,,54,5,2023-07-11,Rudraprayag,NW Himalaya,district-named,India_Flood_Inventory_v3.csv (IMD-sourced),ambiguous_generic,ambiguous,no regional-default applied (out of scope tonight -- only Wayanad/Idukki disambiguated)
7367,UEI-IMD-FL-2023-0582,16-07-2023 00:00,16-07-2023 00:00,1.0,Heavy rains & Floods,,Rudra Prayag,Uttarakhand,,,,,,,,,,,IMD,,54,5,2023-07-16,Rudraprayag,NW Himalaya,district-named,India_Flood_Inventory_v3.csv (IMD-sourced),ambiguous_generic,ambiguous,no regional-default applied (out of scope tonight -- only Wayanad/Idukki disambiguated)
7368,UEI-IMD-FL-2023-0583,17-07-2023 00:00,17-07-2023 00:00,1.0,Heavy Rains & Floods,,Rudra Prayag,Uttarakhand,,,,,,14.0,,,,,IMD,,54,5,2023-07-17,Rudraprayag,NW Himalaya,district-named,India_Flood_Inventory_v3.csv (IMD-sourced),ambiguous_generic,ambiguous,no regional-default applied (out of scope tonight -- only Wayanad/Idukki disambiguated)
7369,UEI-IMD-FL-2023-0584,04-08-2023 00:00,04-08-2023 00:00,1.0,Massive Landslide,,Rudra Prayag,Uttarakhand,,,,,10.0,,13.0,,,,IMD,,54,5,2023-08-04,Rudraprayag,NW Himalaya,district-named,India_Flood_Inventory_v3.csv (IMD-sourced),landslide_only_not_flood_cause,landslide_only,explicit
7371,UEI-IMD-FL-2023-0586,07-08-2023 00:00,07-08-2023 00:00,1.0,Landslide,,Rudra Prayag,Uttarakhand,,,,,3.0,,17.0,,,,IMD,,54,5,2023-08-07,Rudraprayag,NW Himalaya,district-named,India_Flood_Inventory_v3.csv (IMD-sourced),landslide_only_not_flood_cause,landslide_only,explicit
7372,UEI-IMD-FL-2023-0587,09-08-2023 00:00,09-08-2023 00:00,1.0,Landslides,,Rudra Prayag,Uttarakhand,,,,,7.0,3.0,1.0,,,,IMD,,54,5,2023-08-09,Rudraprayag,NW Himalaya,district-named,India_Flood_Inventory_v3.csv (IMD-sourced),landslide_only_not_flood_cause,landslide_only,explicit
7374,UEI-IMD-FL-2023-0589,10-08-2023 00:00,10-08-2023 00:00,1.0,Landslide,,Rudra Prayag,Uttarakhand,,,,,5.0,,,,,,IMD,,54,5,2023-08-10,Rudraprayag,NW Himalaya,district-named,India_Flood_Inventory_v3.csv (IMD-sourced),landslide_only_not_flood_cause,landslide_only,explicit
819,UEI-IMD-FL-1979-0057,09-03-1979 00:00,09-03-1979 00:00,1.0,heavy rains,,Chamoli,Uttarakhand,,,,,,,,,,Number of houses heavily damaged in flash floods,IMD,,47,5,1979-03-09,Chamoli,NW Himalaya,district-named,India_Flood_Inventory_v3.csv (IMD-sourced),ambiguous_generic,ambiguous,no regional-default applied (out of scope tonight -- only Wayanad/Idukki disambiguated)
820,UEI-IMD-FL-1979-0058,08-07-1979 00:00,28-07-1979 00:00,21.0,severe floods ,,"Azamgarh, Bahraich, Ballia, Bara Banki, Basti, Chamoli, Dehradun, Deoria, Ayodhya, Gonda, Gorakhpur, Kheri,Sitapur","Uttar Pradesh, Uttarakhand",,,,,11.0,,,,11 human lives lost,"i)6.24 lakhs people in 3,600 villages affected ii)Crops in 99,014 hectares affected iii)3,641 houses damaged iv)Traffic dislocated",IMD,,"123, 125, 126, 129, 131, 47, 49, 137, 140, 514, 148, 159, 183","9,5",1979-07-08,Chamoli,NW Himalaya,district-named,India_Flood_Inventory_v3.csv (IMD-sourced),ambiguous_generic,ambiguous,no regional-default applied (out of scope tonight -- only Wayanad/Idukki disambiguated)
880,UEI-IMD-FL-1980-0057,08-07-1980 00:00,14-07-1980 00:00,7.0,"modern floods, flash floods, heavy rains",,"Chamoli, Tehri Garhwal , Uttar Kashi Kashi, Ballia, Pratapgarh, Dehradun","Uttar Pradesh, Uttarakhand",,,,,49.0,24.0,,,"4 persons swept away in floods,22 killed in landslides , 20 persons drowned in a boat capsize in swollen nullah , 3 persons killed in house collapse","i)Many houses washed away ii)Electrical lines damaged iii)Vehicular traffic to Badrinath-Kedarnath dislocated due to several breaches , 3 hydel power stations completely closed resulting in sudden drop in power supply , 500 houses damaged",IMD,,"47, 55, None, 126, 629, 49","9,5",1980-07-08,Chamoli,NW Himalaya,district-named,India_Flood_Inventory_v3.csv (IMD-sourced),flash_flood,flash_flood,explicit
960,UEI-IMD-FL-1981-0077,01-07-1981 00:00,31-07-1981 00:00,31.0,"rivers gomti, ghagra,tapti in floods",,"Mathura, Mainpuri, Aligarh, Pratapgarh, Sultanpur, Agra, Farrukhabad, Ballia, Gorakhpur, Bahraich, Azamgarh, Bara Banki,Chamoli","Uttar Pradesh, Uttarakhand",,,,,148.0,,,513.0,(i)148 people died (ii)513 cattle perished (iii)Several hundreds of birds perished,"(i)Population of 53 lacs in 6107 villages affected (ii)5504 villages water logged (iii)Hundreds of houses collapsed (iv)Number of houses damaged:54466 (v)Massive landslides caused due to heavy destruction in hilly areas (vi)Vehicular traffic snapped due to overflowing canals,breaches in the highways (vii)Damage to roads estimated at Rs. 1 crore (viii)More than 25000 hectares of land under water (ix)Kharif sowing severly affected (x)Total crop area affected :134742 hectares (xi) Total area affected: 7 lac hectares",IMD,,"167, 166, 119, 629, 185, 118, 141, 126, 148, 125, 123, 129, 47","9,5",1981-07-01,Chamoli,NW Himalaya,district-named,India_Flood_Inventory_v3.csv (IMD-sourced),riverine_flood,riverine_flood,explicit
1024,UEI-IMD-FL-1982-0052,08-08-1982 00:00,14-08-1982 00:00,7.0,flash floods in a nullah,,Chamoli,Uttarakhand,,,,,,5.0,,,5 persons drowned,4 houses washed away in Admala village (Karanprayag Tehsil),IMD,,47,5,1982-08-08,Chamoli,NW Himalaya,district-named,India_Flood_Inventory_v3.csv (IMD-sourced),flash_flood,flash_flood,explicit
1820,UEI-IMD-FL-1991-0100,15-08-1991 00:00,16-08-1991 00:00,2.0,heavy rains,,Chamoli,Uttarakhand,,,,,32.0,,,90.0,i)32 persons died ii)90 cattleheads perished,"i)6 villages affected ii)40 hectares of agricultural land submerged iii)96 houses completely,146 partially collapsed",IMD,,47,5,1991-08-15,Chamoli,NW Himalaya,district-named,India_Flood_Inventory_v3.csv (IMD-sourced),ambiguous_generic,ambiguous,no regional-default applied (out of scope tonight -- only Wayanad/Idukki disambiguated)
3027,UEI-IMD-FL-2001-0098,06-07-2001 00:00,06-07-2001 00:00,1.0,heavy rains,,"Uttar Kashi Kashi, Chamoli, Dehradun, Tehri Garhwal, Rudra Prayag, Pithoragarh, Bageshwar, Haridwar, Garhwal, Almora, Nainital, Champawat, Udam Singh Nagar",Uttarakhand,,,,,10.0,,,,10 tourists died due to landslide in Gomukh,(i) Landslides reported (ii)Many people stranded on the way; helped by India-Tibet border police,IMD,,"None, 47, 49, 55, 54, 53, 46, 50, 52, 45, 51, 48, 56",5,2001-07-06,Chamoli,NW Himalaya,district-named,India_Flood_Inventory_v3.csv (IMD-sourced),ambiguous_generic,ambiguous,no regional-default applied (out of scope tonight -- only Wayanad/Idukki disambiguated)
3028,UEI-IMD-FL-2001-0099,16-07-2001 00:00,16-07-2001 00:00,1.0,heavy rains,,"Uttar Kashi Kashi, Chamoli, Dehradun, Tehri Garhwal, Rudra Prayag, Pithoragarh, Bageshwar, Haridwar, Garhwal, Almora, Nainital, Champawat, Udam Singh Nagar",Uttarakhand,,,,,25.0,,,25.0,"(i)More than 25 pesons died,many other injured/missing due to landslides in Gupt Kashi,Gauri Kund area (ii) 25 cattle lost",(i) Landslides reported (ii) 26 houses damaged,IMD,,"None, 47, 49, 55, 54, 53, 46, 50, 52, 45, 51, 48, 56",5,2001-07-16,Chamoli,NW Himalaya,district-named,India_Flood_Inventory_v3.csv (IMD-sourced),ambiguous_generic,ambiguous,no regional-default applied (out of scope tonight -- only Wayanad/Idukki disambiguated)
3282,UEI-IMD-FL-2004-0064,06-07-2004 00:00,06-07-2004 00:00,1.0,heavy rains(cloud burst),,Chamoli,Uttarakhand,,,,,31.0,28.0,,,"31 pilgrims died,28 others injured when 3 vehicles carrying them swamped into the Alakhanda river due to massive landslide triggered by a cloud burst","(i)Landslide reported (ii)3 vehicles washed away (iii)More than 5000 pilgrims stranded as severe damage to road reported near Lambagar (iv) Bad weather hampered rescue,relief work",IMD,,47,5,2004-07-06,Chamoli,NW Himalaya,district-named,India_Flood_Inventory_v3.csv (IMD-sourced),flash_flood,flash_flood,explicit
3439,UEI-IMD-FL-2005-0146,30-06-2005 00:00,30-06-2005 00:00,1.0,heavy rains,,Chamoli,Uttarakhand,,,,,9.0,,,,9 persons died due to landslide.,,IMD,,47,5,2005-06-30,Chamoli,NW Himalaya,district-named,India_Flood_Inventory_v3.csv (IMD-sourced),ambiguous_generic,ambiguous,no regional-default applied (out of scope tonight -- only Wayanad/Idukki disambiguated)
3441,UEI-IMD-FL-2005-0148,14-07-2005 00:00,14-07-2005 00:00,1.0,heavy rains,,"Uttar Kashi Kashi, Chamoli, Dehradun, Tehri Garhwal, Rudra Prayag, Pithoragarh, Bageshwar, Haridwar, Garhwal, Almora
, Nainital, Champawat, Udam Singh Nagar","Uttar Pradesh, Uttarakhand",,,,,,,,,,"i) 500 vehicles stranded on Hrishikesh-Badrinath national highway,Rudraprayag-Kedarnath road due to landslide. ii) Electric/telephone services disrupted. ",IMD,,"None, 47, 49, 55, 54, 53, 46, 50, 52, 45, 51, 48, 56","9,5",2005-07-14,Chamoli,NW Himalaya,district-named,India_Flood_Inventory_v3.csv (IMD-sourced),ambiguous_generic,ambiguous,no regional-default applied (out of scope tonight -- only Wayanad/Idukki disambiguated)
3442,UEI-IMD-FL-2005-0149,21-07-2005 00:00,21-07-2005 00:00,1.0,heavy rains,,"Uttar Kashi Kashi, Chamoli, Dehradun, Tehri Garhwal, Rudra Prayag, Pithoragarh, Bageshwar, Haridwar, Garhwal, Almora
, Nainital, Champawat, Udam Singh Nagar","Uttar Pradesh, Uttarakhand",,,,,,,,,,"i) Normal life disrupted. ii) Vehicular traffic affected due to landslide,cloud burst. iii) Extensive damage to many houses reported. ",IMD,,"None, 47, 49, 55, 54, 53, 46, 50, 52, 45, 51, 48, 56","9,5",2005-07-21,Chamoli,NW Himalaya,district-named,India_Flood_Inventory_v3.csv (IMD-sourced),ambiguous_generic,ambiguous,no regional-default applied (out of scope tonight -- only Wayanad/Idukki disambiguated)
4270,UEI-IMD-FL-2012-0077,04-08-2012 00:00,04-08-2012 00:00,1.0,heavy rains (cloud burst) ,,Chamoli,Uttarakhand,,,,,7.0,20.0,,,"i) One child washed away. ii) 2 children died in a house collapse. iii) 3 jawans of the fire brigade,2 others died in Gangitri. iv) 19 labours missing from Assi Ganga Hydel project. ",i) Landslides reported.ii) About 30 houses washed away. iii) Gangotri bridge collapsed. iv) Pilgrims of Badrinath-Kedarnath stranded.  v) About 250 falilies shifted to safer places. ,IMD,,47,5,2012-08-04,Chamoli,NW Himalaya,district-named,India_Flood_Inventory_v3.csv (IMD-sourced),flash_flood,flash_flood,explicit
4404,UEI-IMD-FL-2013-0131,14-06-2013 00:00,18-06-2013 00:00,5.0,"heavy to very rainfall/flash floods (saraswati,mandakini rivers,its tributaries triggered by very heavy rainfall,lake burst), cloudburst on jun16 &17 jun, massive landslides,avalanches reported at multiple places. ",,"Chamoli, Pithoragarh, Rudra Prayag,Uttar Kashi Kashi",Uttarakhand,,,,,5000.0,,,1000.0,"i) About 5,000 people- the locals, the pilgrims, the tourists, trakers died/missing. ii) More than thousand livestock perished. ","i) More than thousands of pilgrims of Char Dham on the Gangotri,Yamunotri routes, Hemkund, Roopkunda,tourists/trakers of Valley of flowers stranded. ii) Lakhs of people shifted to safer places. iii) Many roads including state highways, infrastructures, villages washed away/damaged. iv) Many Hydroelectric projects, houses, water schemes, bridges, commercial,residential buildings, hotels, rest houses, shops, temples, telephone towers, vehicles destroyed/ drifted in the floods of rivers. v) Damage to the cash crops especially apple crops reported.    ",IMD,,"47, 53, 54, None",5,2013-06-14,Chamoli,NW Himalaya,district-named,India_Flood_Inventory_v3.csv (IMD-sourced),flash_flood,flash_flood,explicit
4728,UEI-IMD-FL-2016-0126,08-05-2016 00:00,08-05-2016 00:00,1.0,landslide,,Chamoli,Uttarakhand,,,,,,,,,,i) Damage to more than 10 houses reported ii) Damage to more than half dozen vehicles reported.,IMD,,47,5,2016-05-08,Chamoli,NW Himalaya,district-named,India_Flood_Inventory_v3.csv (IMD-sourced),landslide_only_not_flood_cause,landslide_only,explicit
4731,UEI-IMD-FL-2016-0129,03-07-2016 00:00,03-07-2016 00:00,1.0,cloud burst,,"Chamoli, Pithoragarh",Uttarakhand,,,,,20.0,12.0,,,20 persons died & 12 others missing.,i) 150 families affected ii) 4 houses fully & 12 houses partially damaged.,IMD,,"47, 53",5,2016-07-03,Chamoli,NW Himalaya,district-named,India_Flood_Inventory_v3.csv (IMD-sourced),flash_flood,flash_flood,explicit
4857,UEI-IMD-FL-2017-0120,20-05-2017 00:00,20-05-2017 00:00,1.0,Landslide,,Chamoli,Uttarakhand,,,,,13.0,,,,13 Char Dham Pilgrims died.,Thousands of Pilgrims stranded,IMD,,47,5,2017-05-20,Chamoli,NW Himalaya,district-named,India_Flood_Inventory_v3.csv (IMD-sourced),landslide_only_not_flood_cause,landslide_only,explicit
5126,UEI-IMD-FL-2019-0147,06-02-2019 00:00,06-02-2019 00:00,1.0,Flash floods,,"Almora, Chamoli",Uttarakhand,,,,,1.0,,1.0,,One shepherd died due to flash floods in local Gangani stream from Lam Bagar areas in Mahelchouri of Chamoli Dist. While one person missing from Khira village in Chaukhatiya block of Almora Dist. Some cattle heads washed away from Almora Dist.,"i) Damage to agricultural land reported. ii) Damage to several houses, cowsheds reported. iii) Damage to main roads,local bridges reported. iv) Large-scale destruction in Gangnahar, Lambagad, Ramgaderi, Bisht Bhankhli,Negi Bankhali villages reported. v) The Mahelchouri-Chaukhatiya highway blocked due to the debris.",IMD,,"45, 47",5,2019-02-06,Chamoli,NW Himalaya,district-named,India_Flood_Inventory_v3.csv (IMD-sourced),flash_flood,flash_flood,explicit
5130,UEI-IMD-FL-2019-0151,08-06-2019 00:00,08-06-2019 00:00,1.0,Heavy rains & flash flood as a result of cloud burst,,"Chamoli, Garhwal, Uttar Kashi Kashi",Uttarakhand,,,,,,,,,,"i) Damage to 11 bridges reported. ii) Damage to a school building from Pathar Katta village of Gairsain area reported. iii) Severe damage to properties in Chad a local nullah reported. iv) Damage to 4 cowsheds reported. v) Thousands of visitors stranded as Rishikesh-Badrinath highway at Lambagad was blocked. In addition, several other motor roads in Chamoli, Uttarkashi,Pauri districts affected.",IMD,,"47, 52, None",5,2019-06-08,Chamoli,NW Himalaya,district-named,India_Flood_Inventory_v3.csv (IMD-sourced),flash_flood,flash_flood,explicit
5131,UEI-IMD-FL-2019-0152,08-08-2019 00:00,08-09-2019 00:00,2.0,"Heavy rains, flash flood as a result of cloud burst",,"Chamoli, Garhwal, Rudra Prayag, Tehri Garhwal",Uttarakhand,,,,,5.0,5.0,,40.0,"Total 5 persons died. Chamoli �������� 2 including a woman & kid, Garhwal - One youth washed away in Alaknanda river, Tehri �������� 2. While, 5 persons severely injured in Tharthi village Tehri district. More than 40 livestock perished in Chamoli Dist.","i) Damage to agricultural land reported. ii) Damage to more than 230 houses, 50 shops, Twenty Four cowsheds reported. iii) Damage to 10 water mills, water supply lines reported. iv) Damage to more than two dozen local footbridges,about 60 connecting roads reported.",IMD,,"47, 52, 54, 55",5,2019-08-08,Chamoli,NW Himalaya,district-named,India_Flood_Inventory_v3.csv (IMD-sourced),flash_flood,flash_flood,explicit
5132,UEI-IMD-FL-2019-0153,08-12-2019 00:00,08-12-2019 00:00,1.0,"Heavy rains, flash floods & Landslide",,"Bageshwar, Chamoli",Uttarakhand,,,,,6.0,,,,6 persons died in Ghat block of Chamoli district.,"i) Damage to farmlands reported. ii) Damage to drinking water pipelines reported. iii) Damage to Several houses, cowsheds, shops reported. iv) Landslide occurred at Aali, Lankhi & Banjba Gad villages from Chamoli Dist. reported. v) Parts of Katyur valley of Bageshwar Dist. affected.",IMD,,"46, 47",5,2019-12-08,Chamoli,NW Himalaya,district-named,India_Flood_Inventory_v3.csv (IMD-sourced),flash_flood,flash_flood,explicit
5135,UEI-IMD-FL-2019-0156,09-06-2019 00:00,09-08-2019 00:00,3.0,Heavy rains & flash flood as a result of cloud burst,,"Chamoli, Pithoragarh",Uttarakhand,,,,,1.0,3.0,,6.0,One person died & 3 others injured & about half a dozen livestock perished from Timtia village of Nachni area in Munsyari tehsil of Pithoragarh Dist. on 7th early morning. Several persons injured from Gundam village of Tharali Tehsil in Chamoli district.,"i) Damage to several acres of farmland reported. ii) Damage to a portion of inter college reported. iii) Damage to several houses, cowsheds reported. iv) Damage to several roads including 60-meter stretch of Thal-Munsyari highway, 30 meters stretch of Badrinath highway reported due to which thousands of pilgrims stranded at different locations. v) More than 40 vehicles washed away. vi) 2 water mills were washed away. vii) The electricity,communication services disrupted.",IMD,,"47, 53",5,2019-06-09,Chamoli,NW Himalaya,district-named,India_Flood_Inventory_v3.csv (IMD-sourced),flash_flood,flash_flood,explicit
5296,UEI-IMD-FL-2020-0140,25-08-2020 00:00,25-08-2020 00:00,1.0,Heavy Rains & Cloud Burst,,Chamoli,Uttarakhand,,,,,1.0,3.0,,,One junior Engineer died & other 3 severely injured in Pokhari area of Thali Ansari village due to wall collapsed.,i) Extensive damage to Panchayat Ghar reported. ii) The Rishikesh-Gangotri National Highway in Uttarakhand is blocked near Narendra Nagar,IMD,,47,5,2020-08-25,Chamoli,NW Himalaya,district-named,India_Flood_Inventory_v3.csv (IMD-sourced),flash_flood,flash_flood,explicit
5615,UEI-IMD-FL-2021-0306,07-02-2021 00:00,07-02-2021 00:00,1.0,Nandadevi Glacier breaks off at Joshimath,,Chamoli,Uttarakhand,,,,,70.0,,205.0,,,,IMD,,47,5,2021-02-07,Chamoli,NW Himalaya,district-named,India_Flood_Inventory_v3.csv (IMD-sourced),flash_flood,flash_flood,explicit
5618,UEI-IMD-FL-2021-0309,11-07-2021 00:00,11-07-2021 00:00,1.0,Landslide,,Chamoli ,Uttarakhand,,,,,3.0,,,,,,IMD,,47,5,2021-07-11,Chamoli,NW Himalaya,district-named,India_Flood_Inventory_v3.csv (IMD-sourced),landslide_only_not_flood_cause,landslide_only,explicit
5621,UEI-IMD-FL-2021-0312,16-10-2021 00:00,19-10-2021 00:00,4.0,"Heavy Rain, Landslides & Floods",,"Almora, Bageshwar, Chamoli, Champawat, Nainital, Garhwal, Pithoragarh, Udam Singh Nagar",Uttarakhand,,,,,52.0,17.0,5.0,,,,IMD,,"45, 46, 47, 48, 51, 52, 53, 56",5,2021-10-16,Chamoli,NW Himalaya,district-named,India_Flood_Inventory_v3.csv (IMD-sourced),ambiguous_generic,ambiguous,no regional-default applied (out of scope tonight -- only Wayanad/Idukki disambiguated)
7366,UEI-IMD-FL-2023-0581,16-07-2023 00:00,16-07-2023 00:00,1.0,Heavy rains & Floods,,Chamoli,Uttarakhand,,,,,5.0,,,,,,IMD,,47,5,2023-07-16,Chamoli,NW Himalaya,district-named,India_Flood_Inventory_v3.csv (IMD-sourced),ambiguous_generic,ambiguous,no regional-default applied (out of scope tonight -- only Wayanad/Idukki disambiguated)
7377,UEI-IMD-FL-2023-0592,15-08-2023 00:00,15-08-2023 00:00,1.0,Heavy Rains,,Chamoli,Uttarakhand,,,,,,3.0,4.0,,,,IMD,,47,5,2023-08-15,Chamoli,NW Himalaya,district-named,India_Flood_Inventory_v3.csv (IMD-sourced),ambiguous_generic,ambiguous,no regional-default applied (out of scope tonight -- only Wayanad/Idukki disambiguated)
7418,UEI-IMD-FL-2023-0633,26-08-2023 00:00,26-08-2023 00:00,1.0,Heavy Rains & Floods,,Chamoli,Uttarakhand,,,,,2.0,,,,,,IMD,,47,5,2023-08-26,Chamoli,NW Himalaya,district-named,India_Flood_Inventory_v3.csv (IMD-sourced),ambiguous_generic,ambiguous,no regional-default applied (out of scope tonight -- only Wayanad/Idukki disambiguated)
578,UEI-IMD-FL-1969-0004,02-08-1969 00:00,03-08-1969 00:00,2.0,heavy rains,,"Lahul And Spiti, Chamba, Kangra, Kullu, Mandi, Kinnaur, Una, Shimla, Solan, Sirmaur, Hamirpur, Bilaspur, Amroha, Hapur, Bareilly, Pilibhit, Bulandshahr, Gautam Buddha Nagar, Kheri, Budaun, Bahraich, Shahjahanpur, Aligarh, Kasganj, Mathura, SShrawasti, Sitapur, Hathras, Etah, Hardoi, Farrukhabad, Firozabad, Siddharthnagar, Mainpuri, Mahrajganj, Agra, Gonda, Bara Banki, Kushinagar, Kannauj, Lucknow, Basti, Gorakhpur, Sant Kabir Nagar, Unnao, Etawah, Kanpur nagar Nagar, Auraiya, Ayodhya, Kanpur nagar Dehat, Deoria, Sultanpur, Ambedkar Nagar, Rae Bareli, Jalaun, Azamgarh, Mau, Fatehpur, Ballia, Jaunpur, Jhansi, Banda, Ghazipurr, Kaushambi, Prayagraj, Varanasi, Chitrakoot, Chandauli, Bhadohi, Mirzapur, Lalitpur, Sonbhadra, Amethi, Ghaziabad, Sambhal, Mahoba, Saharanpur, Bijnor, Muzaffarnagar, Baghpat, Meerut, Moradabad, Rampur, Shamli, Balrampur, Hamirpur, Pratapgarh","Himachal Pradesh, Uttar Pradesh",,,,,,,,,,"Disrupted telecommunications,road traffic in the Mandi region of Himachal Pradesh,caused floods in the Beas,Ravi inundating vast areas in Hoshiarpur. Kapurthala,Gurdaspur district of Punjab",IMD,,"21, 16, 18, 20, 22, 19, 448, 23, 25, 24, 17, 375, 154, 502, 130, 173, 134, 144, 159, 133, 125, 180, 119, 633, 167, None, 183, 163, 138, 150, 141, 143, 182, 166, 164, 118, 514, 129, 160, 155, 162, 131, 148, 178, 186, 139, None, 122, 140, None, 137, 185, 121, 175, 151, 123, 24, 142, 126, 152, 153, 456, None, 158, 120, 187, 136, 135, 179, 170, 161, 184, 640, 145, 659, 165, 177, 132, 172, 124, 169, 171, 649, 660, 649, 17, 629","2,9",1969-08-02,Kullu,NW Himalaya,district-named,India_Flood_Inventory_v3.csv (IMD-sourced),ambiguous_generic,ambiguous,no regional-default applied (out of scope tonight -- only Wayanad/Idukki disambiguated)
984,UEI-IMD-FL-1982-0012,15-04-1982 00:00,28-04-1982 00:00,14.0,heavy rains (seasonal),,"Bilaspur, Kangra, Manali, Mandi, Shimla",Himachal Pradesh,,,,,,,,,,"Harvested,ready for harvest, wheat crop damaged.",IMD,,"375, 18, None, 22, 23",2,1982-04-15,Kullu,NW Himalaya,"town-level (Manali only, no 'Kullu' district string)",India_Flood_Inventory_v3.csv (IMD-sourced),ambiguous_generic,ambiguous,no regional-default applied (out of scope tonight -- only Wayanad/Idukki disambiguated)
1067,UEI-IMD-FL-1983-0033,05-09-1983 00:00,10-09-1983 00:00,6.0,severe(flash flooding),,"Kangra,Kullu",Himachal Pradesh,,,,,2.0,9.0,,,"(i) 9 persons washed away in Ghrali nullah in Nurpur sub division of Kangra dist (ii)2 persons killed in Kulu,Manali","(i)A railway bridge near Jasur washed away disrupting rail traffic between Pathankot,Jogindernagat (ii)A petrol pump,some shops in Jasur town washed away (iii)More than 2000 boxes of apple washed away. Total loss estimated to be Rs. 80 lakh (iv)The loss to the soil conservation wing of the state forest dept. estimated to be Rs. 80 lakh (v) Kulu-Manali road damaged at several places ",IMD,,"18, 20",2,1983-09-05,Kullu,NW Himalaya,district-named,India_Flood_Inventory_v3.csv (IMD-sourced),flash_flood,flash_flood,explicit
1068,UEI-IMD-FL-1983-0034,14-10-1983 00:00,20-10-1983 00:00,7.0,heavy rains,,Kullu,Himachal Pradesh,,,,,4.0,100.0,,,"4 perons killed,100 others missing or stranded in th Rohtang pass area.","The area cut off from the rest of the state,all tyhe vehicular traffic blocked across the pass.",IMD,,20,2,1983-10-14,Kullu,NW Himalaya,district-named,India_Flood_Inventory_v3.csv (IMD-sourced),ambiguous_generic,ambiguous,no regional-default applied (out of scope tonight -- only Wayanad/Idukki disambiguated)
1266,UEI-IMD-FL-1985-0016,14-07-1985 00:00,16-07-1985 00:00,3.0,heavy rains,,"Lahul And Spiti, Chamba, Kangra, Kullu, Mandi, Kinnaur, Una, Shimla, Solan, Sirmaur, Hamirpur, Bilaspur",Himachal Pradesh,,,,,,,,,,"Telecommunication link,power supply disrupted",IMD,,"21, 16, 18, 20, 22, 19, 448, 23, 25, 24, 17, 375",2,1985-07-14,Kullu,NW Himalaya,district-named,India_Flood_Inventory_v3.csv (IMD-sourced),ambiguous_generic,ambiguous,no regional-default applied (out of scope tonight -- only Wayanad/Idukki disambiguated)
1348,UEI-IMD-FL-1986-0024,24-07-1986 00:00,31-07-1986 00:00,8.0,heavy rains,,"Lahul And Spiti, Chamba, Kangra, Kullu, Mandi, Kinnaur, Una, Shimla, Solan, Sirmaur, Hamirpur, Bilaspur",Himachal Pradesh,,,,,,,,,,"i)Hamirpur,Kangra districts worst affected ii)Large no. of mud houses damaged iii)Extensive damage to crop,property reported",IMD,,"21, 16, 18, 20, 22, 19, 448, 23, 25, 24, 17, 375",2,1986-07-24,Kullu,NW Himalaya,district-named,India_Flood_Inventory_v3.csv (IMD-sourced),ambiguous_generic,ambiguous,no regional-default applied (out of scope tonight -- only Wayanad/Idukki disambiguated)
1476,UEI-IMD-FL-1988-0023,01-07-1988 00:00,14-08-1988 00:00,45.0,severe,,"Lahul And Spiti, Chamba, Kangra, Kullu, Mandi, Kinnaur, Una, Shimla, Solan, Sirmaur, Hamirpur, Bilaspur",Himachal Pradesh,,,,,38.0,,,719.0,i)38 persons died ii)719 cattleheads perished,"i)1,511 houses damaged while 250 houses washed away ii)Public property worth Rs. 14.60 crore damaged iii)In Hamirpur 60% Maize crop destroyed iv)Kulu, Mandi,Shimla completely cut-off from the rest of the country v)Extensive damage to roads reported vi)Railway,vehicular traffic suspended. Hundreds of vehicles stranded at various places vii)Railway traffic in Shimla-Kalka section remained suspended due to washing away of a bridge in Guma-Koti section viii)Some equipment of Chamba Project washed away ix)3 luxury buses,1 jeep in the workshop of Tourist Dept. washed away. Loss estimated Rs. 30 lakhs ",IMD,,"21, 16, 18, 20, 22, 19, 448, 23, 25, 24, 17, 375",2,1988-07-01,Kullu,NW Himalaya,district-named,India_Flood_Inventory_v3.csv (IMD-sourced),ambiguous_generic,ambiguous,no regional-default applied (out of scope tonight -- only Wayanad/Idukki disambiguated)
1477,UEI-IMD-FL-1988-0024,22-09-1988 00:00,28-09-1988 00:00,7.0,severe,,"Bilaspur, Chamba, Kangra, Kullu, Shimla,Una",Himachal Pradesh,,,,,32.0,,,,32 persons died,"i)Una district worst affected ii)Hundreds of people rendered homeless iii)2000 people,a large number of cattleheads marooned in Pongdam area iv)Chamba, Kinnaur, Lahul-Spiti,Manali remained cut-off from the rest of the country",IMD,,"375, 16, 18, 20, 23, 448",2,1988-09-22,Kullu,NW Himalaya,district-named,India_Flood_Inventory_v3.csv (IMD-sourced),ambiguous_generic,ambiguous,no regional-default applied (out of scope tonight -- only Wayanad/Idukki disambiguated)
1570,UEI-IMD-FL-1989-0012,25-07-1989 00:00,02-08-1989 00:00,9.0,severe,,"Lahul And Spiti, Chamba, Kangra, Kullu, Mandi, Kinnaur, Una, Shimla, Solan, Sirmaur, Hamirpur, Bilaspur",Himachal Pradesh,,,,,53.0,,,,i)50 person died in a landslide about 52kms from Shimla on Hindustan Tibet road ii)3 persons died in a Kachchha house collapsed in Shimla district,"i) Kinnaur district cut off by road from Shimla due to major 'landslide. ii)Low lying areas on the side of river bank inundated by flood water iii)Communication system,power supply badly affected iv)Vayudoot flight on Delhi-Kullu route suspended v)100 metre stretch of Hindusthan-Tibet road buried under the debries of boulders of rocks.",IMD,,"21, 16, 18, 20, 22, 19, 448, 23, 25, 24, 17, 375",2,1989-07-25,Kullu,NW Himalaya,district-named,India_Flood_Inventory_v3.csv (IMD-sourced),ambiguous_generic,ambiguous,no regional-default applied (out of scope tonight -- only Wayanad/Idukki disambiguated)
1637,UEI-IMD-FL-1990-0019,05-08-1990 00:00,07-08-1990 00:00,3.0,heavy rains,,"Lahul And Spiti, Chamba, Kangra, Kullu, Mandi, Kinnaur, Una, Shimla, Solan, Sirmaur, Hamirpur, Bilaspur",Himachal Pradesh,,,,,26.0,,,,26 persons died,"i)Extensive damage to standing crop reported ii)Shimla,surrounding area submerged under water",IMD,,"21, 16, 18, 20, 22, 19, 448, 23, 25, 24, 17, 375",2,1990-08-05,Kullu,NW Himalaya,district-named,India_Flood_Inventory_v3.csv (IMD-sourced),ambiguous_generic,ambiguous,no regional-default applied (out of scope tonight -- only Wayanad/Idukki disambiguated)
1865,UEI-IMD-FL-1992-0019,17-08-1992 00:00,17-08-1992 00:00,1.0,heavy rains,,"Lahul And Spiti, Chamba, Kangra, Kullu, Mandi, Kinnaur, Una, Shimla, Solan, Sirmaur, Hamirpur, Bilaspur",Himachal Pradesh,,,,,2.0,,,,2 persons died,"i)Normal life completely paralysed ii)Vehicular traffic,telecommunication services disrupted",IMD,,"21, 16, 18, 20, 22, 19, 448, 23, 25, 24, 17, 375",2,1992-08-17,Kullu,NW Himalaya,district-named,India_Flood_Inventory_v3.csv (IMD-sourced),ambiguous_generic,ambiguous,no regional-default applied (out of scope tonight -- only Wayanad/Idukki disambiguated)
1866,UEI-IMD-FL-1992-0020,20-08-1992 00:00,20-08-1992 00:00,1.0,heavy rains,,"Lahul And Spiti, Chamba, Kangra, Kullu, Mandi, Kinnaur, Una, Shimla, Solan, Sirmaur, Hamirpur, Bilaspur",Himachal Pradesh,,,,,1.0,,,,1 person died,"i)320km. long Hindustan-Tibet road blocked beyond Tapri due to landslide ii)Vayudoot flights on Delhi-Shimla,Shimla-Kalka route suspended",IMD,,"21, 16, 18, 20, 22, 19, 448, 23, 25, 24, 17, 375",2,1992-08-20,Kullu,NW Himalaya,district-named,India_Flood_Inventory_v3.csv (IMD-sourced),ambiguous_generic,ambiguous,no regional-default applied (out of scope tonight -- only Wayanad/Idukki disambiguated)
1952,UEI-IMD-FL-1993-0016,08-07-1993 00:00,12-07-1993 00:00,5.0,severe flood,,"Lahul And Spiti, Chamba, Kangra, Kullu, Mandi, Kinnaur, Una, Shimla, Solan, Sirmaur, Hamirpur, Bilaspur",Himachal Pradesh,,,,,58.0,,,12090.0,(i) 58 persons died. (1) 12 090 cattleheads perished..,"() 4,557 houses completely damaged. (ii) 26,400 acres of agricultural land submerged. (ii) 26,400 acres of agriculum (iii) Several routes,bridges badly damaged. (iv) Public utilities worth Rs. 250 crores damaged.",IMD,,"21, 16, 18, 20, 22, 19, 448, 23, 25, 24, 17, 375",2,1993-07-08,Kullu,NW Himalaya,district-named,India_Flood_Inventory_v3.csv (IMD-sourced),ambiguous_generic,ambiguous,no regional-default applied (out of scope tonight -- only Wayanad/Idukki disambiguated)
2054,UEI-IMD-FL-1994-0021,11-07-1994 00:00,11-07-1994 00:00,1.0,cloud burst,,Kullu,Himachal Pradesh,,,,,70.0,,,,70 persons died,,IMD,,20,2,1994-07-11,Kullu,NW Himalaya,district-named,India_Flood_Inventory_v3.csv (IMD-sourced),flash_flood,flash_flood,explicit
2055,UEI-IMD-FL-1994-0022,15-07-1994 00:00,15-07-1994 00:00,1.0,cloud burst,,Kullu,Himachal Pradesh,,,,,,,,,,"Thousands of people stranded due to road blockade between Kothi,Gulaba on Manali-Kyelong road",IMD,,20,2,1994-07-15,Kullu,NW Himalaya,district-named,India_Flood_Inventory_v3.csv (IMD-sourced),flash_flood,flash_flood,explicit
2059,UEI-IMD-FL-1994-0026,07-08-1994 00:00,07-08-1994 00:00,1.0,heavy rains,,Kullu,Himachal Pradesh,,,,,,2.0,,,2 persons drowned in the swollen Bias,,IMD,,20,2,1994-08-07,Kullu,NW Himalaya,district-named,India_Flood_Inventory_v3.csv (IMD-sourced),ambiguous_generic,ambiguous,no regional-default applied (out of scope tonight -- only Wayanad/Idukki disambiguated)
2060,UEI-IMD-FL-1994-0027,10-08-1994 00:00,10-08-1994 00:00,1.0,cloud burst,,Kullu,Himachal Pradesh,,,,,15.0,,,,15 persons washed away in a flooded nullah near Katrain,"3 houses, 2 low sheds, 3 shops, 5 water mills,16 khokas washed away",IMD,,20,2,1994-08-10,Kullu,NW Himalaya,district-named,India_Flood_Inventory_v3.csv (IMD-sourced),flash_flood,flash_flood,explicit
2061,UEI-IMD-FL-1994-0028,11-08-1994 00:00,11-08-1994 00:00,1.0,flash flood,,Kullu,Himachal Pradesh,,,,,11.0,,,,11 persons washed away in flash flood at Faujal near Katrain,,IMD,,20,2,1994-08-11,Kullu,NW Himalaya,district-named,India_Flood_Inventory_v3.csv (IMD-sourced),flash_flood,flash_flood,explicit
2063,UEI-IMD-FL-1994-0030,23-08-1994 00:00,23-08-1994 00:00,1.0,cloud burst,,Kullu,Himachal Pradesh,,,,,15.0,2.0,,,"15 persons died,2 other injured",,IMD,,20,2,1994-08-23,Kullu,NW Himalaya,district-named,India_Flood_Inventory_v3.csv (IMD-sourced),flash_flood,flash_flood,explicit
2185,UEI-IMD-FL-1995-0028,05-07-1995 00:00,05-07-1995 00:00,1.0,heavy rains,,"Lahul And Spiti, Chamba, Kangra, Kullu, Mandi, Kinnaur, Una, Shimla, Solan, Sirmaur, Hamirpur, Bilaspur",Himachal Pradesh,,,,,2.0,,,6.0,i)2 children died due to house collapse ii)6 cattleheads perished,15 houses destroyed,IMD,,"21, 16, 18, 20, 22, 19, 448, 23, 25, 24, 17, 375",2,1995-07-05,Kullu,NW Himalaya,district-named,India_Flood_Inventory_v3.csv (IMD-sourced),ambiguous_generic,ambiguous,no regional-default applied (out of scope tonight -- only Wayanad/Idukki disambiguated)
2186,UEI-IMD-FL-1995-0029,09-07-1995 00:00,12-07-1995 00:00,4.0,heavy rains,,"Lahul And Spiti, Chamba, Kangra, Kullu, Mandi, Kinnaur, Una, Shimla, Solan, Sirmaur, Hamirpur, Bilaspur",Himachal Pradesh,,,,,7.0,,,,7 persons including 4 children died,Vehicular traffic disrupted due to landslide on Kullu-Mandi highway,IMD,,"21, 16, 18, 20, 22, 19, 448, 23, 25, 24, 17, 375",2,1995-07-09,Kullu,NW Himalaya,district-named,India_Flood_Inventory_v3.csv (IMD-sourced),ambiguous_generic,ambiguous,no regional-default applied (out of scope tonight -- only Wayanad/Idukki disambiguated)
2187,UEI-IMD-FL-1995-0030,18-07-1995 00:00,18-07-1995 00:00,1.0,heavy rains,,"Lahul And Spiti, Chamba, Kangra, Kullu, Mandi, Kinnaur, Una, Shimla, Solan, Sirmaur, Hamirpur, Bilaspur",Himachal Pradesh,,,,,,,,,,i)Normal life paralysed ii)Electric/Telecommunication services disrupted,IMD,,"21, 16, 18, 20, 22, 19, 448, 23, 25, 24, 17, 375",2,1995-07-18,Kullu,NW Himalaya,district-named,India_Flood_Inventory_v3.csv (IMD-sourced),ambiguous_generic,ambiguous,no regional-default applied (out of scope tonight -- only Wayanad/Idukki disambiguated)
2188,UEI-IMD-FL-1995-0031,28-07-1995 00:00,28-07-1995 00:00,1.0,heavy rains,,"Lahul And Spiti, Chamba, Kangra, Kullu, Mandi, Kinnaur, Una, Shimla, Solan, Sirmaur, Hamirpur, Bilaspur",Himachal Pradesh,,,,,,,,,,i)Normal life paralysed ii)Electric/Telecommunication services disrupted,IMD,,"21, 16, 18, 20, 22, 19, 448, 23, 25, 24, 17, 375",2,1995-07-28,Kullu,NW Himalaya,district-named,India_Flood_Inventory_v3.csv (IMD-sourced),ambiguous_generic,ambiguous,no regional-default applied (out of scope tonight -- only Wayanad/Idukki disambiguated)
2189,UEI-IMD-FL-1995-0032,02-08-1995 00:00,03-08-1995 00:00,2.0,heavy rains,,"Lahul And Spiti, Chamba, Kangra, Kullu, Mandi, Kinnaur, Una, Shimla, Solan, Sirmaur, Hamirpur, Bilaspur",Himachal Pradesh,,,,,6.0,,,,6 persons died,,IMD,,"21, 16, 18, 20, 22, 19, 448, 23, 25, 24, 17, 375",2,1995-08-02,Kullu,NW Himalaya,district-named,India_Flood_Inventory_v3.csv (IMD-sourced),ambiguous_generic,ambiguous,no regional-default applied (out of scope tonight -- only Wayanad/Idukki disambiguated)
2193,UEI-IMD-FL-1995-0036,05-09-1995 00:00,05-09-1995 00:00,1.0,heavy rains,,"Lahul And Spiti, Chamba, Kangra, Kullu, Mandi, Kinnaur, Una, Shimla, Solan, Sirmaur, Hamirpur, Bilaspur",Himachal Pradesh,,,,,19.0,,,,19 persons died in landslide,i)Several houses collapsed ii)Chamba district completely cut off following landslides on the Pathankot-Chamba highway,IMD,,"21, 16, 18, 20, 22, 19, 448, 23, 25, 24, 17, 375",2,1995-09-05,Kullu,NW Himalaya,district-named,India_Flood_Inventory_v3.csv (IMD-sourced),ambiguous_generic,ambiguous,no regional-default applied (out of scope tonight -- only Wayanad/Idukki disambiguated)
2194,UEI-IMD-FL-1995-0037,12-09-1995 00:00,14-09-1995 00:00,3.0,severe flood,,"Lahul And Spiti, Chamba, Kangra, Kullu, Mandi, Kinnaur, Una, Shimla, Solan, Sirmaur, Hamirpur, Bilaspur",Himachal Pradesh,,,,,100.0,,,3531.0,"i)100 people feared died in a landslide at Kullu ii)3,531 cattleheads perished","i)Thousands of acres of apple orchard damaged in Kullu ii)32,000 houses dmaged iii)Property worth Rs. 265 crore damaged iv)Road communication completely suspended",IMD,,"21, 16, 18, 20, 22, 19, 448, 23, 25, 24, 17, 375",2,1995-09-12,Kullu,NW Himalaya,district-named,India_Flood_Inventory_v3.csv (IMD-sourced),ambiguous_generic,ambiguous,no regional-default applied (out of scope tonight -- only Wayanad/Idukki disambiguated)
2346,UEI-IMD-FL-1996-0029,17-03-1996 00:00,17-03-1996 00:00,1.0,heavy rains,,Kullu,Himachal Pradesh,,,,,,,,,,"i)Vehicular traffic disrupted between Kullu-Manali national highway due to landslide ii)Vehicular traffic suspended between Manali,Aler",IMD,,20,2,1996-03-17,Kullu,NW Himalaya,district-named,India_Flood_Inventory_v3.csv (IMD-sourced),ambiguous_generic,ambiguous,no regional-default applied (out of scope tonight -- only Wayanad/Idukki disambiguated)
2350,UEI-IMD-FL-1996-0033,14-07-1996 00:00,23-07-1996 00:00,10.0,heavy rains,,"Lahul And Spiti, Chamba, Kangra, Kullu, Mandi, Kinnaur, Una, Shimla, Solan, Sirmaur, Hamirpur, Bilaspur",Himachal Pradesh,,,,,7.0,,,,7 persons died,i)Normal life paralysed ii)Road communication disrupted,IMD,,"21, 16, 18, 20, 22, 19, 448, 23, 25, 24, 17, 375",2,1996-07-14,Kullu,NW Himalaya,district-named,India_Flood_Inventory_v3.csv (IMD-sourced),ambiguous_generic,ambiguous,no regional-default applied (out of scope tonight -- only Wayanad/Idukki disambiguated)
2353,UEI-IMD-FL-1996-0036,15-08-1996 00:00,15-08-1996 00:00,1.0,heavy rains,,"Lahul And Spiti, Chamba, Kangra, Kullu, Mandi, Kinnaur, Una, Shimla, Solan, Sirmaur, Hamirpur, Bilaspur",Himachal Pradesh,,,,,,,,3.0,3 cattleheads perished,80 houses collapsed,IMD,,"21, 16, 18, 20, 22, 19, 448, 23, 25, 24, 17, 375",2,1996-08-15,Kullu,NW Himalaya,district-named,India_Flood_Inventory_v3.csv (IMD-sourced),ambiguous_generic,ambiguous,no regional-default applied (out of scope tonight -- only Wayanad/Idukki disambiguated)
2354,UEI-IMD-FL-1996-0037,08-09-1996 00:00,09-09-1996 00:00,2.0,heavy rains,,"Lahul And Spiti, Chamba, Kangra, Kullu, Mandi, Kinnaur, Una, Shimla, Solan, Sirmaur, Hamirpur, Bilaspur",Himachal Pradesh,,,,,3.0,,,,3 persons including 1 child died,"i)Normal life completely paralysed ii)350 bighas of agricultural land washed away iii)4 houses collapsed iv)2 bridges washed away v)Kalka-Shimla Chamba-Pathankot,Hindustan-Tibet highways closed due to landslide",IMD,,"21, 16, 18, 20, 22, 19, 448, 23, 25, 24, 17, 375",2,1996-09-08,Kullu,NW Himalaya,district-named,India_Flood_Inventory_v3.csv (IMD-sourced),ambiguous_generic,ambiguous,no regional-default applied (out of scope tonight -- only Wayanad/Idukki disambiguated)
2475,UEI-IMD-FL-1997-0028,29-08-1997 00:00,29-08-1997 00:00,1.0,heavy rains,,Kullu,Himachal Pradesh,,,,,,,,,,"i)In Manali, several villages flooded ii)Manali-Leh highway blocked ",IMD,,20,2,1997-08-29,Kullu,NW Himalaya,district-named,India_Flood_Inventory_v3.csv (IMD-sourced),ambiguous_generic,ambiguous,no regional-default applied (out of scope tonight -- only Wayanad/Idukki disambiguated)
2621,UEI-IMD-FL-1998-0030,05-03-1998 00:00,05-03-1998 00:00,1.0,heavy rains,,"Lahul And Spiti, Chamba, Kangra, Kullu, Mandi, Kinnaur, Una, Shimla, Solan, Sirmaur, Hamirpur, Bilaspur",Himachal Pradesh,,,,,16.0,,,,16 persons died due to landslide,,IMD,,"21, 16, 18, 20, 22, 19, 448, 23, 25, 24, 17, 375",2,1998-03-05,Kullu,NW Himalaya,district-named,India_Flood_Inventory_v3.csv (IMD-sourced),ambiguous_generic,ambiguous,no regional-default applied (out of scope tonight -- only Wayanad/Idukki disambiguated)
2622,UEI-IMD-FL-1998-0031,14-03-1998 00:00,14-03-1998 00:00,1.0,heavy rains,,"Lahul And Spiti, Chamba, Kangra, Kullu, Mandi, Kinnaur, Una, Shimla, Solan, Sirmaur, Hamirpur, Bilaspur",Himachal Pradesh,,,,,,,,,,Rabi crop damaged,IMD,,"21, 16, 18, 20, 22, 19, 448, 23, 25, 24, 17, 375",2,1998-03-14,Kullu,NW Himalaya,district-named,India_Flood_Inventory_v3.csv (IMD-sourced),ambiguous_generic,ambiguous,no regional-default applied (out of scope tonight -- only Wayanad/Idukki disambiguated)
2626,UEI-IMD-FL-1998-0035,20-10-1998 00:00,20-10-1998 00:00,1.0,heavy rains,,Kullu,Himachal Pradesh,,,,,,,,,,"i)2000 Bighas of land, 8 bridges,3 to 4 km stretch of a road washed away ii)100 houses damaged ",IMD,,20,2,1998-10-20,Kullu,NW Himalaya,district-named,India_Flood_Inventory_v3.csv (IMD-sourced),ambiguous_generic,ambiguous,no regional-default applied (out of scope tonight -- only Wayanad/Idukki disambiguated)
2726,UEI-IMD-FL-1999-0017,10-08-1999 00:00,11-08-1999 00:00,2.0,heavy rains,,"Kullu,Mandi",Himachal Pradesh,,,,,10.0,,,40.0,"i)10 persons died in inundation,landslides ii)40 cattleheads perished ","i)Landslides reported ii)8 houses washed away,many damaged iii)Apple orchards,paddy field damaged",IMD,,"20, 22",2,1999-08-10,Kullu,NW Himalaya,district-named,India_Flood_Inventory_v3.csv (IMD-sourced),ambiguous_generic,ambiguous,no regional-default applied (out of scope tonight -- only Wayanad/Idukki disambiguated)
2729,UEI-IMD-FL-1999-0020,13-09-1999 00:00,13-09-1999 00:00,1.0,heavy rains,,Kullu,Himachal Pradesh,,,,,,,,,,"i)9 bridges, 5 water mills,a few irrigation canals damaged ii)Crop in hundreds of hectares of land destroyed",IMD,,20,2,1999-09-13,Kullu,NW Himalaya,district-named,India_Flood_Inventory_v3.csv (IMD-sourced),ambiguous_generic,ambiguous,no regional-default applied (out of scope tonight -- only Wayanad/Idukki disambiguated)
2833,UEI-IMD-FL-2000-0030,27-07-2000 00:00,03-08-2000 00:00,8.0,severe floods,,"Lahul And Spiti, Chamba, Kangra, Kullu, Mandi, Kinnaur, Una, Shimla, Solan, Sirmaur, Hamirpur, Bilaspur",Himachal Pradesh,,,,,151.0,,,1482.0,(i)151 persons died (ii) 1482 cattle lost,"(i) Kinnaur, Kuli, Mandi,Shimla are worst affected (ii) More than 9 lakh people affected (iii) Crops in 37,173 hectares of land damaged (iv) Nearly 5000 houses damaged (v) 20 bridges washed away (vi) four power projeects including Nathpa, Jhakri extensively damaged (vii) NH 22 washed away at many places",IMD,,"21, 16, 18, 20, 22, 19, 448, 23, 25, 24, 17, 375",2,2000-07-27,Kullu,NW Himalaya,district-named,India_Flood_Inventory_v3.csv (IMD-sourced),ambiguous_generic,ambiguous,no regional-default applied (out of scope tonight -- only Wayanad/Idukki disambiguated)
2834,UEI-IMD-FL-2000-0031,28-08-2000 00:00,28-08-2000 00:00,1.0,flash flood due to cloud burst,,Manali,Himachal Pradesh,,,,,,,,,,"(i) Manali-Leh highway blocked as a portion of the road completely damaged with hundreds of civilians,army vehicles stranded (ii) Wall along 217 Army transit Camp 9 km from Mandi,a few other houses damaged",IMD,,,2,2000-08-28,Kullu,NW Himalaya,"town-level (Manali only, no 'Kullu' district string)",India_Flood_Inventory_v3.csv (IMD-sourced),flash_flood,flash_flood,explicit
2949,UEI-IMD-FL-2001-0020,01-06-2001 00:00,02-06-2001 00:00,2.0,heavy rains,,"Kullu, Mandi,Shimla",Himachal Pradesh,,,,,,1.0,,3.0,"(i) 1 person drowned in a Nullah in Nurpur (ii) 1 cow,2 bulls washed away in Katra","(i) One house buried in village Mehi due to landslide (ii)Pathankot-Mandi highway blocked for vehicular traffic (iii) A few scooters washed away in Kangra district (iv) Signboards blown off TV Antennae twisted,power supply disrupted",IMD,,"20, 22, 23",2,2001-06-01,Kullu,NW Himalaya,district-named,India_Flood_Inventory_v3.csv (IMD-sourced),ambiguous_generic,ambiguous,no regional-default applied (out of scope tonight -- only Wayanad/Idukki disambiguated)
2950,UEI-IMD-FL-2001-0021,12-06-2001 00:00,12-06-2001 00:00,1.0,heavy rains,,Kullu,Himachal Pradesh,,,,,,,,,,"3 houses washed away,20 badly damaged at Bara Bhuin near Bhuntar, 11 km from Kullu",IMD,,20,2,2001-06-12,Kullu,NW Himalaya,district-named,India_Flood_Inventory_v3.csv (IMD-sourced),ambiguous_generic,ambiguous,no regional-default applied (out of scope tonight -- only Wayanad/Idukki disambiguated)
2951,UEI-IMD-FL-2001-0022,13-06-2001 00:00,14-06-2001 00:00,2.0,heavy rains,,Kullu,Himachal Pradesh,,,,,,,,,,(i) Landslides reported (ii) Manali- Kullu National highway closed due to landslides,IMD,,20,2,2001-06-13,Kullu,NW Himalaya,district-named,India_Flood_Inventory_v3.csv (IMD-sourced),ambiguous_generic,ambiguous,no regional-default applied (out of scope tonight -- only Wayanad/Idukki disambiguated)
2953,UEI-IMD-FL-2001-0024,22-07-2001 00:00,22-07-2001 00:00,1.0,flash floods due to cloud burst,,"Kullu, Nainital",Himachal Pradesh,,,,,,1.0,,,1 person washed away in Jeeva nullah in Banjar,Floods caused heavy loss to Parvati Hydel Electric Project,IMD,,"20, 51",2,2001-07-22,Kullu,NW Himalaya,district-named,India_Flood_Inventory_v3.csv (IMD-sourced),flash_flood,flash_flood,explicit
2957,UEI-IMD-FL-2001-0028,14-08-2001 00:00,14-08-2001 00:00,1.0,heavy rains,,"Lahul And Spiti, Chamba, Kangra, Kullu, Mandi, Kinnaur, Una, Shimla, Solan, Sirmaur, Hamirpur, Bilaspur",Himachal Pradesh,,,,,29.0,,,,"29 persons died, inwhich 16 from Chamba alone due to lanslides",Landslides reported,IMD,,"21, 16, 18, 20, 22, 19, 448, 23, 25, 24, 17, 375",2,2001-08-14,Kullu,NW Himalaya,district-named,India_Flood_Inventory_v3.csv (IMD-sourced),ambiguous_generic,ambiguous,no regional-default applied (out of scope tonight -- only Wayanad/Idukki disambiguated)
2958,UEI-IMD-FL-2001-0029,22-08-2001 00:00,22-08-2001 00:00,1.0,heavy rains,,"Kangra, Kullu",Himachal Pradesh,,,,,2.0,,,,2 persons died,2 bridges collapsed causing heavy loss,IMD,,"18, 20",2,2001-08-22,Kullu,NW Himalaya,district-named,India_Flood_Inventory_v3.csv (IMD-sourced),ambiguous_generic,ambiguous,no regional-default applied (out of scope tonight -- only Wayanad/Idukki disambiguated)
3133,UEI-IMD-FL-2003-0028,16-07-2003 00:00,16-07-2003 00:00,1.0,heavy rains,,Kullu,Himachal Pradesh,,,,,150.0,,,,More than 150 person feared dead in Garsa valley; about 40 km from Kullu,(i)Heavy rains due  to cloud burst reported (ii)Extensive damage to property reported,IMD,,20,2,2003-07-16,Kullu,NW Himalaya,district-named,India_Flood_Inventory_v3.csv (IMD-sourced),ambiguous_generic,ambiguous,no regional-default applied (out of scope tonight -- only Wayanad/Idukki disambiguated)
3135,UEI-IMD-FL-2003-0030,24-07-2003 00:00,24-07-2003 00:00,1.0,heavy rains,,Manali,Himachal Pradesh,,,,,2.0,,,,(i) 2 persons died in Podu-Ka-Nala (ii)Some cattleheads also perished,Heavy rains due to cloud burst reported,IMD,,,2,2003-07-24,Kullu,NW Himalaya,"town-level (Manali only, no 'Kullu' district string)",India_Flood_Inventory_v3.csv (IMD-sourced),ambiguous_generic,ambiguous,no regional-default applied (out of scope tonight -- only Wayanad/Idukki disambiguated)
3141,UEI-IMD-FL-2003-0036,07-08-2003 00:00,08-08-2003 00:00,2.0,flash flood,,"Kullu,Shimla",Himachal Pradesh,,,,,,60.0,,,"In Kullu dist., about 60 persons washed away in a cloud burst that struck makeshift camp at Kangni Nullah; 15 km from Manali","(i) Flash flood due to cloudburst reported. Landslide also reported  (ii)Three buses, two jeeps,two trucks washed away in Pungrish Nullah (iii) Kotkhai bus stand,about 10 shops also damaged (iv)1 bridge,2 water mills,a shop washed away while 2 watermills,another 3 houses damaged (v) Hindustan-Tibet road between Jhakri,Jury blocked at various places due to landslide",IMD,,"20, 23",2,2003-08-07,Kullu,NW Himalaya,district-named,India_Flood_Inventory_v3.csv (IMD-sourced),flash_flood,flash_flood,explicit
3240,UEI-IMD-FL-2004-0022,07-08-2004 00:00,08-08-2004 00:00,2.0,heavy rains(cloud burst),,"Kangra,Kullu",Himachal Pradesh,,,,,,40.0,,,40 labourers trapped in a tunnel of Parbati hydel power project due to landslide near Barsani,"(i)7 bridges,some roads washed away (ii) Heavy loss to property reported",IMD,,"18, 20",2,2004-08-07,Kullu,NW Himalaya,district-named,India_Flood_Inventory_v3.csv (IMD-sourced),flash_flood,flash_flood,explicit
3241,UEI-IMD-FL-2004-0023,12-08-2004 00:00,13-08-2004 00:00,2.0,heavy rains(cloud burst),,Kullu,Himachal Pradesh,,,,,2.0,10.0,,,"2 persons died,10 others injured in a landslide",Landslide reported,IMD,,20,2,2004-08-12,Kullu,NW Himalaya,district-named,India_Flood_Inventory_v3.csv (IMD-sourced),flash_flood,flash_flood,explicit
3321,UEI-IMD-FL-2005-0028,15-03-2005 00:00,21-03-2005 00:00,7.0,heavy rains,,"Chamba, Kangra, Kullu,Mandi",Himachal Pradesh,,,,,4.0,,,20.0,(i)4 persons died due to landslide (ii)20  cattleheads buried alive due to landslied in Manikaran area,(i)Landslide reported (ii)Damage to standing wheat crops reported (iii)The debris of the boulder buried a 30 bigha of  apple orchard,IMD,,"16, 18, 20, 22",2,2005-03-15,Kullu,NW Himalaya,district-named,India_Flood_Inventory_v3.csv (IMD-sourced),ambiguous_generic,ambiguous,no regional-default applied (out of scope tonight -- only Wayanad/Idukki disambiguated)
3322,UEI-IMD-FL-2005-0029,26-06-2005 00:00,26-06-2005 00:00,1.0,severe flood(sutlej),,"Bilaspur, Kinnaur, Kullu,Shimla",Himachal Pradesh,,,,,,,,,,"(i)6 bridges washed away,4 others damaged (ii)Dozens of houses washed away (iii)5000 persons evacuated to safer places",IMD,,"375, 19, 20, 23",2,2005-06-26,Kullu,NW Himalaya,district-named,India_Flood_Inventory_v3.csv (IMD-sourced),ambiguous_generic,ambiguous,no regional-default applied (out of scope tonight -- only Wayanad/Idukki disambiguated)
3323,UEI-IMD-FL-2005-0030,26-06-2005 00:00,27-06-2005 00:00,2.0,severe flood,,"Lahul And Spiti, Chamba, Kangra, Kullu, Mandi, Kinnaur, Una, Shimla, Solan, Sirmaur, Hamirpur, Bilaspur",Himachal Pradesh,,,,,6.0,,,,6 persons died in flood water,"(i)About 250 tourists stranded (ii)Damage to public,private property reported",IMD,,"21, 16, 18, 20, 22, 19, 448, 23, 25, 24, 17, 375",2,2005-06-26,Kullu,NW Himalaya,district-named,India_Flood_Inventory_v3.csv (IMD-sourced),ambiguous_generic,ambiguous,no regional-default applied (out of scope tonight -- only Wayanad/Idukki disambiguated)
3324,UEI-IMD-FL-2005-0031,07-07-2005 00:00,07-07-2005 00:00,1.0,"severe flood(beas,sutlej)",,"Kullu,Shimla",Himachal Pradesh,,,,,,2.0,,,2 persons washed away,"About 500 tourist including 70 forienger stranded between Leh,Manali",IMD,,"20, 23",2,2005-07-07,Kullu,NW Himalaya,district-named,India_Flood_Inventory_v3.csv (IMD-sourced),ambiguous_generic,ambiguous,no regional-default applied (out of scope tonight -- only Wayanad/Idukki disambiguated)
3328,UEI-IMD-FL-2005-0035,26-07-2005 00:00,27-07-2005 00:00,2.0,heavy rains,,Kullu,Himachal Pradesh,,,,,,7.0,,,"3 people washed away,4 others injured due to cloud burst (ii)A few sheep washed away",3 houses washed away,IMD,,20,2,2005-07-26,Kullu,NW Himalaya,district-named,India_Flood_Inventory_v3.csv (IMD-sourced),ambiguous_generic,ambiguous,no regional-default applied (out of scope tonight -- only Wayanad/Idukki disambiguated)
3330,UEI-IMD-FL-2005-0037,06-08-2005 00:00,06-08-2005 00:00,1.0,heavy rains,,"Hamirpur,Kullu",Himachal Pradesh,,,,,,,,,,"(i)Cloud burst reported (ii)Damage to crops reported (iii)An auto rickshaw,motor cycle washed away in Dungnala",IMD,,"17, 20",2,2005-08-06,Kullu,NW Himalaya,district-named,India_Flood_Inventory_v3.csv (IMD-sourced),ambiguous_generic,ambiguous,no regional-default applied (out of scope tonight -- only Wayanad/Idukki disambiguated)
3497,UEI-IMD-FL-2006-0029,23-07-2006 00:00,28-07-2006 00:00,6.0,heavy rains,,"Kinnaur, Manali,Solan",Himachal Pradesh,,,,,15.0,,,,i) 15 persons died. ii) 4 cattleheads perished. ,"i) Landslide reported. ii) One truck,5 water mills washed away, iii) Damage to industrial finished goods,household items reported. iv) Several houses collapsed. v) Damage to standing crops of Peas,80 Bighas reported. vi) Hundreds of tourists stranded on Hindustan-Tibet road.",IMD,,"19, None, 25",2,2006-07-23,Kullu,NW Himalaya,"town-level (Manali only, no 'Kullu' district string)",India_Flood_Inventory_v3.csv (IMD-sourced),ambiguous_generic,ambiguous,no regional-default applied (out of scope tonight -- only Wayanad/Idukki disambiguated)
3498,UEI-IMD-FL-2006-0030,02-08-2006 00:00,04-08-2006 00:00,3.0,flash flood (cloud burst),,"Kangra, Kinnaur,Kullu",Himachal Pradesh,,,,,,,,,,"i) Bridge of Ribba village on Hindustan-Tibet road washed away. ii) 8 houses partially damaged. iii) Standing crops of peas,other vegetables damaged. iv) Traffic stranded due to bridge on National Highway No. 88 collapsed.",IMD,,"18, 19, 20",2,2006-08-02,Kullu,NW Himalaya,district-named,India_Flood_Inventory_v3.csv (IMD-sourced),flash_flood,flash_flood,explicit
3615,UEI-IMD-FL-2007-0036,01-03-2007 00:00,01-03-2007 00:00,1.0,heavy rains,,"Kullu, Solan ",Himachal Pradesh,,,,,,,,,,i) Landslide reported. ii) Trees uprooted. ,IMD,,"20, 25",2,2007-03-01,Kullu,NW Himalaya,district-named,India_Flood_Inventory_v3.csv (IMD-sourced),ambiguous_generic,ambiguous,no regional-default applied (out of scope tonight -- only Wayanad/Idukki disambiguated)
3616,UEI-IMD-FL-2007-0037,13-03-2007 00:00,13-03-2007 00:00,1.0,heavy rains,,Kullu,Himachal Pradesh,,,,,,,,,,Landslide reported.,IMD,,20,2,2007-03-13,Kullu,NW Himalaya,district-named,India_Flood_Inventory_v3.csv (IMD-sourced),ambiguous_generic,ambiguous,no regional-default applied (out of scope tonight -- only Wayanad/Idukki disambiguated)
3621,UEI-IMD-FL-2007-0042,12-07-2007 00:00,12-07-2007 00:00,1.0,heavy rains,,Kullu,Himachal Pradesh,,,,,2.0,1.0,,,"2 children died,one injured.",Extensive damage to agriculture reported.,IMD,,20,2,2007-07-12,Kullu,NW Himalaya,district-named,India_Flood_Inventory_v3.csv (IMD-sourced),ambiguous_generic,ambiguous,no regional-default applied (out of scope tonight -- only Wayanad/Idukki disambiguated)
3760,UEI-IMD-FL-2008-0036,09-06-2008 00:00,09-06-2008 00:00,1.0,cloud burst,,"Chamba, Kullu, Shimla,Solan",Himachal Pradesh,,,,,1.0,,,,One person died.,i) Landslide reported. ii) Extensive damage to crops reported. iii) About 40 houses damaged. ,IMD,,"16, 20, 23, 25",2,2008-06-09,Kullu,NW Himalaya,district-named,India_Flood_Inventory_v3.csv (IMD-sourced),flash_flood,flash_flood,explicit
3762,UEI-IMD-FL-2008-0038,27-06-2008 00:00,29-06-2008 00:00,3.0,heavy rains,,"Chamba, Kangra, Kullu, Mandi, Shimla,Solan",Himachal Pradesh,,,,,,1.0,,,One girl drowned.,i) Landslide reported. ii) Road traffic to Shimla affected. iii) Low lying areas inundated. iv) Extensive damage to crops reported. V A large area of agriculture land washed off. vi). Many houses submerged. ,IMD,,"16, 18, 20, 22, 23, 25",2,2008-06-27,Kullu,NW Himalaya,district-named,India_Flood_Inventory_v3.csv (IMD-sourced),ambiguous_generic,ambiguous,no regional-default applied (out of scope tonight -- only Wayanad/Idukki disambiguated)
3764,UEI-IMD-FL-2008-0040,13-07-2008 00:00,13-07-2008 00:00,1.0,flash flood (beas),,Kullu,Himachal Pradesh,,,,,,1.0,,,One person washed away.,,IMD,,20,2,2008-07-13,Kullu,NW Himalaya,district-named,India_Flood_Inventory_v3.csv (IMD-sourced),flash_flood,flash_flood,explicit
3766,UEI-IMD-FL-2008-0042,31-07-2008 00:00,31-07-2008 00:00,1.0,cloud burst,,Kullu ,Himachal Pradesh,,,,,,,,,,Property of lakhs of rupees damaged.,IMD,,20,2,2008-07-31,Kullu,NW Himalaya,district-named,India_Flood_Inventory_v3.csv (IMD-sourced),flash_flood,flash_flood,explicit
3768,UEI-IMD-FL-2008-0044,14-08-2008 00:00,18-08-2008 00:00,5.0,heavy rains,,"Manali, Mandi, Shimla, Sirmaur,Solan ",Himachal Pradesh,,,,,,,,,,"i)Manali - Chandigarh NH disrupted due to landslide. ii) Crops in 13,000 hectares of land damaged. ii) All major roads blocked due to landslide,hundreds of trucks stranded in the apple belt. iv) Sabathu-Kuthad road damaged. ",IMD,,"None, 22, 23, 24, 25",2,2008-08-14,Kullu,NW Himalaya,"town-level (Manali only, no 'Kullu' district string)",India_Flood_Inventory_v3.csv (IMD-sourced),ambiguous_generic,ambiguous,no regional-default applied (out of scope tonight -- only Wayanad/Idukki disambiguated)
3980,UEI-IMD-FL-2010-0043,12-09-2010 00:00,13-09-2010 00:00,2.0,heavy rains,,"Hamirpur, Kangra, Kullu,Shimla",Himachal Pradesh,,,,,,,,,,"i) Cloud burst reported. ii) Many houses,bridges damaged. ",IMD,,"17, 18, 20, 23",2,2010-09-12,Kullu,NW Himalaya,district-named,India_Flood_Inventory_v3.csv (IMD-sourced),ambiguous_generic,ambiguous,no regional-default applied (out of scope tonight -- only Wayanad/Idukki disambiguated)
3981,UEI-IMD-FL-2010-0044,16-09-2010 00:00,16-09-2010 00:00,1.0,heavy rains,,Kullu,Himachal Pradesh,,,,,5.0,,,,5 persons died.,i) Road traffic disrupted. ii) Many trees uprooted.,IMD,,20,2,2010-09-16,Kullu,NW Himalaya,district-named,India_Flood_Inventory_v3.csv (IMD-sourced),ambiguous_generic,ambiguous,no regional-default applied (out of scope tonight -- only Wayanad/Idukki disambiguated)
4108,UEI-IMD-FL-2011-0022,20-07-2011 00:00,21-07-2011 00:00,2.0,heavy rains (cloud burst),,Kullu,Himachal Pradesh,,,,,,8.0,,,8 workers missing in Rohtang tunnel project.,i) About Rs.60 lakhs loss to Hydro project of Rohtang tunnel reported. ii) Kachchhha houses washed away. ,IMD,,20,2,2011-07-20,Kullu,NW Himalaya,district-named,India_Flood_Inventory_v3.csv (IMD-sourced),flash_flood,flash_flood,explicit
4110,UEI-IMD-FL-2011-0024,12-08-2011 00:00,16-08-2011 00:00,5.0,heavy rains (cloud burst),,"Kangra, Kullu, Mandi, Sirmaur,Una",Himachal Pradesh,,,,,,,,,"15 persons died due to landslide,bad weather.",i) 185 persons rendered homeless.ii) About 200 houses damaged. 4 persons washed away iii) Damage to maize crops in Beas river reported. iv) NH-6 & NH-35 link roads damaged. ,IMD,,"18, 20, 22, 24, 448",2,2011-08-12,Kullu,NW Himalaya,district-named,India_Flood_Inventory_v3.csv (IMD-sourced),flash_flood,flash_flood,explicit
4112,UEI-IMD-FL-2011-0026,12-09-2011 00:00,15-09-2011 00:00,4.0,heavy rains,,"Mandi, Kangra, Kullu, Sirmaur",Himachal Pradesh,,,,,1.0,,,,One person died.,i) Damage to the crops reported. ii) NH-154 blocked due to landslide. ,IMD,,"22, 18, 20, 24",2,2011-09-12,Kullu,NW Himalaya,district-named,India_Flood_Inventory_v3.csv (IMD-sourced),ambiguous_generic,ambiguous,no regional-default applied (out of scope tonight -- only Wayanad/Idukki disambiguated)
4227,UEI-IMD-FL-2012-0034,03-08-2012 00:00,04-08-2012 00:00,2.0,heavy rains,,"Kullu,Manali",Himachal Pradesh,,,,,,1.0,,,One person washed away.,"i) Landslides reported. ii) Many structures, bridges washed away causing disruption in transport services. iii) Damage to Manali-Rohtang road reported. ",IMD,,"20, None",2,2012-08-03,Kullu,NW Himalaya,district-named,India_Flood_Inventory_v3.csv (IMD-sourced),ambiguous_generic,ambiguous,no regional-default applied (out of scope tonight -- only Wayanad/Idukki disambiguated)
4308,UEI-IMD-FL-2013-0035,24-07-2013 00:00,24-07-2013 00:00,1.0,heavy rains,,"Mandi, Kangra, Kullu,",Himachal Pradesh,,,,,,,,,,"More than 60 roads closed due to flooding,landslides. ",IMD,,"22, 18, 20, 603",2,2013-07-24,Kullu,NW Himalaya,district-named,India_Flood_Inventory_v3.csv (IMD-sourced),ambiguous_generic,ambiguous,no regional-default applied (out of scope tonight -- only Wayanad/Idukki disambiguated)
4310,UEI-IMD-FL-2013-0037,13-08-2013 00:00,19-08-2013 00:00,7.0,heavy rains ,,"Chamba, Hamirpur, Kangra, Kullu, Mandi,Sirmaur ",Himachal Pradesh,,,,,2.0,7.0,,,"5 persons washed away including 2 girls,2 more women died due to house collapse. ","i) Landslides reported. ii) One bridge,many houses, roads damaged/ washed away. iii) Damage to railway track reported in Kangra. ",IMD,,"16, 17, 18, 20, 22, 24",2,2013-08-13,Kullu,NW Himalaya,district-named,India_Flood_Inventory_v3.csv (IMD-sourced),ambiguous_generic,ambiguous,no regional-default applied (out of scope tonight -- only Wayanad/Idukki disambiguated)
4423,UEI-IMD-FL-2014-0016,15-07-2014 00:00,18-07-2014 00:00,4.0,heavy rains,,"Kangra, Kullu, Mandi,Sirmaur,Una ",Himachal Pradesh,,,,,1.0,1.0,,,One person died while other drowned in Sirmaur. ,i) Damage to the crops reported. ii) Power generations shut down in Kullu. iii) Landslides reported at various places including Kumarhatti-Nahan NH. ,IMD,,"18, 20, 22, 24, 448",2,2014-07-15,Kullu,NW Himalaya,district-named,India_Flood_Inventory_v3.csv (IMD-sourced),ambiguous_generic,ambiguous,no regional-default applied (out of scope tonight -- only Wayanad/Idukki disambiguated)
4424,UEI-IMD-FL-2014-0017,23-07-2014 00:00,30-07-2014 00:00,8.0,heavy rains,,"Kangra, Kullu, Mandi,Shimla ",Himachal Pradesh,,,,,3.0,,,,3 persons died due to landslide in Kangra. ,"i) Landslides reported at many places. ii) Damage to the crops,apple orchards reported. ",IMD,,"18, 20, 22, 23",2,2014-07-23,Kullu,NW Himalaya,district-named,India_Flood_Inventory_v3.csv (IMD-sourced),ambiguous_generic,ambiguous,no regional-default applied (out of scope tonight -- only Wayanad/Idukki disambiguated)
4515,UEI-IMD-FL-2015-0020,10-07-2015 00:00,11-07-2015 00:00,2.0,heavy rains,,"Hamirpur, Kangra, Kullu, Mandi, Shimla,Sirmaur",Himachal Pradesh,,,,,,,,,,"i)Power projects shut down in SHimla,Kullu District ii)Air India flights cancelled at Gaggal Airport iii)Roads blocked due to landslides iv)The Bora Bhangal valley of Kangra District cut off as Hanny bridge collapsed due to flash floods",IMD,,"17, 18, 20, 22, 23, 24",2,2015-07-10,Kullu,NW Himalaya,district-named,India_Flood_Inventory_v3.csv (IMD-sourced),ambiguous_generic,ambiguous,no regional-default applied (out of scope tonight -- only Wayanad/Idukki disambiguated)
4519,UEI-IMD-FL-2015-0024,19-08-2015 00:00,19-08-2015 00:00,1.0,heavy rains,,Kullu,Himachal Pradesh,,,,,10.0,,,,10 persons died due to landslide,Landslide,IMD,,20,2,2015-08-19,Kullu,NW Himalaya,district-named,India_Flood_Inventory_v3.csv (IMD-sourced),ambiguous_generic,ambiguous,no regional-default applied (out of scope tonight -- only Wayanad/Idukki disambiguated)
4642,UEI-IMD-FL-2016-0040,15-06-2016 00:00,16-06-2016 00:00,2.0,heavy rains,,"Kullu, Mandi, Solan",Himachal Pradesh,,,,,,,,2.0,2 animals perished.,i) Damage to crops reported. ii) Complete damage to gate of a school & 2 cow-sheds reported. iii) National Highway remained closed.,IMD,,"20, 22, 25",2,2016-06-15,Kullu,NW Himalaya,district-named,India_Flood_Inventory_v3.csv (IMD-sourced),ambiguous_generic,ambiguous,no regional-default applied (out of scope tonight -- only Wayanad/Idukki disambiguated)
4645,UEI-IMD-FL-2016-0043,23-07-2016 00:00,31-07-2016 00:00,9.0,heavy rains & landslide,,"Hamirpur, Kullu, Shimla, Sirmaur, Solan",Himachal Pradesh,,,,,2.0,,,,2 persons died due to landslide in Sirmaur Dist.,"i) Damage to crops reported. ii) Damage to many houses, Hotels reported. iii) Several trees/electric poles uprooted causing disruption in vehicular traffic & power supply.",IMD,,"17, 20, 23, 24, 25",2,2016-07-23,Kullu,NW Himalaya,district-named,India_Flood_Inventory_v3.csv (IMD-sourced),ambiguous_generic,ambiguous,no regional-default applied (out of scope tonight -- only Wayanad/Idukki disambiguated)
4646,UEI-IMD-FL-2016-0044,01-08-2016 00:00,02-08-2016 00:00,2.0,heavy rains,,"Chamba, Hamirpur, Kangra, Kullu, Mandi, Shimla,Sirmaur, Una",Himachal Pradesh,,,,,1.0,,,,One child died in Una Dist.,"i) Extensive damage to crops reported. ii) Damage to shops, houses & buildings reported. iii) Damage to bridges reported. iv) Damage to railway track reported.",IMD,,"16, 17, 18, 20, 22, 23, 24, 448",2,2016-08-01,Kullu,NW Himalaya,district-named,India_Flood_Inventory_v3.csv (IMD-sourced),ambiguous_generic,ambiguous,no regional-default applied (out of scope tonight -- only Wayanad/Idukki disambiguated)
4647,UEI-IMD-FL-2016-0045,05-08-2016 00:00,07-08-2016 00:00,3.0,heavy rains & landslide,,"Bilaspur, Chamba, Hamirpur, Kangra, Kullu, Mandi, Shimla, Solan, Una",Himachal Pradesh,,,,,1.0,1.0,,111.0,i) One woman died & other injured due to landslide in Chamba Dist. on 7th August ii) 11 buffaloes perished in Kangra Dist.,"i) Extensive damage to the crops reported. ii) Damage to cow-shed, houses reported. iii) Damage to bridges reported. iv) Damage to roads & railway track reported.",IMD,,"375, 16, 17, 18, 20, 22, 23, 25, 448",2,2016-08-05,Kullu,NW Himalaya,district-named,India_Flood_Inventory_v3.csv (IMD-sourced),ambiguous_generic,ambiguous,no regional-default applied (out of scope tonight -- only Wayanad/Idukki disambiguated)
4648,UEI-IMD-FL-2016-0046,10-08-2016 00:00,12-08-2016 00:00,3.0,heavy rains,,"Bilaspur, Chamba, Hamirpur, Kangra, Kinnaur, Kullu, Mandi, ",Himachal Pradesh,,,,,1.0,1.0,,,One person died & other injured due to wall collapse in Shimla Dist.,"i) Partial damage to houses, cow-sheds reported. ii) Several trees uprooted & fell on vehicles causing damage. iii) Vehicular traffic disrupted due to damage of roads.",IMD,,"375, 16, 17, 18, 19, 20, 22, 603",2,2016-08-10,Kullu,NW Himalaya,district-named,India_Flood_Inventory_v3.csv (IMD-sourced),ambiguous_generic,ambiguous,no regional-default applied (out of scope tonight -- only Wayanad/Idukki disambiguated)
4650,UEI-IMD-FL-2016-0048,25-08-2016 00:00,26-08-2016 00:00,2.0,heavy rains & cloud burst in shimla.,,"Bilaspur, Chamba, Hamirpur, Kangra, Kullu, Mandi, Shimla, Sirmaur, Solan, Una",Himachal Pradesh,,,,,5.0,1.0,,,5 persons died & other missing due to cloud burst in Shimla Dist.,i) Damage to many apple orchards reported. ii) Several trees uprooted causing loss of lakhs of rupees.,IMD,,"375, 16, 17, 18, 20, 22, 23, 24, 25, 448",2,2016-08-25,Kullu,NW Himalaya,district-named,India_Flood_Inventory_v3.csv (IMD-sourced),flash_flood,flash_flood,explicit
4763,UEI-IMD-FL-2017-0026,16-07-2017 00:00,16-07-2017 00:00,1.0,Cloud Burst & Heavy rains,,"Chamba, Hamirpur, Kullu, Mandi, Shimla,",Himachal Pradesh,,,,,3.0,,,,3 persons washed away in Kullu Dist.,"i) Damage to many roads, Bridges reported. ii) A building collapsed in Chamba Dist. iii) A tractor washed away in Nadaun city of Hamirpur Dist.",IMD,,"16, 17, 20, 22, 23, 603",2,2017-07-16,Kullu,NW Himalaya,district-named,India_Flood_Inventory_v3.csv (IMD-sourced),flash_flood,flash_flood,explicit
4766,UEI-IMD-FL-2017-0029,08-06-2018 00:00,08-07-2017 00:00,2.0,Heavy rains & landslide,,"Chamba, Hamirpur, Kangra, Kullu, Shimla",Himachal Pradesh,,,,,3.0,,,,"Total 3 persons died. Kangra - 1, Kullu �������� 2.",i) Damage to more than 6 houses reported. ii) Several trees uprooted & roads damaged in many areas due to which vehicular traffic disrupted,IMD,,"16, 17, 18, 20, 23",2,2018-06-08,Kullu,NW Himalaya,district-named,India_Flood_Inventory_v3.csv (IMD-sourced),ambiguous_generic,ambiguous,no regional-default applied (out of scope tonight -- only Wayanad/Idukki disambiguated)
4873,UEI-IMD-FL-2018-0013,23-09-2018 00:00,23-09-2018 00:00,1.0,Heavy rains / Flood (Beas river),,"Kangra, Kullu, Lahul And Spiti, Una",Himachal Pradesh,,,,,8.0,,5.0,,"Total 8 persons deid. Kangra �������� 1, Kullu - 6, Una �������� 1. While 5 persons missing from Lahul & Spiti Dist.",i) Damage to several houses reported. ii) Damage to vehicle reported in Kullu Dist. iii) Damage to a building reported in Una Dist.,IMD,,"18, 20, 21, 448",2,2018-09-23,Kullu,NW Himalaya,district-named,India_Flood_Inventory_v3.csv (IMD-sourced),riverine_flood,riverine_flood,explicit
5005,UEI-IMD-FL-2019-0026,25-02-2019 00:00,25-02-2019 00:00,1.0,Landslide,,Kullu,Himachal Pradesh,,,,,,,,,,Damage to historical hot water spring at trivenighat from Anni Sub disown reported.,IMD,,20,2,2019-02-25,Kullu,NW Himalaya,district-named,India_Flood_Inventory_v3.csv (IMD-sourced),landslide_only_not_flood_cause,landslide_only,explicit
5008,UEI-IMD-FL-2019-0029,17-08-2019 00:00,18-08-2019 00:00,2.0,"Heavy Rains & Floods (Rapti,Beas, etc River)",,"Bilaspur, Chamba, Hamirpur, Kangra, Kinnaur, Kullu, Lahul And Spiti, Mandi, Shimla, Sirmaur, Solan, Una",Himachal Pradesh,,,,,24.0,12.0,,,"24 persons died. Bilaspur - 1, Chamba - 3, Kullu - 2, Lahul & Spiti - 1, Shimla - 10, Sirmaur - 2, Solan �������� 5. While, 12 others injured, Of which, 11 from Shimla Dist.","i) Damage to more than 125 houses,more than 35 cowsheds reported. ii) Damage to six bridges reported. iii) Damage to 1154 transformers reported. iv) Many vehicles washed away, & many damaged. v) A loss of Rs 490 cores reported. vi) Several people shifted to safer places. vii) Extensive damage to national Highway from Kullu Dist. reported. In addition, 9 National Highways & more than 800 roads blocked. viii) Several trees uprooted.",IMD,,"375, 16, 17, 18, 19, 20, 21, 22, 23, 24, 25, 448",2,2019-08-17,Kullu,NW Himalaya,district-named,India_Flood_Inventory_v3.csv (IMD-sourced),riverine_flood,riverine_flood,explicit
5185,UEI-IMD-FL-2020-0029,24-06-2020 00:00,30-09-2020 00:00,99.0,Heavy Rains & Landslide,,"Bilaspur, Chamba, Hamirpur, Kangra, Kinnaur, Kullu, Lahul And Spiti, Mandi, Shimla, Sirmaur, Solan, Una",Himachal Pradesh,,,,,32.0,,,88.0,"Total 32 persons died due to Landslide or by drowning. Bilaspur - 2, Chamba - 5, Hamirpur - 2, Kangra - 8, Lahul & Spiti - 1, Mandi - 5, Shimla - 5, Sirmaur - 2, Solan �������� 2. While, 88 livestock perished.","i) Damage to Agricultural & Horticultural crops reported. ii) Damage to 689 Pacca & Kacha houses fully or partially reported. Damage to shops & cow sheds also reported. iii) Damage to NH-05 of about 07 to 08-meter road reported due to which people were not able to cross the road on foot. Also, NH -03 blocked.",IMD,,"375, 16, 17, 18, 19, 20, 21, 22, 23, 24, 25, 448",2,2020-06-24,Kullu,NW Himalaya,district-named,India_Flood_Inventory_v3.csv (IMD-sourced),ambiguous_generic,ambiguous,no regional-default applied (out of scope tonight -- only Wayanad/Idukki disambiguated)
5351,UEI-IMD-FL-2021-0042,27-07-2021 00:00,27-07-2021 00:00,1.0,Flash Floods triggered by Cloudburst,,Kullu,Himachal Pradesh,,,,,4.0,,,,,,IMD,,20,2,2021-07-27,Kullu,NW Himalaya,district-named,India_Flood_Inventory_v3.csv (IMD-sourced),flash_flood,flash_flood,explicit
5355,UEI-IMD-FL-2021-0046,20-09-2021 00:00,20-09-2021 00:00,1.0,Heavy Rains,,"Kullu, Sirmaur",Himachal Pradesh,,,,,,,,,,,IMD,,"20, 24",2,2021-09-20,Kullu,NW Himalaya,district-named,India_Flood_Inventory_v3.csv (IMD-sourced),ambiguous_generic,ambiguous,no regional-default applied (out of scope tonight -- only Wayanad/Idukki disambiguated)
6100,UEI-IMD-FL-2022-0454,06-07-2022 00:00,06-07-2022 00:00,1.0,"Heavy Rains, Flash Floods & Cloudburst",,Kullu ,Himachal Pradesh,,,,,8.0,,4.0,5.0,,,IMD,,20,2,2022-07-06,Kullu,NW Himalaya,district-named,India_Flood_Inventory_v3.csv (IMD-sourced),flash_flood,flash_flood,explicit
6101,UEI-IMD-FL-2022-0455,06-07-2022 00:00,06-07-2022 00:00,1.0,Land Slide,,Kullu,Himachal Pradesh,,,,,,2.0,,,,,IMD,,20,2,2022-07-06,Kullu,NW Himalaya,district-named,India_Flood_Inventory_v3.csv (IMD-sourced),landslide_only_not_flood_cause,landslide_only,explicit
6103,UEI-IMD-FL-2022-0457,14-07-2022 00:00,14-07-2022 00:00,1.0,Land Slide,,Kullu,Himachal Pradesh,,,,,1.0,3.0,,,,,IMD,,20,2,2022-07-14,Kullu,NW Himalaya,district-named,India_Flood_Inventory_v3.csv (IMD-sourced),landslide_only_not_flood_cause,landslide_only,explicit
6105,UEI-IMD-FL-2022-0459,28-07-2022 00:00,29-07-2022 00:00,2.0,"Cloud Burst, Heavy rains & Floods",,Kullu,Himachal Pradesh,,,,,,6.0,,,,,IMD,,20,2,2022-07-28,Kullu,NW Himalaya,district-named,India_Flood_Inventory_v3.csv (IMD-sourced),flash_flood,flash_flood,explicit
6108,UEI-IMD-FL-2022-0462,08-08-2022 00:00,08-08-2022 00:00,1.0,Landslide,,Kullu,Himachal Pradesh,,,,,2.0,,,,,,IMD,,20,2,2022-08-08,Kullu,NW Himalaya,district-named,India_Flood_Inventory_v3.csv (IMD-sourced),landslide_only_not_flood_cause,landslide_only,explicit
6109,UEI-IMD-FL-2022-0463,11-08-2022 00:00,11-08-2022 00:00,1.0,Landslide,,Kullu,Himachal Pradesh,,,,,2.0,,,,,,IMD,,20,2,2022-08-11,Kullu,NW Himalaya,district-named,India_Flood_Inventory_v3.csv (IMD-sourced),landslide_only_not_flood_cause,landslide_only,explicit
7071,UEI-IMD-FL-2023-0286,24-06-2023 00:00,25-06-2023 00:00,2.0,Heavy Rains & Floods,,Kullu,Himachal Pradesh,,,,,,,,,,,IMD,,20,2,2023-06-24,Kullu,NW Himalaya,district-named,India_Flood_Inventory_v3.csv (IMD-sourced),ambiguous_generic,ambiguous,no regional-default applied (out of scope tonight -- only Wayanad/Idukki disambiguated)
7082,UEI-IMD-FL-2023-0297,09-07-2023 00:00,11-07-2023 00:00,3.0,"Heavy Rains,  Floods & Landslides",,Kullu,Himachal Pradesh,,,,,1.0,,,,,,IMD,,20,2,2023-07-09,Kullu,NW Himalaya,district-named,India_Flood_Inventory_v3.csv (IMD-sourced),ambiguous_generic,ambiguous,no regional-default applied (out of scope tonight -- only Wayanad/Idukki disambiguated)
7088,UEI-IMD-FL-2023-0303,16-07-2023 00:00,16-07-2023 00:00,1.0,Heavy Rains,,Kullu,Himachal Pradesh,,,,,1.0,3.0,,,,,IMD,,20,2,2023-07-16,Kullu,NW Himalaya,district-named,India_Flood_Inventory_v3.csv (IMD-sourced),ambiguous_generic,ambiguous,no regional-default applied (out of scope tonight -- only Wayanad/Idukki disambiguated)
7114,UEI-IMD-FL-2023-0329,23-08-2023 00:00,24-08-2023 00:00,2.0,Heavy Rains & Landslides,,Kullu ,Himachal Pradesh,,,,,,,,,,,IMD,,20,2,2023-08-23,Kullu,NW Himalaya,district-named,India_Flood_Inventory_v3.csv (IMD-sourced),ambiguous_generic,ambiguous,no regional-default applied (out of scope tonight -- only Wayanad/Idukki disambiguated)
572,UEI-IMD-FL-1968-0006,01-10-1968 00:00,08-10-1968 00:00,8.0,floods,,"Darjeeling, Jalpaiguri, Cooch Behar",West Bengal,,,,,,,,,,,IMD,,"309, 314, 308",19,1968-10-01,Darjeeling/Kalimpong,NE Himalaya,district-named,India_Flood_Inventory_v3.csv (IMD-sourced),ambiguous_generic,ambiguous,no regional-default applied (out of scope tonight -- only Wayanad/Idukki disambiguated)
590,UEI-IMD-FL-1970-0007,01-09-1970 00:00,14-09-1970 00:00,14.0,heavy rains,,"Darjeeling, Jalpaiguri, Cooch Behar, Malda, Uttar Kashi Dinajpur, Dakshin Dinajpur, North westduar,Kalimpong",West Bengal,,,,,80.0,,,,Flooded vast areas in West Bengal resulting in the death of some 80 persons,"Rendering several thousands homeless. There was also considerable dmage to crops,houses in Gangetic West Bengal during this period",IMD,,"309, 314, 308, 316, None, 310, None, 702",19,1970-09-01,Darjeeling/Kalimpong,NE Himalaya,district-named,India_Flood_Inventory_v3.csv (IMD-sourced),ambiguous_generic,ambiguous,no regional-default applied (out of scope tonight -- only Wayanad/Idukki disambiguated)
598,UEI-IMD-FL-1971-0003,01-06-1971 00:00,30-06-1971 00:00,30.0,heavy rains,,"Amroha, Hapur, Bareilly, Pilibhit, Bulandshahr, Gautam Buddha Nagar, Kheri, Budaun, Bahraich, Shahjahanpur, Aligarh, Kasganj, Mathura, SShrawasti, Sitapur, Hathras, Etah, Hardoi, Farrukhabad, Firozabad, Siddharthnagar, Mainpuri, Mahrajganj, Agra, Gonda, Bara Banki, Kushinagar, Kannauj, Lucknow, Basti, Gorakhpur, Sant Kabir Nagar, Unnao, Etawah, Kanpur nagar Nagar, Auraiya, Ayodhya, Kanpur nagar Dehat, Deoria, Sultanpur, Ambedkar Nagar, Rae Bareli, Jalaun, Azamgarh, Mau, Fatehpur, Ballia, Jaunpur, Jhansi, Banda, Ghazipurr, Kaushambi, Prayagraj, Varanasi, Chitrakoot, Chandauli, Bhadohi, Mirzapur, Lalitpur, Sonbhadra, Amethi, Ghaziabad, Sambhal, Mahoba, Saharanpur, Bijnor, Muzaffarnagar, Baghpat, Meerut, Moradabad, Rampur, Shamli, Balrampur, Hamirpur, Pratapgarh, Tinsukia, Dhemaji, Dibrugarh, Lakhimpur, Sivasagar, Jorhat, Sonitpur, Golaghat, Udalguri, Chirang, Baksa, Nagaon, Kokrajhar, Darrang, Barpeta, Nalbari, Marigaon, Kamrup, Bongaigaon, Dhubri, Kamrup Metro, Goalpara, Dima Hasao, Cachar, Karimganj, Hailakandi, Charaideo, Majuli, Biswanath, Hojai, South Salmara Mancachar, Karbi Anglong, West Karbi Anglong, Pashchim Champaran, Purbi Champaran, Sitamarhi, Sheohar, Gopalganj, Samastipur, Katihar, Khagaria, Bhojpur, Buxar, Darbhanga, Saharsa, Kaimur (Bhabua), Rohtas, Jamui, Banka, Nawada, Gaya, Munger, Vaishali, Begusarai, Bhagalpur, Lakhisarai, Sheikhpura, Arwal, Jehanabad, Nalanda, Patna, Saran, Siwan, Muzaffarpur, Madhepura, Araria, Supaul, Madhubani, Purnia, Kishanganj, Aurangabad, South 24 Parganas, Darjeeling, Jalpaiguri, Dakshin Dinajpur, Maldah, Murshidabad, Birbhum, Nadia, Purba Purba Bardhaman, Purulia, Bankura, North 24 Parganas","Uttar Pradesh , Assam , Bihar , West Bengal, Kerala",,,,,,,,,,"Caused loss of life,damage to crops worth crores of rupees,brekdown of normal traffic,communication. Due to change of course y some rivers (like the Kali river) thousands of people were rendered homeless",IMD,,"154, 502, 130, 173, 134, 144, 159, 133, 125, 180, 119, 633, 167, None, 183, 163, 138, 150, 141, 143, 182, 166, 164, 118, 514, 129, 160, 155, 162, 131, 148, 178, 186, 139, None, 122, 140, None, 137, 185, 121, 175, 151, 123, 24, 142, 126, 152, 153, 456, None, 158, 120, 187, 136, 135, 179, 170, 161, 184, 640, 145, 659, 165, 177, 132, 172, 124, 169, 171, 649, 660, 649, 17, 629, 302, 284, 286, 295, 300, 290, 301, 288, 617, 612, 616, 297, 294, 283, 280, 298, 296, 291, 281, 285, 618, 287, 299, 282, 293, 289, 708, 706, 705, 709, 707, 292, 710, 211, 213, 221, 220, 197, 217, 201, 202, 193, 194, 195, 216, None, 215, 198, 190, 210, 196, 207, 224, 191, 192, 204, 219, 611, 199, 209, 520, 218, 222, 208, 205, 188, 223, 206, 214, 203, 189, 304, 309, 314, 310, None, 319, 307, 320, None, 321, 305, 303","9,18,10,19,32",1971-06-01,Darjeeling/Kalimpong,NE Himalaya,district-named,India_Flood_Inventory_v3.csv (IMD-sourced),ambiguous_generic,ambiguous,no regional-default applied (out of scope tonight -- only Wayanad/Idukki disambiguated)
600,UEI-IMD-FL-1971-0005,01-07-1971 00:00,31-07-1971 00:00,31.0,floods,,"Tinsukia, Dhemaji, Dibrugarh, Lakhimpur, Sivasagar, Jorhat, Sonitpur, Golaghat, Udalguri, Chirang, Baksa, Nagaon, Kokrajhar, Darrang, Barpeta, Nalbari, Marigaon, Kamrup, Bongaigaon, Dhubri, Kamrup Metro, Goalpara, Dima Hasao, Cachar, Karimganj, Hailakandi, Charaideo, Majuli, Biswanath, Hojai, South Salmara Mancachar, Karbi Anglong, West Karbi Anglong, Bhadrak, Dhenkanal, Jajapur, Subarnapur, Nuapada, Balangir, Boudh, Cuttack, Kandhamal, Nayagarh, Khordha, Kalahandi, Jagatsinghapur, Puri, Nagpur, Rayagada, Koraput, Malkangiri, Anugul, Kendrapara, Ganjam, Gajapati, Mayurbhanj, Sundargarh, Kendujhar, Baleshwar, Jharsuguda, Bargarh, Deogarh, Sambalpur, South 24 Parganas, Darjeeling, Jalpaiguri, Dakshin Dinajpur, Maldah, Murshidabad, Birbhum, Nadia, Purba Purba Bardhaman, Purulia, Bankura, North 24 Parganas","Assam, Odisha, West Bengal, Bihar",,,,,,,,,,"Loss of life was reported. Several villages were washed away rendering thousands people homeless. Crops,fertile land worth seeveral crores of rupees reportedly destroyed",IMD,,"302, 284, 286, 295, 300, 290, 301, 288, 617, 612, 616, 297, 294, 283, 280, 298, 296, 291, 281, 285, 618, 287, 299, 282, 293, 289, 708, 706, 705, 709, 707, 292, 710, 348, 352, 356, None, 368, 345, 349, 350, 359, 367, 362, 358, 355, 432, 484, 370, 363, 364, 344, 360, 354, 353, 365, 373, 361, 346, 357, 347, 351, 371, 304, 309, 314, 310, None, 319, 307, 320, None, 321, 305, 303","18,21,19,10",1971-07-01,Darjeeling/Kalimpong,NE Himalaya,district-named,India_Flood_Inventory_v3.csv (IMD-sourced),ambiguous_generic,ambiguous,no regional-default applied (out of scope tonight -- only Wayanad/Idukki disambiguated)
602,UEI-IMD-FL-1971-0007,01-08-1971 00:00,14-08-1971 00:00,14.0,moderate floods,,"Burhanpur, Morena, Bhind, Gwalior, Sheopur, Shivpuri, Tikamgarh, Neemuch, Rewa, Satna, Guna, Ashoknagar, Mandsaur, Singrauli, Sidhi, Sagar, Damoh, Shajapur, Vidisha, Rajgarh, Shahdol, Katni, Umaria, Ratlam, Bhopal, Ujjain, Raisen, Sehore, Jabalpur, Dewas, Anuppur, Jhabua, Dindori, Narsimhapur, Dhar, Indore, Mandla, Narmadapuram, Seoni, Alirajpur, Chhindwara, Harda, Khargone (Khargone (West Nimar)), East Nimar, Balaghat, Barwani, Agar-Malwa, Datia, Chhatarpur, Panna, Betul, Niwari, Gurdaspur, Hoshiarpur, Amritsar, Jalandhar, Tarn Taran, Rupnagar, Shahid Bhagat Singh Nagar, Fazilka, Moga, Ludhiana, S.A.S Nagar*, Faridkot, Fatehgarh Sahib, Sri Sri Muktsar Sahib Sahib, Sangrur, Barnala, Bathinda, Patiala, Mansa, Ferozepur, Pathankot, Kapurthala, Jhajjar, Gurugram, Faridabad, Mahendragarh, Rewari, Nuh, Palwal, Charki Dadri, Yamunanagar, Kurukshetra, Kaithal, Sirsa, Karnal, Jind, Fatehabad, Hisar, Panipat, Sonipat, Bhiwani, Rohtak, Panchkula, Ambala, South 24 Parganas, Darjeeling, Jalpaiguri, Dakshin Dinajpur, Maldah, Murshidabad, Birbhum, Nadia, Purba Purba Bardhaman, Purulia, Bankura, North 24 Parganas","Madhya Pradesh, Punjab, Haryana, West Bengal",,,,,,,,,,States affected,IMD,,"397, 417, 395, 407, 431, 432, 434, 419, 72, 426, 406, 391, 416, 638, 433, 300, 400, 430, 437, 422, 429, 413, 436, 423, 396, 435, 421, 427, 411, 402, 390, 412, 404, 418, 536, 410, 415, 409, 428, 639, 399, 336, None, 405, 392, 393, 667, 401, 398, 420, 394, 722, 32, 33, 27, 34, 609, 42, 40, 651, 38, 36, 608, 29, 30, None, 43, 605, 28, 41, 37, 31, 662, 35, 64, 62, 60, 69, 72, 604, 619, 701, 76, 68, 66, 74, 67, 65, 61, 204, 71, 75, 59, 73, 70, 58, 304, 309, 314, 310, None, 319, 307, 320, None, 321, 305, 303","23,3,6,19",1971-08-01,Darjeeling/Kalimpong,NE Himalaya,district-named,India_Flood_Inventory_v3.csv (IMD-sourced),ambiguous_generic,ambiguous,no regional-default applied (out of scope tonight -- only Wayanad/Idukki disambiguated)
603,UEI-IMD-FL-1971-0008,15-08-1971 00:00,28-08-1971 00:00,14.0,floods,,"Pashchim Champaran, Purbi Champaran, Sitamarhi, Sheohar, Gopalganj, Samastipur, Katihar, Khagaria, Bhojpur, Buxar, Darbhanga, Saharsa, Kaimur (Bhabua), Rohtas, Jamui, Banka, Nawada, Gaya, Munger, Vaishali, Begusarai, Bhagalpur, Lakhisarai, Sheikhpura, Arwal, Jehanabad, Nalanda, Patna, Saran, Siwan, Muzaffarpur, Madhepura, Araria, Supaul, Madhubani, Purnia, Kishanganj, Aurangabad, Amroha, Hapur, Bareilly, Pilibhit, Bulandshahr, Gautam Buddha Nagar, Kheri, Budaun, Bahraich, Shahjahanpur, Aligarh, Kasganj, Mathura, SShrawasti, Sitapur, Hathras, Etah, Hardoi, Farrukhabad, Firozabad, Siddharthnagar, Mainpuri, Mahrajganj, Agra, Gonda, Bara Banki, Kushinagar, Kannauj, Lucknow, Basti, Gorakhpur, Sant Kabir Nagar, Unnao, Etawah, Kanpur nagar Nagar, Auraiya, Ayodhya, Kanpur nagar Dehat, Deoria, Sultanpur, Ambedkar Nagar, Rae Bareli, Jalaun, Azamgarh, Mau, Fatehpur, Ballia, Jaunpur, Jhansi, Banda, Ghazipurr, Kaushambi, Prayagraj, Varanasi, Chitrakoot, Chandauli, Bhadohi, Mirzapur, Lalitpur, Sonbhadra, Amethi, Ghaziabad, Sambhal, Mahoba, Saharanpur, Bijnor, Muzaffarnagar, Baghpat, Meerut, Moradabad, Rampur, Shamli, Balrampur, Hamirpur, Pratapgarh, South 24 Parganas, Darjeeling, Jalpaiguri, Dakshin Dinajpur, Maldah, Murshidabad, Birbhum, Nadia, Purba Purba Bardhaman, Purulia, Bankura, North 24 Parganas","Bihar, Uttar pradesh, West Bengal, Himachal Pradesh",,,,,,,,,,"Caused loss of life, property,crops",IMD,,"211, 213, 221, 220, 197, 217, 201, 202, 193, 194, 195, 216, None, 215, 198, 190, 210, 196, 207, 224, 191, 192, 204, 219, 611, 199, 209, 520, 218, 222, 208, 205, 188, 223, 206, 214, 203, 189, 154, 502, 130, 173, 134, 144, 159, 133, 125, 180, 119, 633, 167, None, 183, 163, 138, 150, 141, 143, 182, 166, 164, 118, 514, 129, 160, 155, 162, 131, 148, 178, 186, 139, None, 122, 140, None, 137, 185, 121, 175, 151, 123, 24, 142, 126, 152, 153, 456, None, 158, 120, 187, 136, 135, 179, 170, 161, 184, 640, 145, 659, 165, 177, 132, 172, 124, 169, 171, 649, 660, 649, 17, 629, 304, 309, 314, 310, None, 319, 307, 320, None, 321, 305, 303","10,19,2",1971-08-15,Darjeeling/Kalimpong,NE Himalaya,district-named,India_Flood_Inventory_v3.csv (IMD-sourced),ambiguous_generic,ambiguous,no regional-default applied (out of scope tonight -- only Wayanad/Idukki disambiguated)
605,UEI-IMD-FL-1971-0010,01-09-1971 00:00,14-09-1971 00:00,14.0,floods,,"Amroha, Hapur, Bareilly, Pilibhit, Bulandshahr, Gautam Buddha Nagar, Kheri, Budaun, Bahraich, Shahjahanpur, Aligarh, Kasganj, Mathura, SShrawasti, Sitapur, Hathras, Etah, Hardoi, Farrukhabad, Firozabad, Siddharthnagar, Mainpuri, Mahrajganj, Agra, Gonda, Bara Banki, Kushinagar, Kannauj, Lucknow, Basti, Gorakhpur, Sant Kabir Nagar, Unnao, Etawah, Kanpur nagar Nagar, Auraiya, Ayodhya, Kanpur nagar Dehat, Deoria, Sultanpur, Ambedkar Nagar, Rae Bareli, Jalaun, Azamgarh, Mau, Fatehpur, Ballia, Jaunpur, Jhansi, Banda, Ghazipurr, Kaushambi, Prayagraj, Varanasi, Chitrakoot, Chandauli, Bhadohi, Mirzapur, Lalitpur, Sonbhadra, Amethi, Ghaziabad, Sambhal, Mahoba, Saharanpur, Bijnor, Muzaffarnagar, Baghpat, Meerut, Moradabad, Rampur, Shamli, Balrampur, Hamirpur, Pratapgarh, South 24 Parganas, Darjeeling, Jalpaiguri, Dakshin Dinajpur, Maldah, Murshidabad, Birbhum, Nadia, Purba Purba Bardhaman, Purulia, Bankura, North 24 Parganas","Uttar Pradesh, West Bengal, Bihar",,,,,,,,,,,IMD,,"154, 502, 130, 173, 134, 144, 159, 133, 125, 180, 119, 633, 167, None, 183, 163, 138, 150, 141, 143, 182, 166, 164, 118, 514, 129, 160, 155, 162, 131, 148, 178, 186, 139, None, 122, 140, None, 137, 185, 121, 175, 151, 123, 24, 142, 126, 152, 153, 456, None, 158, 120, 187, 136, 135, 179, 170, 161, 184, 640, 145, 659, 165, 177, 132, 172, 124, 169, 171, 649, 660, 649, 17, 629, 304, 309, 314, 310, None, 319, 307, 320, None, 321, 305, 303","9,19,10",1971-09-01,Darjeeling/Kalimpong,NE Himalaya,district-named,India_Flood_Inventory_v3.csv (IMD-sourced),ambiguous_generic,ambiguous,no regional-default applied (out of scope tonight -- only Wayanad/Idukki disambiguated)
608,UEI-IMD-FL-1971-0013,01-01-1971 00:00,31-12-1971 00:00,365.0,floods,,"Amroha, Hapur, Bareilly, Pilibhit, Bulandshahr, Gautam Buddha Nagar, Kheri, Budaun, Bahraich, Shahjahanpur, Aligarh, Kasganj, Mathura, SShrawasti, Sitapur, Hathras, Etah, Hardoi, Farrukhabad, Firozabad, Siddharthnagar, Mainpuri, Mahrajganj, Agra, Gonda, Bara Banki, Kushinagar, Kannauj, Lucknow, Basti, Gorakhpur, Sant Kabir Nagar, Unnao, Etawah, Kanpur nagar Nagar, Auraiya, Ayodhya, Kanpur nagar Dehat, Deoria, Sultanpur, Ambedkar Nagar, Rae Bareli, Jalaun, Azamgarh, Mau, Fatehpur, Ballia, Jaunpur, Jhansi, Banda, Ghazipurr, Kaushambi, Prayagraj, Varanasi, Chitrakoot, Chandauli, Bhadohi, Mirzapur, Lalitpur, Sonbhadra, Amethi, Ghaziabad, Sambhal, Mahoba, Saharanpur, Bijnor, Muzaffarnagar, Baghpat, Meerut, Moradabad, Rampur, Shamli, Balrampur, Hamirpur, Pratapgarh, Pashchim Champaran, Purbi Champaran, Sitamarhi, Sheohar, Gopalganj, Samastipur, Katihar, Khagaria, Bhojpur, Buxar, Darbhanga, Saharsa, Kaimur (Bhabua), Rohtas, Jamui, Banka, Nawada, Gaya, Munger, Vaishali, Begusarai, Bhagalpur, Lakhisarai, Sheikhpura, Arwal, Jehanabad, Nalanda, Patna, Saran, Siwan, Muzaffarpur, Madhepura, Araria, Supaul, Madhubani, Purnia, Kishanganj, Aurangabad, Bhadrak, Dhenkanal, Jajapur, Subarnapur, Nuapada, Balangir, Boudh, Cuttack, Kandhamal, Nayagarh, Khordha, Kalahandi, Jagatsinghapur, Puri, Nagpur, Rayagada, Koraput, Malkangiri, Anugul, Kendrapara, Ganjam, Gajapati, Mayurbhanj, Sundargarh, Kendujhar, Baleshwar, Jharsuguda, Bargarh, Deogarh, Sambalpur, South 24 Parganas, Darjeeling, Jalpaiguri, Dakshin Dinajpur, Maldah, Murshidabad, Birbhum, Nadia, Purba Purba Bardhaman, Purulia, Bankura, North 24 Parganas","Uttar Pradesh, Bihar, Odisha, West Bengal",,,,,1025.0,,,,1025 human lives were lost ,"Property worth Rs. 526/- crores was damaged in floods, making this year the most flood-stricken year since 1954. The total population in the country affected by floods was estimated as 57 million,the total area affected as 12.5 million hectares, including a cropped area of 5.87 million hectares",IMD,,"154, 502, 130, 173, 134, 144, 159, 133, 125, 180, 119, 633, 167, None, 183, 163, 138, 150, 141, 143, 182, 166, 164, 118, 514, 129, 160, 155, 162, 131, 148, 178, 186, 139, None, 122, 140, None, 137, 185, 121, 175, 151, 123, 24, 142, 126, 152, 153, 456, None, 158, 120, 187, 136, 135, 179, 170, 161, 184, 640, 145, 659, 165, 177, 132, 172, 124, 169, 171, 649, 660, 649, 17, 629, 211, 213, 221, 220, 197, 217, 201, 202, 193, 194, 195, 216, None, 215, 198, 190, 210, 196, 207, 224, 191, 192, 204, 219, 611, 199, 209, 520, 218, 222, 208, 205, 188, 223, 206, 214, 203, 189, 348, 352, 356, None, 368, 345, 349, 350, 359, 367, 362, 358, 355, 432, 484, 370, 363, 364, 344, 360, 354, 353, 365, 373, 361, 346, 357, 347, 351, 371, 304, 309, 314, 310, None, 319, 307, 320, None, 321, 305, 303","9,10,21,19",1971-01-01,Darjeeling/Kalimpong,NE Himalaya,district-named,India_Flood_Inventory_v3.csv (IMD-sourced),ambiguous_generic,ambiguous,no regional-default applied (out of scope tonight -- only Wayanad/Idukki disambiguated)
616,UEI-IMD-FL-1972-0008,08-07-1972 00:00,21-07-1972 00:00,14.0,floods,,"Bhadrak, Dhenkanal, Jajapur, Subarnapur, Nuapada, Balangir, Boudh, Cuttack, Kandhamal, Nayagarh, Khordha, Kalahandi, Jagatsinghapur, Puri, Nagpur, Rayagada, Koraput, Malkangiri, Anugul, Kendrapara, Ganjam, Gajapati, Mayurbhanj, Sundargarh, Kendujhar, Baleshwar, Jharsuguda, Bargarh, Deogarh, Sambalpur, Pashchim Champaran, Purbi Champaran, Sitamarhi, Sheohar, Gopalganj, Samastipur, Katihar, Khagaria, Bhojpur, Buxar, Darbhanga, Saharsa, Kaimur (Bhabua), Rohtas, Jamui, Banka, Nawada, Gaya, Munger, Vaishali, Begusarai, Bhagalpur, Lakhisarai, Sheikhpura, Arwal, Jehanabad, Nalanda, Patna, Saran, Siwan, Muzaffarpur, Madhepura, Araria, Supaul, Madhubani, Purnia, Kishanganj, Aurangabad, Tinsukia, Dhemaji, Dibrugarh, Lakhimpur, Sivasagar, Jorhat, Sonitpur, Golaghat, Udalguri, Chirang, Baksa, Nagaon, Kokrajhar, Darrang, Barpeta, Nalbari, Marigaon, Kamrup, Bongaigaon, Dhubri, Kamrup Metro, Goalpara, Dima Hasao, Cachar, Karimganj, Hailakandi, Charaideo, Majuli, Biswanath, Hojai, South Salmara Mancachar, Karbi Anglong, West Karbi Anglong, South 24 Parganas, Darjeeling, Jalpaiguri, Dakshin Dinajpur, Maldah, Murshidabad, Birbhum, Nadia, Purba Purba Bardhaman, Purulia, Bankura, North 24 Parganas","Odisha, Bihar, Assam, West Bengal",,,,,90.0,,,,About 90 persons were reported to have died in floods,Caused damage to property worth Rs. 11 crores. Nearly 10 lakh peple were rendered homeless,IMD,,"348, 352, 356, None, 368, 345, 349, 350, 359, 367, 362, 358, 355, 432, 484, 370, 363, 364, 344, 360, 354, 353, 365, 373, 361, 346, 357, 347, 351, 371, 211, 213, 221, 220, 197, 217, 201, 202, 193, 194, 195, 216, None, 215, 198, 190, 210, 196, 207, 224, 191, 192, 204, 219, 611, 199, 209, 520, 218, 222, 208, 205, 188, 223, 206, 214, 203, 189, 302, 284, 286, 295, 300, 290, 301, 288, 617, 612, 616, 297, 294, 283, 280, 298, 296, 291, 281, 285, 618, 287, 299, 282, 293, 289, 708, 706, 705, 709, 707, 292, 710, 304, 309, 314, 310, None, 319, 307, 320, None, 321, 305, 303","21,10,18,19",1972-07-08,Darjeeling/Kalimpong,NE Himalaya,district-named,India_Flood_Inventory_v3.csv (IMD-sourced),ambiguous_generic,ambiguous,no regional-default applied (out of scope tonight -- only Wayanad/Idukki disambiguated)
622,UEI-IMD-FL-1973-0004,01-06-1973 00:00,07-06-1973 00:00,7.0,,,"Cooch Behar, North westduar, Jalpaiguri, Darjeeling,Kalimpong,Uttar Kashi Dinajpur, Dakshin Dinajpur,Malda",West Bengal,,,,,,,,,,More than a lakh people were affected by the floods that swept over,IMD,,"308, None, 314, 309, 702, None, 310, 316",19,1973-06-01,Darjeeling/Kalimpong,NE Himalaya,district-named,India_Flood_Inventory_v3.csv (IMD-sourced),unknown_blank,unknown,Main Cause blank
627,UEI-IMD-FL-1973-0009,22-07-1973 00:00,28-07-1973 00:00,7.0,"heavy rains, floods",,"Shimla, Amroha, Hapur, Bareilly, Pilibhit, Bulandshahr, Gautam Buddha Nagar, Kheri, Budaun, Bahraich, Shahjahanpur, Aligarh, Kasganj, Mathura, SShrawasti, Sitapur, Hathras, Etah, Hardoi, Farrukhabad, Firozabad, Siddharthnagar, Mainpuri, Mahrajganj, Agra, Gonda, Bara Banki, Kushinagar, Kannauj, Lucknow, Basti, Gorakhpur, Sant Kabir Nagar, Unnao, Etawah, Kanpur nagar Nagar, Auraiya, Ayodhya, Kanpur nagar Dehat, Deoria, Sultanpur, Ambedkar Nagar, Rae Bareli, Jalaun, Azamgarh, Mau, Fatehpur, Ballia, Jaunpur, Jhansi, Banda, Ghazipurr, Kaushambi, Prayagraj, Varanasi, Chitrakoot, Chandauli, Bhadohi, Mirzapur, Lalitpur, Sonbhadra, Amethi, Ghaziabad, Sambhal, Mahoba, Saharanpur, Bijnor, Muzaffarnagar, Baghpat, Meerut, Moradabad, Rampur, Shamli, Balrampur, Hamirpur, Pratapgarh, Pashchim Champaran, Purbi Champaran, Sitamarhi, Sheohar, Gopalganj, Samastipur, Katihar, Khagaria, Bhojpur, Buxar, Darbhanga, Saharsa, Kaimur (Bhabua), Rohtas, Jamui, Banka, Nawada, Gaya, Munger, Vaishali, Begusarai, Bhagalpur, Lakhisarai, Sheikhpura, Arwal, Jehanabad, Nalanda, Patna, Saran, Siwan, Muzaffarpur, Madhepura, Araria, Supaul, Madhubani, Purnia, Kishanganj, Aurangabad, South 24 Parganas, Darjeeling, Jalpaiguri, Dakshin Dinajpur, Maldah, Murshidabad, Birbhum, Nadia, Purba Purba Bardhaman, Purulia, Bankura, North 24 Parganas","Himachal Pradesh, Uttar Pradesh, Bihar,  West Bengal",,,,,144.0,,,,Atleast 144 persons died,"Completely cut off from rest of the country , Crops,property worth two crores of rupees were destroyed, Floods continuing during August, severely affected the Brahmaputra valley, causing extensive damage to crops,loss of life",IMD,,"23, 154, 502, 130, 173, 134, 144, 159, 133, 125, 180, 119, 633, 167, None, 183, 163, 138, 150, 141, 143, 182, 166, 164, 118, 514, 129, 160, 155, 162, 131, 148, 178, 186, 139, None, 122, 140, None, 137, 185, 121, 175, 151, 123, 24, 142, 126, 152, 153, 456, None, 158, 120, 187, 136, 135, 179, 170, 161, 184, 640, 145, 659, 165, 177, 132, 172, 124, 169, 171, 649, 660, 649, 17, 629, 211, 213, 221, 220, 197, 217, 201, 202, 193, 194, 195, 216, None, 215, 198, 190, 210, 196, 207, 224, 191, 192, 204, 219, 611, 199, 209, 520, 218, 222, 208, 205, 188, 223, 206, 214, 203, 189, 304, 309, 314, 310, None, 319, 307, 320, None, 321, 305, 303","2,9,10,19",1973-07-22,Darjeeling/Kalimpong,NE Himalaya,district-named,India_Flood_Inventory_v3.csv (IMD-sourced),ambiguous_generic,ambiguous,no regional-default applied (out of scope tonight -- only Wayanad/Idukki disambiguated)
634,UEI-IMD-FL-1973-0017,08-10-1973 00:00,14-10-1973 00:00,7.0,severe floods,,"Pashchim Champaran, Purbi Champaran, Sitamarhi, Sheohar, Gopalganj, Samastipur, Katihar, Khagaria, Bhojpur, Buxar, Darbhanga, Saharsa, Kaimur (Bhabua), Rohtas, Jamui, Banka, Nawada, Gaya, Munger, Vaishali, Begusarai, Bhagalpur, Lakhisarai, Sheikhpura, Arwal, Jehanabad, Nalanda, Patna, Saran, Siwan, Muzaffarpur, Madhepura, Araria, Supaul, Madhubani, Purnia, Kishanganj, Aurangabad, Bhadrak, Dhenkanal, Jajapur, Subarnapur, Nuapada, Balangir, Boudh, Cuttack, Kandhamal, Nayagarh, Khordha, Kalahandi, Jagatsinghapur, Puri, Nagpur, Rayagada, Koraput, Malkangiri, Anugul, Kendrapara, Ganjam, Gajapati, Mayurbhanj, Sundargarh, Kendujhar, Baleshwar, Jharsuguda, Bargarh, Deogarh, Sambalpur, South 24 Parganas*, Darjeeling, Jalpaiguri, Dakshin Dinajpur, Maldah, Murshidabad, Birbhum, Nadia, Purba Purba Bardhaman, Purulia, Bankura, North 24 Parganas","Bihar, Odisha, West Bengal, Assam, Andhra Pradesh",,,,,77.0,,,,Loss of 77 lives,About 50 Lakhs of people being seriously affected,IMD,,"211, 213, 221, 220, 197, 217, 201, 202, 193, 194, 195, 216, None, 215, 198, 190, 210, 196, 207, 224, 191, 192, 204, 219, 611, 199, 209, 520, 218, 222, 208, 205, 188, 223, 206, 214, 203, 189, 348, 352, 356, None, 368, 345, 349, 350, 359, 367, 362, 358, 355, 432, 484, 370, 363, 364, 344, 360, 354, 353, 365, 373, 361, 346, 357, 347, 351, 371, 304, 309, 314, 310, None, 319, 307, 320, None, 321, 305, 303","10,21,19,18,28",1973-10-08,Darjeeling/Kalimpong,NE Himalaya,district-named,India_Flood_Inventory_v3.csv (IMD-sourced),ambiguous_generic,ambiguous,no regional-default applied (out of scope tonight -- only Wayanad/Idukki disambiguated)
636,UEI-IMD-FL-1974-0002,01-07-1974 00:00,03-08-1974 00:00,34.0,floods,,"Pashchim Champaran, Purbi Champaran, Sitamarhi, Sheohar, Gopalganj, Samastipur, Katihar, Khagaria, Bhojpur, Buxar, Darbhanga, Saharsa, Kaimur (Bhabua), Rohtas, Jamui, Banka, Nawada, Gaya, Munger, Vaishali, Begusarai, Bhagalpur, Lakhisarai, Sheikhpura, Arwal, Jehanabad, Nalanda, Patna, Saran, Siwan, Muzaffarpur, Madhepura, Araria, Supaul, Madhubani, Purnia, Kishanganj, Aurangabad, South 24 Parganas*, Darjeeling, Jalpaiguri, Dakshin Dinajpur, Maldah, Murshidabad, Birbhum, Nadia, Purba Purba Bardhaman, Purulia, Bankura, North 24 Parganas","Bihar, West Bengal",,,,,,,,,,"Loss of human lives,cattle were reported from the Jalpaiguri district in West Bengal",IMD,,"211, 213, 221, 220, 197, 217, 201, 202, 193, 194, 195, 216, None, 215, 198, 190, 210, 196, 207, 224, 191, 192, 204, 219, 611, 199, 209, 520, 218, 222, 208, 205, 188, 223, 206, 214, 203, 189, 304, 309, 314, 310, None, 319, 307, 320, None, 321, 305, 303","10,19",1974-07-01,Darjeeling/Kalimpong,NE Himalaya,district-named,India_Flood_Inventory_v3.csv (IMD-sourced),ambiguous_generic,ambiguous,no regional-default applied (out of scope tonight -- only Wayanad/Idukki disambiguated)
643,UEI-IMD-FL-1975-0004,22-07-1975 00:00,28-07-1975 00:00,7.0,"floods, heavy landslides",,"Jalpaiguri,Darjeeling",West Bengal ,,,,,,,,,,"Severely affected by floods,landslides. The swollen rivers, Teesta, Jaldhaka, Diana, inundated vast areas. N.E. Railways. Large tracks of arable lands were submerged by floods in Mechi river, About 45,000 people were rendered homeless",IMD,,"314, 309",19,1975-07-22,Darjeeling/Kalimpong,NE Himalaya,district-named,India_Flood_Inventory_v3.csv (IMD-sourced),ambiguous_generic,ambiguous,no regional-default applied (out of scope tonight -- only Wayanad/Idukki disambiguated)
669,UEI-IMD-FL-1976-0003,22-06-1976 00:00,28-06-1976 00:00,7.0,floods,,Darjeeling,West Bengal,,,,,3.0,,,,3 memebers in a family were buried alive when a hillock caved in,"The rivers Teesta,Mahananda were in spate causing heavy land slides",IMD,,309,19,1976-06-22,Darjeeling/Kalimpong,NE Himalaya,district-named,India_Flood_Inventory_v3.csv (IMD-sourced),ambiguous_generic,ambiguous,no regional-default applied (out of scope tonight -- only Wayanad/Idukki disambiguated)
671,UEI-IMD-FL-1976-0005,15-08-1976 00:00,21-08-1976 00:00,7.0,heavy rains,,Darjeeling,West Bengal,,,,,200.0,,,,About 200 families ,"Flooded the rivers Teesta, Mahananda, Ranjit,Mechi,515 acres of Aman crop were affected",IMD,,309,19,1976-08-15,Darjeeling/Kalimpong,NE Himalaya,district-named,India_Flood_Inventory_v3.csv (IMD-sourced),ambiguous_generic,ambiguous,no regional-default applied (out of scope tonight -- only Wayanad/Idukki disambiguated)
883,UEI-IMD-FL-1980-0060,01-09-1980 00:00,07-09-1980 00:00,7.0,heavy rains,,Darjeeling,West Bengal,,,,,60.0,,,,60 persons mostly tea garden workers died due to landslides,i)250 houses badly damaged ii)450 families rendered homeless iii)Many roads damaged disrupting vehicular traffic iv)Roads/bridges washed away,IMD,,309,19,1980-09-01,Darjeeling/Kalimpong,NE Himalaya,district-named,India_Flood_Inventory_v3.csv (IMD-sourced),ambiguous_generic,ambiguous,no regional-default applied (out of scope tonight -- only Wayanad/Idukki disambiguated)
969,UEI-IMD-FL-1981-0086,01-07-1981 00:00,07-07-1981 00:00,7.0,"mechi, jalanhaka,mahananda river in floods",,"Darjeeling, Jalpaiguri,Malda",West Bengal,,,,,,,,,,"(i)4 villages submerged affecting 400 families. National Highway 30 breached at several points. Vast areas inundated (ii)Road traffic betwen Siligri,Darjiling came to a stand still following breaches at several points",IMD,,"309, 314, 316",19,1981-07-01,Darjeeling/Kalimpong,NE Himalaya,district-named,India_Flood_Inventory_v3.csv (IMD-sourced),riverine_flood,riverine_flood,explicit
1136,UEI-IMD-FL-1983-0102,14-07-1983 00:00,16-07-1983 00:00,3.0,"moderate( mansi, mechhi,raidak)",,"Cooch Behar,Darjeeling",West Bengal,,,,,,4.0,,,4 persons injured in a landslide at Paiyn basti in Kurseong sub division of Darjiling dist.,"(i)7000 peopel living on Charland rescued by Army jawans in Cooch Behar district (ii)Heavy discharge in the hill river Mechhi caused landslide impending the passage of swelling water which inundated some areas, in Naxalbari in the plains of Darjiling dist.",IMD,,"308, 309",19,1983-07-14,Darjeeling/Kalimpong,NE Himalaya,district-named,India_Flood_Inventory_v3.csv (IMD-sourced),ambiguous_generic,ambiguous,no regional-default applied (out of scope tonight -- only Wayanad/Idukki disambiguated)
1240,UEI-IMD-FL-1984-0097,08-06-1984 00:00,28-06-1984 00:00,21.0,severe,,"Bankura, Birbhum, Purba bardhaman, Cooch Behar, Darjeeling, Jalpaiguri, Howrah, Hooghly, Malda, Paschim Purba Medinipur,Purba Purba Medinipur, Nadia, North 24 Parganas",West Bengal,,,,,61.0,,,,"i)33 people died in Cooch, Behar, Dakshin Dinajpur,Jalpaiguri districts ii)19 people died,9 reported missing in Bankura, Birbhum, Burdwan, Hooghly,Howrah","i)1 lakh people marooned,100 villages submerged in Birbhum district ii)In Maldah district 3.35 lakh people in an area of 270 sq. km. affected. Aman,Boro crops in 10,121 hectares of land damaged. Loss to crop,property estimated to be worth Rs. 10 crore. 12,000 people rendered homeless iii)7 lakh people in Arambagh sub-division of Hooghly district affected,2000 houses collapsed Crop worth rs. 1.25 crore damaged iv)In Midnapur district, one million people affected,7000 sq.km. area submeged . 21,000 houses destroyed while crops on 75,000 hectares of land damaged. Loss estimated to be Rs. 14 crore v)Agriculture products worth Rs. 70 crore damaged. Aman,Aus seedbeds, Jute,Betel vines over an area about 2 lakh hectare destroyed. Crop wise break-up as follows, Aman, Aus, Jute, Betel vines, Vegetables, (Area in thousand hectares)72, 41, 32, 2, 4 respectively, vi)Many places within Durgapur Steel Plant including coke oven, foundry,power plant submerged under water vii)Ghatal town in Midnapur district cut off from the district as Silavati river inundated 5 causeways on the Ghatal-Chandrakona road viii)Dantan town in Midnapur district isolated as a culvert on a road nea Nekurshini, 60 km from Midnapur town, breached ix)Entire Juliadanga village in Burdwan district engulfed by swollen Bagmati river x)Rainfall recorded between 23,25 June in Birbhum district was reported highest in the past 100 years xi)Army,Airforce helicopters employed for rescue operations xii)A railway bridge, 13km from Siliguri on Tista river, threatened by flood xiii)Rail traffic connecting north Bengal with other adjacent State disrupted",IMD,,"305, 307, 306, 308, 309, 314, 313, 312, 316, None, None, 320, 303",19,1984-06-08,Darjeeling/Kalimpong,NE Himalaya,district-named,India_Flood_Inventory_v3.csv (IMD-sourced),ambiguous_generic,ambiguous,no regional-default applied (out of scope tonight -- only Wayanad/Idukki disambiguated)
1242,UEI-IMD-FL-1984-0099,09-07-1984 00:00,09-07-1984 00:00,1.0,heavy rains,,Darjeeling,West Bengal,,,,,,,,,,"i)Hillcart road linking Siliguri,Darjiling blocked due to landslide disrupting road communication between Darjiling,Siliguri ii)Vehicular traffic between Siliguri,Ganktok disrupted ue to landslide at Lekhubhir in Kalimpong area",IMD,,309,19,1984-07-09,Darjeeling/Kalimpong,NE Himalaya,district-named,India_Flood_Inventory_v3.csv (IMD-sourced),ambiguous_generic,ambiguous,no regional-default applied (out of scope tonight -- only Wayanad/Idukki disambiguated)
1244,UEI-IMD-FL-1984-0101,22-07-1984 00:00,28-07-1984 00:00,7.0,"heavy rains, severe",,"Darjeeling, North Bengal",West Bengal,,,,,,,,,,"Road communication between Kalimpong,East District remained cut off due to landslide at many places , Tista river washed away 3 spurs near Sevok railway bridge",IMD,,"309, None",19,1984-07-22,Darjeeling/Kalimpong,NE Himalaya,district-named,India_Flood_Inventory_v3.csv (IMD-sourced),ambiguous_generic,ambiguous,no regional-default applied (out of scope tonight -- only Wayanad/Idukki disambiguated)
1448,UEI-IMD-FL-1987-0040,10-08-1987 00:00,10-08-1987 00:00,1.0,heavy rains,,Darjeeling,West Bengal,,,,,,,,,,80 families rendered homeless due to landslides ii)A PWD godown damaged,IMD,,309,19,1987-08-10,Darjeeling/Kalimpong,NE Himalaya,district-named,India_Flood_Inventory_v3.csv (IMD-sourced),ambiguous_generic,ambiguous,no regional-default applied (out of scope tonight -- only Wayanad/Idukki disambiguated)
1612,UEI-IMD-FL-1989-0054,27-07-1989 00:00,27-07-1989 00:00,1.0,heavy rains,,Darjeeling,West Bengal,,,,,4.0,50.0,,,"4 persons died,50 others injured in a landslide at Kalimpong",,IMD,,309,19,1989-07-27,Darjeeling/Kalimpong,NE Himalaya,district-named,India_Flood_Inventory_v3.csv (IMD-sourced),ambiguous_generic,ambiguous,no regional-default applied (out of scope tonight -- only Wayanad/Idukki disambiguated)
1703,UEI-IMD-FL-1990-0085,10-07-1990 00:00,10-07-1990 00:00,1.0,heavy rains,,Darjeeling,West Bengal,,,,,1.0,,,,1 person died due to landslide,,IMD,,309,19,1990-07-10,Darjeeling/Kalimpong,NE Himalaya,district-named,India_Flood_Inventory_v3.csv (IMD-sourced),ambiguous_generic,ambiguous,no regional-default applied (out of scope tonight -- only Wayanad/Idukki disambiguated)
1709,UEI-IMD-FL-1990-0091,29-07-1990 00:00,29-07-1990 00:00,1.0,heavy rains,,Darjeeling,West Bengal,,,,,1.0,,,,1 woman died at Dhobikhola due to landslide,,IMD,,309,19,1990-07-29,Darjeeling/Kalimpong,NE Himalaya,district-named,India_Flood_Inventory_v3.csv (IMD-sourced),ambiguous_generic,ambiguous,no regional-default applied (out of scope tonight -- only Wayanad/Idukki disambiguated)
1840,UEI-IMD-FL-1991-0120,05-06-1991 00:00,05-06-1991 00:00,1.0,heavy rains,,Darjeeling,West Bengal,,,,,8.0,,,,"8 persons died,several other injured due to landslides",i)Several houses destroyed ii)Road communication completely disrupted,IMD,,309,19,1991-06-05,Darjeeling/Kalimpong,NE Himalaya,district-named,India_Flood_Inventory_v3.csv (IMD-sourced),ambiguous_generic,ambiguous,no regional-default applied (out of scope tonight -- only Wayanad/Idukki disambiguated)
1844,UEI-IMD-FL-1991-0124,06-09-1991 00:00,14-09-1991 00:00,9.0,severe flood,,"Cooch Behar, Darjeeling, Hooghly, Jalpaiguri, Maldah, Murshidabad, Nadia,Dakshin Dinajpur",West Bengal,,,,,64.0,,,,64 persons died,"i)Maldahh district worst affected ii)100 villages marooned in Maldahh district iii)36.2 lakh people affected iv)35,000 houses damaged v)Entire Belurghat town in Dakshin Dinajpur district submerged under 5 feet of water vi)20 km. stretch of state highway between Belurghat,Gangarampur submerged under flood water",IMD,,"308, 309, 312, 314, None, 319, 320, 310",19,1991-09-06,Darjeeling/Kalimpong,NE Himalaya,district-named,India_Flood_Inventory_v3.csv (IMD-sourced),ambiguous_generic,ambiguous,no regional-default applied (out of scope tonight -- only Wayanad/Idukki disambiguated)
1928,UEI-IMD-FL-1992-0082,12-07-1992 00:00,12-07-1992 00:00,1.0,heavy rains,,Darjeeling,West Bengal,,,,,,,,,,"i)National highway No. 31 cut off Sikkim, from rest of the country due to heavy landslides ii)Landslides also reported at Pesok blocking vehicular traffic between Darjiling,Ghoom",IMD,,309,19,1992-07-12,Darjeeling/Kalimpong,NE Himalaya,district-named,India_Flood_Inventory_v3.csv (IMD-sourced),ambiguous_generic,ambiguous,no regional-default applied (out of scope tonight -- only Wayanad/Idukki disambiguated)
2008,UEI-IMD-FL-1993-0072,01-07-1993 00:00,01-07-1993 00:00,1.0,heavy rains ,,Darjeeling,West Bengal,,,,,18.0,,,,18 persons died.,Several houses damaged. ,IMD,,309,19,1993-07-01,Darjeeling/Kalimpong,NE Himalaya,district-named,India_Flood_Inventory_v3.csv (IMD-sourced),ambiguous_generic,ambiguous,no regional-default applied (out of scope tonight -- only Wayanad/Idukki disambiguated)
2018,UEI-IMD-FL-1993-0082,08-08-1993 00:00,08-08-1993 00:00,1.0,heavy rains,,"Cooch Behar, Darjeeling ",West Bengal,,,,,72.0,,,,"2 persons died at Mahishkuty village of Tufanganj taluka. 70 persons died,several others injured due to landslide at Parem,Bindu in Jaldbaka area of Kalimpong. ",,IMD,,"308, 309",19,1993-08-08,Darjeeling/Kalimpong,NE Himalaya,district-named,India_Flood_Inventory_v3.csv (IMD-sourced),ambiguous_generic,ambiguous,no regional-default applied (out of scope tonight -- only Wayanad/Idukki disambiguated)
2293,UEI-IMD-FL-1995-0136,05-07-1995 00:00,11-07-1995 00:00,7.0,heavy rains,,"Cooch Behar, Darjeeling,Jalpaiguri",West Bengal,,,,,,,,,,"i)Hundreds of families rendered homeless ii)Cooch Behar,Jalpaiguri completely cut off from the rest of the country as the road/railway communication suspended",IMD,,"308, 309, 314",19,1995-07-05,Darjeeling/Kalimpong,NE Himalaya,district-named,India_Flood_Inventory_v3.csv (IMD-sourced),ambiguous_generic,ambiguous,no regional-default applied (out of scope tonight -- only Wayanad/Idukki disambiguated)
2433,UEI-IMD-FL-1996-0116,12-07-1996 00:00,13-07-1996 00:00,2.0,severe flood,,"Cooch Behar, Darjeeling, Jalpaiguri",West Bengal,,,,,100.0,,,,About 100 people died,"i)5,50,000 people affected while one lakh people rendered homeless ii)In Kalimpong, heavy damage to roads reported due to land slides. 18 houses collapsed",IMD,,"308, 309, 314",19,1996-07-12,Darjeeling/Kalimpong,NE Himalaya,district-named,India_Flood_Inventory_v3.csv (IMD-sourced),ambiguous_generic,ambiguous,no regional-default applied (out of scope tonight -- only Wayanad/Idukki disambiguated)
2567,UEI-IMD-FL-1997-0120,28-06-1997 00:00,01-07-1997 00:00,4.0,heavy rains,,Darjeeling,West Bengal,,,,,,,,,,i)Landslides in Lodhama areas reported ii)Several houses damaged iii)Roads along Bengal - Sikkim border blocked iv)Normal life paralysed v)Several families rendered homeless,IMD,,309,19,1997-06-28,Darjeeling/Kalimpong,NE Himalaya,district-named,India_Flood_Inventory_v3.csv (IMD-sourced),ambiguous_generic,ambiguous,no regional-default applied (out of scope tonight -- only Wayanad/Idukki disambiguated)
2571,UEI-IMD-FL-1997-0124,12-07-1997 00:00,12-07-1997 00:00,1.0,heavy rains,,Darjeeling,West Bengal,,,,,,,,,,Normal life in Likuvi area paralysed due to landslides,IMD,,309,19,1997-07-12,Darjeeling/Kalimpong,NE Himalaya,district-named,India_Flood_Inventory_v3.csv (IMD-sourced),ambiguous_generic,ambiguous,no regional-default applied (out of scope tonight -- only Wayanad/Idukki disambiguated)
2578,UEI-IMD-FL-1997-0131,06-08-1997 00:00,06-08-1997 00:00,1.0,heavy rains,,Darjeeling,West Bengal,,,,,16.0,,,,"16 persons including 5 women,some children died,several injured","20 houses washed away,400 houses damaged due to landslides",IMD,,309,19,1997-08-06,Darjeeling/Kalimpong,NE Himalaya,district-named,India_Flood_Inventory_v3.csv (IMD-sourced),ambiguous_generic,ambiguous,no regional-default applied (out of scope tonight -- only Wayanad/Idukki disambiguated)
2579,UEI-IMD-FL-1997-0132,10-08-1997 00:00,10-08-1997 00:00,1.0,heavy rains,,Darjeeling,West Bengal,,,,,,1.0,,,A 15 year old boy seriously injured,"i)Landslides reported ii)In Sonada (Siliguri), 30 houses damaged",IMD,,309,19,1997-08-10,Darjeeling/Kalimpong,NE Himalaya,district-named,India_Flood_Inventory_v3.csv (IMD-sourced),ambiguous_generic,ambiguous,no regional-default applied (out of scope tonight -- only Wayanad/Idukki disambiguated)
2701,UEI-IMD-FL-1998-0110,07-07-1998 00:00,07-07-1998 00:00,1.0,heavy rains,,Darjeeling,West Bengal,,,,,18.0,,,200.0,"i)14 persons died,4 children missing in a landslide incident ii)200 cattle lost",200 houses damaged,IMD,,309,19,1998-07-07,Darjeeling/Kalimpong,NE Himalaya,district-named,India_Flood_Inventory_v3.csv (IMD-sourced),ambiguous_generic,ambiguous,no regional-default applied (out of scope tonight -- only Wayanad/Idukki disambiguated)
2702,UEI-IMD-FL-1998-0111,12-07-1998 00:00,12-07-1998 00:00,1.0,heavy rains,,Darjeeling,West Bengal,,,,,12.0,3.0,,,"12 persons died,3 injured due to landslide",Extensive damage to property reported,IMD,,309,19,1998-07-12,Darjeeling/Kalimpong,NE Himalaya,district-named,India_Flood_Inventory_v3.csv (IMD-sourced),ambiguous_generic,ambiguous,no regional-default applied (out of scope tonight -- only Wayanad/Idukki disambiguated)
2706,UEI-IMD-FL-1998-0115,05-08-1998 00:00,05-08-1998 00:00,1.0,heavy rains,,Darjeeling,West Bengal,,,,,6.0,,,,"5 persons,a child died",Landslides reported,IMD,,309,19,1998-08-05,Darjeeling/Kalimpong,NE Himalaya,district-named,India_Flood_Inventory_v3.csv (IMD-sourced),ambiguous_generic,ambiguous,no regional-default applied (out of scope tonight -- only Wayanad/Idukki disambiguated)
2707,UEI-IMD-FL-1998-0116,14-08-1998 00:00,14-08-1998 00:00,1.0,heavy rains,,Darjeeling,West Bengal,,,,,,,,,,Many roads damaged due to landlside in Kalimpong,IMD,,309,19,1998-08-14,Darjeeling/Kalimpong,NE Himalaya,district-named,India_Flood_Inventory_v3.csv (IMD-sourced),ambiguous_generic,ambiguous,no regional-default applied (out of scope tonight -- only Wayanad/Idukki disambiguated)
2789,UEI-IMD-FL-1999-0080,25-06-1999 00:00,25-06-1999 00:00,1.0,heavy rains,,Darjeeling,West Bengal,,,,,,,,,,Communication disrupted due to landslides at Kalimpong,IMD,,309,19,1999-06-25,Darjeeling/Kalimpong,NE Himalaya,district-named,India_Flood_Inventory_v3.csv (IMD-sourced),ambiguous_generic,ambiguous,no regional-default applied (out of scope tonight -- only Wayanad/Idukki disambiguated)
2790,UEI-IMD-FL-1999-0081,28-06-1999 00:00,28-06-1999 00:00,1.0,heavy rains,,Darjeeling,West Bengal,,,,,13.0,,,,13 persons died due to landslides,"i)Landslides reported at Kalimpong,Kurseong ii)200 houses damaged",IMD,,309,19,1999-06-28,Darjeeling/Kalimpong,NE Himalaya,district-named,India_Flood_Inventory_v3.csv (IMD-sourced),ambiguous_generic,ambiguous,no regional-default applied (out of scope tonight -- only Wayanad/Idukki disambiguated)
2792,UEI-IMD-FL-1999-0083,03-07-1999 00:00,03-07-1999 00:00,1.0,heavy rains,,"Kolkata, Cooch Behar, Darjeeling,Jalpaiguri",West Bengal,,,,,,,,,,"i)3,000 people became homeless ii)One corporation school building damaged in Kolkata",IMD,,"315, 308, 309, 314",19,1999-07-03,Darjeeling/Kalimpong,NE Himalaya,district-named,India_Flood_Inventory_v3.csv (IMD-sourced),ambiguous_generic,ambiguous,no regional-default applied (out of scope tonight -- only Wayanad/Idukki disambiguated)
2795,UEI-IMD-FL-1999-0086,15-08-1999 00:00,15-08-1999 00:00,1.0,heavy rains,,Darjeeling,West Bengal,,,,,,,,,,Kalimpong detached from rest of the State due to landslides,IMD,,309,19,1999-08-15,Darjeeling/Kalimpong,NE Himalaya,district-named,India_Flood_Inventory_v3.csv (IMD-sourced),ambiguous_generic,ambiguous,no regional-default applied (out of scope tonight -- only Wayanad/Idukki disambiguated)
2799,UEI-IMD-FL-1999-0090,26-08-1999 00:00,26-08-1999 00:00,1.0,heavy rains,,Darjeeling,West Bengal,,,,,2.0,,,,2 persons died in a landslide,Landslide reported,IMD,,309,19,1999-08-26,Darjeeling/Kalimpong,NE Himalaya,district-named,India_Flood_Inventory_v3.csv (IMD-sourced),ambiguous_generic,ambiguous,no regional-default applied (out of scope tonight -- only Wayanad/Idukki disambiguated)
2802,UEI-IMD-FL-1999-0093,22-09-1999 00:00,26-09-1999 00:00,5.0,severe flood,,"South 24 Parganas*, Darjeeling, Jalpaiguri, Dakshin Dinajpur, Maldah, Murshidabad, Birbhum, Nadia, Purba Purba Bardhaman, Purulia, Bankura, North 24 Parganas",West Bengal,,,,,79.0,,,,79 persons including 2 children died,"i)Vast areas waterlogged ii)Rail, road,air services disrupted iii)Total 30 lakh population affected iv)Paddy crop in several thousand hectares damaged",IMD,,"304, 309, 314, 310, None, 319, 307, 320, None, 321, 305, 303",19,1999-09-22,Darjeeling/Kalimpong,NE Himalaya,district-named,India_Flood_Inventory_v3.csv (IMD-sourced),ambiguous_generic,ambiguous,no regional-default applied (out of scope tonight -- only Wayanad/Idukki disambiguated)
3035,UEI-IMD-FL-2001-0106,28-07-2001 00:00,29-07-2001 00:00,2.0,heavy rains,,"Darjeeling, Kolkata,North 24 Parganas",West Bengal,,,,,,,,,,"(i) Landslides reported from hills in Darjiling cutting off communication on NH31 adn roads to Kalimpong,Sikkim (ii)Train services disrupted due to snapping off overhead wires in Kolkata,North Twenty Four Pargan*",IMD,,"309, 315, 303",19,2001-07-28,Darjeeling/Kalimpong,NE Himalaya,district-named,India_Flood_Inventory_v3.csv (IMD-sourced),ambiguous_generic,ambiguous,no regional-default applied (out of scope tonight -- only Wayanad/Idukki disambiguated)
3038,UEI-IMD-FL-2001-0109,01-10-2001 00:00,14-10-2001 00:00,14.0,moderate flood,,"Darjeeling, Uttar Kashi Dinajpur,Dakshin Dinajpur",West Bengal,,,,,2.0,8.0,,,"(i) 2 persons died,6 injured in house collapse (ii) 1 girl drowned each in Uttar,Dakshin Dinajpur","(i) Landslides reported from many places including Rangtang(Kurseong) near Kalimpong (ii)Darjiling- Sikkim road link cut off (iii)Balurghat Town(Dakhsin Dinajpur) inundated, thousands of residents marooned (iv) 1 truck loaded with cement bags washed away in Teesta river (v) Many houses collapsed",IMD,,"309, None, 310",19,2001-10-01,Darjeeling/Kalimpong,NE Himalaya,district-named,India_Flood_Inventory_v3.csv (IMD-sourced),ambiguous_generic,ambiguous,no regional-default applied (out of scope tonight -- only Wayanad/Idukki disambiguated)
3104,UEI-IMD-FL-2002-0066,22-07-2002 00:00,22-07-2002 00:00,1.0,heavy rains,,"Cooch Behar,Darjeeling",West Bengal,,,,,1.0,,,,1 child died in Toofanganj,(i) Darjiling-Siliguri road link cut off (ii)Nearly one lakh people affected,IMD,,"308, 309",19,2002-07-22,Darjeeling/Kalimpong,NE Himalaya,district-named,India_Flood_Inventory_v3.csv (IMD-sourced),ambiguous_generic,ambiguous,no regional-default applied (out of scope tonight -- only Wayanad/Idukki disambiguated)
3211,UEI-IMD-FL-2003-0106,07-07-2003 00:00,09-07-2003 00:00,3.0,heavy rains,,"Darjeeling,Jalpaiguri",West Bengal,,,,,26.0,8.0,,,"In all 26 persons died, of which Twenty Four died in a spate of landslides,8 reported missing in the hills of Darjiling","(i)Landslide reported (ii)Some of the roads reportedly developed large cracks. NH 31 A became completely inaccessible, Kalimpong,Sikkim cutt off from the rest of the country (iii)The hill resorts ; Darjiling,Mirik cut off from the rest of the state stranding hundreds of tourists (iv) 1 under construction bridge collapsed (v) Nearly 50 houses damaged",IMD,,"309, 314",19,2003-07-07,Darjeeling/Kalimpong,NE Himalaya,district-named,India_Flood_Inventory_v3.csv (IMD-sourced),ambiguous_generic,ambiguous,no regional-default applied (out of scope tonight -- only Wayanad/Idukki disambiguated)
3291,UEI-IMD-FL-2004-0073,01-10-2004 00:00,19-10-2004 00:00,19.0,severe flood,,"South 24 Parganas*, Darjeeling, Jalpaiguri, Dakshin Dinajpur, Maldah, Murshidabad, Birbhum, Nadia, Purba Purba Bardhaman, Purulia, Bankura, North 24 Parganas",West Bengal,,,,,18.0,,,,18 persons died,"25,000 people marooned",IMD,,"304, 309, 314, 310, None, 319, 307, 320, None, 321, 305, 303",19,2004-10-01,Darjeeling/Kalimpong,NE Himalaya,district-named,India_Flood_Inventory_v3.csv (IMD-sourced),ambiguous_generic,ambiguous,no regional-default applied (out of scope tonight -- only Wayanad/Idukki disambiguated)
3453,UEI-IMD-FL-2005-0160,10-04-2005 00:00,10-04-2005 00:00,1.0,heavy rains,,Darjeeling,West Bengal,,,,,4.0,,,,4 persons died at Siliguri. ,Damage to 3000 houses reported.,IMD,,309,19,2005-04-10,Darjeeling/Kalimpong,NE Himalaya,district-named,India_Flood_Inventory_v3.csv (IMD-sourced),ambiguous_generic,ambiguous,no regional-default applied (out of scope tonight -- only Wayanad/Idukki disambiguated)
3455,UEI-IMD-FL-2005-0162,05-07-2005 00:00,05-07-2005 00:00,1.0,heavy rains,,Darjeeling,West Bengal,,,,,,,,,,"i) Landslide reported. ii) Transport services disrupted between Darjiling, Kurseong  . ",IMD,,309,19,2005-07-05,Darjeeling/Kalimpong,NE Himalaya,district-named,India_Flood_Inventory_v3.csv (IMD-sourced),ambiguous_generic,ambiguous,no regional-default applied (out of scope tonight -- only Wayanad/Idukki disambiguated)
3456,UEI-IMD-FL-2005-0163,09-07-2005 00:00,10-07-2005 00:00,2.0,heavy rains,,Darjeeling,West Bengal,,,,,,,,,,i) Landslide reported. ii) Toy train service to Darjiling disrupted..,IMD,,309,19,2005-07-09,Darjeeling/Kalimpong,NE Himalaya,district-named,India_Flood_Inventory_v3.csv (IMD-sourced),ambiguous_generic,ambiguous,no regional-default applied (out of scope tonight -- only Wayanad/Idukki disambiguated)
3458,UEI-IMD-FL-2005-0165,14-08-2005 00:00,14-08-2005 00:00,1.0,heavy rains,,Darjeeling,West Bengal,,,,,,,,,,"i) Landslide reported at NH 31A at Likuvee. ii) Vehicular traffic between Siliguri,Sikkim disrupted.",IMD,,309,19,2005-08-14,Darjeeling/Kalimpong,NE Himalaya,district-named,India_Flood_Inventory_v3.csv (IMD-sourced),ambiguous_generic,ambiguous,no regional-default applied (out of scope tonight -- only Wayanad/Idukki disambiguated)
3459,UEI-IMD-FL-2005-0166,16-08-2005 00:00,16-08-2005 00:00,1.0,heavy rains,,Darjeeling,West Bengal,,,,,,,,,,1) Landslide reported at Garubathan. ii) Vehicular traffic disrupted.,IMD,,309,19,2005-08-16,Darjeeling/Kalimpong,NE Himalaya,district-named,India_Flood_Inventory_v3.csv (IMD-sourced),ambiguous_generic,ambiguous,no regional-default applied (out of scope tonight -- only Wayanad/Idukki disambiguated)
3575,UEI-IMD-FL-2006-0107,30-08-2006 00:00,30-08-2006 00:00,1.0,heavy rains,,"Darjeeling,Kalimpong",West Bengal,,,,,,,,,2 persons died.,,IMD,,"309, 702",19,2006-08-30,Darjeeling/Kalimpong,NE Himalaya,district-named,India_Flood_Inventory_v3.csv (IMD-sourced),ambiguous_generic,ambiguous,no regional-default applied (out of scope tonight -- only Wayanad/Idukki disambiguated)
3576,UEI-IMD-FL-2006-0108,07-09-2006 00:00,09-09-2006 00:00,3.0,flash flood,,"Darjeeling, Jalpaiguri,Siliguri",West Bengal,,,,,,,,,,i) Landslide reported. ii) Low lying areas inundated.,IMD,,"309, 314, None",19,2006-09-07,Darjeeling/Kalimpong,NE Himalaya,district-named,India_Flood_Inventory_v3.csv (IMD-sourced),flash_flood,flash_flood,explicit
3722,UEI-IMD-FL-2007-0143,07-09-2007 00:00,07-09-2007 00:00,1.0,heavy rains,,Darjeeling,West Bengal,,,,,5.0,,,,5 persons died.,,IMD,,309,19,2007-09-07,Darjeeling/Kalimpong,NE Himalaya,district-named,India_Flood_Inventory_v3.csv (IMD-sourced),ambiguous_generic,ambiguous,no regional-default applied (out of scope tonight -- only Wayanad/Idukki disambiguated)
3934,UEI-IMD-FL-2009-0083,26-05-2009 00:00,26-05-2009 00:00,1.0,heavy rains,,Darjeeling,West Bengal,,,,,28.0,,,,28 persons died.,Land slides reported.,IMD,,309,19,2009-05-26,Darjeeling/Kalimpong,NE Himalaya,district-named,India_Flood_Inventory_v3.csv (IMD-sourced),ambiguous_generic,ambiguous,no regional-default applied (out of scope tonight -- only Wayanad/Idukki disambiguated)
3935,UEI-IMD-FL-2009-0084,20-08-2009 00:00,20-08-2009 00:00,1.0,heavy rains,,"Darjeeling, Jalpaiguri, Cooch Behar, Malda, Dakshin Dinajpur",West Bengal,,,,,,,,,5 persons died,"i)Hundreds of houses damaged. ii)More than 10,000 people affected. ",IMD,,"309, 314, 308, 316, 310",19,2009-08-20,Darjeeling/Kalimpong,NE Himalaya,district-named,India_Flood_Inventory_v3.csv (IMD-sourced),ambiguous_generic,ambiguous,no regional-default applied (out of scope tonight -- only Wayanad/Idukki disambiguated)
4079,UEI-IMD-FL-2010-0142,15-06-2010 00:00,16-06-2010 00:00,2.0,heavy rains,,"Jalpaiguri, Kalimpong,Mangalbari",West Bengal,,,,,6.0,,,,"6 persons died,other injured.",i) Landslide reported. ii) Road traffic disrupted.,IMD,,"314, 702, None",19,2010-06-15,Darjeeling/Kalimpong,NE Himalaya,district-named,India_Flood_Inventory_v3.csv (IMD-sourced),ambiguous_generic,ambiguous,no regional-default applied (out of scope tonight -- only Wayanad/Idukki disambiguated)
4186,UEI-IMD-FL-2011-0100,16-06-2011 00:00,19-06-2011 00:00,4.0,heavy rains,,"Darjeeling, Kolkata,Purba Purba Medinipur",West Bengal,,,,,5.0,,,,5 persons died due to landslide.,i) Many houses damaged. ii) Low lying areas flooded. iii) Road communication disrupted. ,IMD,,"309, 315, None",19,2011-06-16,Darjeeling/Kalimpong,NE Himalaya,district-named,India_Flood_Inventory_v3.csv (IMD-sourced),ambiguous_generic,ambiguous,no regional-default applied (out of scope tonight -- only Wayanad/Idukki disambiguated)
4600,UEI-IMD-FL-2015-0105,01-07-2015 00:00,10-07-2015 00:00,10.0,heavy rains,,"Darjeelingm, Kolkata",West Bengal,,,,,48.0,,,,"39 persons died,8 others missing","i)Damage to crops reported ii)Damage to several houses reported iii)Several trees/electric poles uprooted causing disruption in vehicular traffic,power supply",IMD,,"None, 315",19,2015-07-01,Darjeeling/Kalimpong,NE Himalaya,district-named,India_Flood_Inventory_v3.csv (IMD-sourced),ambiguous_generic,ambiguous,no regional-default applied (out of scope tonight -- only Wayanad/Idukki disambiguated)
4734,UEI-IMD-FL-2016-0132,20-07-2016 00:00,20-07-2016 00:00,1.0,heavy rains & landslides,,Darjeeling,West Bengal,,,,,3.0,,,,3 persons died due to landslide.,,IMD,,309,19,2016-07-20,Darjeeling/Kalimpong,NE Himalaya,district-named,India_Flood_Inventory_v3.csv (IMD-sourced),ambiguous_generic,ambiguous,no regional-default applied (out of scope tonight -- only Wayanad/Idukki disambiguated)
4735,UEI-IMD-FL-2016-0133,24-07-2016 00:00,25-07-2016 00:00,2.0,flood,,"North westdusar, Cooch Behar, Darjeeling, Jalpaiguri",West Bengal,,,,,4.0,,,,4 persons died.,58000 people affected.,IMD,,"None, 308, 309, 314",19,2016-07-24,Darjeeling/Kalimpong,NE Himalaya,district-named,India_Flood_Inventory_v3.csv (IMD-sourced),ambiguous_generic,ambiguous,no regional-default applied (out of scope tonight -- only Wayanad/Idukki disambiguated)
4860,UEI-IMD-FL-2017-0123,08-08-2017 00:00,14-08-2017 00:00,7.0,Flood,,"Jalpaiguri, Cooch Behar, North westduar, Maldah, North,Dakshin Dinajpur, Darjeeling,",West Bengal,,,,,32.0,,,104.0,32 persons died & 104 animals perished,i) Crop land of area 293770 hectares affected. ii) About 40 lakhs people affected. iii) Damage to around 1.5 lakh houses reported. iv) Rail transport disrupted for 2 weeks.,IMD,,"314, 308, None, None, 632, 310, 309, 603",19,2017-08-08,Darjeeling/Kalimpong,NE Himalaya,district-named,India_Flood_Inventory_v3.csv (IMD-sourced),ambiguous_generic,ambiguous,no regional-default applied (out of scope tonight -- only Wayanad/Idukki disambiguated)
5137,UEI-IMD-FL-2019-0158,07-09-2019 00:00,07-09-2019 00:00,1.0,Landslide,,Darjeeling,West Bengal,,,,,2.0,,,,2 persons died.,Landslides at Pubungfatak.,IMD,,309,19,2019-09-07,Darjeeling/Kalimpong,NE Himalaya,district-named,India_Flood_Inventory_v3.csv (IMD-sourced),landslide_only_not_flood_cause,landslide_only,explicit
5139,UEI-IMD-FL-2019-0160,08-01-2019 00:00,30-09-2019 00:00,61.0,,,"South 24 Parganas*, Darjeeling, Jalpaiguri, Dakshin Dinajpur, Maldah, Murshidabad, Birbhum, Nadia, Purba Purba Bardhaman, Purulia, Bankura, North 24 Parganas",West Bengal,,,,,220.0,,,,220 persons died. Huge livestock perished.,"i) More than 500,000 people badly affected, ii) Damage to 30,000 houses houses (fully,partially) reported. iii) 7 NDRF teams deployed by the government for rescue,evacuatio",IMD,,"304, 309, 314, 310, None, 319, 307, 320, None, 321, 305, 303",19,2019-01-08,Darjeeling/Kalimpong,NE Himalaya,district-named,India_Flood_Inventory_v3.csv (IMD-sourced),unknown_blank,unknown,Main Cause blank
5297,UEI-IMD-FL-2020-0141,14-03-2020 00:00,14-03-2020 00:00,1.0,Landslide,,Darjeeling,West Bengal,,,,,3.0,,,,3 persons died due to landslide.,,IMD,,309,19,2020-03-14,Darjeeling/Kalimpong,NE Himalaya,district-named,India_Flood_Inventory_v3.csv (IMD-sourced),landslide_only_not_flood_cause,landslide_only,explicit
5627,UEI-IMD-FL-2021-0318,19-10-2021 00:00,19-10-2021 00:00,1.0,Landslide,,Darjeeling,West Bengal,,,,,1.0,,,,,,IMD,,309,19,2021-10-19,Darjeeling/Kalimpong,NE Himalaya,district-named,India_Flood_Inventory_v3.csv (IMD-sourced),landslide_only_not_flood_cause,landslide_only,explicit
7421,UEI-IMD-FL-2023-0636,25-08-2023 00:00,25-08-2023 00:00,1.0,Landslide,,Darjeeling,West Bengal,,,,,1.0,,,,,,IMD,,309,19,2023-08-25,Darjeeling/Kalimpong,NE Himalaya,district-named,India_Flood_Inventory_v3.csv (IMD-sourced),landslide_only_not_flood_cause,landslide_only,explicit
874,UEI-IMD-FL-1980-0051,22-08-1980 00:00,28-08-1980 00:00,7.0,heavy rains,,"Mangan, Gyalshing, Namchi, Gangtok",Sikkim,,,,,,,,,,East District cut-off from rest of the country following heavy land slides on national highway,IMD,,"226, 228, 227, 225",11,1980-08-22,Sikkim/Mangan,NE Himalaya,state-wide (all 4 Sikkim districts listed),India_Flood_Inventory_v3.csv (IMD-sourced),ambiguous_generic,ambiguous,no regional-default applied (out of scope tonight -- only Wayanad/Idukki disambiguated)
1120,UEI-IMD-FL-1983-0086,12-09-1983 00:00,13-09-1983 00:00,2.0,severe (flash floods),,"Gangtok, Mangan",Sikkim,,,,,113.0,,,,"113 people died in Manul,Mangan","(i)East District-Chunotanle highway breached due to flash flood (ii) 27 landslides( 4 of the massive ) Marooned number of people in Mangan town,its surroundings",IMD,,"225, 226",11,1983-09-12,Sikkim/Mangan,NE Himalaya,partial-multi (Mangan + 1-2 others named),India_Flood_Inventory_v3.csv (IMD-sourced),flash_flood,flash_flood,explicit
1691,UEI-IMD-FL-1990-0073,13-08-1990 00:00,13-08-1990 00:00,1.0,heavy rains,,"Mangan, Gyalshing, Namchi, Gangtok",Sikkim,,,,,,,,,,"i)Sikkim cut-off from rest ofthe country ii)Road communication on the National Highway 31-A disrupted at 4 points between East District,Sevoke",IMD,,"226, 228, 227, 225",11,1990-08-13,Sikkim/Mangan,NE Himalaya,state-wide (all 4 Sikkim districts listed),India_Flood_Inventory_v3.csv (IMD-sourced),ambiguous_generic,ambiguous,no regional-default applied (out of scope tonight -- only Wayanad/Idukki disambiguated)
1812,UEI-IMD-FL-1991-0092,16-09-1991 00:00,16-09-1991 00:00,1.0,heavy rains,,"Mangan, Gyalshing, Namchi, Gangtok",Sikkim,,,,,,,,,,i)Entire state cut of from rest of the country ii)Shortage of essential commodities reported due to disrupted communication,IMD,,"226, 228, 227, 225",11,1991-09-16,Sikkim/Mangan,NE Himalaya,state-wide (all 4 Sikkim districts listed),India_Flood_Inventory_v3.csv (IMD-sourced),ambiguous_generic,ambiguous,no regional-default applied (out of scope tonight -- only Wayanad/Idukki disambiguated)
1999,UEI-IMD-FL-1993-0063,13-08-1993 00:00,13-08-1993 00:00,1.0,heavy rains,,"Mangan, Gyalshing, Namchi, Gangtok",Sikkim,,,,,7.0,,,,7 persons died due to landslide at Dzongu area.,,IMD,,"226, 228, 227, 225",11,1993-08-13,Sikkim/Mangan,NE Himalaya,state-wide (all 4 Sikkim districts listed),India_Flood_Inventory_v3.csv (IMD-sourced),ambiguous_generic,ambiguous,no regional-default applied (out of scope tonight -- only Wayanad/Idukki disambiguated)
2683,UEI-IMD-FL-1998-0092,13-05-1998 00:00,04-06-1998 00:00,23.0,heavy rains,,"Mangan, Gyalshing, Namchi, Gangtok",Sikkim,,,,,10.0,,,40.0,i)10 persons died ii)40 cattle lost,Landslides reported,IMD,,"226, 228, 227, 225",11,1998-05-13,Sikkim/Mangan,NE Himalaya,state-wide (all 4 Sikkim districts listed),India_Flood_Inventory_v3.csv (IMD-sourced),ambiguous_generic,ambiguous,no regional-default applied (out of scope tonight -- only Wayanad/Idukki disambiguated)
2684,UEI-IMD-FL-1998-0093,20-06-1998 00:00,20-06-1998 00:00,1.0,heavy rains,,"East,Mangan",Sikkim,,,,,,17.0,,,17 persons severely injured,"i)Landslides reported ii)250 houses collapsed,100 other partially damaged",IMD,,"505, 226",11,1998-06-20,Sikkim/Mangan,NE Himalaya,partial-multi (Mangan + 1-2 others named),India_Flood_Inventory_v3.csv (IMD-sourced),ambiguous_generic,ambiguous,no regional-default applied (out of scope tonight -- only Wayanad/Idukki disambiguated)
2685,UEI-IMD-FL-1998-0094,08-07-1998 00:00,08-07-1998 00:00,1.0,heavy rains,,"Mangan, Gyalshing, Namchi, Gangtok",Sikkim,,,,,16.0,1.0,,,"16 persons died,1 injured",Landslides reported,IMD,,"226, 228, 227, 225",11,1998-07-08,Sikkim/Mangan,NE Himalaya,state-wide (all 4 Sikkim districts listed),India_Flood_Inventory_v3.csv (IMD-sourced),ambiguous_generic,ambiguous,no regional-default applied (out of scope tonight -- only Wayanad/Idukki disambiguated)
3699,UEI-IMD-FL-2007-0120,13-06-2007 00:00,13-06-2007 00:00,1.0,heavy rains,,"Mangan, Gyalshing, Namchi, Gangtok",Sikkim,,,,,,,,,,Landslide reported.,IMD,,"226, 228, 227, 225",11,2007-06-13,Sikkim/Mangan,NE Himalaya,state-wide (all 4 Sikkim districts listed),India_Flood_Inventory_v3.csv (IMD-sourced),ambiguous_generic,ambiguous,no regional-default applied (out of scope tonight -- only Wayanad/Idukki disambiguated)
3701,UEI-IMD-FL-2007-0122,16-07-2007 00:00,18-07-2007 00:00,3.0,heavy rains,,"Mangan,Namchi",Sikkim,,,,,,,,,,i) Landslide reported. ii) Roads blocked due to landslide,IMD,,"226, 227",11,2007-07-16,Sikkim/Mangan,NE Himalaya,partial-multi (Mangan + 1-2 others named),India_Flood_Inventory_v3.csv (IMD-sourced),ambiguous_generic,ambiguous,no regional-default applied (out of scope tonight -- only Wayanad/Idukki disambiguated)
3702,UEI-IMD-FL-2007-0123,25-08-2007 00:00,25-08-2007 00:00,1.0,flood,,Mangan,Sikkim,,,,,,,,,,Two bailey bridges swept away.,IMD,,226,11,2007-08-25,Sikkim/Mangan,NE Himalaya,district-specific (Mangan only),India_Flood_Inventory_v3.csv (IMD-sourced),ambiguous_generic,ambiguous,no regional-default applied (out of scope tonight -- only Wayanad/Idukki disambiguated)
4054,UEI-IMD-FL-2010-0117,07-06-2010 00:00,08-06-2010 00:00,2.0,heavy rains,,Parts of Sikkim,Sikkim,,,,,,,,,,i) Landslide reported. ii) A bridge collapsed.,IMD,,,11,2010-06-07,Sikkim/Mangan,NE Himalaya,state-wide-only (no district named),India_Flood_Inventory_v3.csv (IMD-sourced),ambiguous_generic,ambiguous,no regional-default applied (out of scope tonight -- only Wayanad/Idukki disambiguated)
4056,UEI-IMD-FL-2010-0119,23-08-2010 00:00,23-08-2010 00:00,1.0,heavy rains,,Parts of Sikkim,Sikkim,,,,,,,,,,Major landslide reported at NH 31 A.,IMD,,,11,2010-08-23,Sikkim/Mangan,NE Himalaya,state-wide-only (no district named),India_Flood_Inventory_v3.csv (IMD-sourced),ambiguous_generic,ambiguous,no regional-default applied (out of scope tonight -- only Wayanad/Idukki disambiguated)
4171,UEI-IMD-FL-2011-0085,29-08-2011 00:00,29-08-2011 00:00,1.0,heavy rains,,Mangan,Sikkim,,,,,,,,,,Landslide on Singtan-Mangan state highway reported.,IMD,,226,11,2011-08-29,Sikkim/Mangan,NE Himalaya,district-specific (Mangan only),India_Flood_Inventory_v3.csv (IMD-sourced),ambiguous_generic,ambiguous,no regional-default applied (out of scope tonight -- only Wayanad/Idukki disambiguated)
4265,UEI-IMD-FL-2012-0072,21-09-2012 00:00,21-09-2012 00:00,1.0,"flood (dikchu, lachen, lachung, rangpo,singtam)",,Mangan,Sikkim,,,,,20.0,5.0,,,"20 persons died,5 others injured.",i) A triggered series of landslides reported. ii) Many kachcha houses washed away. iii) Nearly 30km of highway in North  District along Lachen river washed away. iv) Low lying areas flooded. ,IMD,,226,11,2012-09-21,Sikkim/Mangan,NE Himalaya,district-specific (Mangan only),India_Flood_Inventory_v3.csv (IMD-sourced),ambiguous_generic,ambiguous,no regional-default applied (out of scope tonight -- only Wayanad/Idukki disambiguated)
4577,UEI-IMD-FL-2015-0082,01-07-2015 00:00,01-07-2015 00:00,1.0,heavy rains,,Parts of Sikkim,Sikkim,,,,,18.0,,,,18 persons died due to landslide,Landslide,IMD,,,11,2015-07-01,Sikkim/Mangan,NE Himalaya,state-wide-only (no district named),India_Flood_Inventory_v3.csv (IMD-sourced),ambiguous_generic,ambiguous,no regional-default applied (out of scope tonight -- only Wayanad/Idukki disambiguated)
4578,UEI-IMD-FL-2015-0083,05-07-2015 00:00,05-07-2015 00:00,1.0,heavy rains,,Parts of Sikkim,Sikkim,,,,,41.0,,,,41 persons died due to landslide,Massive landslide,IMD,,,11,2015-07-05,Sikkim/Mangan,NE Himalaya,state-wide-only (no district named),India_Flood_Inventory_v3.csv (IMD-sourced),ambiguous_generic,ambiguous,no regional-default applied (out of scope tonight -- only Wayanad/Idukki disambiguated)
4840,UEI-IMD-FL-2017-0103,20-09-2017 00:00,20-09-2017 00:00,1.0,Heavy Rains,,"Mangan, Gyalshing, Namchi, Gangtok",Sikkim,,,,,3.0,2.0,,,3 persons died & 2 other injured.,,IMD,,"226, 228, 227, 225",11,2017-09-20,Sikkim/Mangan,NE Himalaya,state-wide (all 4 Sikkim districts listed),India_Flood_Inventory_v3.csv (IMD-sourced),ambiguous_generic,ambiguous,no regional-default applied (out of scope tonight -- only Wayanad/Idukki disambiguated)
5281,UEI-IMD-FL-2020-0125,24-05-2020 00:00,24-05-2020 00:00,1.0,Landslide,,Mangan,Sikkim,,,,,1.0,2.0,2.0,,"One 50-year old woman died & 2 others injured at Upper Linchom under Kabi-Lungchuk constituency while, 2 persons missing & Large number of livestock perished in Upper Dzongu area.",i) Damage to houses reported. ii) Damage to a road in Upper Lingchom reported. iii) A bridge connecting Sakyong & Pentong villages washed away. iv) Upper Dzongu totally cut off from the rest parts of the state. v) People shifted to safer places by SDM officials. vi) East District-Mangan road blocked.,IMD,,226,11,2020-05-24,Sikkim/Mangan,NE Himalaya,district-specific (Mangan only),India_Flood_Inventory_v3.csv (IMD-sourced),landslide_only_not_flood_cause,landslide_only,explicit
5283,UEI-IMD-FL-2020-0127,27-06-2020 00:00,29-06-2020 00:00,3.0,Heavy Rains & Landslide,,"Mangan, Namchi, Gyalshing",Sikkim,,,,,,,,,,"i) Several villages from North  District severally affected. ii) Dzongu is totally cut off from the part of the state. iii) Damage to several houses, Govt. Secondary School, many small bridges reported. iv) Damage to vehicles in West District reported. v) Damage to public & private property in various parts of West District reported. vi) Many people including 35 families only from Passingdong village shifted to safer places. vii) Traffic disrupted along NH 510, NH 710 due to landslides. Road connectivity disrupted. viii) Damage to many roads reported. ix) Power supply disrupted for few hours.",IMD,,"226, 227, 228",11,2020-06-27,Sikkim/Mangan,NE Himalaya,partial-multi (Mangan + 1-2 others named),India_Flood_Inventory_v3.csv (IMD-sourced),ambiguous_generic,ambiguous,no regional-default applied (out of scope tonight -- only Wayanad/Idukki disambiguated)
6472,UEI-IMD-FL-2022-0826,04-05-2022 00:00,04-05-2022 00:00,1.0,Landslide,,Mangan,Sikkim,,,,,1.0,,,,,,IMD,,226,11,2022-05-04,Sikkim/Mangan,NE Himalaya,district-specific (Mangan only),India_Flood_Inventory_v3.csv (IMD-sourced),landslide_only_not_flood_cause,landslide_only,explicit
6474,UEI-IMD-FL-2022-0828,11-05-2022 00:00,12-05-2022 00:00,2.0,Heavy Rains,,Mangan,Sikkim,,,,,,,,,,,IMD,,226,11,2022-05-11,Sikkim/Mangan,NE Himalaya,district-specific (Mangan only),India_Flood_Inventory_v3.csv (IMD-sourced),ambiguous_generic,ambiguous,no regional-default applied (out of scope tonight -- only Wayanad/Idukki disambiguated)
7324,UEI-IMD-FL-2023-0539,17-06-2023 00:00,17-06-2023 00:00,1.0,"Heavy Rains, Floods & Landslides",,Mangan,Sikkim,,,,,,,,,,,IMD,,226,11,2023-06-17,Sikkim/Mangan,NE Himalaya,district-specific (Mangan only),India_Flood_Inventory_v3.csv (IMD-sourced),ambiguous_generic,ambiguous,no regional-default applied (out of scope tonight -- only Wayanad/Idukki disambiguated)
598,UEI-IMD-FL-1971-0003,01-06-1971 00:00,30-06-1971 00:00,30.0,heavy rains,,"Amroha, Hapur, Bareilly, Pilibhit, Bulandshahr, Gautam Buddha Nagar, Kheri, Budaun, Bahraich, Shahjahanpur, Aligarh, Kasganj, Mathura, SShrawasti, Sitapur, Hathras, Etah, Hardoi, Farrukhabad, Firozabad, Siddharthnagar, Mainpuri, Mahrajganj, Agra, Gonda, Bara Banki, Kushinagar, Kannauj, Lucknow, Basti, Gorakhpur, Sant Kabir Nagar, Unnao, Etawah, Kanpur nagar Nagar, Auraiya, Ayodhya, Kanpur nagar Dehat, Deoria, Sultanpur, Ambedkar Nagar, Rae Bareli, Jalaun, Azamgarh, Mau, Fatehpur, Ballia, Jaunpur, Jhansi, Banda, Ghazipurr, Kaushambi, Prayagraj, Varanasi, Chitrakoot, Chandauli, Bhadohi, Mirzapur, Lalitpur, Sonbhadra, Amethi, Ghaziabad, Sambhal, Mahoba, Saharanpur, Bijnor, Muzaffarnagar, Baghpat, Meerut, Moradabad, Rampur, Shamli, Balrampur, Hamirpur, Pratapgarh, Tinsukia, Dhemaji, Dibrugarh, Lakhimpur, Sivasagar, Jorhat, Sonitpur, Golaghat, Udalguri, Chirang, Baksa, Nagaon, Kokrajhar, Darrang, Barpeta, Nalbari, Marigaon, Kamrup, Bongaigaon, Dhubri, Kamrup Metro, Goalpara, Dima Hasao, Cachar, Karimganj, Hailakandi, Charaideo, Majuli, Biswanath, Hojai, South Salmara Mancachar, Karbi Anglong, West Karbi Anglong, Pashchim Champaran, Purbi Champaran, Sitamarhi, Sheohar, Gopalganj, Samastipur, Katihar, Khagaria, Bhojpur, Buxar, Darbhanga, Saharsa, Kaimur (Bhabua), Rohtas, Jamui, Banka, Nawada, Gaya, Munger, Vaishali, Begusarai, Bhagalpur, Lakhisarai, Sheikhpura, Arwal, Jehanabad, Nalanda, Patna, Saran, Siwan, Muzaffarpur, Madhepura, Araria, Supaul, Madhubani, Purnia, Kishanganj, Aurangabad, South 24 Parganas, Darjeeling, Jalpaiguri, Dakshin Dinajpur, Maldah, Murshidabad, Birbhum, Nadia, Purba Purba Bardhaman, Purulia, Bankura, North 24 Parganas","Uttar Pradesh , Assam , Bihar , West Bengal, Kerala",,,,,,,,,,"Caused loss of life,damage to crops worth crores of rupees,brekdown of normal traffic,communication. Due to change of course y some rivers (like the Kali river) thousands of people were rendered homeless",IMD,,"154, 502, 130, 173, 134, 144, 159, 133, 125, 180, 119, 633, 167, None, 183, 163, 138, 150, 141, 143, 182, 166, 164, 118, 514, 129, 160, 155, 162, 131, 148, 178, 186, 139, None, 122, 140, None, 137, 185, 121, 175, 151, 123, 24, 142, 126, 152, 153, 456, None, 158, 120, 187, 136, 135, 179, 170, 161, 184, 640, 145, 659, 165, 177, 132, 172, 124, 169, 171, 649, 660, 649, 17, 629, 302, 284, 286, 295, 300, 290, 301, 288, 617, 612, 616, 297, 294, 283, 280, 298, 296, 291, 281, 285, 618, 287, 299, 282, 293, 289, 708, 706, 705, 709, 707, 292, 710, 211, 213, 221, 220, 197, 217, 201, 202, 193, 194, 195, 216, None, 215, 198, 190, 210, 196, 207, 224, 191, 192, 204, 219, 611, 199, 209, 520, 218, 222, 208, 205, 188, 223, 206, 214, 203, 189, 304, 309, 314, 310, None, 319, 307, 320, None, 321, 305, 303","9,18,10,19,32",1971-06-01,Dhemaji,NE Himalaya (Assam-Meghalaya foothills),district-named,India_Flood_Inventory_v3.csv (IMD-sourced),ambiguous_generic,ambiguous,no regional-default applied (out of scope tonight -- only Wayanad/Idukki disambiguated)
600,UEI-IMD-FL-1971-0005,01-07-1971 00:00,31-07-1971 00:00,31.0,floods,,"Tinsukia, Dhemaji, Dibrugarh, Lakhimpur, Sivasagar, Jorhat, Sonitpur, Golaghat, Udalguri, Chirang, Baksa, Nagaon, Kokrajhar, Darrang, Barpeta, Nalbari, Marigaon, Kamrup, Bongaigaon, Dhubri, Kamrup Metro, Goalpara, Dima Hasao, Cachar, Karimganj, Hailakandi, Charaideo, Majuli, Biswanath, Hojai, South Salmara Mancachar, Karbi Anglong, West Karbi Anglong, Bhadrak, Dhenkanal, Jajapur, Subarnapur, Nuapada, Balangir, Boudh, Cuttack, Kandhamal, Nayagarh, Khordha, Kalahandi, Jagatsinghapur, Puri, Nagpur, Rayagada, Koraput, Malkangiri, Anugul, Kendrapara, Ganjam, Gajapati, Mayurbhanj, Sundargarh, Kendujhar, Baleshwar, Jharsuguda, Bargarh, Deogarh, Sambalpur, South 24 Parganas, Darjeeling, Jalpaiguri, Dakshin Dinajpur, Maldah, Murshidabad, Birbhum, Nadia, Purba Purba Bardhaman, Purulia, Bankura, North 24 Parganas","Assam, Odisha, West Bengal, Bihar",,,,,,,,,,"Loss of life was reported. Several villages were washed away rendering thousands people homeless. Crops,fertile land worth seeveral crores of rupees reportedly destroyed",IMD,,"302, 284, 286, 295, 300, 290, 301, 288, 617, 612, 616, 297, 294, 283, 280, 298, 296, 291, 281, 285, 618, 287, 299, 282, 293, 289, 708, 706, 705, 709, 707, 292, 710, 348, 352, 356, None, 368, 345, 349, 350, 359, 367, 362, 358, 355, 432, 484, 370, 363, 364, 344, 360, 354, 353, 365, 373, 361, 346, 357, 347, 351, 371, 304, 309, 314, 310, None, 319, 307, 320, None, 321, 305, 303","18,21,19,10",1971-07-01,Dhemaji,NE Himalaya (Assam-Meghalaya foothills),district-named,India_Flood_Inventory_v3.csv (IMD-sourced),ambiguous_generic,ambiguous,no regional-default applied (out of scope tonight -- only Wayanad/Idukki disambiguated)
601,UEI-IMD-FL-1971-0006,01-08-1971 00:00,14-08-1971 00:00,14.0,flooded,,"Amroha, Hapur, Bareilly, Pilibhit, Bulandshahr, Gautam Buddha Nagar, Kheri, Budaun, Bahraich, Shahjahanpur, Aligarh, Kasganj, Mathura, SShrawasti, Sitapur, Hathras, Etah, Hardoi, Farrukhabad, Firozabad, Siddharthnagar, Mainpuri, Mahrajganj, Agra, Gonda, Bara Banki, Kushinagar, Kannauj, Lucknow, Basti, Gorakhpur, Sant Kabir Nagar, Unnao, Etawah, Kanpur nagar Nagar, Auraiya, Ayodhya, Kanpur nagar Dehat, Deoria, Sultanpur, Ambedkar Nagar, Rae Bareli, Jalaun, Azamgarh, Mau, Fatehpur, Ballia, Jaunpur, Jhansi, Banda, Ghazipurr, Kaushambi, Prayagraj, Varanasi, Chitrakoot, Chandauli, Bhadohi, Mirzapur, Lalitpur, Sonbhadra, Amethi, Ghaziabad, Sambhal, Mahoba, Saharanpur, Bijnor, Muzaffarnagar, Baghpat, Meerut, Moradabad, Rampur, Shamli, Balrampur, Hamirpur, Pratapgarh, Pashchim Champaran, Purbi Champaran, Sitamarhi, Sheohar, Gopalganj, Samastipur, Katihar, Khagaria, Bhojpur, Buxar, Darbhanga, Saharsa, Kaimur (Bhabua), Rohtas, Jamui, Banka, Nawada, Gaya, Munger, Vaishali, Begusarai, Bhagalpur, Lakhisarai, Sheikhpura, Arwal, Jehanabad, Nalanda, Patna, Saran, Siwan, Muzaffarpur, Madhepura, Araria, Supaul, Madhubani, Purnia, Kishanganj, Aurangabad, Tinsukia, Dhemaji, Dibrugarh, Lakhimpur, Sivasagar, Jorhat, Sonitpur, Golaghat, Udalguri, Chirang, Baksa, Nagaon, Kokrajhar, Darrang, Barpeta, Nalbari, Marigaon, Kamrup, Bongaigaon, Dhubri, Kamrup Metro, Goalpara, Dima Hasao, Cachar, Karimganj, Hailakandi, Charaideo, Majuli, Biswanath, Hojai, South Salmara Mancachar, Karbi Anglong, West Karbi Anglong","Uttar Pradesh, Bihar,  Assam",,,,,,,,,,"Caused further havoc with damage to life,property",IMD,,"154, 502, 130, 173, 134, 144, 159, 133, 125, 180, 119, 633, 167, None, 183, 163, 138, 150, 141, 143, 182, 166, 164, 118, 514, 129, 160, 155, 162, 131, 148, 178, 186, 139, None, 122, 140, None, 137, 185, 121, 175, 151, 123, 24, 142, 126, 152, 153, 456, None, 158, 120, 187, 136, 135, 179, 170, 161, 184, 640, 145, 659, 165, 177, 132, 172, 124, 169, 171, 649, 660, 649, 17, 629, 211, 213, 221, 220, 197, 217, 201, 202, 193, 194, 195, 216, None, 215, 198, 190, 210, 196, 207, 224, 191, 192, 204, 219, 611, 199, 209, 520, 218, 222, 208, 205, 188, 223, 206, 214, 203, 189, 302, 284, 286, 295, 300, 290, 301, 288, 617, 612, 616, 297, 294, 283, 280, 298, 296, 291, 281, 285, 618, 287, 299, 282, 293, 289, 708, 706, 705, 709, 707, 292, 710","9,10,18",1971-08-01,Dhemaji,NE Himalaya (Assam-Meghalaya foothills),district-named,India_Flood_Inventory_v3.csv (IMD-sourced),ambiguous_generic,ambiguous,no regional-default applied (out of scope tonight -- only Wayanad/Idukki disambiguated)
616,UEI-IMD-FL-1972-0008,08-07-1972 00:00,21-07-1972 00:00,14.0,floods,,"Bhadrak, Dhenkanal, Jajapur, Subarnapur, Nuapada, Balangir, Boudh, Cuttack, Kandhamal, Nayagarh, Khordha, Kalahandi, Jagatsinghapur, Puri, Nagpur, Rayagada, Koraput, Malkangiri, Anugul, Kendrapara, Ganjam, Gajapati, Mayurbhanj, Sundargarh, Kendujhar, Baleshwar, Jharsuguda, Bargarh, Deogarh, Sambalpur, Pashchim Champaran, Purbi Champaran, Sitamarhi, Sheohar, Gopalganj, Samastipur, Katihar, Khagaria, Bhojpur, Buxar, Darbhanga, Saharsa, Kaimur (Bhabua), Rohtas, Jamui, Banka, Nawada, Gaya, Munger, Vaishali, Begusarai, Bhagalpur, Lakhisarai, Sheikhpura, Arwal, Jehanabad, Nalanda, Patna, Saran, Siwan, Muzaffarpur, Madhepura, Araria, Supaul, Madhubani, Purnia, Kishanganj, Aurangabad, Tinsukia, Dhemaji, Dibrugarh, Lakhimpur, Sivasagar, Jorhat, Sonitpur, Golaghat, Udalguri, Chirang, Baksa, Nagaon, Kokrajhar, Darrang, Barpeta, Nalbari, Marigaon, Kamrup, Bongaigaon, Dhubri, Kamrup Metro, Goalpara, Dima Hasao, Cachar, Karimganj, Hailakandi, Charaideo, Majuli, Biswanath, Hojai, South Salmara Mancachar, Karbi Anglong, West Karbi Anglong, South 24 Parganas, Darjeeling, Jalpaiguri, Dakshin Dinajpur, Maldah, Murshidabad, Birbhum, Nadia, Purba Purba Bardhaman, Purulia, Bankura, North 24 Parganas","Odisha, Bihar, Assam, West Bengal",,,,,90.0,,,,About 90 persons were reported to have died in floods,Caused damage to property worth Rs. 11 crores. Nearly 10 lakh peple were rendered homeless,IMD,,"348, 352, 356, None, 368, 345, 349, 350, 359, 367, 362, 358, 355, 432, 484, 370, 363, 364, 344, 360, 354, 353, 365, 373, 361, 346, 357, 347, 351, 371, 211, 213, 221, 220, 197, 217, 201, 202, 193, 194, 195, 216, None, 215, 198, 190, 210, 196, 207, 224, 191, 192, 204, 219, 611, 199, 209, 520, 218, 222, 208, 205, 188, 223, 206, 214, 203, 189, 302, 284, 286, 295, 300, 290, 301, 288, 617, 612, 616, 297, 294, 283, 280, 298, 296, 291, 281, 285, 618, 287, 299, 282, 293, 289, 708, 706, 705, 709, 707, 292, 710, 304, 309, 314, 310, None, 319, 307, 320, None, 321, 305, 303","21,10,18,19",1972-07-08,Dhemaji,NE Himalaya (Assam-Meghalaya foothills),district-named,India_Flood_Inventory_v3.csv (IMD-sourced),ambiguous_generic,ambiguous,no regional-default applied (out of scope tonight -- only Wayanad/Idukki disambiguated)
628,UEI-IMD-FL-1973-0010,08-08-1973 00:00,14-08-1973 00:00,7.0,floods,,"Kupwara, Bandipora, Baramulla, Ganderbal, Anantnag, Kishtwar, Srinagar, Budgam, Pulwama, Poonch, Shopian, Kulgam, Rajouri, Ramban, Reasi, Doda, Jammu, Kathua, Udhampur, Samba, Muzaffarabad, Mirpur, 
Gurdaspur, Hoshiarpur, Amritsar, Jalandhar, Tarn Taran, Rupnagar, Shahid Bhagat Singh Nagar, Fazilka, Moga, Ludhiana, S.A.S Nagar*, Faridkot, Fatehgarh Sahib, Sri Sri Muktsar Sahib Sahib, Sangrur, Barnala, Bathinda, Patiala, Mansa, Ferozepur, Pathankot, Kapurthala, Amroha, Hapur, Bareilly, Pilibhit, Bulandshahr, Gautam Buddha Nagar, Kheri, Budaun, Bahraich, Shahjahanpur, Aligarh, Kasganj, Mathura, SShrawasti, Sitapur, Hathras, Etah, Hardoi, Farrukhabad, Firozabad, Siddharthnagar, Mainpuri, Mahrajganj, Agra, Gonda, Bara Banki, Kushinagar, Kannauj, Lucknow, Basti, Gorakhpur, Sant Kabir Nagar, Unnao, Etawah, Kanpur nagar Nagar, Auraiya, Ayodhya, Kanpur nagar Dehat, Deoria, Sultanpur, Ambedkar Nagar, Rae Bareli, Jalaun, Azamgarh, Mau, Fatehpur, Ballia, Jaunpur, Jhansi, Banda, Ghazipurr, Kaushambi, Prayagraj, Varanasi, Chitrakoot, Chandauli, Bhadohi, Mirzapur, Lalitpur, Sonbhadra, Amethi, Ghaziabad, Sambhal, Mahoba, Saharanpur, Bijnor, Muzaffarnagar, Baghpat, Meerut, Moradabad, Rampur, Shamli, Balrampur, Hamirpur, Pratapgarh, Tinsukia, Dhemaji, Dibrugarh, Lakhimpur, Sivasagar, Jorhat, Sonitpur, Golaghat, Udalguri, Chirang, Baksa, Nagaon, Kokrajhar, Darrang, Barpeta, Nalbari, Marigaon, Kamrup, Bongaigaon, Dhubri, Kamrup Metro, Goalpara, Dima Hasao, Cachar, Karimganj, Hailakandi, Charaideo, Majuli, Biswanath, Hojai, South Salmara Mancachar, Karbi Anglong, West Karbi Anglong, Upper Lower Subansiri, Anjaw, Changlang, Tawang, Papum Pare, Tirap, East Siang, Lohit, Kurung Kumey, Lower Lower Subansiri, East Kameng, West Kameng, West Kameng, West Kameng, Kra Daadi, Namsai, Longding, Upper Siang, Lower Siang, Dibang Valley, Lower Dibang Valley, Siang, Shi Yomi, Pakke Kessang, West Siang, Leparada, Kamle","Jammu and Kashmir, Punjab, Uttar Pradesh, Assam,  Arunachal Pradesh ",,,,,268.0,,,,"Toll of 68 lives, Loss od nearly 200 human lives",Caused havoc,IMD,,"8, 623, 3, 626, 1, 620, 13, 2, 11, 10, 625, 622, 12, 621, 627, 461, 5, 7, 14, 624, None, 17, 32, 33, 27, 34, 609, 42, 40, 651, 38, 36, 608, 29, 30, None, 43, 605, 28, 41, 37, 31, 662, 35, 154, 502, 130, 173, 134, 144, 159, 133, 125, 180, 119, 633, 167, None, 183, 163, 138, 150, 141, 143, 182, 166, 164, 118, 514, 129, 160, 155, 162, 131, 148, 178, 186, 139, None, 122, 140, None, 137, 185, 121, 175, 151, 123, 24, 142, 126, 152, 153, 456, None, 158, 120, 187, 136, 135, 179, 170, 161, 184, 640, 145, 659, 165, 177, 132, 172, 124, 169, 171, 649, 660, 649, 17, 629, 302, 284, 286, 295, 300, 290, 301, 288, 617, 612, 616, 297, 294, 283, 280, 298, 296, 291, 281, 285, 618, 287, 299, 282, 293, 289, 708, 706, 705, 709, 707, 292, 710, None, 628, 229, 238, 237, 239, 232, 234, 233, None, 231, 242, 242, 242, 677, 678, 666, 240, 719, 230, 235, 232, 725, 723, 243, 724, 718","3,9,18,12",1973-08-08,Dhemaji,NE Himalaya (Assam-Meghalaya foothills),district-named,India_Flood_Inventory_v3.csv (IMD-sourced),ambiguous_generic,ambiguous,no regional-default applied (out of scope tonight -- only Wayanad/Idukki disambiguated)
635,UEI-IMD-FL-1974-0001,01-06-1974 00:00,01-09-1974 00:00,93.0,inceasant rains ,,"Tinsukia, Dhemaji, Dibrugarh, Lakhimpur, Sivasagar, Jorhat, Sonitpur, Golaghat, Udalguri, Chirang, Baksa, Nagaon, Kokrajhar, Darrang, Barpeta, Nalbari, Marigaon, Kamrup, Bongaigaon, Dhubri, Kamrup Metro, Goalpara, Dima Hasao, Cachar, Karimganj, Hailakandi, Charaideo, Majuli, Biswanath, Hojai, South Salmara Mancachar, Karbi Anglong, West Karbi Anglong",Assam,,,,,,,,,,"The Brahmaputra,its tributaries were in high spate causing floods, This floods caused extensive damage to property,loss of human lives,cattle, in addition to rendering many people homeless. Wild animals of a sanctuary in the catchment area which is a tourist attraction either perished or left the sactuary for safer places. Paddy,Jute crops were destroyed as cultivated area remaining long under water. The total damage was estimated to be the order of Rs. 50 crores",IMD,,"302, 284, 286, 295, 300, 290, 301, 288, 617, 612, 616, 297, 294, 283, 280, 298, 296, 291, 281, 285, 618, 287, 299, 282, 293, 289, 708, 706, 705, 709, 707, 292, 710",18,1974-06-01,Dhemaji,NE Himalaya (Assam-Meghalaya foothills),district-named,India_Flood_Inventory_v3.csv (IMD-sourced),ambiguous_generic,ambiguous,no regional-default applied (out of scope tonight -- only Wayanad/Idukki disambiguated)
1411,UEI-IMD-FL-1987-0003,01-06-1987 00:00,30-06-1987 00:00,30.0,severe,,"Tinsukia, Dhemaji, Dibrugarh, Lakhimpur, Sivasagar, Jorhat, Sonitpur, Golaghat, Udalguri, Chirang, Baksa, Nagaon, Kokrajhar, Darrang, Barpeta, Nalbari, Marigaon, Kamrup, Bongaigaon, Dhubri, Kamrup Metro, Goalpara, Dima Hasao, Cachar, Karimganj, Hailakandi, Charaideo, Majuli, Biswanath, Hojai, South Salmara Mancachar, Karbi Anglong, West Karbi Anglong",Assam,,,,,10.0,,,,"10 passengers died,several others injured, when a private bus was swept away at Sorapani near Hajo town","i)1.2 million people affected ii)Barpeta,Nalbari districts worst affected iii)1 lakh people marooned in Dhubri,Kamrup districts iv)Paddy crop in 50,000 hectares, jute crop in 5000 hectares,Sali seedlings in 2000 hectares of land submerged under flood water v)In Nalbari district, a railway track at Ghagrapara damaged, suspended railway services vi)In Barpeta district, national highway at Sorbhog closed for traffic vii)Atleast a dozen embankments,several roads breached",IMD,,"302, 284, 286, 295, 300, 290, 301, 288, 617, 612, 616, 297, 294, 283, 280, 298, 296, 291, 281, 285, 618, 287, 299, 282, 293, 289, 708, 706, 705, 709, 707, 292, 710",18,1987-06-01,Dhemaji,NE Himalaya (Assam-Meghalaya foothills),district-named,India_Flood_Inventory_v3.csv (IMD-sourced),ambiguous_generic,ambiguous,no regional-default applied (out of scope tonight -- only Wayanad/Idukki disambiguated)
1460,UEI-IMD-FL-1988-0007,15-08-1988 00:00,14-09-1988 00:00,31.0,severe,,"Tinsukia, Dhemaji, Dibrugarh, Lakhimpur, Sivasagar, Jorhat, Sonitpur, Golaghat, Udalguri, Chirang, Baksa, Nagaon, Kokrajhar, Darrang, Barpeta, Nalbari, Marigaon, Kamrup, Bongaigaon, Dhubri, Kamrup Metro, Goalpara, Dima Hasao, Cachar, Karimganj, Hailakandi, Charaideo, Majuli, Biswanath, Hojai, South Salmara Mancachar, Karbi Anglong, West Karbi Anglong",Assam,,,,,167.0,,,39908.0,"i)167 persons died ii)39,875 cattleheads perished iii)33 Rhinos perished","i)6 million peope affected ii)Dibrugarh, Kamrup,Sivasagar worst affected districts iii)Standing Ahu,Sali, paddy in 23,000 hectares damaged iv)430 sq. km. Kaziranga National park submerged v)25 villages in Jorhat district washed away following the breaches in the dykes,embankment of river Brahmaputra vi)Several bridges collapsed. Loss estimated to be crores of rupees vii)National highway No. 53 between Silchar,Hailakandi,the road between Silchar,Karimganj washed away viii)Indian Air Force helicopter put into action to rescue the people",IMD,,"302, 284, 286, 295, 300, 290, 301, 288, 617, 612, 616, 297, 294, 283, 280, 298, 296, 291, 281, 285, 618, 287, 299, 282, 293, 289, 708, 706, 705, 709, 707, 292, 710",18,1988-08-15,Dhemaji,NE Himalaya (Assam-Meghalaya foothills),district-named,India_Flood_Inventory_v3.csv (IMD-sourced),ambiguous_generic,ambiguous,no regional-default applied (out of scope tonight -- only Wayanad/Idukki disambiguated)
1461,UEI-IMD-FL-1988-0008,01-10-1988 00:00,14-10-1988 00:00,14.0,severe,,Dhemaji,Assam,,,,,,,,,,"i)379 villages covering 50,240 hectares with a population of about 27,000 innundated ii)P.W.D. road between Machkhowa,Dhakuakhana breached",IMD,,284,18,1988-10-01,Dhemaji,NE Himalaya (Assam-Meghalaya foothills),district-named,India_Flood_Inventory_v3.csv (IMD-sourced),ambiguous_generic,ambiguous,no regional-default applied (out of scope tonight -- only Wayanad/Idukki disambiguated)
1627,UEI-IMD-FL-1990-0009,01-10-1990 00:00,19-10-1990 00:00,19.0,severe,,"Barpeta, Dibrugarh, Dhemaji, Dhubri, Goalpara, Jorhat, Lakhimpur, Nalbari,Sonitpur",Assam,,,,,15.0,,,,15 persons died,"i)In Dhubri district, 28,850 people in 63 villages affected ii)Thousands of acres of paddy field submerged iii)Hundreds of dwelling damaged iv)Road communication between upper,lower Assam completely suspended v)Several roads,bridges damaged vi)Thousands of people took shelter in relief camps",IMD,,"280, 286, 284, 285, 287, 290, 295, 298, 301",18,1990-10-01,Dhemaji,NE Himalaya (Assam-Meghalaya foothills),district-named,India_Flood_Inventory_v3.csv (IMD-sourced),ambiguous_generic,ambiguous,no regional-default applied (out of scope tonight -- only Wayanad/Idukki disambiguated)
1734,UEI-IMD-FL-1991-0014,12-06-1991 00:00,30-06-1991 00:00,19.0,severe floods,,"Barpeta, Bongaigaon, Cachar, Darrang, Dhemaji, Dhubri, Dibrugarh, Goalpara, Golaghat, Hailakandi, Jorhat, Kamrup, Karimganj, Kokrajhar, Lakhimpur, Mancachar, Nagaon, Nalbari, Sivasagar, Sonitpur,Tinsukia",Assam,,,,,36.0,,,1400.0,"i)36 people died ii)1,400 cattleheads perished","i)34,84,533 people in 3,998 villages affected ii)7,67,189 hectares of land,2,38,648 hectares of land,2,38,648 hectares of crop land submerged iii)5,732 houses damaged due to erosion iv)1,769 families affected due to erosion v)Standing ahu, paddy,jute crop extensively damaged vi)National Highway Nos. 52,53 submerged vii)Burchapari forest in Sonitpur district inundated ",IMD,,"280, 281, 282, 283, 284, 285, 286, 287, 288, 289, 290, 291, 293, 294, 295, 707, 297, 298, 300, 301, 302",18,1991-06-12,Dhemaji,NE Himalaya (Assam-Meghalaya foothills),district-named,India_Flood_Inventory_v3.csv (IMD-sourced),ambiguous_generic,ambiguous,no regional-default applied (out of scope tonight -- only Wayanad/Idukki disambiguated)
1737,UEI-IMD-FL-1991-0017,18-08-1991 00:00,18-08-1991 00:00,1.0,severe flood,,"Dhemaji, Mancachar,Sivasagar",Assam,,,,,1.0,,,,1 person died,"i)1,37,328 people in 265 villages affected ii)32,691 hectares of land submerged iii)Crop in 115,231 hectares of land damaged",IMD,,"284, 707, 300",18,1991-08-18,Dhemaji,NE Himalaya (Assam-Meghalaya foothills),district-named,India_Flood_Inventory_v3.csv (IMD-sourced),ambiguous_generic,ambiguous,no regional-default applied (out of scope tonight -- only Wayanad/Idukki disambiguated)
1854,UEI-IMD-FL-1992-0008,22-06-1992 00:00,30-06-1992 00:00,9.0,severe,,"Barpeta, Dhemaji, Dhubri, Goalpara, Jorhat, Kamrup, Lakhimpur, Mancachar, Nagaon, Nalbari, Sivasagar, Sonitpur,Tinsukia",Assam,,,,,17.0,,,,17 persons died,"i)1,152 villages of population 5,52,551 people affected ii)1,21,081 hectares of land area submerged under flood water iii)In Nalbari district 59 houses,,in Dhemaji 6  houses washed away iv)Cropped land 29,581 hectares submerged v)Road communication in Lakhimpur district completely disrupted vi)A portion of Goalpara-Matia P.W.D. road washed away disrupting road communication in Goalpara district vii)Road communication on National highway No. 37,52 suspended. Surface communication on Sivasagar-Simulguri road also suspended viii)In Dhemaji, Joni town cut off as national highway submerged at several places",IMD,,"280, 284, 285, 287, 290, 291, 295, 707, 297, 298, 300, 301, 302",18,1992-06-22,Dhemaji,NE Himalaya (Assam-Meghalaya foothills),district-named,India_Flood_Inventory_v3.csv (IMD-sourced),ambiguous_generic,ambiguous,no regional-default applied (out of scope tonight -- only Wayanad/Idukki disambiguated)
1856,UEI-IMD-FL-1992-0010,09-08-1992 00:00,09-08-1992 00:00,1.0,severe,,Dhemaji,Assam,,,,,,,,,,i)20 villages washed away ii)Vast area of cropped land submerged iii)National highway submerged disrupting road communication,IMD,,284,18,1992-08-09,Dhemaji,NE Himalaya (Assam-Meghalaya foothills),district-named,India_Flood_Inventory_v3.csv (IMD-sourced),ambiguous_generic,ambiguous,no regional-default applied (out of scope tonight -- only Wayanad/Idukki disambiguated)
1942,UEI-IMD-FL-1993-0006,05-06-1993 00:00,19-06-1993 00:00,15.0,,,"Barpeta, Cachar, Darrang, Dhemaji, Dhubri, Dibrugarh,Goalpara, Golaghat, Hailakandi, Jorhat, Kamrup, Karimganj,  Lakhimpur, Mancachar, Nagaon, Nalbari, Sivasagar, Sonitpur,Tinsukia",Assam,,,,,13.0,,,30.0,(i) 13 persons died. (ii) 30 cattleheads perished.,"(i) 22,99,523 people in 3,498 villages affected. (ii)4,62,433 hectares of land,1,34,956 hectares of cropped land submerged. (iii) 2,525 houses fully,2,563 panially damaged. (iv) Railway,road communication at several places disrupted. (v) 16 km. long national highway No. 52 submerged.",IMD,,"280, 282, 283, 284, 285, 286, 287, 288, 289, 290, 291, 293, 295, 707, 297, 298, 300, 301, 302",18,1993-06-05,Dhemaji,NE Himalaya (Assam-Meghalaya foothills),district-named,India_Flood_Inventory_v3.csv (IMD-sourced),unknown_blank,unknown,Main Cause blank
1943,UEI-IMD-FL-1993-0007,20-07-1993 00:00,09-08-1993 00:00,21.0,"severe flood . (brahmaputra,its tributaries)",,"Barpeta, Bongaigaon, Cachar, Darrang, Dhemaji, Dhubri, Goalpara, Hailakandi, Jorhat, Kamrup, Karimganj,   Kokrajhar,  Lakhimpur, Mancachar,Nalbari",Assam,,,,,35.0,,,2369.0,"(i) 35 persons died. (ii) 2,369 cattlehcads perished.","(i) 24,78,781 people in 2,338 villages affected. (ii) 3,72,832 hectares of land area,87,000 hectares of cropped area flooded. (iii) 5,708 houses fully,9,550 partially damaged. (iv) Surface,railway communication between state,the rest of the country remained cut off for number of days. (v) National highway No. 52 submerged at several places disrupting the vehicular traffic completely.",IMD,,"280, 281, 282, 283, 284, 285, 287, 289, 290, 291, 293, 294, 295, 707, 298",18,1993-07-20,Dhemaji,NE Himalaya (Assam-Meghalaya foothills),district-named,India_Flood_Inventory_v3.csv (IMD-sourced),riverine_flood,riverine_flood,explicit
1944,UEI-IMD-FL-1993-0008,10-08-1993 00:00,04-09-1993 00:00,26.0,"severe flood (brahmaputra,its tributaries) ",,"Barpeta, Dhemaji, Dhubri, Golaghat, Jorhat, Karbi Anglong, Lakhimpur, Mancachar,Sivasagar ",Assam,,,,,3.0,,,,3 persons died.,"(i) 6,30,822 people in 894 villages affected. (ii) 1,388 houscs damaged. (iii) 1,51,681 hectares of land area,43,019 hectares of cropped area flooded. ",IMD,,"280, 284, 285, 288, 290, 292, 295, 707, 300",18,1993-08-10,Dhemaji,NE Himalaya (Assam-Meghalaya foothills),district-named,India_Flood_Inventory_v3.csv (IMD-sourced),riverine_flood,riverine_flood,explicit
2041,UEI-IMD-FL-1994-0008,30-05-1994 00:00,30-05-1994 00:00,1.0,heavy rains,,Dhemaji,Assam,,,,,,,,,,"35 villages inundated affecting 8,000 people",IMD,,284,18,1994-05-30,Dhemaji,NE Himalaya (Assam-Meghalaya foothills),district-named,India_Flood_Inventory_v3.csv (IMD-sourced),ambiguous_generic,ambiguous,no regional-default applied (out of scope tonight -- only Wayanad/Idukki disambiguated)
2042,UEI-IMD-FL-1994-0009,01-06-1994 00:00,30-06-1994 00:00,30.0,severe flood,,"Barpeta, Dhemaji, Dibrugarh, Jorhat, Lakhimpur, Nalbari,Sivasagar",Assam,,,,,2.0,,,,2 persons in Sivasagar district died,"i)In Barpeta district, 500 villages worst affected ii)In Dhemaji, 8 villages completely submerged iii)In Jorhat,Lakhimpur districts, 25 villages submerged iv)Road communication completely disrupted v)Thousands of people shifted to safer places vi)Telecommunication services disrupted",IMD,,"280, 284, 286, 290, 295, 298, 300",18,1994-06-01,Dhemaji,NE Himalaya (Assam-Meghalaya foothills),district-named,India_Flood_Inventory_v3.csv (IMD-sourced),ambiguous_generic,ambiguous,no regional-default applied (out of scope tonight -- only Wayanad/Idukki disambiguated)
2043,UEI-IMD-FL-1994-0010,01-07-1994 00:00,16-07-1994 00:00,16.0,severe flood,,"Dhemaji, Jorhat, Mancachar, Nalbari,Sivasagar",Assam,,,,,8.0,,,,"8 persons died, 6 from Sivasagar alone","i)70,000 people in 150 villages of Dhemaji district affected ii)In Jorhat town, several Govt. Offices,Educational Institutions submerged iii)Wooden bridge over national highway No. 52 wahed away iv)Road communication between Dhemaji,rest of the country completely cut off",IMD,,"284, 290, 707, 298, 300",18,1994-07-01,Dhemaji,NE Himalaya (Assam-Meghalaya foothills),district-named,India_Flood_Inventory_v3.csv (IMD-sourced),ambiguous_generic,ambiguous,no regional-default applied (out of scope tonight -- only Wayanad/Idukki disambiguated)
2044,UEI-IMD-FL-1994-0011,16-08-1994 00:00,23-08-1994 00:00,8.0,severe flood,,"Dhemaji,Jorhat",Assam,,,,,,,,,,i)65 villages in Dhemaji district submerged ii)Hundreds of people rendered homeless,IMD,,"284, 290",18,1994-08-16,Dhemaji,NE Himalaya (Assam-Meghalaya foothills),district-named,India_Flood_Inventory_v3.csv (IMD-sourced),ambiguous_generic,ambiguous,no regional-default applied (out of scope tonight -- only Wayanad/Idukki disambiguated)
2167,UEI-IMD-FL-1995-0010,18-05-1995 00:00,27-05-1995 00:00,10.0,severe flood,,"Dhemaji, Dibrugarh, Goalpara,Jorhat",Assam,,,,,,,,,,"i)Extensive damaged to crops,houses reported ii)Road communication between Dhemaji,the other parts of the state disrupted",IMD,,"284, 286, 287, 290",18,1995-05-18,Dhemaji,NE Himalaya (Assam-Meghalaya foothills),district-named,India_Flood_Inventory_v3.csv (IMD-sourced),ambiguous_generic,ambiguous,no regional-default applied (out of scope tonight -- only Wayanad/Idukki disambiguated)
2168,UEI-IMD-FL-1995-0011,05-06-1995 00:00,26-06-1995 00:00,22.0,severe flood,,"Barpeta, Darrang, Dhemaji, Dibrugarh, Dhubri, Goalpara, Golaghat, Hailakandi, Kamrup, Jorhat, Karbi Anglong, Karimganj, Marigaon, Nagaon, Nalbari,Sivasagar",Assam,,,,,11.0,,,,11 persons died,"i)2,10,606 hectares of area with 14,53,890 population affected ii)Crops in 87,771 hectares damaged iii)927 houses fully,1,020 houses partially damaged iv)Road communication completely disrupted",IMD,,"280, 283, 284, 286, 285, 287, 288, 289, 291, 290, 292, 293, 296, 297, 298, 300",18,1995-06-05,Dhemaji,NE Himalaya (Assam-Meghalaya foothills),district-named,India_Flood_Inventory_v3.csv (IMD-sourced),ambiguous_generic,ambiguous,no regional-default applied (out of scope tonight -- only Wayanad/Idukki disambiguated)
2169,UEI-IMD-FL-1995-0012,04-07-1995 00:00,18-07-1995 00:00,15.0,severe flood,,"Barpeta, Bongaigaon, Darrang, Dhemaji, Dhubri, Dibrugarh, Goalpara, Golaghat, Jorhat, Kamrup, Karimganj, Marigaon, Nagaon, Nalbari, Lakhimpur, Sivasagar, Sonitpur,Tinsukia",Assam,,,,,37.0,,,,37 people died,"i)7,00,267 hectares of area with population 36,09,901 affected ii)5,770 villages affected iii)Crop in 2,18,440 hectares of area either damaged or affected iv)14,894 house fully,21,809 houses partially damaged",IMD,,"280, 281, 283, 284, 285, 286, 287, 288, 290, 291, 293, 296, 297, 298, 295, 300, 301, 302",18,1995-07-04,Dhemaji,NE Himalaya (Assam-Meghalaya foothills),district-named,India_Flood_Inventory_v3.csv (IMD-sourced),ambiguous_generic,ambiguous,no regional-default applied (out of scope tonight -- only Wayanad/Idukki disambiguated)
2170,UEI-IMD-FL-1995-0013,13-08-1995 00:00,19-08-1995 00:00,7.0,severe flood,,"Bongaigaon, Darrang, Dhemaji, Dhubri, Dibrugarh, Jorhat, Kamrup, Marigaon, Sivasagar,Tinsukia",Assam,,,,,5.0,,,216.0,i)5 perosns died ii)216 cattleheads perished,"i)2,63,700 hectares of area with 9,22,769 people affected ii)1,250 villages affected iii)Crop in 47,350 hectares damaged",IMD,,"281, 283, 284, 285, 286, 290, 291, 296, 300, 302",18,1995-08-13,Dhemaji,NE Himalaya (Assam-Meghalaya foothills),district-named,India_Flood_Inventory_v3.csv (IMD-sourced),ambiguous_generic,ambiguous,no regional-default applied (out of scope tonight -- only Wayanad/Idukki disambiguated)
2171,UEI-IMD-FL-1995-0014,01-10-1995 00:00,03-10-1995 00:00,3.0,severe flood,,"Bongaigaon, Darrang, Dhemaji, Dhubri, Dibrugarh, Kokrajhar, Marigaon, Nalbari, Sivasagar, Sonitpur,Tinsukia",Assam,,,,,,,,,,"i)5,03,147 people in 1,34,324 hectares of area affeccted ii)864 villages affected iii)47,668 hectares of crop land submerged iv)3 houses damaged",IMD,,"281, 283, 284, 285, 286, 294, 296, 298, 300, 301, 302",18,1995-10-01,Dhemaji,NE Himalaya (Assam-Meghalaya foothills),district-named,India_Flood_Inventory_v3.csv (IMD-sourced),ambiguous_generic,ambiguous,no regional-default applied (out of scope tonight -- only Wayanad/Idukki disambiguated)
2327,UEI-IMD-FL-1996-0010,15-05-1996 00:00,29-05-1996 00:00,15.0,severe flood,,Dhemaji,Assam,,,,,,,,,,i)111 villages submeged ii)Standing crops in 19530 Bighas damaged iii)5804 families affected,IMD,,284,18,1996-05-15,Dhemaji,NE Himalaya (Assam-Meghalaya foothills),district-named,India_Flood_Inventory_v3.csv (IMD-sourced),ambiguous_generic,ambiguous,no regional-default applied (out of scope tonight -- only Wayanad/Idukki disambiguated)
2331,UEI-IMD-FL-1996-0014,08-06-1996 00:00,08-06-1996 00:00,1.0,flash flood,,Dhemaji,Assam,,,,,,,,,,About 12 villages in western part of thee district inundated ii)Standing crops damaged,IMD,,284,18,1996-06-08,Dhemaji,NE Himalaya (Assam-Meghalaya foothills),district-named,India_Flood_Inventory_v3.csv (IMD-sourced),flash_flood,flash_flood,explicit
2332,UEI-IMD-FL-1996-0015,27-07-1996 00:00,31-07-1996 00:00,5.0,severe flood,,"Barpeta, Bongaigaon, Darrang, Dhemaji, Dhubri, Dibrugarh, Goalpara, Golaghat, Jorhat, Kamrup, Kokrajhar, Marigaon, Nagaon, Nalbari, Lakhimpur, Sivasagar, Sonitpur,Tinsukia",Assam,,,,,27.0,,,,27 persons died,"i)26,63 639 people in 3788 villages of 18 district inundated ii)5,63,661 hectares of area flooded iii)1.98,055 hecrarea of crop land submerged iv)Road communication disrupted v)Many houses damaged",IMD,,"280, 281, 283, 284, 285, 286, 287, 288, 290, 291, 294, 296, 297, 298, 295, 300, 301, 302",18,1996-07-27,Dhemaji,NE Himalaya (Assam-Meghalaya foothills),district-named,India_Flood_Inventory_v3.csv (IMD-sourced),ambiguous_generic,ambiguous,no regional-default applied (out of scope tonight -- only Wayanad/Idukki disambiguated)
2333,UEI-IMD-FL-1996-0016,12-08-1996 00:00,03-09-1996 00:00,23.0,severe flood,,"Cachar, Darrang, Dhemaji, Golaghat, Jorhat, Kamrup, Karimganj, Nagaon, Sivasagar,Sonitpur",Assam,,,,,7.0,,,,7 persons died in Dhemaji,i)95 villages affected ii)Large area of crop land inundated damaging standing crop iii)One railway bridge washed away disrupting railway services,IMD,,"282, 283, 284, 288, 290, 291, 293, 297, 300, 301",18,1996-08-12,Dhemaji,NE Himalaya (Assam-Meghalaya foothills),district-named,India_Flood_Inventory_v3.csv (IMD-sourced),ambiguous_generic,ambiguous,no regional-default applied (out of scope tonight -- only Wayanad/Idukki disambiguated)
2456,UEI-IMD-FL-1997-0009,01-06-1997 00:00,01-06-1997 00:00,1.0,flash flood,,Dhemaji,Assam,,,,,,,,,,"Road communication between Dhemaji,Jonai disrupted",IMD,,284,18,1997-06-01,Dhemaji,NE Himalaya (Assam-Meghalaya foothills),district-named,India_Flood_Inventory_v3.csv (IMD-sourced),flash_flood,flash_flood,explicit
2457,UEI-IMD-FL-1997-0010,10-06-1997 00:00,30-06-1997 00:00,21.0,severe floods,,"Barpeta, Dhemaji, Goalpara, Jorhat, Lakhimpur, Nalbari",Assam,,,,,1.0,,,,1 persosn died in Barpeta,"i)32,641 hectares of land affected ii)Population affected 92,332 iii)Road communication disrupted iv)Relief camps opened to provide succour to the affected people",IMD,,"280, 284, 287, 290, 295, 298",18,1997-06-10,Dhemaji,NE Himalaya (Assam-Meghalaya foothills),district-named,India_Flood_Inventory_v3.csv (IMD-sourced),ambiguous_generic,ambiguous,no regional-default applied (out of scope tonight -- only Wayanad/Idukki disambiguated)
2459,UEI-IMD-FL-1997-0012,08-07-1997 00:00,21-07-1997 00:00,14.0,severe floods,,"Tinsukia, Dhemaji, Dibrugarh, Lakhimpur, Sivasagar, Jorhat, Sonitpur, Golaghat, Udalguri, Chirang, Baksa, Nagaon, Kokrajhar, Darrang, Barpeta, Nalbari, Marigaon, Kamrup, Bongaigaon, Dhubri, Kamrup Metro, Goalpara, Dima Hasao, Cachar, Karimganj, Hailakandi, Charaideo, Majuli, Biswanath, Hojai, South Salmara Mancachar, Karbi Anglong, West Karbi Anglong",Assam,,,,,10.0,,,,10 persosnd died,i)3016 villages affected ii)Approx. 5.16 lakh hectares of the land affected iv)4770 houses damaged v)Road communication on National Highway Nos 52 & 53 affected,IMD,,"302, 284, 286, 295, 300, 290, 301, 288, 617, 612, 616, 297, 294, 283, 280, 298, 296, 291, 281, 285, 618, 287, 299, 282, 293, 289, 708, 706, 705, 709, 707, 292, 710",18,1997-07-08,Dhemaji,NE Himalaya (Assam-Meghalaya foothills),district-named,India_Flood_Inventory_v3.csv (IMD-sourced),ambiguous_generic,ambiguous,no regional-default applied (out of scope tonight -- only Wayanad/Idukki disambiguated)
2460,UEI-IMD-FL-1997-0013,15-09-1997 00:00,28-09-1997 00:00,14.0,severe flood,,"Dhemaji, Sonitpur",Assam,,,,,2.0,,,,2 persons died,"i)240 villages inundated ii)Standing Sali crop,another 600 bighas of crop area damaged iii)Road communication between Dhemaji-Silapathar disrupted",IMD,,"284, 301",18,1997-09-15,Dhemaji,NE Himalaya (Assam-Meghalaya foothills),district-named,India_Flood_Inventory_v3.csv (IMD-sourced),ambiguous_generic,ambiguous,no regional-default applied (out of scope tonight -- only Wayanad/Idukki disambiguated)
2597,UEI-IMD-FL-1998-0006,24-05-1998 00:00,25-05-1998 00:00,2.0,severe floods,,Dhemaji,Assam,,,,,,,,,,"In Jaidhal, Machkhowa, Moridhal, Shripani,Siriborgaon areas , i)200 villages inundated ii)Railway bridge over river Gai,several kilometers of National Highway No. 52 damaged iii)Rail services between Junai - Sitapathi disrupted iv)Ahu,other crops damaged",IMD,,284,18,1998-05-24,Dhemaji,NE Himalaya (Assam-Meghalaya foothills),district-named,India_Flood_Inventory_v3.csv (IMD-sourced),ambiguous_generic,ambiguous,no regional-default applied (out of scope tonight -- only Wayanad/Idukki disambiguated)
2598,UEI-IMD-FL-1998-0007,03-06-1998 00:00,03-06-1998 00:00,1.0,heavy rains,,"Cachar, Dhemaji,Dibrugarh, Lakhimpur,Tinsukia",Assam,,,,,51.0,158.0,,,"51 persons died of which 7 due to landslide,158 injured",i)Torrential rain caused worst landslides ii)Dhemaji cut off from other parts of the country,IMD,,"282, 284, 286, 295, 302",18,1998-06-03,Dhemaji,NE Himalaya (Assam-Meghalaya foothills),district-named,India_Flood_Inventory_v3.csv (IMD-sourced),ambiguous_generic,ambiguous,no regional-default applied (out of scope tonight -- only Wayanad/Idukki disambiguated)
2599,UEI-IMD-FL-1998-0008,10-06-1998 00:00,16-06-1998 00:00,7.0,severe floods,,"Cachar, Darrang, Dhemaji, Dibrugarh, Jorhat, Lakhimpur, Sonitpur,Tinsukia",Assam,,,,,105.0,,,7184.0,i)105 persons died of which a few died in a landslide due to torrential rain ii)Several animals in Kairanga National park washed away iii)7184 animals lost,"i)More than 4 lakh people affected ii)Breach in embankment at Sonapur inundated 50 villages iii)National Highway No. 31 submerged iv)Road/rail communications disrupted v)Crops on 34,100 hectares damaged vi)Landslides reported",IMD,,"282, 283, 284, 286, 290, 295, 301, 302",18,1998-06-10,Dhemaji,NE Himalaya (Assam-Meghalaya foothills),district-named,India_Flood_Inventory_v3.csv (IMD-sourced),ambiguous_generic,ambiguous,no regional-default applied (out of scope tonight -- only Wayanad/Idukki disambiguated)
2600,UEI-IMD-FL-1998-0009,19-06-1998 00:00,19-06-1998 00:00,1.0,heavy rains,,Dhemaji,Assam,,,,,,,,,,"i)Area under Siriborgaon revenue circle submerged, damaging crops in thousands of acres ii)National Highway No. 52 damaged ",IMD,,284,18,1998-06-19,Dhemaji,NE Himalaya (Assam-Meghalaya foothills),district-named,India_Flood_Inventory_v3.csv (IMD-sourced),ambiguous_generic,ambiguous,no regional-default applied (out of scope tonight -- only Wayanad/Idukki disambiguated)
2602,UEI-IMD-FL-1998-0011,26-06-1998 00:00,29-06-1998 00:00,4.0,moderate flood ,,"Dhemaji,Lakhimpur",Assam,,,,,,,,,,"i)Paddy fields in 60 villages affected ii)45,000 people became homeless iii)National Highway No. 52 submerged iv)Road, Rail,Telecommunication disrupted Many people near the river affected",IMD,,"284, 295",18,1998-06-26,Dhemaji,NE Himalaya (Assam-Meghalaya foothills),district-named,India_Flood_Inventory_v3.csv (IMD-sourced),ambiguous_generic,ambiguous,no regional-default applied (out of scope tonight -- only Wayanad/Idukki disambiguated)
2604,UEI-IMD-FL-1998-0013,01-07-1998 00:00,31-07-1998 00:00,31.0,severe floods,,"Tinsukia, Dhemaji, Dibrugarh, Lakhimpur, Sivasagar, Jorhat, Sonitpur, Golaghat, Udalguri, Chirang, Baksa, Nagaon, Kokrajhar, Darrang, Barpeta, Nalbari, Marigaon, Kamrup, Bongaigaon, Dhubri, Kamrup Metro, Goalpara, Dima Hasao, Cachar, Karimganj, Hailakandi, Charaideo, Majuli, Biswanath, Hojai, South Salmara Mancachar, Karbi Anglong, West Karbi Anglong",Assam,,,,,81.0,,,6.0,"i)81 persons died ii)2 elephant, 3 deer,one royal bengal tiger in Kaziranga National Park perished",i)Dhemaji district worst affected. 2/3 of the district submerged under flood water ii)Entire NE region cur-off from rest of the country iii)Embankment of Brahmaputra breached affecting more than 400 villages iv)National Highway No. 31 completely inundated whereas No. 52 damaged at several places v)17 lakh people affected vi)Crop in 1.4 lakh hectares damaged vii)Road/Rail communication disrupted,IMD,,"302, 284, 286, 295, 300, 290, 301, 288, 617, 612, 616, 297, 294, 283, 280, 298, 296, 291, 281, 285, 618, 287, 299, 282, 293, 289, 708, 706, 705, 709, 707, 292, 710",18,1998-07-01,Dhemaji,NE Himalaya (Assam-Meghalaya foothills),district-named,India_Flood_Inventory_v3.csv (IMD-sourced),ambiguous_generic,ambiguous,no regional-default applied (out of scope tonight -- only Wayanad/Idukki disambiguated)
2605,UEI-IMD-FL-1998-0014,01-08-1998 00:00,10-08-1998 00:00,10.0,severe floods,,"Barpeta, Cachar, Dhemaji, Dhubri, Jorhat,Nalbari",Assam,,,,,93.0,,,,"93 persons died due to floods,landslides","i)More than three million people affected ii)98,960 hectares of land including 25,840 hectares of crop-land affected iii)Extensive damage to crops reported iv)National Highway No. 39 submerged v)Road/Rail communication disrupted",IMD,,"280, 282, 284, 285, 290, 298",18,1998-08-01,Dhemaji,NE Himalaya (Assam-Meghalaya foothills),district-named,India_Flood_Inventory_v3.csv (IMD-sourced),ambiguous_generic,ambiguous,no regional-default applied (out of scope tonight -- only Wayanad/Idukki disambiguated)
2606,UEI-IMD-FL-1998-0015,17-08-1998 00:00,20-08-1998 00:00,4.0,moderate flood ,,"Barpeta, Dhemaji, Lakhimpur, Marigaon, Nalbari,Sonitpur",Assam,,,,,,,,,,i)National Highway No. 21 flooded ii)Sonitpur central university closed iii)State cut off from rest of the country due to landslide iv)4 lakh people affected,IMD,,"280, 284, 295, 296, 298, 301",18,1998-08-17,Dhemaji,NE Himalaya (Assam-Meghalaya foothills),district-named,India_Flood_Inventory_v3.csv (IMD-sourced),ambiguous_generic,ambiguous,no regional-default applied (out of scope tonight -- only Wayanad/Idukki disambiguated)
2608,UEI-IMD-FL-1998-0017,26-08-1998 00:00,26-08-1998 00:00,1.0,flash flood,,"Bongaigaon,Dhemaji",Assam,,,,,15.0,,,,15 persosns drowned in a boat accident,i)Large number of population affected ii)Flood situation remained grim,IMD,,"281, 284",18,1998-08-26,Dhemaji,NE Himalaya (Assam-Meghalaya foothills),district-named,India_Flood_Inventory_v3.csv (IMD-sourced),flash_flood,flash_flood,explicit
2610,UEI-IMD-FL-1998-0019,01-09-1998 00:00,11-09-1998 00:00,11.0,severe floods,,"Tinsukia, Dhemaji, Dibrugarh, Lakhimpur, Sivasagar, Jorhat, Sonitpur, Golaghat, Udalguri, Chirang, Baksa, Nagaon, Kokrajhar, Darrang, Barpeta, Nalbari, Marigaon, Kamrup, Bongaigaon, Dhubri, Kamrup Metro, Goalpara, Dima Hasao, Cachar, Karimganj, Hailakandi, Charaideo, Majuli, Biswanath, Hojai, South Salmara Mancachar, Karbi Anglong, West Karbi Anglong",Assam,,,,,129.0,,,5.0,"i)78 people died due to flood,51 due to landslides ii)5 deer died","i)National Highway Nos 31, 37, 51,52 flooded, cutting off road communication ii)Many school buildings completely washed away iii)50 lakh population affected iv)2.47 lakh hectares of crop-land affected v)23,000 houses damaged",IMD,,"302, 284, 286, 295, 300, 290, 301, 288, 617, 612, 616, 297, 294, 283, 280, 298, 296, 291, 281, 285, 618, 287, 299, 282, 293, 289, 708, 706, 705, 709, 707, 292, 710",18,1998-09-01,Dhemaji,NE Himalaya (Assam-Meghalaya foothills),district-named,India_Flood_Inventory_v3.csv (IMD-sourced),ambiguous_generic,ambiguous,no regional-default applied (out of scope tonight -- only Wayanad/Idukki disambiguated)
2714,UEI-IMD-FL-1999-0005,30-05-1999 00:00,31-05-1999 00:00,2.0,moderate flood ,,"Dhemaji, Dhubri, Lakhimpur,Sonitpur",Assam,,,,,,,,,,"i)Vast areas inundated. Road communication between Lakhimpur - Jonai,Dhemaji - Jonai,National Highway No. 52 disrupted ii)Portion of dam at Bhimpara (northa Lakhimpur) washed away iii)Standing crop damaged",IMD,,"284, 285, 295, 301",18,1999-05-30,Dhemaji,NE Himalaya (Assam-Meghalaya foothills),district-named,India_Flood_Inventory_v3.csv (IMD-sourced),ambiguous_generic,ambiguous,no regional-default applied (out of scope tonight -- only Wayanad/Idukki disambiguated)
2715,UEI-IMD-FL-1999-0006,22-06-1999 00:00,31-07-1999 00:00,40.0,severe floods,,"Tinsukia, Dhemaji, Dibrugarh, Lakhimpur, Sivasagar, Jorhat, Sonitpur, Golaghat, Udalguri, Chirang, Baksa, Nagaon, Kokrajhar, Darrang, Barpeta, Nalbari, Marigaon, Kamrup, Bongaigaon, Dhubri, Kamrup Metro, Goalpara, Dima Hasao, Cachar, Karimganj, Hailakandi, Charaideo, Majuli, Biswanath, Hojai, South Salmara Mancachar, Karbi Anglong, West Karbi Anglong",Assam,,,,,14.0,39.0,,,"14 persons died in different incidences,39 injured due to landslides","i)Landslide reported from the hill ""Kalapahar"",the areas of Navgraha,Khareguli ii)1,410 villages affected iii)3.38 lakh population affected iv)1.45 lakh hectares of land affected v)Severe erosions caused by flood posed threat to Kaziranga National Park,other dykes in Dhubri,Kamrup districts vi)National Highway No. 52,other roads submerged vii)Railway link beyond Gogamukh cut off viii)126 houses/huts damaged",IMD,,"302, 284, 286, 295, 300, 290, 301, 288, 617, 612, 616, 297, 294, 283, 280, 298, 296, 291, 281, 285, 618, 287, 299, 282, 293, 289, 708, 706, 705, 709, 707, 292, 710",18,1999-06-22,Dhemaji,NE Himalaya (Assam-Meghalaya foothills),district-named,India_Flood_Inventory_v3.csv (IMD-sourced),ambiguous_generic,ambiguous,no regional-default applied (out of scope tonight -- only Wayanad/Idukki disambiguated)
2716,UEI-IMD-FL-1999-0007,22-08-1999 00:00,02-09-1999 00:00,12.0,severe floods,,"Dhemaji, Dhubri, Golaghat, Jorhat,Sivasagar",Assam,,,,,2.0,,,,2 persons died,"i)601 villages affected ii)3.5 lakh population affected iii)25,000 hectares of crop-land flooded iv)Road/railway links disrupted v)More than 2,000 families became homeless in Dhubri,Golaghat districts due to erosion by Brahmaputra,its tributary, Dayang",IMD,,"284, 285, 288, 290, 300",18,1999-08-22,Dhemaji,NE Himalaya (Assam-Meghalaya foothills),district-named,India_Flood_Inventory_v3.csv (IMD-sourced),ambiguous_generic,ambiguous,no regional-default applied (out of scope tonight -- only Wayanad/Idukki disambiguated)
2811,UEI-IMD-FL-2000-0008,03-05-2000 00:00,03-05-2000 00:00,1.0,flash floods ,,Dhemaji,Assam,,,,,,,,,,Wooden bridge at Samarjan on NH-52 washed away disrupting communication,IMD,,284,18,2000-05-03,Dhemaji,NE Himalaya (Assam-Meghalaya foothills),district-named,India_Flood_Inventory_v3.csv (IMD-sourced),flash_flood,flash_flood,explicit
2818,UEI-IMD-FL-2000-0015,12-06-2000 00:00,30-06-2000 00:00,19.0,heavy rains,,"Bongaigaon, Darrang, Dhemaji, Dhubri, Dibrugarh, Jorhat, Karimganj, Kokrajhar, Lakhimpur, Sonitpur,Tinsukia",Assam,,,,,8.0,,,,"8 persons died,a few injured","(i) 4,82,228 population affected (ii) 2,24,973 hectares in1428 villages affected (iii) 49,231 hectares of crop land affected (iv) Road communication of NE India disrupted, District Headquarters cut off for many days.(v) Landslides reported (vi) Many houses damaged",IMD,,"281, 283, 284, 285, 286, 290, 293, 294, 295, 301, 302",18,2000-06-12,Dhemaji,NE Himalaya (Assam-Meghalaya foothills),district-named,India_Flood_Inventory_v3.csv (IMD-sourced),ambiguous_generic,ambiguous,no regional-default applied (out of scope tonight -- only Wayanad/Idukki disambiguated)
2819,UEI-IMD-FL-2000-0016,01-07-2000 00:00,07-07-2000 00:00,7.0,severe floods,,"Bongaigaon, Dhemaji, Dhubri, Dibrugarh, Jorhat, Karimganj, Kokrajhar, Lakhimpur, Sonitpur,Tinsukia",Assam,,,,,13.0,,,,13 persons died,"i) 9 lakh population affected ii)54,9431 hectares of crop land damaged  iii)Landslides reported in South Saimara,Mankachar (Dist. Dhubri),Majuli (Dist. Jorhat)",IMD,,"281, 284, 285, 286, 290, 293, 294, 295, 301, 302",18,2000-07-01,Dhemaji,NE Himalaya (Assam-Meghalaya foothills),district-named,India_Flood_Inventory_v3.csv (IMD-sourced),ambiguous_generic,ambiguous,no regional-default applied (out of scope tonight -- only Wayanad/Idukki disambiguated)
2820,UEI-IMD-FL-2000-0017,08-07-2000 00:00,14-07-2000 00:00,7.0,moderate floods,,"Bongaigaon, Dhemaji, Dhubri,Sonitpur",Assam,,,,,14.0,,,,"14 persons died in Dhemaji,Sonitpur Districts","i)15 villages in Sonitpur circle(Sonitpur district),21 villages in Dhemaji dist. flooded ii) Road Communications in Dhemaji district cut off",IMD,,"281, 284, 285, 301",18,2000-07-08,Dhemaji,NE Himalaya (Assam-Meghalaya foothills),district-named,India_Flood_Inventory_v3.csv (IMD-sourced),ambiguous_generic,ambiguous,no regional-default applied (out of scope tonight -- only Wayanad/Idukki disambiguated)
2821,UEI-IMD-FL-2000-0018,30-07-2000 00:00,31-07-2000 00:00,2.0,moderate floods,,Dhemaji,Assam,,,,,,,,,,"i) 50 villages flooded, crops damaged ii)Rail/road communication disrupted",IMD,,284,18,2000-07-30,Dhemaji,NE Himalaya (Assam-Meghalaya foothills),district-named,India_Flood_Inventory_v3.csv (IMD-sourced),ambiguous_generic,ambiguous,no regional-default applied (out of scope tonight -- only Wayanad/Idukki disambiguated)
2822,UEI-IMD-FL-2000-0019,01-08-2000 00:00,21-08-2000 00:00,21.0,severe floods,,"Barpeta, Darrang, Dhemaji, Dhubri, Dibrugarh, Goalpara, Jorhat, Karimganj, Marigaon, Nalbari,Tinsukia ",Assam,,,,,31.0,,,,31 persons died,"i) 35.71 lakh population affected ii) 2.24 lakh hectares of crop area flooded iii)Road links mainly by NH-31,several other remained cut off",IMD,,"280, 283, 284, 285, 286, 287, 290, 293, 296, 298, 302",18,2000-08-01,Dhemaji,NE Himalaya (Assam-Meghalaya foothills),district-named,India_Flood_Inventory_v3.csv (IMD-sourced),ambiguous_generic,ambiguous,no regional-default applied (out of scope tonight -- only Wayanad/Idukki disambiguated)
2934,UEI-IMD-FL-2001-0005,01-07-2001 00:00,07-07-2001 00:00,7.0,moderate flood,,"Dhemaji,Jorhat",Assam,,,,,,,,,,"(i) Railway bridge near Gogamukh washed away (ii) Road between Garmur,Kamlabari submerged disrupting the traffic (iii)Vast crop land flooded damaging the crops (iv) About 10 lakh people affected",IMD,,"284, 290",18,2001-07-01,Dhemaji,NE Himalaya (Assam-Meghalaya foothills),district-named,India_Flood_Inventory_v3.csv (IMD-sourced),ambiguous_generic,ambiguous,no regional-default applied (out of scope tonight -- only Wayanad/Idukki disambiguated)
2935,UEI-IMD-FL-2001-0006,15-07-2001 00:00,07-08-2001 00:00,24.0,severe flood,,"Barpeta, Bongaigaon, Darrang, Dhemaji, Dhubri, Jorhat, Kamrup, Lakhimpur, Nalbari,Sonitpur",Assam,,,,,,,,,,"(i) Communication on NH31,other roads, also railway links with Dhemaji, Darrang affected (ii)Large area of Pathsala subdivision in Barpeta flooded due to Pahumara (iii) In Bongaigaon, 4500 families affected by flood waters of Kuija (iv) More thean 40,000 hectares of crop land flooded ",IMD,,"280, 281, 283, 284, 285, 290, 291, 295, 298, 301",18,2001-07-15,Dhemaji,NE Himalaya (Assam-Meghalaya foothills),district-named,India_Flood_Inventory_v3.csv (IMD-sourced),ambiguous_generic,ambiguous,no regional-default applied (out of scope tonight -- only Wayanad/Idukki disambiguated)
2936,UEI-IMD-FL-2001-0007,15-08-2001 00:00,21-08-2001 00:00,7.0,moderate flood,,"Dhemaji, Goalpara, Marigaon,Sonitpur",Assam,,,,,,,,,,"(i) Embankment of river Brahmaputra under Lakhimpur subdivision breached damaging crops in West Goal[ara, Morigaon,Sonitpur (ii) 40 families in Dhemaji washed away in the floods of Jiadhal",IMD,,"284, 287, 296, 301",18,2001-08-15,Dhemaji,NE Himalaya (Assam-Meghalaya foothills),district-named,India_Flood_Inventory_v3.csv (IMD-sourced),ambiguous_generic,ambiguous,no regional-default applied (out of scope tonight -- only Wayanad/Idukki disambiguated)
2937,UEI-IMD-FL-2001-0008,08-09-2001 00:00,21-09-2001 00:00,14.0,moderate flood,,"Dhemaji, Goalpara,Marigaon,Nalbari",Assam,,,,,1.0,,,,1 person died,(i) Vast crop land flooded (ii)More than one lakh people affected,IMD,,"284, 287, 296, 298",18,2001-09-08,Dhemaji,NE Himalaya (Assam-Meghalaya foothills),district-named,India_Flood_Inventory_v3.csv (IMD-sourced),ambiguous_generic,ambiguous,no regional-default applied (out of scope tonight -- only Wayanad/Idukki disambiguated)
3044,UEI-IMD-FL-2002-0006,16-06-2002 00:00,22-06-2002 00:00,7.0,"severe flood(brahmaputra,its tributaries)",,"Barpeta, Dhemaji, Dibrugarh, Goalpara, Kamrup,Lakhimpur, Marigaon,Tinsukia",Assam,,,,,,,,,,"(i)Communication on NH 52 disrupted at Samarajan in Dhemaji district. (ii)Embankment ofriver Krishnai (Goalpara district) breached at several places (iii)Vast cropland,paddy fields submerged causing extensive crop damage (iv) The largest river Island of Majuli( East Assam),Kaziranga National Park under threats as Brahmaputra levels report above danger mark",IMD,,"280, 284, 286, 287, 291, 295, 296, 302",18,2002-06-16,Dhemaji,NE Himalaya (Assam-Meghalaya foothills),district-named,India_Flood_Inventory_v3.csv (IMD-sourced),riverine_flood,riverine_flood,explicit
3045,UEI-IMD-FL-2002-0007,01-07-2002 00:00,19-08-2002 00:00,50.0,"severe flood(brahmaputra,its tributaries)",,"Tinsukia, Dhemaji, Dibrugarh, Lakhimpur, Sivasagar, Jorhat, Sonitpur, Golaghat, Udalguri, Chirang, Baksa, Nagaon, Kokrajhar, Darrang, Barpeta, Nalbari, Marigaon, Kamrup, Bongaigaon, Dhubri, Kamrup Metro, Goalpara, Dima Hasao, Cachar, Karimganj, Hailakandi, Charaideo, Majuli, Biswanath, Hojai, South Salmara Mancachar, Karbi Anglong, West Karbi Anglong",Assam,,,,,41.0,,,482.0,"41 persons died,482 cattle perished","(i) 800 meetres of embankment washed away, another two breaches at Ame Chapari,Rekha Chapari widened, submerging the vast areas,affecting 10 lakh people. Help from Army,Red Cross Society sought to rescue people,provide them with relief materialks like tarpaulins, waterr purification tablets, saline bottles, etc (ii) NH52 also breachedat Kekuri,Samarajan cutting off Dhemaji from other districts (iii)Landslides reported from Noonmati from Kamrup Metropolitan-Shillong road, disrupting the road coimmunication (iv) In Silchar, HQ's of Cacahr district, 250 metres of railway track washed away cutting off link between Lumding,Badarpur (v)More than3.30 lakh hectares of cropland affected (vi) Nearly 20,000 houses damaged",IMD,,"302, 284, 286, 295, 300, 290, 301, 288, 617, 612, 616, 297, 294, 283, 280, 298, 296, 291, 281, 285, 618, 287, 299, 282, 293, 289, 708, 706, 705, 709, 707, 292, 710",18,2002-07-01,Dhemaji,NE Himalaya (Assam-Meghalaya foothills),district-named,India_Flood_Inventory_v3.csv (IMD-sourced),riverine_flood,riverine_flood,explicit
3107,UEI-IMD-FL-2003-0002,07-06-2003 00:00,07-06-2003 00:00,1.0,flash flood(jiadhol),,Dhemaji,Assam,,,,,,,,,,"Due to heavy rains in Arunachal Pradesh, the water level of Jiadhol river risen inundating NH52,railway track at Samarajan cutting off all vehicular/rail traffic",IMD,,284,18,2003-06-07,Dhemaji,NE Himalaya (Assam-Meghalaya foothills),district-named,India_Flood_Inventory_v3.csv (IMD-sourced),flash_flood,flash_flood,explicit
3108,UEI-IMD-FL-2003-0003,08-06-2003 00:00,21-07-2003 00:00,44.0,"severe flood(brahmaputra,its tributaries)",,"Tinsukia, Dhemaji, Dibrugarh, Lakhimpur, Sivasagar, Jorhat, Sonitpur, Golaghat, Udalguri, Chirang, Baksa, Nagaon, Kokrajhar, Darrang, Barpeta, Nalbari, Marigaon, Kamrup, Bongaigaon, Dhubri, Kamrup Metro, Goalpara, Dima Hasao, Cachar, Karimganj, Hailakandi, Charaideo, Majuli, Biswanath, Hojai, South Salmara Mancachar, Karbi Anglong, West Karbi Anglong",Assam,,,,,38.0,,,,38 persons died in different incidents of house collapse/drowning.,"(i)52,35,092 people affected. Dhemaji disrtict worst affected (ii)Standing crops in 2,13,184 hectares badly damaged (iii)3,635 houses fully,1.,015 houses permanently damaged. Around 6.5 lakh people became homeless. (iv)Some of the tributaries change their course, Submerging low lying areas. Kaziranga National Park also inundated. Animals from the park took shelter in nearby Karbi Anglong hills (v) Several roads including NH 52 inundated at many points. Road communication disrupted (vi) 200 metre railtrack between Silchar,Lumding washed away. Rail service cut off",IMD,,"302, 284, 286, 295, 300, 290, 301, 288, 617, 612, 616, 297, 294, 283, 280, 298, 296, 291, 281, 285, 618, 287, 299, 282, 293, 289, 708, 706, 705, 709, 707, 292, 710",18,2003-06-08,Dhemaji,NE Himalaya (Assam-Meghalaya foothills),district-named,India_Flood_Inventory_v3.csv (IMD-sourced),riverine_flood,riverine_flood,explicit
3226,UEI-IMD-FL-2004-0008,15-05-2004 00:00,17-05-2004 00:00,3.0,flash flood,,"Barpeta, Dhemaji, Dibrugarh, Lakhimpur, Nalbari,Sonitpur",Assam,,,,,,,,,,"(i)Due to breaches of embankment in Balam,Brahmajan river, many villages under Gohpur subdivision inundated (ii)NH52 submerged at Brahmajan disrupting vehicular traffic. Road comunication also disrupted at several places (iii) In Dibrugarh city, several dwelling houses submerged (iv) Damage to several bodo, paddy,rabi crops",IMD,,"280, 284, 286, 295, 298, 301",18,2004-05-15,Dhemaji,NE Himalaya (Assam-Meghalaya foothills),district-named,India_Flood_Inventory_v3.csv (IMD-sourced),flash_flood,flash_flood,explicit
3230,UEI-IMD-FL-2004-0012,21-06-2004 00:00,07-08-2004 00:00,48.0,"severe flood(brahmaputra,its tributaries)",,"Tinsukia, Dhemaji, Dibrugarh, Lakhimpur, Sivasagar, Jorhat, Sonitpur, Golaghat, Udalguri, Chirang, Baksa, Nagaon, Kokrajhar, Darrang, Barpeta, Nalbari, Marigaon, Kamrup, Bongaigaon, Dhubri, Kamrup Metro, Goalpara, Dima Hasao, Cachar, Karimganj, Hailakandi, Charaideo, Majuli, Biswanath, Hojai, South Salmara Mancachar, Karbi Anglong, West Karbi Anglong",Assam,,,,,248.0,,,9904.0,"(i)248 persons died (ii)279 animals including 13 rhinos,1 elephant, 150 deer,80 wild pigs from Kazirang,Orang National Parks(iii)About 4000 cattle,5525 poultry washed away","(i)1,22,97,568 people affected (ii)Standing crop in more than 12 lakh hectares damagd (iii)5,22,820 houses fully/partially damaged (iv)Roads including NH 31,37,44,53,154 submerged at many points disrupting road links between upper,lower Assam (v)Rail track between Kamrup Metropolitan,Lumding severely damaged at different stretches from July 19 (vi)Kaziranga,Orang National Parks Submerged (v) Barpeta, Karimganj,Morigaon districts worst affected",IMD,,"302, 284, 286, 295, 300, 290, 301, 288, 617, 612, 616, 297, 294, 283, 280, 298, 296, 291, 281, 285, 618, 287, 299, 282, 293, 289, 708, 706, 705, 709, 707, 292, 710",18,2004-06-21,Dhemaji,NE Himalaya (Assam-Meghalaya foothills),district-named,India_Flood_Inventory_v3.csv (IMD-sourced),riverine_flood,riverine_flood,explicit
3232,UEI-IMD-FL-2004-0014,07-10-2004 00:00,25-10-2004 00:00,19.0,"severe flood(brahmaputra,its tributaries)",,"Tinsukia, Dhemaji, Dibrugarh, Lakhimpur, Sivasagar, Jorhat, Sonitpur, Golaghat, Udalguri, Chirang, Baksa, Nagaon, Kokrajhar, Darrang, Barpeta, Nalbari, Marigaon, Kamrup, Bongaigaon, Dhubri, Kamrup Metro, Goalpara, Dima Hasao, Cachar, Karimganj, Hailakandi, Charaideo, Majuli, Biswanath, Hojai, South Salmara Mancachar, Karbi Anglong, West Karbi Anglong",Assam,,,,,200.0,,,2256.0,(i)Nearly 200 people died (ii)2256 cattle lost,"(i)A few incidents of landslides reported in Kamrup Metropolitan city during 7,8 October (ii) A bridge washed away, NH 37 submerged at many points. Road communication between Lower,Upper Assam cut off (iii) Crops in more than 10,000 hectares damaged",IMD,,"302, 284, 286, 295, 300, 290, 301, 288, 617, 612, 616, 297, 294, 283, 280, 298, 296, 291, 281, 285, 618, 287, 299, 282, 293, 289, 708, 706, 705, 709, 707, 292, 710",18,2004-10-07,Dhemaji,NE Himalaya (Assam-Meghalaya foothills),district-named,India_Flood_Inventory_v3.csv (IMD-sourced),riverine_flood,riverine_flood,explicit
3301,UEI-IMD-FL-2005-0008,08-06-2005 00:00,21-06-2005 00:00,14.0,"flood(brahmaputra,its tributaries, jiadhol, kaldia, plagadia, kalo,drani)",,"Barpeta, Cachar, Dhemaji, Dhubri, Lakhimpur, Marigaon, Nagaon, Nalbari,Sonitpur",Assam,,,,,,,,,,"(i)More than 700 families affected (ii)Damage to standing crops reported (iii)Landslide reported (iv)Several villages submerged (v)Lumding- Silchar train service cancelled due to heavy landslide near Damcherra,border",IMD,,"280, 282, 284, 285, 295, 296, 297, 298, 301",18,2005-06-08,Dhemaji,NE Himalaya (Assam-Meghalaya foothills),district-named,India_Flood_Inventory_v3.csv (IMD-sourced),riverine_flood,riverine_flood,explicit
3302,UEI-IMD-FL-2005-0009,08-07-2005 00:00,28-07-2005 00:00,21.0,severe flood,,"Barpeta, Bongaigaon, Dhemaji, Dhubri, Dibrugarh, Goalpara, Jorhat, Kamrup, Karimganj, Kokrajhar, Lakhimpur, Marigaon, Nalbari, Sonitpur,Tinsukia",Assam,,,,,15.0,,,,15 persons died,"(i)3,66,065 people in 449 villages affected (ii) Damage to standing crops in 70,974 hectares affected (iii)NH52,NH31 overtapped at several places (iv) Road communication between Dhemani,Janai subdivision disrupted",IMD,,"280, 281, 284, 285, 286, 287, 290, 291, 293, 294, 295, 296, 298, 301, 302",18,2005-07-08,Dhemaji,NE Himalaya (Assam-Meghalaya foothills),district-named,India_Flood_Inventory_v3.csv (IMD-sourced),ambiguous_generic,ambiguous,no regional-default applied (out of scope tonight -- only Wayanad/Idukki disambiguated)
3306,UEI-IMD-FL-2005-0013,23-08-2005 00:00,23-08-2005 00:00,1.0,flash flood(kalajal),,"Dhemaji,Nalbari",Assam,,,,,,,,,,(i)NH52 submerged about 50 meter in flood water (ii)road communication totally blocked (iii)Damage to newly planted paddy crops reported,IMD,,"284, 298",18,2005-08-23,Dhemaji,NE Himalaya (Assam-Meghalaya foothills),district-named,India_Flood_Inventory_v3.csv (IMD-sourced),flash_flood,flash_flood,explicit
3472,UEI-IMD-FL-2006-0004,30-05-2006 00:00,01-06-2006 00:00,3.0,heavy rains,,"Dhemaji,Jorhat",Assam,,,,,,,,,,"i) Standing crop damaged. ii) Flood water overtopped PWD road connecting Ghailmara,Dhemaji at 5 places. iii) Dwelling houses damaged. iv) In Majuli subdivision, ready to harvest Ahu,Boro varieties of paddy in 100 acres completely destroyed.",IMD,,"284, 290",18,2006-05-30,Dhemaji,NE Himalaya (Assam-Meghalaya foothills),district-named,India_Flood_Inventory_v3.csv (IMD-sourced),ambiguous_generic,ambiguous,no regional-default applied (out of scope tonight -- only Wayanad/Idukki disambiguated)
3473,UEI-IMD-FL-2006-0005,11-06-2006 00:00,17-06-2006 00:00,7.0,"severe flood (noona, tributaries of brahmaputra)",,"Barpeta, Cachar, Darrang, Dhemaji, Hailakandi, Jorhat, Kamrup, Karbi Anglong, Karimganj, Lakhimpur, Nagaon, Nalbari, Cachar, Mancachar, Sonitpur,Tinsukia",Assam,,,,,9.0,,,,9 persons died.,"i). More than 1000 villages affected. ii) Road/rail communication cut off. iii) 100 houses completely,172 partially damaged. 700 houses washed away,200 submerged. iv) NH31 overtopped by flood waters at several places v) Crop in 7460 hectares damaged.",IMD,,"280, 282, 283, 284, 289, 290, 291, 292, 293, 295, 297, 298, 282, 707, 301, 302",18,2006-06-11,Dhemaji,NE Himalaya (Assam-Meghalaya foothills),district-named,India_Flood_Inventory_v3.csv (IMD-sourced),riverine_flood,riverine_flood,explicit
3475,UEI-IMD-FL-2006-0007,08-07-2006 00:00,08-07-2006 00:00,1.0,"flash flood (brahmaputra,its tributaries)",,Dhemaji,Assam,,,,,1.0,,,,One person died,i) 39 villages inundated. ii) A railway track washed away. iii) Standing crops damaged.,IMD,,284,18,2006-07-08,Dhemaji,NE Himalaya (Assam-Meghalaya foothills),district-named,India_Flood_Inventory_v3.csv (IMD-sourced),flash_flood,flash_flood,explicit
3476,UEI-IMD-FL-2006-0008,19-07-2006 00:00,22-07-2006 00:00,4.0,,,"Dhemaji,Jorhat,Sivasagar",Assam,,,,,,2.0,,,2 persons injured,"i) Several villages inundated. ii) Road communication disrupted. iii) Standing crops,seedlings damaged. iv) Damage to many dwelling houses reported. v) Hundreds of families affected. vi) Dyke at Bonai Nopomuwa village breached.",IMD,,"284, 290, 300",18,2006-07-19,Dhemaji,NE Himalaya (Assam-Meghalaya foothills),district-named,India_Flood_Inventory_v3.csv (IMD-sourced),unknown_blank,unknown,Main Cause blank
3590,UEI-IMD-FL-2007-0011,13-06-2007 00:00,18-06-2007 00:00,6.0,moderate flood,,"Darrang, Dhemaji, Dhubri, Karimganj, Lakhimpur, Nagaon,Sonitpur ",Assam,,,,,,,,,,"i) Mizoram,Tripura cut off from rest of the country. ii)Landslide reported. iii) Road communication on N.H. 44 disrupted. iv) Road communication to other NE states cut off. v) 146 villages submerged. vi) Nearly 42,386 people affected. vii) Vast area of cultivating land inundated,standing crops damaged. ",IMD,,"283, 284, 285, 293, 295, 297, 301",18,2007-06-13,Dhemaji,NE Himalaya (Assam-Meghalaya foothills),district-named,India_Flood_Inventory_v3.csv (IMD-sourced),ambiguous_generic,ambiguous,no regional-default applied (out of scope tonight -- only Wayanad/Idukki disambiguated)
3591,UEI-IMD-FL-2007-0012,12-07-2007 00:00,13-07-2007 00:00,2.0,"flash flood (dhal, jia,kumtia) ",,"Dhemaji,Kamrup",Assam,,,,,,,,,,"i) Due to breach in embankment.60 villages inundated. ii) Thatched houses inundated. iii) Crops,vegetables damaged. iv) Road/Rail communication cut off for 3 days. v) 40,000 people of 120 villages affected. ",IMD,,"284, 291",18,2007-07-12,Dhemaji,NE Himalaya (Assam-Meghalaya foothills),district-named,India_Flood_Inventory_v3.csv (IMD-sourced),flash_flood,flash_flood,explicit
3593,UEI-IMD-FL-2007-0014,22-07-2007 00:00,07-08-2007 00:00,17.0,"severe flood (dikhow, desang, brahmaputra)",,"Tinsukia, Dhemaji, Dibrugarh, Lakhimpur, Sivasagar, Jorhat, Sonitpur, Golaghat, Udalguri, Chirang, Baksa, Nagaon, Kokrajhar, Darrang, Barpeta, Nalbari, Marigaon, Kamrup, Bongaigaon, Dhubri, Kamrup Metro, Goalpara, Dima Hasao, Cachar, Karimganj, Hailakandi, Charaideo, Majuli, Biswanath, Hojai, South Salmara Mancachar, Karbi Anglong, West Karbi Anglong",Assam,,,,,40.0,,,,40 persons died.,"i)44 lakh people of Twenty Four districts affected. ii) More than 8.82 lakh hectares of land damaged including 1.55 lakh hectares crop land. iii)More than 10,991 houses damaged. iv) 52 breaches of embankment took place. v) Road communication severely affected as 25 concrete bridges, 66 timber bridges, 45 approaches to the bridges damaged, NH-52 breached at 4 places on the way to Dhemaji district. ",IMD,,"302, 284, 286, 295, 300, 290, 301, 288, 617, 612, 616, 297, 294, 283, 280, 298, 296, 291, 281, 285, 618, 287, 299, 282, 293, 289, 708, 706, 705, 709, 707, 292, 710",18,2007-07-22,Dhemaji,NE Himalaya (Assam-Meghalaya foothills),district-named,India_Flood_Inventory_v3.csv (IMD-sourced),ambiguous_generic,ambiguous,no regional-default applied (out of scope tonight -- only Wayanad/Idukki disambiguated)
3596,UEI-IMD-FL-2007-0017,03-09-2007 00:00,10-09-2007 00:00,8.0,flood,,"Barpeta, Baksa, Cachar, Dhemaji, Kamrup,Nalbari",Assam,,,,,,,,,,"NH 37,52 remained under water at several places.",IMD,,"280, 616, 282, 284, 291, 298",18,2007-09-03,Dhemaji,NE Himalaya (Assam-Meghalaya foothills),district-named,India_Flood_Inventory_v3.csv (IMD-sourced),ambiguous_generic,ambiguous,no regional-default applied (out of scope tonight -- only Wayanad/Idukki disambiguated)
3736,UEI-IMD-FL-2008-0012,14-06-2008 00:00,16-06-2008 00:00,3.0,"severe flood (bharali, jaidhal, jia, semen)",,"Dhemaji, Lakhimpur,Sonitpur",Assam,,,,,27.0,,,,27 persons died.,"i) A huge amount of standing crops damaged. ii) About 100 of villages inundated. iii) NH,railway lines breached. ",IMD,,"284, 295, 301",18,2008-06-14,Dhemaji,NE Himalaya (Assam-Meghalaya foothills),district-named,India_Flood_Inventory_v3.csv (IMD-sourced),ambiguous_generic,ambiguous,no regional-default applied (out of scope tonight -- only Wayanad/Idukki disambiguated)
3738,UEI-IMD-FL-2008-0014,06-07-2008 00:00,06-07-2008 00:00,1.0,flash flood (tributory of ranganadi),,"Dhemaji,Lakhimpur",Assam,,,,,,,,,,i)More than 11 villages affected. ii) Some parts of NH 52 swept away. ,IMD,,"284, 295",18,2008-07-06,Dhemaji,NE Himalaya (Assam-Meghalaya foothills),district-named,India_Flood_Inventory_v3.csv (IMD-sourced),flash_flood,flash_flood,explicit
3856,UEI-IMD-FL-2009-0005,27-06-2009 00:00,27-06-2009 00:00,1.0,flood (gainadi ),,"Lakhimpur,Dhemaji",Assam,,,,,1.0,,,,One person died.,i)About 60 villages inundated. ii)Extensive damage to standing paddy crops reported. ,IMD,,"295, 284",18,2009-06-27,Dhemaji,NE Himalaya (Assam-Meghalaya foothills),district-named,India_Flood_Inventory_v3.csv (IMD-sourced),ambiguous_generic,ambiguous,no regional-default applied (out of scope tonight -- only Wayanad/Idukki disambiguated)
3861,UEI-IMD-FL-2009-0010,12-08-2009 00:00,13-08-2009 00:00,2.0,,,"Dhemaji, Lakhimpur,Sonitpur ",Assam,,,,,,2.0,,,2 persons swept away. ,"i) 1.5 lakh people affected. ii) N.H. 52 breached at three places between Dhemaji,Lakhimpur. iii) Arunachal link road affected. iv) Extensive damage to standing crops reported. ",IMD,,"284, 295, 301",18,2009-08-12,Dhemaji,NE Himalaya (Assam-Meghalaya foothills),district-named,India_Flood_Inventory_v3.csv (IMD-sourced),unknown_blank,unknown,Main Cause blank
3862,UEI-IMD-FL-2009-0011,16-08-2009 00:00,16-08-2009 00:00,1.0,"flash flood (darika,tiak) ",,"Barpeta, Bongaigaon, Dhemaji, Karbi Anglong, Lakhimpur,Sonitpur",Assam,,,,,4.0,,,,4 persons died.,Some hectares of crop land damaged.,IMD,,"280, 281, 284, 292, 295, 301",18,2009-08-16,Dhemaji,NE Himalaya (Assam-Meghalaya foothills),district-named,India_Flood_Inventory_v3.csv (IMD-sourced),flash_flood,flash_flood,explicit
3863,UEI-IMD-FL-2009-0012,23-08-2009 00:00,24-08-2009 00:00,2.0,flood (brahmputra),,"Dhemaji,Jorhat",Assam,,,,,,,,,,"i) Borbill,Puthi river embankments breached. ii) Total 28,400 hectares crop land of 57 villages affected. iii) Standing crops damaged. ",IMD,,"284, 290",18,2009-08-23,Dhemaji,NE Himalaya (Assam-Meghalaya foothills),district-named,India_Flood_Inventory_v3.csv (IMD-sourced),ambiguous_generic,ambiguous,no regional-default applied (out of scope tonight -- only Wayanad/Idukki disambiguated)
3864,UEI-IMD-FL-2009-0013,16-09-2009 00:00,19-09-2009 00:00,4.0,"flood (jiadhal kumotia,samarajan)",,Dhemaji,Assam,,,,,,,,,,i) A large area of agriculture land washed off.ii) About 64 villages flooded. iii)Road links disrupted. iv) Huge amount of crops damaged. ,IMD,,284,18,2009-09-16,Dhemaji,NE Himalaya (Assam-Meghalaya foothills),district-named,India_Flood_Inventory_v3.csv (IMD-sourced),ambiguous_generic,ambiguous,no regional-default applied (out of scope tonight -- only Wayanad/Idukki disambiguated)
3942,UEI-IMD-FL-2010-0005,27-03-2010 00:00,27-03-2010 00:00,1.0,"flash flood (singra, jiadha)",,"Dhemaji,Lakhimpur",Assam,,,,,,,,,,"i) Extensive damage to Boro,Ahu crops in 100 bighas reported. ii) A portion of NH 52 washed away. ",IMD,,"284, 295",18,2010-03-27,Dhemaji,NE Himalaya (Assam-Meghalaya foothills),district-named,India_Flood_Inventory_v3.csv (IMD-sourced),flash_flood,flash_flood,explicit
3943,UEI-IMD-FL-2010-0006,20-04-2010 00:00,23-04-2010 00:00,4.0,heavy rains,,"Dhemaji, Lakhimpur,Jorhat, Nalbari, Sivasagar,Tinsukia",Assam,,,,,,,,,,Several villages inundated. iii) About one lakh people of 250 villages affected. ,IMD,,"284, 295, 290, 298, 300, 302",18,2010-04-20,Dhemaji,NE Himalaya (Assam-Meghalaya foothills),district-named,India_Flood_Inventory_v3.csv (IMD-sourced),ambiguous_generic,ambiguous,no regional-default applied (out of scope tonight -- only Wayanad/Idukki disambiguated)
3944,UEI-IMD-FL-2010-0007,10-05-2010 00:00,16-05-2010 00:00,7.0,"flood (bramhaputra,its tributaries, tiyak,kakajan)",,"Dhemaji,Golaghat",Assam,,,,,5.0,,,,5 persons died.,"i)Extensive damage to standing crops reported. ii) NH-37,NH-39 disrupted. iii) About 30 villages inundated ",IMD,,"284, 288",18,2010-05-10,Dhemaji,NE Himalaya (Assam-Meghalaya foothills),district-named,India_Flood_Inventory_v3.csv (IMD-sourced),riverine_flood,riverine_flood,explicit
3947,UEI-IMD-FL-2010-0010,06-06-2010 00:00,09-06-2010 00:00,4.0,"flood (brahmaputra,its tributaries)",,"Darrang, Dhemaji, Kamrup, Lakhimpur, Marigaon, Nalbari,Sonitpur",Assam,,,,,40.0,,,,About 40 persons died.,"i) Extensive damage to Boro crops reported. ii) About 60 villages inundated. iii) Lakhs of people affected. iv) Few houses completely damaged due to landslide. v) Poultry farms, fisheries affected. ",IMD,,"283, 284, 291, 295, 296, 298, 301",18,2010-06-06,Dhemaji,NE Himalaya (Assam-Meghalaya foothills),district-named,India_Flood_Inventory_v3.csv (IMD-sourced),riverine_flood,riverine_flood,explicit
3951,UEI-IMD-FL-2010-0014,26-06-2010 00:00,28-06-2010 00:00,3.0,heavy rains,,"Barpeta, Dhemaji, Golaghat, Jorhat,Lakhimpur",Assam,,,,,,,,,,i) About 9650 hectares of crop land affected. ii) About 500 villages inundated. iii) Lakhs of people rendered homeless. iv) Some schools buildings damaged. ,IMD,,"280, 284, 288, 290, 295",18,2010-06-26,Dhemaji,NE Himalaya (Assam-Meghalaya foothills),district-named,India_Flood_Inventory_v3.csv (IMD-sourced),ambiguous_generic,ambiguous,no regional-default applied (out of scope tonight -- only Wayanad/Idukki disambiguated)
3955,UEI-IMD-FL-2010-0018,19-07-2010 00:00,21-07-2010 00:00,3.0,"flood (brahmaputra ,and its tributaries) ",,"Barpeta, Bongaigaon,  Dhemaji, Dhubri, Golaghat, Kokrajhar, Lakhimpur,Sonitpur",Assam,,,,,,,,,,"i) Extensive damage to standing crops reported. ii) About 300 villages inundated. iii) Electrical tower,several houses damaged. ",IMD,,"280, 281, 284, 285, 288, 294, 295, 301",18,2010-07-19,Dhemaji,NE Himalaya (Assam-Meghalaya foothills),district-named,India_Flood_Inventory_v3.csv (IMD-sourced),riverine_flood,riverine_flood,explicit
3956,UEI-IMD-FL-2010-0019,31-07-2010 00:00,31-07-2010 00:00,1.0,heavy rains,,Dhemaji,Assam,,,,,,,,,,"i) Standing crops damaged. ii) About 14,000 people affected. iii) About 50 villages inundated.",IMD,,284,18,2010-07-31,Dhemaji,NE Himalaya (Assam-Meghalaya foothills),district-named,India_Flood_Inventory_v3.csv (IMD-sourced),ambiguous_generic,ambiguous,no regional-default applied (out of scope tonight -- only Wayanad/Idukki disambiguated)
3958,UEI-IMD-FL-2010-0021,21-08-2010 00:00,22-08-2010 00:00,2.0,"flood (gabhagru, jiadhan, pabhoi,singra)",,"Dhemaji,Lakhimpur",Assam,,,,,,,,,,"i) Widespread damage to standing crops reported. ii) About 50,000 people of 30 villages affected. iii) Road link of NH 52 disrupted. ",IMD,,"284, 295",18,2010-08-21,Dhemaji,NE Himalaya (Assam-Meghalaya foothills),district-named,India_Flood_Inventory_v3.csv (IMD-sourced),ambiguous_generic,ambiguous,no regional-default applied (out of scope tonight -- only Wayanad/Idukki disambiguated)
3961,UEI-IMD-FL-2010-0024,05-09-2010 00:00,09-09-2010 00:00,5.0,"flood (brahmaputra,its tributaries)",,"Dhemaji, Dibrugarh, Lakhimpur,Nagaon",Assam,,,,,1.0,,,,i) One person died. ii) Many cattle heads swept away. ,"i) About 20,000 bighas paddy crops damaged. ii) About 50 villages inundated. iii) A part of NH 52 damaged. ",IMD,,"284, 286, 295, 297",18,2010-09-05,Dhemaji,NE Himalaya (Assam-Meghalaya foothills),district-named,India_Flood_Inventory_v3.csv (IMD-sourced),riverine_flood,riverine_flood,explicit
4088,UEI-IMD-FL-2011-0002,04-06-2011 00:00,04-06-2011 00:00,1.0,heavy rains,,"Dhemaji,Lakhimpur",Assam,,,,,,,,,,i)Heavy damage to standing crops reported. ii)30 to 40 villages inundated. ,IMD,,"284, 295",18,2011-06-04,Dhemaji,NE Himalaya (Assam-Meghalaya foothills),district-named,India_Flood_Inventory_v3.csv (IMD-sourced),ambiguous_generic,ambiguous,no regional-default applied (out of scope tonight -- only Wayanad/Idukki disambiguated)
4090,UEI-IMD-FL-2011-0004,03-07-2011 00:00,05-07-2011 00:00,3.0,heavy rains,,"Dhemaji,Lakhimpur ",Assam,,,,,,,,,,"i) Abut 30,000 people of 60 villages badly affected. Damage to huge quantity of crops reported. iii) Vast area inundated. iv) Road traffic disrupted. ",IMD,,"284, 295",18,2011-07-03,Dhemaji,NE Himalaya (Assam-Meghalaya foothills),district-named,India_Flood_Inventory_v3.csv (IMD-sourced),ambiguous_generic,ambiguous,no regional-default applied (out of scope tonight -- only Wayanad/Idukki disambiguated)
4091,UEI-IMD-FL-2011-0005,14-07-2011 00:00,20-07-2011 00:00,7.0,"severe flood (brahmaputra,tributaries)",,"Barpeta, Dhemaji, Jorhat, Lakhimpur, Golaghat,Sonitpur",Assam,,,,,8.0,,,,8 persons died.,"i) More than 3 lakhs people in 513 villages people affected. ii) Standing crops in 20,500 hectares of crop land affected. iii) Vast area inundated. Dhemaji, iv) Lakhimpur, cut off from main land. v) NH-52 submerged disturbing rail/road tracks. ",IMD,,"280, 284, 290, 295, 288, 301",18,2011-07-14,Dhemaji,NE Himalaya (Assam-Meghalaya foothills),district-named,India_Flood_Inventory_v3.csv (IMD-sourced),riverine_flood,riverine_flood,explicit
4092,UEI-IMD-FL-2011-0006,05-07-2011 00:00,06-07-2011 00:00,2.0,"flood (brahmaputra,tributaries)",,"Dhemaji, Lakhimpur, Jorhat,Sonitpur",Assam,,,,,,,,,,i) About 500 families of 40 villages affected. ii) 30 villages inundated. iii)Standing crops damaged. iv) Embankment of river Puthi breached at some places. ,IMD,,"284, 295, 290, 301",18,2011-07-05,Dhemaji,NE Himalaya (Assam-Meghalaya foothills),district-named,India_Flood_Inventory_v3.csv (IMD-sourced),riverine_flood,riverine_flood,explicit
4093,UEI-IMD-FL-2011-0007,16-08-2011 00:00,23-08-2011 00:00,8.0,"severe flood (brahmaputra,tributaries)",,"Barpeta, Darrang, Dhemaji, Dhubri, Golaghat, Jorhat, Lakhimpur,,Sonitpur",Assam,,,,,6.0,5.0,,,"5 persons flown away,6 persons died.","i)More than 3 lakh people of about 350 villages affected. ii) 69,667 hectares of cropland affected. iii) Huge amount of standing crops damaged. iv) 297 houses,17 bridges damaged. v) NH-52 breached,Dhemaji cut off from main land. vi) Landslide reported. ",IMD,,"280, 283, 284, 285, 288, 290, 295, 603, 301",18,2011-08-16,Dhemaji,NE Himalaya (Assam-Meghalaya foothills),district-named,India_Flood_Inventory_v3.csv (IMD-sourced),riverine_flood,riverine_flood,explicit
4097,UEI-IMD-FL-2011-0011,24-09-2011 00:00,25-09-2011 00:00,2.0,"flood (ghai, jiadhal)",,Dhemaji,Assam,,,,,,,,,,i) Extensive damage to standing crops reported. ii) About 110 villages affected. iii) A portion of NH-52 breached. ,IMD,,284,18,2011-09-24,Dhemaji,NE Himalaya (Assam-Meghalaya foothills),district-named,India_Flood_Inventory_v3.csv (IMD-sourced),ambiguous_generic,ambiguous,no regional-default applied (out of scope tonight -- only Wayanad/Idukki disambiguated)
4208,UEI-IMD-FL-2012-0015,22-06-2012 00:00,30-06-2012 00:00,9.0,"flood (brahmaputra,its tributories)",,"Tinsukia, Dhemaji, Dibrugarh, Lakhimpur, Sivasagar, Jorhat, Sonitpur, Golaghat, Udalguri, Chirang, Baksa, Nagaon, Kokrajhar, Darrang, Barpeta, Nalbari, Marigaon, Kamrup, Bongaigaon, Dhubri, Kamrup Metro, Goalpara, Dima Hasao, Karimganj, Hailakandi, Charaideo, Majuli, Biswanath, Hojai, South Salmara Mancachar, Karbi Anglong, West Karbi Anglong",Assam,,,,,120.0,,,540.0,i)About 120 persons died.ii) About 540 livestock perished. ,"i) About 20,000 hectares of cropland affected. ii) About 2000 villages affected. iii) Landslide reported in Garchuk,Dhirenpara area. iv) Road/rail services affected at about 2800 places. v) Lumding-Badarpur railway services disrupted. vi) Kaziranga national park affected. vii) Number of bridges, roads damaged,embankments breached. ",IMD,,"302, 284, 286, 295, 300, 290, 301, 288, 617, 612, 616, 297, 294, 283, 280, 298, 296, 291, 281, 285, 618, 287, 299, 293, 289, 708, 706, 705, 709, 707, 292, 710",18,2012-06-22,Dhemaji,NE Himalaya (Assam-Meghalaya foothills),district-named,India_Flood_Inventory_v3.csv (IMD-sourced),ambiguous_generic,ambiguous,no regional-default applied (out of scope tonight -- only Wayanad/Idukki disambiguated)
4209,UEI-IMD-FL-2012-0016,05-07-2012 00:00,05-07-2012 00:00,1.0,heavy rains,,Dhemaji,Assam,,,,,,,,,,i) Damage to huge quantity of crops reported. ii) About 300 villages affected. iii) Many places inundated. iv) NH-52 badly affected. v) Road traffic disrupted.,IMD,,284,18,2012-07-05,Dhemaji,NE Himalaya (Assam-Meghalaya foothills),district-named,India_Flood_Inventory_v3.csv (IMD-sourced),ambiguous_generic,ambiguous,no regional-default applied (out of scope tonight -- only Wayanad/Idukki disambiguated)
4211,UEI-IMD-FL-2012-0018,15-07-2012 00:00,17-07-2012 00:00,3.0,heavy rains,,"Bongaigaon, Barpeta, Dhemaji,Nagaon",Assam,,,,,,,,,,i)About 100 villages affected. ii)Extensive damage to standing crops  reported. ,IMD,,"281, 280, 284, 297",18,2012-07-15,Dhemaji,NE Himalaya (Assam-Meghalaya foothills),district-named,India_Flood_Inventory_v3.csv (IMD-sourced),ambiguous_generic,ambiguous,no regional-default applied (out of scope tonight -- only Wayanad/Idukki disambiguated)
4213,UEI-IMD-FL-2012-0020,22-08-2012 00:00,24-08-2012 00:00,3.0,"flood (brahmaputra, puthimari,singra)",,"Dhemaji, Kamrup, Lakhimpur,Sonitpur",Assam,,,,,,,,,,i) Damage to huge quantity of standing crops reported. ii) More than 30 villages inundated. ,IMD,,"284, 291, 295, 301",18,2012-08-22,Dhemaji,NE Himalaya (Assam-Meghalaya foothills),district-named,India_Flood_Inventory_v3.csv (IMD-sourced),ambiguous_generic,ambiguous,no regional-default applied (out of scope tonight -- only Wayanad/Idukki disambiguated)
4214,UEI-IMD-FL-2012-0021,12-09-2012 00:00,12-09-2012 00:00,1.0,heavy rains,,Dhemaji,Assam,,,,,,,,,,i)Extensive damage to standing crops reported. ii) More than 100 villages inundated. iii) District Dhemaji cut off brom main land. ,IMD,,284,18,2012-09-12,Dhemaji,NE Himalaya (Assam-Meghalaya foothills),district-named,India_Flood_Inventory_v3.csv (IMD-sourced),ambiguous_generic,ambiguous,no regional-default applied (out of scope tonight -- only Wayanad/Idukki disambiguated)
4215,UEI-IMD-FL-2012-0022,15-09-2012 00:00,28-09-2012 00:00,14.0,"flood (brahmaputra,its tributories)",,"Tinsukia, Dhemaji, Dibrugarh, Lakhimpur, Sivasagar, Jorhat, Sonitpur, Golaghat, Udalguri, Chirang, Baksa, Nagaon, Kokrajhar, Darrang, Barpeta, Nalbari, Marigaon, Kamrup, Bongaigaon, Dhubri, Kamrup Metro, Goalpara, Dima Hasao, Cachar, Karimganj, Hailakandi, Charaideo, Majuli, Biswanath, Hojai, South Salmara Mancachar, Karbi Anglong, West Karbi Anglong",Assam,,,,,23.0,,,,i) About 23 persons died. ii) Many cattle heads perished. ,"i) Extensive damage to standing crops reported. ii) About 3,25,000 hectares of cropland affected. iii) About 30 lakhs of population from 2500 villages badly affected. iv) Kaziranga, Dibru Saikhowa national parks,Pobitora wild life sanctuary inundated. v) Majuli river island 90% submerged.  ",IMD,,"302, 284, 286, 295, 300, 290, 301, 288, 617, 612, 616, 297, 294, 283, 280, 298, 296, 291, 281, 285, 618, 287, 299, 282, 293, 289, 708, 706, 705, 709, 707, 292, 710",18,2012-09-15,Dhemaji,NE Himalaya (Assam-Meghalaya foothills),district-named,India_Flood_Inventory_v3.csv (IMD-sourced),ambiguous_generic,ambiguous,no regional-default applied (out of scope tonight -- only Wayanad/Idukki disambiguated)
4284,UEI-IMD-FL-2013-0011,16-05-2013 00:00,16-05-2013 00:00,1.0,heavy rains ,,"Tinsukia, Dhemaji, Dibrugarh, Lakhimpur, Sivasagar, Jorhat, Sonitpur, Golaghat, Udalguri, Chirang, Baksa, Nagaon, Kokrajhar, Darrang, Barpeta, Nalbari, Marigaon, Kamrup, Bongaigaon, Dhubri, Kamrup Metro, Goalpara, Dima Hasao, Cachar, Karimganj, Hailakandi, Charaideo, Majuli, Biswanath, Hojai, South Salmara Mancachar, Karbi Anglong, West Karbi Anglong",Assam,,,,,,,,,,i) Damage to about 50 acres of cultivated land,IMD,,"302, 284, 286, 295, 300, 290, 301, 288, 617, 612, 616, 297, 294, 283, 280, 298, 296, 291, 281, 285, 618, 287, 299, 282, 293, 289, 708, 706, 705, 709, 707, 292, 710",18,2013-05-16,Dhemaji,NE Himalaya (Assam-Meghalaya foothills),district-named,India_Flood_Inventory_v3.csv (IMD-sourced),ambiguous_generic,ambiguous,no regional-default applied (out of scope tonight -- only Wayanad/Idukki disambiguated)
4286,UEI-IMD-FL-2013-0013,26-06-2013 00:00,30-06-2013 00:00,5.0,heavy rains ,,"Dhemaji, Golaghat, Jorhat, Marigaon, Kamrup, Lakhimpur, Sivasagar,Tinsukia",Assam,,,,,,,,,,"i) More than 40,000 people of 125 villages in Dhemaji district affected. ii) About 2,000 hectares of crop land affected. ",IMD,,"284, 288, 290, 296, 291, 295, 300, 302",18,2013-06-26,Dhemaji,NE Himalaya (Assam-Meghalaya foothills),district-named,India_Flood_Inventory_v3.csv (IMD-sourced),ambiguous_generic,ambiguous,no regional-default applied (out of scope tonight -- only Wayanad/Idukki disambiguated)
4287,UEI-IMD-FL-2013-0014,05-07-2013 00:00,12-07-2013 00:00,8.0,"flood (brahmaputra,tributaries)",,"Bongaigaon, Chirang, Dhemaji, Golaghat, Jorhat, Kamrup, Lakhimpur, Marigaon, Nagaon, Sivasagar,,Tinsukia ",Assam,,,,,,,,,,"i) About 1,16, 176 people of 550 villages badly affected. ii) Damage to cropland of area 8812.63 hectares reported. iii) Landslide reported on 12 July causing hundreds of people stranded on NH-29. iv) 6 roads, 1 bridge 3 culverts in Golaghat damaged. v) Vast area inundated. vi) Road traffic disrupted. ",IMD,,"281, 612, 284, 288, 290, 291, 295, 296, 297, 300, 603, 302",18,2013-07-05,Dhemaji,NE Himalaya (Assam-Meghalaya foothills),district-named,India_Flood_Inventory_v3.csv (IMD-sourced),riverine_flood,riverine_flood,explicit
4292,UEI-IMD-FL-2013-0019,07-09-2013 00:00,08-09-2013 00:00,2.0,"flash flood (brahmaputra,dibru rivers)",,"Bongaigaon, Dhemaji, Dibrugarh, Jorhat, Lakhimpur, Nagaon, Nalbari, Sonitpur, Sivasagar,Tinsukia ",Assam,,,,,,,,,,"i) The worst affected area in Dibrugarh: Larua Mouza area 48 villages, 50 villages in Kalakhowa,Madhupur areas. ii) Dibru Saikhowa National Park affected for a week in Tinsukia. iii) 172 villages affected in the district Tinsukia. iv) Total 3 lakh people affected in 10 districts. ",IMD,,"281, 284, 286, 290, 295, 297, 298, 301, 300, 302",18,2013-09-07,Dhemaji,NE Himalaya (Assam-Meghalaya foothills),district-named,India_Flood_Inventory_v3.csv (IMD-sourced),flash_flood,flash_flood,explicit
4412,UEI-IMD-FL-2014-0005,08-07-2014 00:00,10-07-2014 00:00,3.0,heavy rains ,,Dhemaji ,Assam,,,,,,,,,One person died. ,i) Damage to standing crops reported ii) About 900 people of 100 villages affected. ,IMD,,284,18,2014-07-08,Dhemaji,NE Himalaya (Assam-Meghalaya foothills),district-named,India_Flood_Inventory_v3.csv (IMD-sourced),ambiguous_generic,ambiguous,no regional-default applied (out of scope tonight -- only Wayanad/Idukki disambiguated)
4415,UEI-IMD-FL-2014-0008,15-08-2014 00:00,31-08-2014 00:00,17.0,"flood (brahmaputra,its tributaries)",,"Barpeta, Bongaigaon, Darrang, Dhemaji, Dhubri, Dibrugarh, Goalpara, Golaghat, Jorhat, Kamrup Metro, Kokrajhar, Lakhimpur, Marigaon, Nagaon, Sivasagar,Sonitpur ",Assam,,,,,,,,,20 persons died.,"i) Extensive damage to the crops about 73,772,03 ha. crop land affected. ii) About 16,26,304 population affected. iii) About 430 sq. km. area of Kaziranga National Park,Pobitora wildlife sanctuary inundated. ",IMD,,"280, 281, 283, 284, 285, 286, 287, 288, 290, 618, 294, 295, 296, 297, 300, 301",18,2014-08-15,Dhemaji,NE Himalaya (Assam-Meghalaya foothills),district-named,India_Flood_Inventory_v3.csv (IMD-sourced),riverine_flood,riverine_flood,explicit
4416,UEI-IMD-FL-2014-0009,22-09-2014 00:00,30-09-2014 00:00,9.0,"flood (brahmaputra,its tributaries)",,"Barpeta, Darrang, Dhemaji, Dhubri, Goalpara, Kamrup Metro, Kokrajhar, Lakhimpur, Marigaon, Nagaon, Sonitpur,Udalguri ",Assam,,,,,45.0,,,,More than 45 people including 3 died in a landslide in Kamrup Metropolitan.,"i) Extensive damage to the crops about 1,60,128,34 ha. reported. ii) About 3,11,001 population affected. iii) More than 2,500 villages marooned. ",IMD,,"280, 283, 284, 285, 287, 618, 294, 295, 296, 297, 301, 617",18,2014-09-22,Dhemaji,NE Himalaya (Assam-Meghalaya foothills),district-named,India_Flood_Inventory_v3.csv (IMD-sourced),riverine_flood,riverine_flood,explicit
4500,UEI-IMD-FL-2015-0005,19-02-2015 00:00,19-02-2015 00:00,1.0,heavy rains,,"Tinsukia, Dhemaji, Dibrugarh, Lakhimpur, Sivasagar, Jorhat, Sonitpur, Golaghat, Udalguri, Chirang, Baksa, Nagaon, Kokrajhar, Darrang, Barpeta, Nalbari, Marigaon, Kamrup, Bongaigaon, Dhubri, Kamrup Metro, Goalpara, Dima Hasao, Cachar, Karimganj, Hailakandi, Charaideo, Majuli, Biswanath, Hojai, South Salmara Mancachar, Karbi Anglong, West Karbi Anglong",Assam,,,,,2.0,,,,2 persons died due to landslide,,IMD,,"302, 284, 286, 295, 300, 290, 301, 288, 617, 612, 616, 297, 294, 283, 280, 298, 296, 291, 281, 285, 618, 287, 299, 282, 293, 289, 708, 706, 705, 709, 707, 292, 710",18,2015-02-19,Dhemaji,NE Himalaya (Assam-Meghalaya foothills),district-named,India_Flood_Inventory_v3.csv (IMD-sourced),ambiguous_generic,ambiguous,no regional-default applied (out of scope tonight -- only Wayanad/Idukki disambiguated)
4501,UEI-IMD-FL-2015-0006,01-06-2015 00:00,06-06-2015 00:00,6.0,heavy rains,,"Barpeta, Dhemaji, Goalpara",Assam,,,,,,,,,,About 900 people of 135 villages affected,IMD,,"280, 284, 287",18,2015-06-01,Dhemaji,NE Himalaya (Assam-Meghalaya foothills),district-named,India_Flood_Inventory_v3.csv (IMD-sourced),ambiguous_generic,ambiguous,no regional-default applied (out of scope tonight -- only Wayanad/Idukki disambiguated)
4502,UEI-IMD-FL-2015-0007,09-06-2015 00:00,17-06-2015 00:00,9.0,flood,,"Baksa, Barpeta, Darrang, Dhemaji, Dibrugarh, Goalpara,Jorhat, Kamrup, Kamrup Metro, Lakhimpur, Marigaon, Nagaon, Nalbari, Sivasagar, Sonitpur,Tinsukia",Assam,,,,,3.0,,,,"3 persons died in Sonitpur,Baksa","i)About 3,17,182 people of 580 villages badly affected ii)Damage to cropland of area 11,421 hectares reported",IMD,,"616, 280, 283, 284, 286, 287, 290, 291, 618, 295, 296, 297, 298, 300, 301, 302",18,2015-06-09,Dhemaji,NE Himalaya (Assam-Meghalaya foothills),district-named,India_Flood_Inventory_v3.csv (IMD-sourced),ambiguous_generic,ambiguous,no regional-default applied (out of scope tonight -- only Wayanad/Idukki disambiguated)
4503,UEI-IMD-FL-2015-0008,20-06-2015 00:00,24-06-2015 00:00,5.0,flood,,"Barpeta, Dhemaji, Lakhimpur, Marigaon,Tinsukia",Assam,,,,,1.0,,,,1 person died,"i)About 27,248 people of 72 villages effected ii)The crops about 1,582 hectaes of crop land affected",IMD,,"280, 284, 295, 296, 302",18,2015-06-20,Dhemaji,NE Himalaya (Assam-Meghalaya foothills),district-named,India_Flood_Inventory_v3.csv (IMD-sourced),ambiguous_generic,ambiguous,no regional-default applied (out of scope tonight -- only Wayanad/Idukki disambiguated)
4504,UEI-IMD-FL-2015-0009,14-07-2015 00:00,17-07-2015 00:00,4.0,flood,,"Tinsukia, Dhemaji, Dibrugarh, Lakhimpur, Sivasagar, Jorhat, Sonitpur, Golaghat, Udalguri, Chirang, Baksa, Nagaon, Kokrajhar, Darrang, Barpeta, Nalbari, Marigaon, Kamrup, Bongaigaon, Dhubri, Kamrup Metro, Goalpara, Dima Hasao, Cachar, Karimganj, Hailakandi, Charaideo, Majuli, Biswanath, Hojai, South Salmara Mancachar, Karbi Anglong, West Karbi Anglong",Assam,,,,,5.0,10.0,,,"5 persons died,10 injured due to severe TS on 14th July","i)2,89,788 population affected ii)Extensive damage to 174 villages reported iii)Damage to cropland of area 18,060 hectares reported",IMD,,"302, 284, 286, 295, 300, 290, 301, 288, 617, 612, 616, 297, 294, 283, 280, 298, 296, 291, 281, 285, 618, 287, 299, 282, 293, 289, 708, 706, 705, 709, 707, 292, 710",18,2015-07-14,Dhemaji,NE Himalaya (Assam-Meghalaya foothills),district-named,India_Flood_Inventory_v3.csv (IMD-sourced),ambiguous_generic,ambiguous,no regional-default applied (out of scope tonight -- only Wayanad/Idukki disambiguated)
4505,UEI-IMD-FL-2015-0010,19-08-2015 00:00,23-08-2015 00:00,5.0,flood,,"Barpeta, Bongaigaon, Chirang, Darrang, Dhemaji, Dhubri, Dibrugarh, Golaghat, Goalpara, Jorhat, Kamrup, Kokrajhar, Lakhimpur, Marigaon, Nagaon, Nalbari, Sivasagar, Sonitpur,Tinsukia",Assam,,,,,8.0,,,,8 persons died,"i)5,76,537 population affected ii)Extensive damage to 1,200 villages reported iii)Damage to cropland of area 55,553 hectares reported",IMD,,"280, 281, 612, 283, 284, 285, 286, 288, 287, 290, 291, 294, 295, 296, 297, 298, 300, 301, 302",18,2015-08-19,Dhemaji,NE Himalaya (Assam-Meghalaya foothills),district-named,India_Flood_Inventory_v3.csv (IMD-sourced),ambiguous_generic,ambiguous,no regional-default applied (out of scope tonight -- only Wayanad/Idukki disambiguated)
4506,UEI-IMD-FL-2015-0011,25-08-2015 00:00,31-08-2015 00:00,7.0,flood,,"Barpeta, Baksa, Darrang, Dhemaji, Dhubri, Dibrugarh, Golaghat, Goalpara, Jorhat, Kamrup, Kamrup Metro, Kokrajhar, Lakhimpur, Marigaon, Nagaon, Nalbari, Sivasagar,Tinsukia",Assam,,,,,7.0,,,,7 persons died,"i)7,35,829 population affected ii)Extensive damage to 1,597 villages reported iii)Damage to cropland of area 1,18,403 hectares reported",IMD,,"280, 616, 283, 284, 285, 286, 288, 287, 290, 291, 618, 294, 295, 296, 297, 298, 300, 302",18,2015-08-25,Dhemaji,NE Himalaya (Assam-Meghalaya foothills),district-named,India_Flood_Inventory_v3.csv (IMD-sourced),ambiguous_generic,ambiguous,no regional-default applied (out of scope tonight -- only Wayanad/Idukki disambiguated)
4507,UEI-IMD-FL-2015-0012,01-09-2015 00:00,12-09-2015 00:00,12.0,flood,,"Barpeta, Baksa, Bongaigaon, Cachar, Darrang, Dhemaji, Dhubri, Dibrugarh, Golaghat, Goalpara, Jorhat, Kamrup, Kamrup Metro, Kokrajhar, Lakhimpur, Marigaon, Nagaon, Nalbari, Sivasagar, Sonitpur,Tinsukia",Assam,,,,,28.0,,,,28 persosnd died,"i)17,67,159 population affected ii)Extensive damage to 280 villages from 21 district reported iii)Damage to cropland of area 1,72,308 hectares reported",IMD,,"280, 616, 281, 282, 283, 284, 285, 286, 288, 287, 290, 291, 618, 294, 295, 296, 297, 298, 300, 301, 302",18,2015-09-01,Dhemaji,NE Himalaya (Assam-Meghalaya foothills),district-named,India_Flood_Inventory_v3.csv (IMD-sourced),ambiguous_generic,ambiguous,no regional-default applied (out of scope tonight -- only Wayanad/Idukki disambiguated)
4508,UEI-IMD-FL-2015-0013,23-09-2015 00:00,25-09-2015 00:00,3.0,flood,,"Dhemaji, Goalpara,Kamrup,Lakhimpur",Assam,,,,,,,,,,"i)23,497 population affected ii)Extensive damage to 48 villages reported iii)Damage to cropland of area 2383 hectares reported",IMD,,"284, 287, 291, 295",18,2015-09-23,Dhemaji,NE Himalaya (Assam-Meghalaya foothills),district-named,India_Flood_Inventory_v3.csv (IMD-sourced),ambiguous_generic,ambiguous,no regional-default applied (out of scope tonight -- only Wayanad/Idukki disambiguated)
4615,UEI-IMD-FL-2016-0013,19-06-2016 00:00,25-06-2016 00:00,7.0,"flood ( brahmaputra,tributaries)",,"Baksa, Barpeta, Dhemaji, Lakhimpur, Sonitpur ",Assam,,,,,,,,,,"i) About 26,111 population of 68 villages affected. ii) Damage to cropland of area 3598.86 hectares reported. ",IMD,,"616, 280, 284, 295, 301",18,2016-06-19,Dhemaji,NE Himalaya (Assam-Meghalaya foothills),district-named,India_Flood_Inventory_v3.csv (IMD-sourced),riverine_flood,riverine_flood,explicit
4620,UEI-IMD-FL-2016-0018,21-07-2016 00:00,31-07-2016 00:00,11.0,"flood( brahmaputra,tributaries)  ",,"Barpeta, Bongaigaon, Chirang, Darrang, Dhemaji, Dhubri, Dibrugarh, Golaghat, Goalpara, Jorhat, Kamrup, Karbi Anglong, Kokrajhar, Lakhimpur, Mancachar, Nagaon, Nalbari, Sivasagar, Sonitpur, Tinsukia ",Assam,,,,,22.0,,,,22 persons died. ,"i) 18,99,470 population of 3374 villages affected. ii) Crop land of area 2,13,251.52 hectares affected. ",IMD,,"280, 281, 612, 283, 284, 285, 286, 288, 287, 290, 291, 292, 294, 295, 707, 297, 298, 300, 301, 302",18,2016-07-21,Dhemaji,NE Himalaya (Assam-Meghalaya foothills),district-named,India_Flood_Inventory_v3.csv (IMD-sourced),riverine_flood,riverine_flood,explicit
4621,UEI-IMD-FL-2016-0019,01-08-2016 00:00,05-08-2016 00:00,5.0,"flood( brahmaputra,tributaries)  ",,"Barpeta, Bongaigaon,Chirang, Darrang, Dhemaji, Dhubri, Dibrugarh, Golaghat, Goalpara, Jorhat, Karbi Anglong, Kamrup Metro, Kokrajhar, Lakhimpur, Mancachar, Nagaon, Nalbari, Sivasagar, Sonitpur,Kamrup, Tinsukia ",Assam,,,,,3.0,,,229.0,"3 persons died. 8 rhinos & 221 hog deer perished in Kaziranga National Park in the district Golaghat, Nagaon. ","i) Cropland of area 1,00,651.71 hectares affected ii) 11,00,618 population from 1659 villages of 21 districts affected. ",IMD,,"280, 281, 612, 283, 284, 285, 286, 288, 287, 290, 292, 618, 294, 295, 707, 297, 298, 300, 301, 291, 302",18,2016-08-01,Dhemaji,NE Himalaya (Assam-Meghalaya foothills),district-named,India_Flood_Inventory_v3.csv (IMD-sourced),riverine_flood,riverine_flood,explicit
4623,UEI-IMD-FL-2016-0021,01-09-2016 00:00,07-09-2016 00:00,7.0,"flood( brahmaputra,tributaries)  ",,"Dhemaji, Lakhimpur,Udalguri ",Assam,,,,,,,,,,"i) Cropland of area 1,382.53 hectares ii) 24,540 population from 32 villages affected. ",IMD,,"284, 295, 617",18,2016-09-01,Dhemaji,NE Himalaya (Assam-Meghalaya foothills),district-named,India_Flood_Inventory_v3.csv (IMD-sourced),riverine_flood,riverine_flood,explicit
4624,UEI-IMD-FL-2016-0022,13-09-2016 00:00,16-09-2016 00:00,4.0,"flood( brahmaputra,tributaries)  ",,"Cachar,Dhemaji ",Assam,,,,,,,,,Several persons injured. ,"i) Cropland of area 1,804.36 hectares affected. ii) 950 population from 71 villages of 2 districts affected.  ",IMD,,"282, 284",18,2016-09-13,Dhemaji,NE Himalaya (Assam-Meghalaya foothills),district-named,India_Flood_Inventory_v3.csv (IMD-sourced),riverine_flood,riverine_flood,explicit
4745,UEI-IMD-FL-2017-0008,07-01-2017 00:00,07-07-2017 00:00,7.0,"Flood (Brahmaputra,tributaries)",,"Barpeta, Biswanath, Bongaigaon, Chirang, Dhemaji, Golaghat, Hailakandi, Jorhat, Karimganj, Kokrajhar, Kamrup, Lakhimpur, Mancachar, Nagaon, Nalbari, Sivasagar, Sonitpur",Assam,,,,,14.0,,,,Total 14 persons including one girl died due to landslide in Kamrup Dist. on 3rd Jul.,"i) About 4,25,764 population of 1037 villages in 17 districts affected. ii) Crop land of area 32148.59 hectares affected",IMD,,"280, 705, 281, 612, 284, 288, 289, 290, 293, 294, 291, 295, 707, 297, 298, 300, 301",18,2017-01-07,Dhemaji,NE Himalaya (Assam-Meghalaya foothills),district-named,India_Flood_Inventory_v3.csv (IMD-sourced),riverine_flood,riverine_flood,explicit
4746,UEI-IMD-FL-2017-0009,07-09-2017 00:00,13-07-2017 00:00,5.0,"Flood (Brahmaputra,tributaries)",,"Barpeta, Biswanath, Bongaigaon, Cachar, Charaideo, Chirang, Darrang, Dhemaji, Dhubri, Dibrugarh,Golaghat, Goalpara, Hailakandi, Jorhat, Karimganj, Kamrup, Karbi Anglong, Kokrajhar, Lakhimpur, Majuli, Mancachar, Nagaon, Nalbari, Sivasagar, Sonitpur, South Salmara Mancachar",Assam,,,,,24.0,,,,24 persons died.,"i) 17,43,119 population of 2450 villages from 26 districts affected. ii) Crop land of area 86,223.19 hectares affected",IMD,,"280, 705, 281, 282, 708, 612, 283, 284, 285, 286, 288, 287, 289, 290, 293, 291, 292, 294, 295, 706, 707, 297, 298, 300, 301, 707",18,2017-09-07,Dhemaji,NE Himalaya (Assam-Meghalaya foothills),district-named,India_Flood_Inventory_v3.csv (IMD-sourced),riverine_flood,riverine_flood,explicit
4748,UEI-IMD-FL-2017-0011,08-10-2017 00:00,21-08-2017 00:00,12.0,"Flood (Brahmaputra,tributaries)",,"Barpeta, Biswanath, Bongaigaon, Charaideo, Chirang, Darrang, Dhemaji, Dibrugarh, Dhubri, Goalpara, Golaghat, Jorhat, Kamrup, Kamrup Metro, Karbi Anglong, Kokrajhar, Lakhimpur, Majuli, Mancachar, Nagaon, Nalbari, Sivasagar, Sonitpur, South Salmara Mancachar",Assam,,,,,72.0,,,,72 persons died.,"i) Crop land of area 1,82,343.06 hectares affected. ii) 33,27,986 population from 3186 villages of Twenty Four districts affected.",IMD,,"280, 705, 281, 708, 612, 283, 284, 286, 285, 287, 288, 290, 291, 618, 292, 294, 295, 706, 707, 297, 298, 300, 301, 707",18,2017-10-08,Dhemaji,NE Himalaya (Assam-Meghalaya foothills),district-named,India_Flood_Inventory_v3.csv (IMD-sourced),riverine_flood,riverine_flood,explicit
4749,UEI-IMD-FL-2017-0012,09-07-2017 00:00,09-11-2017 00:00,5.0,"Flood (Brahmaputra,tributaries)",,"Cachar, Chirang, Dhemaji, Jorhat, Lakhimpur, Marigaon, Nagaon, Sonitpur,Udalguri",Assam,,,,,2.0,,,,2 persons died,i) Cropland of area 12266.09 hectares affected. ii) 49335 population from 200 villages of 9 districts affected.,IMD,,"282, 612, 284, 290, 295, 296, 297, 301, 617",18,2017-07-09,Dhemaji,NE Himalaya (Assam-Meghalaya foothills),district-named,India_Flood_Inventory_v3.csv (IMD-sourced),riverine_flood,riverine_flood,explicit
4865,UEI-IMD-FL-2018-0005,14-06-2018 00:00,29-06-2018 00:00,16.0,"Flood (Brahmaputra,tributaries)",,"Cachar, Charaideo, Dhemaji, Golaghat, Hailakandi, Hojai, Jorhat, Karbi Anglong, Karimganj, Lakhimpur",Assam,,,,,32.0,,,218925.0,"32 persons died & many others injured. More than 2,18,925 animals including poultry birds perished",i) Damage to cropland of area 3292 hectares reported. ii) More than 5 lakhs population of 700 villages in 10 districts affected. iii) Damage to roads reported.,IMD,,"282, 708, 284, 288, 289, 709, 290, 292, 293, 295",18,2018-06-14,Dhemaji,NE Himalaya (Assam-Meghalaya foothills),district-named,India_Flood_Inventory_v3.csv (IMD-sourced),riverine_flood,riverine_flood,explicit
4866,UEI-IMD-FL-2018-0006,29-07-2018 00:00,31-07-2018 00:00,3.0,"Flood (Brahmaputra,tributaries)",,"Dhemaji, Golaghat, Lakhimpur, Sivasagar",Assam,,,,,2.0,,,15000.0,"2 persons died. Total 15,000 animals perished. Big animals - 5 thousand, Small animals -2 thousand & Poultry birds - 8 thousand.","i) Crop land of area 4947 hectares affected. ii) 47,800 population of 145 villages affected. iii) Damage to roads, sub ways reported.",IMD,,"284, 288, 295, 300",18,2018-07-29,Dhemaji,NE Himalaya (Assam-Meghalaya foothills),district-named,India_Flood_Inventory_v3.csv (IMD-sourced),riverine_flood,riverine_flood,explicit
4867,UEI-IMD-FL-2018-0007,08-01-2018 00:00,31-08-2018 00:00,31.0,Flood & Landslide,,"Barpeta, Biswanath, Charaideo, Darrang, Dhemaji, Golaghat, Lakhimpur, Sivasagar, Tinsukia, Udalguri",Assam,,,,,14.0,,,34.0,"Total 14 persons died. 9 due to floods & remaining 5 due to landslide. More than 34 thousand big, small animals & poultry birds perished. (Viz. More than 11 thousand big animals, 9 thousand small animals & more than 14 thousand poultry birds.).","i) Crop land of area more than 10,991 hectares submerged. ii) More than 1,09,000 population of more than 200 villages in 10 districts affected. iii) Damage to roads, sub ways reported",IMD,,"280, 705, 708, 283, 284, 288, 295, 300, 302, 617",18,2018-01-08,Dhemaji,NE Himalaya (Assam-Meghalaya foothills),district-named,India_Flood_Inventory_v3.csv (IMD-sourced),ambiguous_generic,ambiguous,no regional-default applied (out of scope tonight -- only Wayanad/Idukki disambiguated)
4868,UEI-IMD-FL-2018-0008,09-01-2018 00:00,30-09-2018 00:00,30.0,"Heavy rains/Flood (Brahmaputra,tributaries)",,"Barpeta, Biswanath, Chirang, Dibrugarh, Dhemaji, Golaghat, Karbi Anglong, Lakhimpur,Majuli, Udalguri",Assam,,,,,3.0,,,45900.0,"3 persons died. 45,900 livestock perished.",i) 142000 population of more than 300 villages in 9 districts affected. ii) More than 11500 hectares of Crop land affected. iii) Damage to roads reported.,IMD,,"280, 705, 612, 286, 284, 288, 292, 295, 706, 617",18,2018-01-09,Dhemaji,NE Himalaya (Assam-Meghalaya foothills),district-named,India_Flood_Inventory_v3.csv (IMD-sourced),riverine_flood,riverine_flood,explicit
4980,UEI-IMD-FL-2019-0001,06-01-2019 00:00,30-06-2019 00:00,30.0,Heavy rains & floods,,"Chirang, Dhemaji, Dibrugarh, Jorhat, Nalbari",Assam,,,,,,,,11000.0,"More than 11,000 livestock perished.",i) Cropland of area more than 650 hectares affected. ii) More than 6000 population of 5 districts affected.,IMD,,"612, 284, 286, 290, 298",18,2019-01-06,Dhemaji,NE Himalaya (Assam-Meghalaya foothills),district-named,India_Flood_Inventory_v3.csv (IMD-sourced),ambiguous_generic,ambiguous,no regional-default applied (out of scope tonight -- only Wayanad/Idukki disambiguated)
4981,UEI-IMD-FL-2019-0002,07-10-2019 00:00,29-07-2019 00:00,20.0,"Heavy rains & Flood (Brahmaputra,tributaries)",,"Baksa, Barpeta, Biswanath, Bongaigaon, Cachar, Chirang, Darrang, Dibrugarh, Dhemaji, Dhubri, Goalpara, Golaghat, Hailakandi, Hojai, Jorhat, Karbi Anglong, Kamrup, Karimganj, Kamrup Metro, Kokrajhar, Lakhimpur, Majuli, Marigaon, Nagaon, Nalbari, Sivasagar, Sonitpur, South Salmara Mancachar - Mankachar, Tinsukia, Udalguri",Assam,,,,,88.0,,,3200000.0,"88 persons died & many others injured. More than 32 lakhs livestock including big, small animals & poultry birds perished","i) Crop land of area more than 2,12,000 hectares affected. ii) More than 57,51,000 population of more than 4600 villages in 30 districts affected. iii) Damage to roads, RCC Bridge/Culvert, sub ways, Electric Lines & Transformers at many places reported. Also, the road connectivity is blocked.",IMD,,"616, 280, 705, 281, 282, 612, 283, 286, 284, 285, 287, 288, 289, 709, 290, 292, 291, 293, 618, 294, 295, 706, 296, 297, 298, 300, 301, None, 302, 617",18,2019-10-07,Dhemaji,NE Himalaya (Assam-Meghalaya foothills),district-named,India_Flood_Inventory_v3.csv (IMD-sourced),riverine_flood,riverine_flood,explicit
4982,UEI-IMD-FL-2019-0003,08-01-2019 00:00,16-08-2019 00:00,6.0,Heavy rains & floods,,"Barpeta, Biswanath, Charaideo, Chirang, Darrang, Dhemaji, Dibrugarh, Jorhat, Kamrup, Lakhimpur, Marigaon, Nagaon",Assam,,,,,6.0,,,514000.0,"Total 6 persons died. Barpeta - 2 (on 3rd Aug. & 5th Aug.), Biswanath-1 (on 2nd Aug.), Dhemaji-1 (on 4th Aug.), Kamrup-1 (on 16th Aug.), & Morigaon-1 (on 2nd Aug.). While, More than 5,14,000 livestock including big, small animals & poultry birds perished.","i) Cropland of area more than 43,300 hectares affected. ii) More than 3,60,000 population of more than 450 villages in 12 districts affected. iii) Damage to roads, RCC Bridge, sub ways, reported. Also, the road connectivity is blocked.",IMD,,"280, 705, 708, 612, 283, 284, 286, 290, 291, 295, 296, 297",18,2019-01-08,Dhemaji,NE Himalaya (Assam-Meghalaya foothills),district-named,India_Flood_Inventory_v3.csv (IMD-sourced),ambiguous_generic,ambiguous,no regional-default applied (out of scope tonight -- only Wayanad/Idukki disambiguated)
5168,UEI-IMD-FL-2020-0012,25-05-2020 00:00,31-05-2020 00:00,7.0,Floods & Heavy rains,,"Barpeta, Darrang, Dhemaji, Dibrugarh, Goalpara, Hojai, Kamrup, Lakhimpur, Nagaon, Nalbari, Karbi Anglong, Tinsukia,",Assam,,,,,6.0,,,35000.0,"Total 6 persons died from Goalpara �������� 4 (on 28th May, on 29th May & on 31st May), Hojai �������� 1 (on 29th May), Nagaon �������� 1 (on 30th May). While, more than 35,000 livestock perished.","i) Cropland of area 25,000 hectares affected. ii) More than 2,90,000 population of more than 300 villages in 12 districts affected. iii)Damage to many RCC roads, bridge & sub way connectivity reported",IMD,,"280, 283, 284, 286, 287, 709, 291, 295, 297, 298, 292, 302, 603",18,2020-05-25,Dhemaji,NE Himalaya (Assam-Meghalaya foothills),district-named,India_Flood_Inventory_v3.csv (IMD-sourced),ambiguous_generic,ambiguous,no regional-default applied (out of scope tonight -- only Wayanad/Idukki disambiguated)
5169,UEI-IMD-FL-2020-0013,06-01-2020 00:00,30-06-2020 00:00,30.0,"Heavy Rains & Flood (Brahmaputra,tributaries)",,"Barpeta, Biswanath, Bongaigaon, Chirang, Darrang, Dhemaji, Dhubri, Dibrugarh, Goalpara, Golaghat, Hojai, Jorhat, Karbi Anglong, Kamrup, Kokrajhar, Lakhimpur, Majuli, Marigaon, Nagaon, Nalbari, South Salmara Mancachar, Sivasagar, Tinsukia, Udalguri",Assam,,,,,27.0,,,2000000.0,"27 persons died & many others injured. More than 20 lakhs livestock including big, small animals & poultry birds perished.","i) Cropland of area more than 83,000 hectares affected. ii) More than 14,90,000 population of more than 2400 villages in Twenty Four districts affected. iii) Damage to roads, RCC Bridge/Culvert, reported. Also, National Highways/ Sub ways blocked the road connectivity due to flooded water.",IMD,,"280, 705, 281, 612, 283, 284, 285, 286, 287, 288, 709, 290, 292, 291, 294, 295, 706, 296, 297, 298, 707, 300, 302, 617",18,2020-01-06,Dhemaji,NE Himalaya (Assam-Meghalaya foothills),district-named,India_Flood_Inventory_v3.csv (IMD-sourced),riverine_flood,riverine_flood,explicit
5170,UEI-IMD-FL-2020-0014,07-01-2020 00:00,31-07-2020 00:00,31.0,"Heavy Rains & Flood (Brahmaputra,tributaries)",,"Baksa, Barpeta, Biswanath, Bongaigaon, Cachar, Charaideo, Chirang, Darrang, Dibrugarh, Dhemaji, Dhubri, Goalpara, Golaghat, Hojai, Jorhat, Karbi Anglong, Kamrup, Kamrup Metro, Kokrajhar, Lakhimpur, Majuli, Marigaon, Nagaon, Nalbari, Sivasagar, Sonitpur, South Salmara Mancachar- Mankachar, Tinsukia",Assam,,,,,81.0,,,3500000.0,"81 persons died & many others injured. More than 35 lakhs livestock including big, small animals & poultry birds perished.","i) Crop land of area more than 1,31,300 hectares affected. ii) More than 39,79,000 population of more than 3200 villages in 28 districts affected. iii) Damage to roads, RCC Bridge/Culvert, sub ways reported. Also, National Highways/ Sub ways blocked the road connectivity due to flooded water /Landslide.",IMD,,"616, 280, 705, 281, 282, 708, 612, 283, 286, 284, 285, 287, 288, 709, 290, 292, 291, 618, 294, 295, 706, 296, 297, 298, 300, 301, None, 302",18,2020-01-07,Dhemaji,NE Himalaya (Assam-Meghalaya foothills),district-named,India_Flood_Inventory_v3.csv (IMD-sourced),riverine_flood,riverine_flood,explicit
5171,UEI-IMD-FL-2020-0015,08-01-2020 00:00,31-08-2020 00:00,31.0,"Heavy Rains & Flood (Brahmaputra,tributaries)",,"Baksa, Barpeta, Biswanath, Bongaigaon, Charaideo, Chirang, Darrang, Dhemaji, Dhubri, Goalpara, Golaghat, Jorhat, Kamrup, Kamrup Metro, Kokrajhar, Lakhimpur, Majuli, Marigaon, Nagaon, Nalbari, Sivasagar, South Salmara Mancachar",Assam,,,,,4.0,,,900000.0,"4 persons died & many others injured. More than 9 lakh livestock including big, small animals & poultry birds perished.","i) Crop land of area more than 75,710 hectares affected. ii) More than 10,62,000 population of more than 1000 villages in 23 districts affected. iii) Damage to roads, RCC Bridge / Culvert, sub ways reported. Also, National Highways/ Sub ways blocked the road connectivity due to flooded water /Landslide.",IMD,,"616, 280, 705, 281, 708, 612, 283, 284, 285, 287, 288, 290, 291, 618, 294, 295, 706, 296, 297, 298, 300, 707",18,2020-01-08,Dhemaji,NE Himalaya (Assam-Meghalaya foothills),district-named,India_Flood_Inventory_v3.csv (IMD-sourced),riverine_flood,riverine_flood,explicit
5172,UEI-IMD-FL-2020-0016,09-01-2020 00:00,30-09-2020 00:00,30.0,"Heavy Rains & Flood (Brahmaputra,tributaries)",,"Biswanath, Chirang, Dhemaji, Dibrugarh, Golaghat, Hojai, Jorhat, Lakhimpur, Majuli, Marigaon, Nagaon, Sivasagar, Tinsukia, West Karbi Anglong",Assam,,,,,7.0,,,73000.0,"7 persons died & many others injured. More than 73,000 livestock including big, small animals & poultry birds perished","i) Cropland of area more than 26,652 hectares affected. ii) More than 2,80,000 population of more than 450 villages in 14 districts affected. iii) Damage to roads, RCC Bridge / Culvert, sub ways reported. Also, National Highways/ Sub ways blocked the road connectivity due to flooded water /Landslide.",IMD,,"705, 612, 284, 286, 288, 709, 290, 295, 706, 296, 297, 300, 302, 710",18,2020-01-09,Dhemaji,NE Himalaya (Assam-Meghalaya foothills),district-named,India_Flood_Inventory_v3.csv (IMD-sourced),riverine_flood,riverine_flood,explicit
5173,UEI-IMD-FL-2020-0017,10-01-2020 00:00,31-10-2020 00:00,31.0,"Heavy Rains & Flood (Brahmaputra,tributaries)",,"Barpeta, Biswanath, Dhemaji, Goalpara, Hojai, Marigaon, Nagaon, Sonitpur, West Karbi Anglong",Assam,,,,,4.0,,,74000.0,"4 persons died & many others injured. More than 74,000 livestock including big, small animals & poultry birds perished.","i) Cropland of area more than 25,300 hectares affected. ii) More than 2,70,700 population of more than 400 villages in 9 districts affected. iii) Damage to roads, RCC Bridge / Culvert, sub ways reported. Also, National Highways/ Sub ways blocked the road connectivity due to flooded water /Landslide",IMD,,"280, 705, 284, 287, 709, 296, 297, 301, 710",18,2020-01-10,Dhemaji,NE Himalaya (Assam-Meghalaya foothills),district-named,India_Flood_Inventory_v3.csv (IMD-sourced),riverine_flood,riverine_flood,explicit
5317,UEI-IMD-FL-2021-0008,01-06-2021 00:00,30-06-2021 00:00,30.0,"Heavy Rains  & Flood (Brahmaputra,tributaries)",,"Bongaigaon, Dhemaji, Dibrugarh, Sivasagar",Assam,,,,,,,,,,,IMD,,"281, 284, 286, 300",18,2021-06-01,Dhemaji,NE Himalaya (Assam-Meghalaya foothills),district-named,India_Flood_Inventory_v3.csv (IMD-sourced),riverine_flood,riverine_flood,explicit
5318,UEI-IMD-FL-2021-0009,30-08-2021 00:00,30-08-2021 00:00,1.0,"Heavy Rains  & Flood (Brahmaputra,tributaries)",,"Barpeta, Biswanath, Cachar, Chirang, Darrang, Dhemaji, Dhubri, Dibrugarh, Golaghat, Jorhat, Kamrup, Karbi Anglong, Lakhimpur, Majuli, Marigaon, Nagaon, Nalbari, Sivasagar, Sonitpur, South Salmara Mancachar",Assam,,,,,,,,,,,IMD,,"280, 705, 282, 612, 283, 284, 285, 286, 288, 290, 291, 292, 295, 706, 296, 297, 298, 300, 301, 707",18,2021-08-30,Dhemaji,NE Himalaya (Assam-Meghalaya foothills),district-named,India_Flood_Inventory_v3.csv (IMD-sourced),riverine_flood,riverine_flood,explicit
5321,UEI-IMD-FL-2021-0012,31-08-2021 00:00,31-08-2021 00:00,1.0,"Heavy Rains  & Flood (Brahmaputra,tributaries)",,"Barpeta, Biswanath, Bongaigaon, Chirang, Darrang, Dhemaji, Dhubri, Dibrugarh, Goalpara, Golaghat, Jorhat, Kamrup, Kamrup Metro, Lakhimpur, Majuli, Marigaon, Nagaon, Nalbari, Sivasagar, Sonitpur, South Salmara Mancachar",Assam,,,,,,,,,,,IMD,,"280, 705, 281, 612, 283, 284, 285, 286, 287, 288, 290, 291, 618, 295, 706, 296, 297, 298, 300, 301, 707",18,2021-08-31,Dhemaji,NE Himalaya (Assam-Meghalaya foothills),district-named,India_Flood_Inventory_v3.csv (IMD-sourced),riverine_flood,riverine_flood,explicit
5323,UEI-IMD-FL-2021-0014,25-08-2021 00:00,31-08-2021 00:00,7.0,"Heavy Rains  & Flood (Brahmaputra,tributaries)",,"Barpeta, Biswanath, Bongaigaon, Chirang, Kokrajhar Darrang, Dhemaji, Dhubri, Dibrugarh, Goalpara, Golaghat, Jorhat, Kamrup, Kamrup Metro, Lakhimpur, Majuli, Marigaon, Nagaon, Nalbari, Sivasagar, Sonitpur, South Salmara Mancachar",Assam,,,,,,,,256144.0,,,IMD,,"280, 705, 281, 612, None, 284, 285, 286, 287, 288, 290, 291, 618, 295, 706, 296, 297, 298, 300, 301, 707",18,2021-08-25,Dhemaji,NE Himalaya (Assam-Meghalaya foothills),district-named,India_Flood_Inventory_v3.csv (IMD-sourced),riverine_flood,riverine_flood,explicit
5324,UEI-IMD-FL-2021-0015,01-09-2021 00:00,01-09-2021 00:00,1.0,"Heavy Rains  & Flood (Brahmaputra,tributaries)",,"Barpeta, Biswanath, Bongaigaon, Chirang, Darrang, Dhemaji, Dhubri, Dibrugarh, Goalpara, Golaghat, Jorhat, Kamrup, Kamrup Metro, Lakhimpur, Majuli, Marigaon, Nagaon, Nalbari, Sivasagar, Sonitpur, South Salmara Mancachar",Assam,,,,,,,,,,,IMD,,"280, 705, 281, 612, 283, 284, 285, 286, 287, 288, 290, 291, 618, 295, 706, 296, 297, 298, 300, 301, 707",18,2021-09-01,Dhemaji,NE Himalaya (Assam-Meghalaya foothills),district-named,India_Flood_Inventory_v3.csv (IMD-sourced),riverine_flood,riverine_flood,explicit
5327,UEI-IMD-FL-2021-0018,02-09-2021 00:00,02-09-2021 00:00,1.0,"Heavy Rains  & Flood (Brahmaputra,tributaries)",,"Barpeta, Biswanath, Bongaigaon, Chirang, Darrang, Dhemaji, Dhubri, Dibrugarh, Goalpara, Golaghat, Jorhat, Kamrup, Kamrup Metro, Lakhimpur, Majuli, Marigaon, Nagaon, Nalbari, Sivasagar, Sonitpur, South Salmara Mancachar",Assam,,,,,,,,,,,IMD,,"280, 705, 281, 612, 283, 284, 285, 286, 287, 288, 290, 291, 618, 295, 706, 296, 297, 298, 300, 301, 707",18,2021-09-02,Dhemaji,NE Himalaya (Assam-Meghalaya foothills),district-named,India_Flood_Inventory_v3.csv (IMD-sourced),riverine_flood,riverine_flood,explicit
5330,UEI-IMD-FL-2021-0021,03-09-2021 00:00,03-09-2021 00:00,1.0,"Heavy Rains  & Flood (Brahmaputra,tributaries)",,"Barpeta, Biswanath, Bongaigaon, Cachar, Chirang, Darrang, Dhemaji, Dhubri, Dibrugarh, Goalpara, Golaghat, Jorhat, Kamrup, Kamrup Metro, Lakhimpur, Majuli, Marigaon, Nagaon, Nalbari, Sivasagar, Sonitpur, South Salmara Mancachar",Assam,,,,,,,,,,,IMD,,"280, 705, 281, 282, 612, 283, 284, 285, 286, 287, 288, 290, 291, 618, 295, 706, 296, 297, 298, 300, 301, 707",18,2021-09-03,Dhemaji,NE Himalaya (Assam-Meghalaya foothills),district-named,India_Flood_Inventory_v3.csv (IMD-sourced),riverine_flood,riverine_flood,explicit
5332,UEI-IMD-FL-2021-0023,04-09-2021 00:00,04-09-2021 00:00,1.0,"Heavy Rains  & Flood (Brahmaputra,tributaries)",,"Barpeta, Biswanath, Bongaigaon, Chirang, Darrang, Dhemaji, Dhubri, Goalpara, Golaghat, Jorhat, Kamrup, Kamrup Metro, Lakhimpur, Marigaon, Nagaon, Sonitpur, South Salmara Mancachar",Assam,,,,,,,,,,,IMD,,"280, 705, 281, 612, 283, 284, 285, 287, 288, 290, 291, 618, 295, 296, 297, 301, 707",18,2021-09-04,Dhemaji,NE Himalaya (Assam-Meghalaya foothills),district-named,India_Flood_Inventory_v3.csv (IMD-sourced),riverine_flood,riverine_flood,explicit
5334,UEI-IMD-FL-2021-0025,05-09-2021 00:00,05-09-2021 00:00,1.0,"Heavy Rains  & Flood (Brahmaputra,tributaries)",,"Barpeta, Bongaigaon, Chirang, Darrang, Dhemaji, Goalpara, Golaghat, Kamrup, Kamrup Metro, Lakhimpur, Marigaon, Nagaon, Sonitpur, South Salmara Mancachar",Assam,,,,,,,,,,,IMD,,"280, 281, 612, 283, 284, 287, 288, 291, 618, 295, 296, 297, 301, 707",18,2021-09-05,Dhemaji,NE Himalaya (Assam-Meghalaya foothills),district-named,India_Flood_Inventory_v3.csv (IMD-sourced),riverine_flood,riverine_flood,explicit
5337,UEI-IMD-FL-2021-0028,06-09-2021 00:00,06-09-2021 00:00,1.0,"Heavy Rains  & Flood (Brahmaputra,tributaries)",,"Barpeta, Chirang, Darrang, Dhemaji, Goalpara, Golaghat, Kamrup, Kamrup Metro, Lakhimpur, Marigaon, Nagaon, Sonitpur",Assam,,,,,,,,,,,IMD,,"280, 612, 283, 284, 287, 288, 291, 618, 295, 296, 297, 301",18,2021-09-06,Dhemaji,NE Himalaya (Assam-Meghalaya foothills),district-named,India_Flood_Inventory_v3.csv (IMD-sourced),riverine_flood,riverine_flood,explicit
5338,UEI-IMD-FL-2021-0029,07-09-2021 00:00,07-09-2021 00:00,1.0,"Heavy Rains  & Flood (Brahmaputra,tributaries)",,"Chirang, Darrang, Dhemaji, Dibrugarh, Goalpara, Golaghat, Kamrup, Kamrup Metro, Marigaon, Nagaon, Sonitpur",Assam,,,,,,,,,,,IMD,,"612, 283, 284, 286, 287, 288, 291, 618, 296, 297, 301",18,2021-09-07,Dhemaji,NE Himalaya (Assam-Meghalaya foothills),district-named,India_Flood_Inventory_v3.csv (IMD-sourced),riverine_flood,riverine_flood,explicit
5725,UEI-IMD-FL-2022-0079,12-05-2022 00:00,13-05-2022 00:00,2.0,"Heavy rains, Floods (Brahmaputra,tributaries) & Landslide",,Dhemaji,Assam,,,,,,,,,,,IMD,,284,18,2022-05-12,Dhemaji,NE Himalaya (Assam-Meghalaya foothills),district-named,India_Flood_Inventory_v3.csv (IMD-sourced),riverine_flood,riverine_flood,explicit
5733,UEI-IMD-FL-2022-0087,14-05-2022 00:00,14-05-2022 00:00,1.0,"Heavy rains & Floods (Brahmaputra,tributaries)",,Dhemaji,Assam,,,,,,,,,,,IMD,,284,18,2022-05-14,Dhemaji,NE Himalaya (Assam-Meghalaya foothills),district-named,India_Flood_Inventory_v3.csv (IMD-sourced),riverine_flood,riverine_flood,explicit
5744,UEI-IMD-FL-2022-0098,15-05-2022 00:00,15-05-2022 00:00,1.0,"Heavy rains & Floods (Brahmaputra,tributaries)",,Dhemaji,Assam,,,,,,,,,,,IMD,,284,18,2022-05-15,Dhemaji,NE Himalaya (Assam-Meghalaya foothills),district-named,India_Flood_Inventory_v3.csv (IMD-sourced),riverine_flood,riverine_flood,explicit
5765,UEI-IMD-FL-2022-0119,16-05-2022 00:00,16-05-2022 00:00,1.0,"Heavy rains & Floods (Brahmaputra,tributaries)",,Dhemaji,Assam,,,,,,,,,,,IMD,,284,18,2022-05-16,Dhemaji,NE Himalaya (Assam-Meghalaya foothills),district-named,India_Flood_Inventory_v3.csv (IMD-sourced),riverine_flood,riverine_flood,explicit
5793,UEI-IMD-FL-2022-0147,17-05-2022 00:00,17-05-2022 00:00,1.0,"Heavy rains & Floods (Brahmaputra,tributaries)",,Dhemaji,Assam,,,,,,,,,,,IMD,,284,18,2022-05-17,Dhemaji,NE Himalaya (Assam-Meghalaya foothills),district-named,India_Flood_Inventory_v3.csv (IMD-sourced),riverine_flood,riverine_flood,explicit
5812,UEI-IMD-FL-2022-0166,18-05-2022 00:00,18-05-2022 00:00,1.0,"Heavy rains & Floods (Brahmaputra,tributaries)",,"Baksa, Baksa, Barpeta, Biswanath, Bongaigaon, Cachar, Charaideo, Darrang, Dhemaji, Dibrugarh, Dima Hasao, Goalpara, Hailakandi, Hojai, Kamrup, Kamrup Metro, Karbi Anglong, Karimganj, Kokrajhar, Lakhimpur, Majuli, Marigaon, Nagaon, Nalbari, Sonitpur, , Udalguri",Assam,,,,,,,,,,,IMD,,"616, 616, 280, 705, 281, 282, 708, 283, 284, 286, 299, 287, 289, 709, 291, 618, 292, 293, 294, 295, 706, 296, 297, 298, 301, 603, 617",18,2022-05-18,Dhemaji,NE Himalaya (Assam-Meghalaya foothills),district-named,India_Flood_Inventory_v3.csv (IMD-sourced),riverine_flood,riverine_flood,explicit
5814,UEI-IMD-FL-2022-0168,19-05-2022 00:00,19-05-2022 00:00,1.0,"Heavy rains & Floods (Brahmaputra,tributaries)",,"Barpeta, Biswanath, Bongaigaon, Cachar, Charaideo, Darrang, Dhemaji, Dhubri, Dibrugarh, Dima Hasao, Goalpara, Golaghat, Hailakandi, Hojai, Jorhat, Kamrup, Kamrup Metro, Karbi Anglong, Karimganj, Kokrajhar, Lakhimpur, Majuli, Marigaon, Nagaon, Nalbari, Sonitpur, South Salmara Mancachar, Udalguri",Assam,,,,,,,,,,,IMD,,"280, 705, 281, 282, 708, 283, 284, 285, 286, 299, 287, 288, 289, 709, 290, 291, 618, 292, 293, 294, 295, 706, 296, 297, 298, 301, 707, 617",18,2022-05-19,Dhemaji,NE Himalaya (Assam-Meghalaya foothills),district-named,India_Flood_Inventory_v3.csv (IMD-sourced),riverine_flood,riverine_flood,explicit
5818,UEI-IMD-FL-2022-0172,20-05-2022 00:00,20-05-2022 00:00,1.0,"Heavy rains & Floods (Brahmaputra,tributaries)",,"Baksa, Barpeta, Biswanath, Bongaigaon, Cachar, Charaideo, Darrang, Dhemaji, Dhubri, Dibrugarh, Dima Hasao, Goalpara, Golaghat, Hailakandi, Hojai, Jorhat, Kamrup, Kamrup Metro, Karbi Anglong, Karimganj, Kokrajhar, Lakhimpur, Majuli, Marigaon, Nagaon, Nalbari, Sivasagar, Sonitpur, South Salmara Mancachar, Udalguri ",Assam,,,,,,,,,,,IMD,,"616, 280, 705, 281, 282, 708, 283, 284, 285, 286, 299, 287, 288, 289, 709, 290, 291, 618, 292, 293, 294, 295, 706, 296, 297, 298, 300, 301, 707, 617",18,2022-05-20,Dhemaji,NE Himalaya (Assam-Meghalaya foothills),district-named,India_Flood_Inventory_v3.csv (IMD-sourced),riverine_flood,riverine_flood,explicit
5822,UEI-IMD-FL-2022-0176,21-05-2022 00:00,21-05-2022 00:00,1.0,"Heavy rains & Floods (Brahmaputra,tributaries)",,"Barpeta, Biswanath, Cachar, Darrang, Dhemaji, Dhubri, Goalpara, Golaghat, Hailakandi, Hojai, Jorhat, Kamrup, Kamrup Metro, Karbi Anglong, Karimganj, Lakhimpur, Majuli, Marigaon, Nagaon, Nalbari, Sonitpur, Udalguri",Assam,,,,,,,,,,,IMD,,"280, 705, 282, 283, 284, 285, 287, 288, 289, 709, 290, 291, 618, 292, 293, 295, 706, 296, 297, 298, 301, 617",18,2022-05-21,Dhemaji,NE Himalaya (Assam-Meghalaya foothills),district-named,India_Flood_Inventory_v3.csv (IMD-sourced),riverine_flood,riverine_flood,explicit
5851,UEI-IMD-FL-2022-0205,13-06-2022 00:00,13-06-2022 00:00,1.0,Floods & Landslide ,,"Darrang, Dhemaji, Dibrugarh, Dima Hasao, Goalpara, Kamrup Metro, South Salmara Mancachar",Assam,,,,,,,,,,,IMD,,"283, 284, 286, 299, 287, 618, 707",18,2022-06-13,Dhemaji,NE Himalaya (Assam-Meghalaya foothills),district-named,India_Flood_Inventory_v3.csv (IMD-sourced),ambiguous_generic,ambiguous,no regional-default applied (out of scope tonight -- only Wayanad/Idukki disambiguated)
5853,UEI-IMD-FL-2022-0207,14-06-2022 00:00,14-06-2022 00:00,1.0,"Heavy rains & Flood (Brahmaputra,tributaries)",,"Baksa, Baksa, Bongaigaon, Chirang, Darrang, Dhemaji, Dibrugarh, Dima Hasao, Goalpara, Hojai, Kamrup, Kamrup Metro, Kokrajhar, Lakhimpur, Majuli, Nalbari, , Udalguri",Assam,,,,,,,,,,,IMD,,"616, 616, 281, 612, 283, 284, 286, 299, 287, 709, 291, 618, 294, 295, 706, 298, 603, 617",18,2022-06-14,Dhemaji,NE Himalaya (Assam-Meghalaya foothills),district-named,India_Flood_Inventory_v3.csv (IMD-sourced),riverine_flood,riverine_flood,explicit
5855,UEI-IMD-FL-2022-0209,15-06-2022 00:00,15-06-2022 00:00,1.0,"Heavy rains & Flood (Brahmaputra,tributaries)",,"Baksa, Baksa, Barpeta, Biswanath, Bongaigaon, Chirang, Darrang, Dhemaji, Dhubri, Dibrugarh, Dima Hasao, Goalpara, Hojai, Kamrup, Kamrup Metro, Karbi Anglong, Kokrajhar, Lakhimpur, Majuli, Nagaon, Nalbari, Sonitpur, , Udalguri",Assam,,,,,,,,,,,IMD,,"616, 616, 280, 705, 281, 612, 283, 284, 285, 286, 299, 287, 709, 291, 618, 292, 294, 295, 706, 297, 298, 301, 603, 617",18,2022-06-15,Dhemaji,NE Himalaya (Assam-Meghalaya foothills),district-named,India_Flood_Inventory_v3.csv (IMD-sourced),riverine_flood,riverine_flood,explicit
5859,UEI-IMD-FL-2022-0213,16-06-2022 00:00,16-06-2022 00:00,1.0,"Heavy rains & Flood (Brahmaputra,tributaries)",,"Baksa, Baksa, Barpeta, Biswanath, Bongaigaon, Chirang, Darrang, Dhemaji, Dhubri, Dibrugarh, Dima Hasao, Goalpara, Hojai, Kamrup, Kamrup Metro, Karbi Anglong, Kokrajhar, Lakhimpur, Majuli, Marigaon, Nagaon, Nalbari, Sivasagar, Sonitpur, South Salmara Mancachar , Tinsukia, Udalguri",Assam,,,,,,,,410.0,,,IMD,,"616, 616, 280, 705, 281, 612, 283, 284, 285, 286, 299, 287, 709, 291, 618, 292, 294, 295, 706, 296, 297, 298, 300, 301, 707, 302, 617",18,2022-06-16,Dhemaji,NE Himalaya (Assam-Meghalaya foothills),district-named,India_Flood_Inventory_v3.csv (IMD-sourced),riverine_flood,riverine_flood,explicit
5867,UEI-IMD-FL-2022-0221,17-06-2022 00:00,17-06-2022 00:00,1.0,"Heavy rains & Flood (Brahmaputra,tributaries)",,"Baksa, Baksa, Barpeta, Biswanath, Bongaigaon, Cachar, Chirang, Darrang, Dhemaji, Dhubri, Dibrugarh, Dima Hasao, Goalpara, Golaghat, Hojai, Kamrup, Kamrup Metro, Karbi Anglong, Karimganj, Kokrajhar, Lakhimpur, Majuli, Marigaon, Nagaon, Nalbari, Sivasagar, Sonitpur, South Salmara Mancachar , Tinsukia, Udalguri ",Assam,,,,,,,,31.0,,,IMD,,"616, 616, 280, 705, 281, 282, 612, 283, 284, 285, 286, 299, 287, 288, 709, 291, 618, 292, 293, 294, 295, 706, 296, 297, 298, 300, 301, 707, 302, 617",18,2022-06-17,Dhemaji,NE Himalaya (Assam-Meghalaya foothills),district-named,India_Flood_Inventory_v3.csv (IMD-sourced),riverine_flood,riverine_flood,explicit
5879,UEI-IMD-FL-2022-0233,18-06-2022 00:00,18-06-2022 00:00,1.0,"Heavy rains & Flood (Brahmaputra,tributaries)",,"Baksa, Baksa, Barpeta, Biswanath, Bongaigaon, Cachar, Chirang, Darrang, Dhemaji, Dhubri, Dibrugarh, Dima Hasao, Goalpara, Golaghat, Hailakandi, Hojai, Jorhat, Kamrup, Kamrup Metro, Karbi Anglong, Karimganj, Kokrajhar, Lakhimpur, Majuli, Marigaon, Nagaon, Nalbari, Sivasagar, Sonitpur, South Salmara Mancachar , Tinsukia, Udalguri",Assam,,,,,,,,812.0,,,IMD,,"616, 616, 280, 705, 281, 282, 612, 283, 284, 285, 286, 299, 287, 288, 289, 709, 290, 291, 618, 292, 293, 294, 295, 706, 296, 297, 298, 300, 301, 707, 302, 617",18,2022-06-18,Dhemaji,NE Himalaya (Assam-Meghalaya foothills),district-named,India_Flood_Inventory_v3.csv (IMD-sourced),riverine_flood,riverine_flood,explicit
5891,UEI-IMD-FL-2022-0245,19-06-2022 00:00,19-06-2022 00:00,1.0,"Heavy rains & Flood (Brahmaputra,tributaries)",,"Baksa, Baksa, Barpeta, Biswanath, Bongaigaon, Cachar, Chirang, Darrang, Dhemaji, Dhubri, Dibrugarh, Dima Hasao, Goalpara, Golaghat, Hailakandi, Hojai, Kamrup, Kamrup Metro, Karbi Anglong, Karimganj, Kokrajhar, Lakhimpur, Majuli, Marigaon, Nagaon, Nalbari, Sivasagar, Sonitpur, South Salmara Mancachar , Tinsukia, Udalguri",Assam,,,,,,,,5232.0,,,IMD,,"616, 616, 280, 705, 281, 282, 612, 283, 284, 285, 286, 299, 287, 288, 289, 709, 291, 618, 292, 293, 294, 295, 706, 296, 297, 298, 300, 301, 707, 302, 617",18,2022-06-19,Dhemaji,NE Himalaya (Assam-Meghalaya foothills),district-named,India_Flood_Inventory_v3.csv (IMD-sourced),riverine_flood,riverine_flood,explicit
5902,UEI-IMD-FL-2022-0256,19-06-2022 00:00,19-06-2022 00:00,1.0,"Heavy rains & Flood (Brahmaputra,tributaries)",,"Baksa, Baksa, Barpeta, Biswanath, Bongaigaon, Cachar, Chirang, Darrang, Dhemaji, Dhubri, Dibrugarh, Dima Hasao, Goalpara, Golaghat, Hailakandi, Hojai, Kamrup, Kamrup Metro, Karbi Anglong, Karimganj, Kokrajhar, Lakhimpur, Majuli, Marigaon, Nagaon, Nalbari, Sivasagar, Sonitpur, South Salmara Mancachar , Tinsukia, Udalguri",Assam,,,,,,,,,,,IMD,,"616, 616, 280, 705, 281, 282, 612, 283, 284, 285, 286, 299, 287, 288, 289, 709, 291, 618, 292, 293, 294, 295, 706, 296, 297, 298, 300, 301, 707, 302, 617",18,2022-06-19,Dhemaji,NE Himalaya (Assam-Meghalaya foothills),district-named,India_Flood_Inventory_v3.csv (IMD-sourced),riverine_flood,riverine_flood,explicit
5903,UEI-IMD-FL-2022-0257,19-06-2022 00:00,19-06-2022 00:00,1.0,"Heavy rains & Flood (Brahmaputra,tributaries)",,"Baksa, Baksa, Barpeta, Biswanath, Bongaigaon, Cachar, Chirang, Darrang, Dhemaji, Dhubri, Dibrugarh, Dima Hasao, Goalpara, Golaghat, Hailakandi, Hojai, Kamrup, Kamrup Metro, Karbi Anglong, Karimganj, Kokrajhar, Lakhimpur, Majuli, Marigaon, Nagaon, Nalbari, Sivasagar, Sonitpur, South Salmara Mancachar , Tinsukia, Udalguri",Assam,,,,,,,,,,,IMD,,"616, 616, 280, 705, 281, 282, 612, 283, 284, 285, 286, 299, 287, 288, 289, 709, 291, 618, 292, 293, 294, 295, 706, 296, 297, 298, 300, 301, 707, 302, 617",18,2022-06-19,Dhemaji,NE Himalaya (Assam-Meghalaya foothills),district-named,India_Flood_Inventory_v3.csv (IMD-sourced),riverine_flood,riverine_flood,explicit
5904,UEI-IMD-FL-2022-0258,20-06-2022 00:00,20-06-2022 00:00,1.0,"Heavy rains & Flood (Brahmaputra,tributaries)",,"Baksa, Baksa, Barpeta, Biswanath, Bongaigaon, Cachar, Chirang, Darrang, Dhemaji, Dhubri, Dibrugarh, Dima Hasao, Goalpara, Golaghat, Hailakandi, Hojai, Kamrup, Kamrup Metro, Karbi Anglong, Karimganj, Kokrajhar, Lakhimpur, Majuli, Marigaon, Nagaon, Nalbari, Sivasagar, Sonitpur, South Salmara Mancachar , Tinsukia, Udalguri",Assam,,,,,,,,59654.0,,,IMD,,"616, 616, 280, 705, 281, 282, 612, 283, 284, 285, 286, 299, 287, 288, 289, 709, 291, 618, 292, 293, 294, 295, 706, 296, 297, 298, 300, 301, 707, 302, 617",18,2022-06-20,Dhemaji,NE Himalaya (Assam-Meghalaya foothills),district-named,India_Flood_Inventory_v3.csv (IMD-sourced),riverine_flood,riverine_flood,explicit
5911,UEI-IMD-FL-2022-0265,20-06-2022 00:00,20-06-2022 00:00,1.0,"Heavy rains & Flood (Brahmaputra,tributaries)",,"Baksa, Baksa, Barpeta, Biswanath, Bongaigaon, Cachar, Chirang, Darrang, Dhemaji, Dhubri, Dibrugarh, Dima Hasao, Goalpara, Golaghat, Hailakandi, Hojai, Kamrup, Kamrup Metro, Karbi Anglong, Karimganj, Kokrajhar, Lakhimpur, Majuli, Marigaon, Nagaon, Nalbari, Sivasagar, Sonitpur, South Salmara Mancachar , Tinsukia, Udalguri",Assam,,,,,,,,,,,IMD,,"616, 616, 280, 705, 281, 282, 612, 283, 284, 285, 286, 299, 287, 288, 289, 709, 291, 618, 292, 293, 294, 295, 706, 296, 297, 298, 300, 301, 707, 302, 617",18,2022-06-20,Dhemaji,NE Himalaya (Assam-Meghalaya foothills),district-named,India_Flood_Inventory_v3.csv (IMD-sourced),riverine_flood,riverine_flood,explicit
5912,UEI-IMD-FL-2022-0266,21-06-2022 00:00,21-06-2022 00:00,1.0,"Heavy rains & Flood (Brahmaputra,tributaries)",,"Baksa, Baksa, Barpeta, Biswanath, Bongaigaon, Cachar, Chirang, Darrang, Dhemaji, Dhubri, Dibrugarh, Dima Hasao, Goalpara, Golaghat, Hailakandi, Hojai, Kamrup, Kamrup Metro, Karbi Anglong, Karimganj, Kokrajhar, Lakhimpur, Majuli, Marigaon, Nagaon, Nalbari, Sivasagar, Sonitpur, South Salmara Mancachar , Tinsukia, Udalguri",Assam,,,,,,,,,,,IMD,,"616, 616, 280, 705, 281, 282, 612, 283, 284, 285, 286, 299, 287, 288, 289, 709, 291, 618, 292, 293, 294, 295, 706, 296, 297, 298, 300, 301, 707, 302, 617",18,2022-06-21,Dhemaji,NE Himalaya (Assam-Meghalaya foothills),district-named,India_Flood_Inventory_v3.csv (IMD-sourced),riverine_flood,riverine_flood,explicit
5917,UEI-IMD-FL-2022-0271,22-06-2022 00:00,22-06-2022 00:00,1.0,"Heavy rains & Flood (Brahmaputra,tributaries)",,"Baksa, Baksa, Barpeta, Biswanath, Bongaigaon, Cachar, Chirang, Darrang, Dhemaji, Dhubri, Dibrugarh, Dima Hasao, Goalpara, Golaghat, Hailakandi, Hojai, Kamrup, Kamrup Metro, Karbi Anglong, Karimganj, Lakhimpur, Majuli, Marigaon, Nagaon, Nalbari, Sonitpur, South Salmara Mancachar , Tinsukia, Udalguri",Assam,,,,,,,,84.0,,,IMD,,"616, 616, 280, 705, 281, 282, 612, 283, 284, 285, 286, 299, 287, 288, 289, 709, 291, 618, 292, 293, 295, 706, 296, 297, 298, 301, 707, 302, 617",18,2022-06-22,Dhemaji,NE Himalaya (Assam-Meghalaya foothills),district-named,India_Flood_Inventory_v3.csv (IMD-sourced),riverine_flood,riverine_flood,explicit
5923,UEI-IMD-FL-2022-0277,23-06-2022 00:00,23-06-2022 00:00,1.0,"Heavy rains & Flood  (Brahmaputra,tributaries)",,"Baksa, Baksa, Barpeta, Biswanath, Bongaigaon, Cachar, Chirang, Darrang, Dhemaji, Dhubri, Dima Hasao, Goalpara, Golaghat, Hailakandi, Hojai, Kamrup, Kamrup Metro, Karbi Anglong, Karimganj, Lakhimpur, Majuli, Marigaon, Nagaon, Nalbari, Sonitpur, South Salmara Mancachar , Udalguri",Assam,,,,,,,,28.0,,,IMD,,"616, 616, 280, 705, 281, 282, 612, 283, 284, 285, 299, 287, 288, 289, 709, 291, 618, 292, 293, 295, 706, 296, 297, 298, 301, 707, 617",18,2022-06-23,Dhemaji,NE Himalaya (Assam-Meghalaya foothills),district-named,India_Flood_Inventory_v3.csv (IMD-sourced),riverine_flood,riverine_flood,explicit
5930,UEI-IMD-FL-2022-0284,24-06-2022 00:00,24-06-2022 00:00,1.0,"Heavy rains & Flood  (Brahmaputra,tributaries)",,"Baksa, Baksa, Barpeta, Biswanath, Cachar, Chirang, Darrang, Dhemaji, Dhubri, Dibrugarh, Dima Hasao, Goalpara, Golaghat, Hailakandi, Hojai, Kamrup, Kamrup Metro, Karbi Anglong, Karimganj, Lakhimpur, Marigaon, Nagaon, Nalbari, Sonitpur, South Salmara Mancachar , Udalguri",Assam,,,,,,,,32.0,,,IMD,,"616, 616, 280, 705, 282, 612, 283, 284, 285, 286, 299, 287, 288, 289, 709, 291, 618, 292, 293, 295, 296, 297, 298, 301, 707, 617",18,2022-06-24,Dhemaji,NE Himalaya (Assam-Meghalaya foothills),district-named,India_Flood_Inventory_v3.csv (IMD-sourced),riverine_flood,riverine_flood,explicit
5935,UEI-IMD-FL-2022-0289,25-06-2022 00:00,25-06-2022 00:00,1.0,"Heavy rains & Flood  (Brahmaputra,tributaries)",,"Baksa, Baksa, Barpeta, Biswanath, Cachar, Chirang, Darrang, Dhemaji, Dhubri, Dibrugarh, Dima Hasao, Goalpara, Golaghat, Hailakandi, Hojai, Kamrup, Kamrup Metro, Karbi Anglong, Karimganj, Lakhimpur, Majuli, Marigaon, Nagaon, Nalbari, Sonitpur, South Salmara Mancachar , Udalguri ",Assam,,,,,,,,65.0,,,IMD,,"616, 616, 280, 705, 282, 612, 283, 284, 285, 286, 299, 287, 288, 289, 709, 291, 618, 292, 293, 295, 706, 296, 297, 298, 301, 707, 617",18,2022-06-25,Dhemaji,NE Himalaya (Assam-Meghalaya foothills),district-named,India_Flood_Inventory_v3.csv (IMD-sourced),riverine_flood,riverine_flood,explicit
5942,UEI-IMD-FL-2022-0296,26-06-2022 00:00,26-06-2022 00:00,1.0,"Heavy rains & Flood (Brahmaputra,tributaries)",,"Baksa, Baksa, Barpeta, Cachar, Chirang, Darrang, Dhemaji, Dima Hasao, Goalpara, Golaghat, Hailakandi, Kamrup, Kamrup Metro, Karimganj, Lakhimpur, Majuli, Marigaon, Nagaon, Nalbari, Sonitpur, , Udalguri ",Assam,,,,,,,,2774.0,,,IMD,,"616, 616, 280, 282, 612, 283, 284, 299, 287, 288, 289, 291, 618, 293, 295, 706, 296, 297, 298, 301, 603, 617",18,2022-06-26,Dhemaji,NE Himalaya (Assam-Meghalaya foothills),district-named,India_Flood_Inventory_v3.csv (IMD-sourced),riverine_flood,riverine_flood,explicit
5947,UEI-IMD-FL-2022-0301,27-06-2022 00:00,27-06-2022 00:00,1.0,"Heavy rains & Flood (Brahmaputra,tributaries)",,"Baksa, Baksa, Barpeta, Biswanath, Bongaigaon, Cachar, Chirang, Darrang, Dhemaji, Dhubri, Dibrugarh, Dima Hasao, Goalpara, Golaghat, Hailakandi, Hojai, Kamrup, Kamrup Metro, Karimganj, Lakhimpur, Majuli, Marigaon, Nagaon, Nalbari, Sonitpur, , Tinsukia, Udalguri",Assam,,,,,,,,4304.0,,,IMD,,"616, 616, 280, 705, 281, 282, 612, 283, 284, 285, 286, 299, 287, 288, 289, 709, 291, 618, 293, 295, 706, 296, 297, 298, 301, 603, 302, 617",18,2022-06-27,Dhemaji,NE Himalaya (Assam-Meghalaya foothills),district-named,India_Flood_Inventory_v3.csv (IMD-sourced),riverine_flood,riverine_flood,explicit
5952,UEI-IMD-FL-2022-0306,28-06-2022 00:00,28-06-2022 00:00,1.0,"Heavy rains & Flood (Brahmaputra,tributaries)",,"Baksa, Barpeta, Biswanath, Cachar, Chirang, Darrang, Dhemaji, Dhubri, Dibrugarh, Dima Hasao, Goalpara, Golaghat, Hailakandi, Hojai, Kamrup, Kamrup Metro, Karimganj, Lakhimpur, Majuli, Marigaon, Nagaon, Nalbari, Sonitpur, Baksa, Tinsukia, Udalguri",Assam,,,,,,,,38.0,,,IMD,,"616, 280, 705, 282, 612, 283, 284, 285, 286, 299, 287, 288, 289, 709, 291, 618, 293, 295, 706, 296, 297, 298, 301, 616, 302, 617",18,2022-06-28,Dhemaji,NE Himalaya (Assam-Meghalaya foothills),district-named,India_Flood_Inventory_v3.csv (IMD-sourced),riverine_flood,riverine_flood,explicit
5958,UEI-IMD-FL-2022-0312,28-06-2022 00:00,28-06-2022 00:00,1.0,"Heavy rains & Flood (Brahmaputra,tributaries)",,Dhemaji ,Assam,,,,,1.0,,,,,,IMD,,284,18,2022-06-28,Dhemaji,NE Himalaya (Assam-Meghalaya foothills),district-named,India_Flood_Inventory_v3.csv (IMD-sourced),riverine_flood,riverine_flood,explicit
5963,UEI-IMD-FL-2022-0317,29-06-2022 00:00,29-06-2022 00:00,1.0,"Heavy rains & Flood (Brahmaputra,tributaries)",,"Baksa, Barpeta, Biswanath, Cachar, Chirang, Darrang, Dhemaji, Dibrugarh, Dima Hasao, Goalpara, Golaghat, Hailakandi, Hojai, Kamrup, Kamrup Metro, Karimganj, Lakhimpur, Majuli, Marigaon, Nagaon, Nalbari, Sonitpur, Baksa, Tinsukia, Udalguri ",Assam,,,,,,,,51.0,,,IMD,,"616, 280, 705, 282, 612, 283, 284, 286, 299, 287, 288, 289, 709, 291, 618, 293, 295, 706, 296, 297, 298, 301, 616, 302, 617",18,2022-06-29,Dhemaji,NE Himalaya (Assam-Meghalaya foothills),district-named,India_Flood_Inventory_v3.csv (IMD-sourced),riverine_flood,riverine_flood,explicit
5966,UEI-IMD-FL-2022-0320,29-06-2022 00:00,29-06-2022 00:00,1.0,"Heavy rains & Flood (Brahmaputra,tributaries)",,Dhemaji,Assam,,,,,1.0,,,,,,IMD,,284,18,2022-06-29,Dhemaji,NE Himalaya (Assam-Meghalaya foothills),district-named,India_Flood_Inventory_v3.csv (IMD-sourced),riverine_flood,riverine_flood,explicit
5971,UEI-IMD-FL-2022-0325,30-06-2022 00:00,30-06-2022 00:00,1.0,"Heavy rains & Flood (Brahmaputra,tributaries)",,"Baksa, Baksa, Barpeta, Biswanath, Cachar, Chirang, Darrang, Dhemaji, Dhubri, Dibrugarh, Dima Hasao, Goalpara, Golaghat, Hailakandi, Hojai, Kamrup, Kamrup Metro, Karbi Anglong, Karimganj, Kokrajhar, Lakhimpur, Majuli, Marigaon, Nagaon, Nalbari, Sivasagar, Sonitpur, , Tinsukia, Udalguri",Assam,,,,,,,,795.0,,,IMD,,"616, 616, 280, 705, 282, 612, 283, 284, 285, 286, 299, 287, 288, 289, 709, 291, 618, 292, 293, 294, 295, 706, 296, 297, 298, 300, 301, 603, 302, 617",18,2022-06-30,Dhemaji,NE Himalaya (Assam-Meghalaya foothills),district-named,India_Flood_Inventory_v3.csv (IMD-sourced),riverine_flood,riverine_flood,explicit
5978,UEI-IMD-FL-2022-0332,01-07-2022 00:00,01-07-2022 00:00,1.0,"Heavy rains & Flood (Brahmaputra,tributaries)",,"Baksa, Barpeta, Biswanath, Cachar, Charaideo, Chirang, Darrang, Dhemaji, Dibrugarh, Dima Hasao, Goalpara, Golaghat, Hailakandi, Hojai, Kamrup, Kamrup Metro, Karimganj, Lakhimpur, Majuli, Marigaon, Nagaon, Nalbari, Sivasagar, Sonitpur, Baksa, Tinsukia, Udalguri ",Assam,,,,,,,,34242.0,,,IMD,,"616, 280, 705, 282, 708, 612, 283, 284, 286, 299, 287, 288, 289, 709, 291, 618, 293, 295, 706, 296, 297, 298, 300, 301, 616, 302, 617",18,2022-07-01,Dhemaji,NE Himalaya (Assam-Meghalaya foothills),district-named,India_Flood_Inventory_v3.csv (IMD-sourced),riverine_flood,riverine_flood,explicit
5980,UEI-IMD-FL-2022-0334,02-07-2022 00:00,02-07-2022 00:00,1.0,"Heavy rains & Flood (Brahmaputra,tributaries)",,"Baksa, Barpeta, Biswanath, Cachar, Chirang, Darrang, Dhemaji, Dibrugarh, Dima Hasao, Goalpara, Golaghat, Hailakandi, Hojai, Kamrup, Kamrup Metro, Karimganj, Lakhimpur, Majuli, Marigaon, Nagaon, Nalbari, Sivasagar, Sonitpur, Baksa, Tinsukia, Udalguri",Assam,,,,,,,,1330.0,,,IMD,,"616, 280, 705, 282, 612, 283, 284, 286, 299, 287, 288, 289, 709, 291, 618, 293, 295, 706, 296, 297, 298, 300, 301, 616, 302, 617",18,2022-07-02,Dhemaji,NE Himalaya (Assam-Meghalaya foothills),district-named,India_Flood_Inventory_v3.csv (IMD-sourced),riverine_flood,riverine_flood,explicit
5991,UEI-IMD-FL-2022-0345,05-07-2022 00:00,05-07-2022 00:00,1.0,"Heavy rains & Flood (Brahmaputra,tributaries)",,"Baksa, Barpeta, Biswanath, Cachar, Chirang, Darrang, Dhemaji, Dibrugarh, Dima Hasao, Golaghat, Hailakandi, Kamrup, Kamrup Metro, Karimganj, Lakhimpur, Marigaon, Nagaon, Sivasagar, Sonitpur, Baksa ",Assam,,,,,,,,,,,IMD,,"616, 280, 705, 282, 612, 283, 284, 286, 299, 288, 289, 291, 618, 293, 295, 296, 297, 300, 301, 616",18,2022-07-05,Dhemaji,NE Himalaya (Assam-Meghalaya foothills),district-named,India_Flood_Inventory_v3.csv (IMD-sourced),riverine_flood,riverine_flood,explicit
6016,UEI-IMD-FL-2022-0370,16-09-2022 00:00,16-09-2022 00:00,1.0,"Heavy rains & Flood (Brahmaputra,tributaries)",,Dhemaji,Assam,,,,,1.0,,,,,,IMD,,284,18,2022-09-16,Dhemaji,NE Himalaya (Assam-Meghalaya foothills),district-named,India_Flood_Inventory_v3.csv (IMD-sourced),riverine_flood,riverine_flood,explicit
6018,UEI-IMD-FL-2022-0372,10-10-2022 00:00,14-10-2022 00:00,6.0,"Heavy rains & Flood (Brahmaputra,tributaries)",,Dhemaji,Assam,,,,,,,,,,,IMD,,284,18,2022-10-10,Dhemaji,NE Himalaya (Assam-Meghalaya foothills),district-named,India_Flood_Inventory_v3.csv (IMD-sourced),riverine_flood,riverine_flood,explicit
6806,UEI-IMD-FL-2023-0021,21-06-2023 00:00,21-06-2023 00:00,1.0,Heavy Rains & Floods,,Dhemaji,Assam,,,,,,,,,,,IMD,,284,18,2023-06-21,Dhemaji,NE Himalaya (Assam-Meghalaya foothills),district-named,India_Flood_Inventory_v3.csv (IMD-sourced),ambiguous_generic,ambiguous,no regional-default applied (out of scope tonight -- only Wayanad/Idukki disambiguated)
6828,UEI-IMD-FL-2023-0043,22-06-2023 00:00,22-06-2023 00:00,1.0,Heavy Rains & Floods,,Dhemaji,Assam,,,,,,,,,,,IMD,,284,18,2023-06-22,Dhemaji,NE Himalaya (Assam-Meghalaya foothills),district-named,India_Flood_Inventory_v3.csv (IMD-sourced),ambiguous_generic,ambiguous,no regional-default applied (out of scope tonight -- only Wayanad/Idukki disambiguated)
6896,UEI-IMD-FL-2023-0111,27-06-2023 00:00,27-06-2023 00:00,1.0,Heavy Rains & Floods,,Dhemaji,Assam,,,,,,,,,,,IMD,,284,18,2023-06-27,Dhemaji,NE Himalaya (Assam-Meghalaya foothills),district-named,India_Flood_Inventory_v3.csv (IMD-sourced),ambiguous_generic,ambiguous,no regional-default applied (out of scope tonight -- only Wayanad/Idukki disambiguated)
6906,UEI-IMD-FL-2023-0121,05-07-2023 00:00,05-07-2023 00:00,1.0,Heavy Rains & Floods,,Dhemaji ,Assam,,,,,,,,,,,IMD,,284,18,2023-07-05,Dhemaji,NE Himalaya (Assam-Meghalaya foothills),district-named,India_Flood_Inventory_v3.csv (IMD-sourced),ambiguous_generic,ambiguous,no regional-default applied (out of scope tonight -- only Wayanad/Idukki disambiguated)
6915,UEI-IMD-FL-2023-0130,16-07-2023 00:00,16-07-2023 00:00,1.0,Heavy Rains & Floods,,Dhemaji ,Assam,,,,,,,,,,,IMD,,284,18,2023-07-16,Dhemaji,NE Himalaya (Assam-Meghalaya foothills),district-named,India_Flood_Inventory_v3.csv (IMD-sourced),ambiguous_generic,ambiguous,no regional-default applied (out of scope tonight -- only Wayanad/Idukki disambiguated)
6930,UEI-IMD-FL-2023-0145,18-07-2023 00:00,18-07-2023 00:00,1.0,Heavy Rains & Floods,,Dhemaji ,Assam,,,,,,,,,,,IMD,,284,18,2023-07-18,Dhemaji,NE Himalaya (Assam-Meghalaya foothills),district-named,India_Flood_Inventory_v3.csv (IMD-sourced),ambiguous_generic,ambiguous,no regional-default applied (out of scope tonight -- only Wayanad/Idukki disambiguated)
6941,UEI-IMD-FL-2023-0156,07-08-2023 00:00,07-08-2023 00:00,1.0,Heavy Rains & Floods,,Dhemaji ,Assam,,,,,,,,,,,IMD,,284,18,2023-08-07,Dhemaji,NE Himalaya (Assam-Meghalaya foothills),district-named,India_Flood_Inventory_v3.csv (IMD-sourced),ambiguous_generic,ambiguous,no regional-default applied (out of scope tonight -- only Wayanad/Idukki disambiguated)
6948,UEI-IMD-FL-2023-0163,10-08-2023 00:00,10-08-2023 00:00,1.0,Heavy Rains & Floods,,Dhemaji ,Assam,,,,,,,,,,,IMD,,284,18,2023-08-10,Dhemaji,NE Himalaya (Assam-Meghalaya foothills),district-named,India_Flood_Inventory_v3.csv (IMD-sourced),ambiguous_generic,ambiguous,no regional-default applied (out of scope tonight -- only Wayanad/Idukki disambiguated)
6955,UEI-IMD-FL-2023-0170,12-08-2023 00:00,12-08-2023 00:00,1.0,Heavy Rains & Floods,,Dhemaji ,Assam,,,,,,,,,,,IMD,,284,18,2023-08-12,Dhemaji,NE Himalaya (Assam-Meghalaya foothills),district-named,India_Flood_Inventory_v3.csv (IMD-sourced),ambiguous_generic,ambiguous,no regional-default applied (out of scope tonight -- only Wayanad/Idukki disambiguated)
6963,UEI-IMD-FL-2023-0178,13-08-2023 00:00,13-08-2023 00:00,1.0,Heavy Rains & Floods,,Dhemaji ,Assam,,,,,,,,,,,IMD,,284,18,2023-08-13,Dhemaji,NE Himalaya (Assam-Meghalaya foothills),district-named,India_Flood_Inventory_v3.csv (IMD-sourced),ambiguous_generic,ambiguous,no regional-default applied (out of scope tonight -- only Wayanad/Idukki disambiguated)
6972,UEI-IMD-FL-2023-0187,27-08-2023 00:00,27-08-2023 00:00,1.0,Heavy Rains & Floods,,Dhemaji ,Assam,,,,,,,,,,,IMD,,284,18,2023-08-27,Dhemaji,NE Himalaya (Assam-Meghalaya foothills),district-named,India_Flood_Inventory_v3.csv (IMD-sourced),ambiguous_generic,ambiguous,no regional-default applied (out of scope tonight -- only Wayanad/Idukki disambiguated)
6991,UEI-IMD-FL-2023-0206,30-08-2023 00:00,30-08-2023 00:00,1.0,Heavy Rains & Floods,,Dhemaji ,Assam,,,,,,,,,,,IMD,,284,18,2023-08-30,Dhemaji,NE Himalaya (Assam-Meghalaya foothills),district-named,India_Flood_Inventory_v3.csv (IMD-sourced),ambiguous_generic,ambiguous,no regional-default applied (out of scope tonight -- only Wayanad/Idukki disambiguated)
7009,UEI-IMD-FL-2023-0224,01-09-2023 00:00,01-09-2023 00:00,1.0,Heavy Rains & Floods,,Dhemaji ,Assam,,,,,,,,,,,IMD,,284,18,2023-09-01,Dhemaji,NE Himalaya (Assam-Meghalaya foothills),district-named,India_Flood_Inventory_v3.csv (IMD-sourced),ambiguous_generic,ambiguous,no regional-default applied (out of scope tonight -- only Wayanad/Idukki disambiguated)
1300,UEI-IMD-FL-1985-0050,27-07-1985 00:00,30-07-1985 00:00,4.0,severe,,"Ri Bhoi, West Khasi Hills, East East Jaintia Hills, East Khasi Hills, South Garo Hills, West Garo Hills, East Garo Hills, West East Jaintia Hills, South West Khasi Hills, North Garo Hills, South West Garo Hills",Meghalaya,,,,,30.0,,,,30 people died due to landslides in Garo hills,,IMD,,"276, 740, None, 274, 277, 278, 273, None, 658, 656, 663",17,1985-07-27,Ribhoi,NE Himalaya (Assam-Meghalaya foothills),district-named,India_Flood_Inventory_v3.csv (IMD-sourced),ambiguous_generic,ambiguous,no regional-default applied (out of scope tonight -- only Wayanad/Idukki disambiguated)
1533,UEI-IMD-FL-1988-0080,22-05-1988 00:00,28-05-1988 00:00,7.0,heavy rains,,"Ri Bhoi, West Khasi Hills, East East Jaintia Hills, East Khasi Hills, South Garo Hills, West Garo Hills, East Garo Hills, West East Jaintia Hills, South West Khasi Hills, North Garo Hills, South West Garo Hills",Meghalaya,,,,,5.0,,,,5 people killed,,IMD,,"276, 740, None, 274, 277, 278, 273, None, 658, 656, 663",17,1988-05-22,Ribhoi,NE Himalaya (Assam-Meghalaya foothills),district-named,India_Flood_Inventory_v3.csv (IMD-sourced),ambiguous_generic,ambiguous,no regional-default applied (out of scope tonight -- only Wayanad/Idukki disambiguated)
2231,UEI-IMD-FL-1995-0074,19-06-1995 00:00,19-06-1995 00:00,1.0,heavy rains,,"Ri Bhoi, West Khasi Hills, East East Jaintia Hills, East Khasi Hills, South Garo Hills, West Garo Hills, East Garo Hills, West East Jaintia Hills, South West Khasi Hills, North Garo Hills, South West Garo Hills",Meghalaya,,,,,12.0,,,,12 persons died,,IMD,,"276, 740, None, 274, 277, 278, 273, None, 658, 656, 663",17,1995-06-19,Ribhoi,NE Himalaya (Assam-Meghalaya foothills),district-named,India_Flood_Inventory_v3.csv (IMD-sourced),ambiguous_generic,ambiguous,no regional-default applied (out of scope tonight -- only Wayanad/Idukki disambiguated)
2900,UEI-IMD-FL-2000-0097,02-10-2000 00:00,03-10-2000 00:00,2.0,heavy rains,,"Ri Bhoi, West Khasi Hills, East East Jaintia Hills, East Khasi Hills, South Garo Hills, West Garo Hills, East Garo Hills, West East Jaintia Hills, South West Khasi Hills, North Garo Hills, South West Garo Hills",Meghalaya,,,,,,,,,,Landslides at Sonapur blocked the Assam-West Tripura National Highway,IMD,,"276, 740, None, 274, 277, 278, 273, None, 658, 656, 663",17,2000-10-02,Ribhoi,NE Himalaya (Assam-Meghalaya foothills),district-named,India_Flood_Inventory_v3.csv (IMD-sourced),ambiguous_generic,ambiguous,no regional-default applied (out of scope tonight -- only Wayanad/Idukki disambiguated)
4828,UEI-IMD-FL-2017-0091,17-06-2017 00:00,17-06-2017 00:00,1.0,Heavy rains & landslide,,Ri Bhoi,Meghalaya,,,,,5.0,,,,5 persons died,Damage to hut reported,IMD,,276,17,2017-06-17,Ribhoi,NE Himalaya (Assam-Meghalaya foothills),district-named,India_Flood_Inventory_v3.csv (IMD-sourced),ambiguous_generic,ambiguous,no regional-default applied (out of scope tonight -- only Wayanad/Idukki disambiguated)
5269,UEI-IMD-FL-2020-0113,22-09-2020 00:00,26-09-2020 00:00,1.0,"Heavy rains, Floods & Landslide",,"East Khasi Hills, Ri Bhoi, West Khasi Hills",Meghalaya,,,,,2.0,2.0,1.0,,"2 persons died, 1 missing & 2 others injuries in Nongstoin area of West Khasi Hills","i) 985 people in 37 villages in 3 districts affected. ii) Damage to several bridges, roads damaged in different parts of Meghalaya reported. iii) Several instances of landslides, uprooted trees,flooding reported from various parts of the state.",IMD,,"274, 276, 740",17,2020-09-22,Ribhoi,NE Himalaya (Assam-Meghalaya foothills),district-named,India_Flood_Inventory_v3.csv (IMD-sourced),ambiguous_generic,ambiguous,no regional-default applied (out of scope tonight -- only Wayanad/Idukki disambiguated)
6400,UEI-IMD-FL-2022-0754,16-05-2022 00:00,16-05-2022 00:00,1.0,"Heavy Rains, Floods ",,Ri Bhoi,Meghalaya,,,,,1.0,,,,,,IMD,,276,17,2022-05-16,Ribhoi,NE Himalaya (Assam-Meghalaya foothills),district-named,India_Flood_Inventory_v3.csv (IMD-sourced),ambiguous_generic,ambiguous,no regional-default applied (out of scope tonight -- only Wayanad/Idukki disambiguated)
6401,UEI-IMD-FL-2022-0755,19-05-2022 00:00,19-05-2022 00:00,1.0,Heavy Rains,,Ri Bhoi,Meghalaya,,,,,1.0,,,,,,IMD,,276,17,2022-05-19,Ribhoi,NE Himalaya (Assam-Meghalaya foothills),district-named,India_Flood_Inventory_v3.csv (IMD-sourced),ambiguous_generic,ambiguous,no regional-default applied (out of scope tonight -- only Wayanad/Idukki disambiguated)
7275,UEI-IMD-FL-2023-0490,10-06-2023 00:00,19-06-2023 00:00,10.0,"Heavy Rains, Floods & Landslide",,Ri Bhoi,Meghalaya,,,,,,,,20.0,,,IMD,,276,17,2023-06-10,Ribhoi,NE Himalaya (Assam-Meghalaya foothills),district-named,India_Flood_Inventory_v3.csv (IMD-sourced),ambiguous_generic,ambiguous,no regional-default applied (out of scope tonight -- only Wayanad/Idukki disambiguated)
7279,UEI-IMD-FL-2023-0494,11-06-2023 00:00,11-06-2023 00:00,1.0,Heavy Rains & Floods,,Ri Bhoi,Meghalaya,,,,,1.0,,,,,,IMD,,276,17,2023-06-11,Ribhoi,NE Himalaya (Assam-Meghalaya foothills),district-named,India_Flood_Inventory_v3.csv (IMD-sourced),ambiguous_generic,ambiguous,no regional-default applied (out of scope tonight -- only Wayanad/Idukki disambiguated)
7280,UEI-IMD-FL-2023-0495,16-06-2023 00:00,16-06-2023 00:00,1.0,Heavy Rains & Floods,,Ri Bhoi,Meghalaya,,,,,1.0,,,3.0,,,IMD,,276,17,2023-06-16,Ribhoi,NE Himalaya (Assam-Meghalaya foothills),district-named,India_Flood_Inventory_v3.csv (IMD-sourced),ambiguous_generic,ambiguous,no regional-default applied (out of scope tonight -- only Wayanad/Idukki disambiguated)
,MANUAL-2024-WAYANAD-001,30-07-2024 02:17,,,"Flash flood & Landslide (extreme rainfall -- IMD recorded 280mm/24h; landslides diverted Punnappuzha & Iruvanjippuzha rivers, causing flash flood; debris flowed into Chaliyar river)","Mundakkai, Chooralmala, Punjirimattom, Vellarimala (= Attamala, per user confirmation); Meppadi Panchayat, Vythiri taluk",Wayanad,Kerala,,,,,420.0,397.0,,,"420 dead, 118 missing, 397 injured -- Wikipedia figure as retrieved 2026-09-12; NOT a final government tally. Reported toll climbed through the search period (135 -> 158 -> 200 -> 308 -> ~373-420 across different-dated news sources); user confirmed use of the 420/118/397 figure for this dataset.",,"MANUAL (not in IMD India Flood Inventory v3, which cuts off 2023-09)",Wikipedia: 2024_Wayanad_landslides; Eos.org Landslide Blog; Copernicus EMS #176; Down To Earth,,,2024-07-30 02:17:00,Wayanad,Western Ghats,"village-level (4 named villages: Mundakkai, Chooralmala, Punjirimattom, Vellarimala/Attamala)","Manually added -- confirmed real event missing from IMD inventory (source cutoff 2023-09). Sources: en.wikipedia.org/wiki/2024_Wayanad_landslides; eos.org/thelandslideblog/wayanad-landslides; global-flood.emergency.copernicus.eu (EMS #176); downtoearth.org.in. User-confirmed: Attamala == Vellarimala (same place, alternate name); casualty figure (420/118/397) explicitly approved by user 2026-09-12.",,flash_flood,explicit (real-world documented mechanism: landslides diverted 2 rivers causing flash flood and debris flow -- not a keyword-inferred or regional-default label)
