region,point,event_id,snapshot_timestamp,sample_type,tier,elevation,slope_deg,aspect,TWI,TRI,distance_to_river_m,flow_accumulation_cells,drainage_density_km_per_km2,cwc_danger_level_m,rainfall_1h,rainfall_3h,rainfall_6h,rainfall_24h,rainfall_72h_antecedent,antecedent_precipitation_index,rain_intensity_mm_hr,soil_saturation_ratio,river_water_level_m,river_level_change_m_per_hr,tier_int
Wayanad,Chooralmala,UEI-IMD-FL-1969-0002,1969-07-12T00:00:00,positive,Yellow,982.0,20.692,10.06,6.0044,9.25,61.8,4.0,1.5687,,,,,,,1.7,,,,,1
Wayanad,Chooralmala,UEI-IMD-FL-1969-0002,1969-07-13T00:00:00,positive,Yellow,982.0,20.692,10.06,6.0044,9.25,61.8,4.0,1.5687,,3.7,9.9,19.2,65.5,65.5,22.459,3.7,,,,1
Wayanad,Chooralmala,UEI-IMD-FL-1969-0002,1969-07-14T00:00:00,positive,Orange,982.0,20.692,10.06,6.0044,9.25,61.8,4.0,1.5687,,2.2,6.0,14.0,95.6,161.1,17.6205,2.2,,,,2
Wayanad,Chooralmala,UEI-IMD-FL-1969-0002,1969-07-14T12:00:00,positive,Orange,982.0,20.692,10.06,6.0044,9.25,61.8,4.0,1.5687,,3.0,10.1,17.0,60.7,187.8,16.6779,3.0,,,,2
Wayanad,Chooralmala,UEI-IMD-FL-1969-0002,1969-07-14T18:00:00,positive,Red,982.0,20.692,10.06,6.0044,9.25,61.8,4.0,1.5687,,1.6,3.4,7.0,47.7,194.8,11.2017,1.6,,,,3
Wayanad,Chooralmala,UEI-IMD-FL-1969-0002,1969-07-15T00:00:00,positive,Red,982.0,20.692,10.06,6.0044,9.25,61.8,4.0,1.5687,,1.0,2.3,5.8,39.5,200.6,9.799,1.0,,,,3
Wayanad,Chooralmala,UEI-IMD-FL-1975-0025,1975-06-12T00:00:00,positive,Yellow,982.0,20.692,10.06,6.0044,9.25,61.8,4.0,1.5687,,,,,,,0.1,,,,,1
Wayanad,Chooralmala,UEI-IMD-FL-1975-0025,1975-06-13T00:00:00,positive,Yellow,982.0,20.692,10.06,6.0044,9.25,61.8,4.0,1.5687,,0.0,0.0,0.1,10.7,10.7,1.5767,0.0,,,,1
Wayanad,Chooralmala,UEI-IMD-FL-1975-0025,1975-06-14T00:00:00,positive,Orange,982.0,20.692,10.06,6.0044,9.25,61.8,4.0,1.5687,,0.1,1.9,3.6,21.0,31.7,4.512,0.1,,,,2
Wayanad,Chooralmala,UEI-IMD-FL-1975-0025,1975-06-14T12:00:00,positive,Orange,982.0,20.692,10.06,6.0044,9.25,61.8,4.0,1.5687,,1.7,4.2,7.2,29.2,50.9,8.9778,1.7,,,,2
Wayanad,Chooralmala,UEI-IMD-FL-1975-0025,1975-06-14T18:00:00,positive,Red,982.0,20.692,10.06,6.0044,9.25,61.8,4.0,1.5687,,1.6,8.7,14.9,37.7,65.8,14.4483,1.6,,,,3
Wayanad,Chooralmala,UEI-IMD-FL-1975-0025,1975-06-15T00:00:00,positive,Red,982.0,20.692,10.06,6.0044,9.25,61.8,4.0,1.5687,,0.5,1.7,6.7,40.8,72.5,11.6533,0.5,,,,3
Wayanad,Chooralmala,UEI-IMD-FL-1984-0036,1984-06-12T00:00:00,positive,Yellow,982.0,20.692,10.06,6.0044,9.25,61.8,4.0,1.5687,,,,,,,0.2,,,,,1
Wayanad,Chooralmala,UEI-IMD-FL-1984-0036,1984-06-13T00:00:00,positive,Yellow,982.0,20.692,10.06,6.0044,9.25,61.8,4.0,1.5687,,1.0,3.8,6.0,28.6,28.6,7.1755,1.0,,,,1
Wayanad,Chooralmala,UEI-IMD-FL-1984-0036,1984-06-14T00:00:00,positive,Orange,982.0,20.692,10.06,6.0044,9.25,61.8,4.0,1.5687,,1.7,4.1,7.0,22.7,51.3,7.9888,1.7,,,,2
Wayanad,Chooralmala,UEI-IMD-FL-1984-0036,1984-06-14T12:00:00,positive,Orange,982.0,20.692,10.06,6.0044,9.25,61.8,4.0,1.5687,,0.6,3.9,6.1,27.3,68.4,7.1878,0.6,,,,2
Wayanad,Chooralmala,UEI-IMD-FL-1984-0036,1984-06-14T18:00:00,positive,Red,982.0,20.692,10.06,6.0044,9.25,61.8,4.0,1.5687,,0.8,1.6,2.5,26.6,70.9,4.6925,0.8,,,,3
Wayanad,Chooralmala,UEI-IMD-FL-1984-0036,1984-06-15T00:00:00,positive,Red,982.0,20.692,10.06,6.0044,9.25,61.8,4.0,1.5687,,1.2,3.7,6.1,25.7,77.0,6.6608,1.2,,,,3
Wayanad,Chooralmala,UEI-IMD-FL-1984-0041,1984-06-28T00:00:00,positive,Yellow,982.0,20.692,10.06,6.0044,9.25,61.8,4.0,1.5687,,,,,,,0.4,,,,,1
Wayanad,Chooralmala,UEI-IMD-FL-1984-0041,1984-06-29T00:00:00,positive,Yellow,982.0,20.692,10.06,6.0044,9.25,61.8,4.0,1.5687,,0.6,2.2,5.1,24.2,24.2,5.6216,0.6,,,,1
Wayanad,Chooralmala,UEI-IMD-FL-1984-0041,1984-06-30T00:00:00,positive,Orange,982.0,20.692,10.06,6.0044,9.25,61.8,4.0,1.5687,,2.3,5.4,10.5,33.8,58.0,9.9693,2.3,,,,2
Wayanad,Chooralmala,UEI-IMD-FL-1984-0041,1984-06-30T12:00:00,positive,Orange,982.0,20.692,10.06,6.0044,9.25,61.8,4.0,1.5687,,1.4,4.8,10.1,29.9,71.7,9.0883,1.4,,,,2
Wayanad,Chooralmala,UEI-IMD-FL-1984-0041,1984-06-30T18:00:00,positive,Red,982.0,20.692,10.06,6.0044,9.25,61.8,4.0,1.5687,,2.5,7.4,13.2,37.4,84.9,13.2096,2.5,,,,3
Wayanad,Chooralmala,UEI-IMD-FL-1984-0041,1984-07-01T00:00:00,positive,Red,982.0,20.692,10.06,6.0044,9.25,61.8,4.0,1.5687,,3.6,9.3,16.0,42.9,100.9,16.6732,3.6,,,,3
Wayanad,Chooralmala,UEI-IMD-FL-1991-0044,1991-06-03T00:00:00,positive,Yellow,982.0,20.692,10.06,6.0044,9.25,61.8,4.0,1.5687,,,,,,,0.0,,,,,1
Wayanad,Chooralmala,UEI-IMD-FL-1991-0044,1991-06-04T00:00:00,positive,Yellow,982.0,20.692,10.06,6.0044,9.25,61.8,4.0,1.5687,,0.9,3.5,6.1,32.6,32.6,7.1471,0.9,,,,1
Wayanad,Chooralmala,UEI-IMD-FL-1991-0044,1991-06-05T00:00:00,positive,Orange,982.0,20.692,10.06,6.0044,9.25,61.8,4.0,1.5687,,2.6,6.7,20.0,80.9,113.5,20.5762,2.6,,,,2
Wayanad,Chooralmala,UEI-IMD-FL-1991-0044,1991-06-05T12:00:00,positive,Orange,982.0,20.692,10.06,6.0044,9.25,61.8,4.0,1.5687,,6.1,17.3,28.5,86.3,158.8,30.4493,6.1,,,,2
Wayanad,Chooralmala,UEI-IMD-FL-1991-0044,1991-06-05T18:00:00,positive,Red,982.0,20.692,10.06,6.0044,9.25,61.8,4.0,1.5687,,2.4,9.5,28.3,93.6,187.1,26.5157,2.4,,,,3
Wayanad,Chooralmala,UEI-IMD-FL-1991-0044,1991-06-06T00:00:00,positive,Red,982.0,20.692,10.06,6.0044,9.25,61.8,4.0,1.5687,,1.3,4.7,17.7,91.3,204.8,19.921,1.3,,,,3
Wayanad,Chooralmala,UEI-IMD-FL-1992-0026,1992-06-05T00:00:00,positive,Yellow,982.0,20.692,10.06,6.0044,9.25,61.8,4.0,1.5687,,,,,,,0.0,,,,,1
Wayanad,Chooralmala,UEI-IMD-FL-1992-0026,1992-06-06T00:00:00,positive,Yellow,982.0,20.692,10.06,6.0044,9.25,61.8,4.0,1.5687,,0.2,0.8,3.3,17.4,17.4,4.1944,0.2,,,,1
Wayanad,Chooralmala,UEI-IMD-FL-1992-0026,1992-06-07T00:00:00,positive,Orange,982.0,20.692,10.06,6.0044,9.25,61.8,4.0,1.5687,,0.0,0.0,0.0,10.7,28.1,0.6187,0.0,,,,2
Wayanad,Chooralmala,UEI-IMD-FL-1992-0026,1992-06-07T12:00:00,positive,Orange,982.0,20.692,10.06,6.0044,9.25,61.8,4.0,1.5687,,0.2,2.9,6.7,8.1,35.9,4.03,0.2,,,,2
Wayanad,Chooralmala,UEI-IMD-FL-1992-0026,1992-06-07T18:00:00,positive,Red,982.0,20.692,10.06,6.0044,9.25,61.8,4.0,1.5687,,0.0,0.0,0.9,8.7,36.8,1.9192,0.0,,,,3
Wayanad,Chooralmala,UEI-IMD-FL-1992-0026,1992-06-08T00:00:00,positive,Red,982.0,20.692,10.06,6.0044,9.25,61.8,4.0,1.5687,,0.4,0.4,0.5,9.2,37.3,1.8082,0.4,,,,3
Wayanad,Chooralmala,UEI-IMD-FL-1992-0027,1992-06-29T00:00:00,positive,Yellow,982.0,20.692,10.06,6.0044,9.25,61.8,4.0,1.5687,,,,,,,0.4,,,,,1
Wayanad,Chooralmala,UEI-IMD-FL-1992-0027,1992-06-30T00:00:00,positive,Yellow,982.0,20.692,10.06,6.0044,9.25,61.8,4.0,1.5687,,2.0,8.3,13.7,36.9,36.9,12.7369,2.0,,,,1
Wayanad,Chooralmala,UEI-IMD-FL-1992-0027,1992-07-01T00:00:00,positive,Orange,982.0,20.692,10.06,6.0044,9.25,61.8,4.0,1.5687,,0.6,2.6,3.4,25.8,62.7,4.4261,0.6,,,,2
Wayanad,Chooralmala,UEI-IMD-FL-1992-0027,1992-07-01T12:00:00,positive,Orange,982.0,20.692,10.06,6.0044,9.25,61.8,4.0,1.5687,,4.1,6.9,10.0,22.2,78.8,9.7534,4.1,,,,2
Wayanad,Chooralmala,UEI-IMD-FL-1992-0027,1992-07-01T18:00:00,positive,Red,982.0,20.692,10.06,6.0044,9.25,61.8,4.0,1.5687,,0.5,1.7,3.8,23.3,82.6,5.6992,0.5,,,,3
Wayanad,Chooralmala,UEI-IMD-FL-1992-0027,1992-07-02T00:00:00,positive,Red,982.0,20.692,10.06,6.0044,9.25,61.8,4.0,1.5687,,0.3,1.1,4.1,24.0,86.7,4.5106,0.3,,,,3
Wayanad,Chooralmala,UEI-IMD-FL-1995-0053,1995-10-12T00:00:00,positive,Yellow,982.0,20.692,10.06,6.0044,9.25,61.8,4.0,1.5687,,,,,,,0.1,,,,,1
Wayanad,Chooralmala,UEI-IMD-FL-1995-0053,1995-10-13T00:00:00,positive,Yellow,982.0,20.692,10.06,6.0044,9.25,61.8,4.0,1.5687,,0.0,0.0,0.1,7.4,7.4,1.0683,0.0,,,,1
Wayanad,Chooralmala,UEI-IMD-FL-1995-0053,1995-10-14T00:00:00,positive,Orange,982.0,20.692,10.06,6.0044,9.25,61.8,4.0,1.5687,,0.0,0.0,0.0,0.0,7.4,0.0216,0.0,,,,2
Wayanad,Chooralmala,UEI-IMD-FL-1995-0053,1995-10-14T12:00:00,positive,Orange,982.0,20.692,10.06,6.0044,9.25,61.8,4.0,1.5687,,0.3,0.8,1.2,1.2,8.6,0.78,0.3,,,,2
Wayanad,Chooralmala,UEI-IMD-FL-1995-0053,1995-10-14T18:00:00,positive,Red,982.0,20.692,10.06,6.0044,9.25,61.8,4.0,1.5687,,0.0,0.0,0.4,1.6,9.0,0.4873,0.0,,,,3
Wayanad,Chooralmala,UEI-IMD-FL-1995-0053,1995-10-15T00:00:00,positive,Red,982.0,20.692,10.06,6.0044,9.25,61.8,4.0,1.5687,,0.0,0.0,0.0,1.6,9.0,0.1838,0.0,,,,3
Wayanad,Chooralmala,UEI-IMD-FL-1996-0053,1996-06-13T00:00:00,positive,Yellow,982.0,20.692,10.06,6.0044,9.25,61.8,4.0,1.5687,,,,,,,0.2,,,,,1
Wayanad,Chooralmala,UEI-IMD-FL-1996-0053,1996-06-14T00:00:00,positive,Yellow,982.0,20.692,10.06,6.0044,9.25,61.8,4.0,1.5687,,2.1,5.7,13.1,58.3,58.3,17.7227,2.1,,,,1
Wayanad,Chooralmala,UEI-IMD-FL-1996-0053,1996-06-15T00:00:00,positive,Orange,982.0,20.692,10.06,6.0044,9.25,61.8,4.0,1.5687,,1.1,7.5,18.4,123.4,181.7,23.9331,1.1,,,,2
Wayanad,Chooralmala,UEI-IMD-FL-1996-0053,1996-06-15T12:00:00,positive,Orange,982.0,20.692,10.06,6.0044,9.25,61.8,4.0,1.5687,,1.0,4.9,13.8,80.6,205.6,14.8549,1.0,,,,2
Wayanad,Chooralmala,UEI-IMD-FL-1996-0053,1996-06-15T18:00:00,positive,Red,982.0,20.692,10.06,6.0044,9.25,61.8,4.0,1.5687,,1.3,4.7,9.0,51.3,214.6,11.3766,1.3,,,,3
Wayanad,Chooralmala,UEI-IMD-FL-1996-0053,1996-06-16T00:00:00,positive,Red,982.0,20.692,10.06,6.0044,9.25,61.8,4.0,1.5687,,3.3,8.0,13.3,46.2,227.9,16.0918,3.3,,,,3
Wayanad,Chooralmala,UEI-IMD-FL-1998-0057,1998-06-29T00:00:00,positive,Yellow,982.0,20.692,10.06,6.0044,9.25,61.8,4.0,1.5687,,,,,,,5.1,,,,,1
Wayanad,Chooralmala,UEI-IMD-FL-1998-0057,1998-06-30T00:00:00,positive,Yellow,982.0,20.692,10.06,6.0044,9.25,61.8,4.0,1.5687,,2.2,7.3,11.9,66.4,66.4,14.0747,2.2,,,,1
Wayanad,Chooralmala,UEI-IMD-FL-1998-0057,1998-07-01T00:00:00,positive,Orange,982.0,20.692,10.06,6.0044,9.25,61.8,4.0,1.5687,,2.6,7.3,14.6,66.8,133.2,16.6113,2.6,,,,2
Wayanad,Chooralmala,UEI-IMD-FL-1998-0057,1998-07-01T12:00:00,positive,Orange,982.0,20.692,10.06,6.0044,9.25,61.8,4.0,1.5687,,3.1,13.1,20.0,60.3,162.4,21.3895,3.1,,,,2
Wayanad,Chooralmala,UEI-IMD-FL-1998-0057,1998-07-01T18:00:00,positive,Red,982.0,20.692,10.06,6.0044,9.25,61.8,4.0,1.5687,,0.7,2.1,11.0,54.8,173.4,12.467,0.7,,,,3
Wayanad,Chooralmala,UEI-IMD-FL-1998-0057,1998-07-02T00:00:00,positive,Red,982.0,20.692,10.06,6.0044,9.25,61.8,4.0,1.5687,,2.4,7.2,11.2,51.4,184.6,13.295,2.4,,,,3
Wayanad,Chooralmala,UEI-IMD-FL-1998-0059,1998-10-07T00:00:00,positive,Yellow,982.0,20.692,10.06,6.0044,9.25,61.8,4.0,1.5687,,,,,,,0.0,,,,,1
Wayanad,Chooralmala,UEI-IMD-FL-1998-0059,1998-10-08T00:00:00,positive,Yellow,982.0,20.692,10.06,6.0044,9.25,61.8,4.0,1.5687,,0.2,0.6,0.6,8.9,8.9,1.4214,0.2,,,,1
Wayanad,Chooralmala,UEI-IMD-FL-1998-0059,1998-10-09T00:00:00,positive,Orange,982.0,20.692,10.06,6.0044,9.25,61.8,4.0,1.5687,,0.2,1.7,3.3,10.6,19.5,3.0595,0.2,,,,2
Wayanad,Chooralmala,UEI-IMD-FL-1998-0059,1998-10-09T12:00:00,positive,Orange,982.0,20.692,10.06,6.0044,9.25,61.8,4.0,1.5687,,2.1,6.0,9.1,15.3,29.4,8.0057,2.1,,,,2
Wayanad,Chooralmala,UEI-IMD-FL-1998-0059,1998-10-09T18:00:00,positive,Red,982.0,20.692,10.06,6.0044,9.25,61.8,4.0,1.5687,,1.4,4.2,9.4,22.6,38.8,9.1584,1.4,,,,3
Wayanad,Chooralmala,UEI-IMD-FL-1998-0059,1998-10-10T00:00:00,positive,Red,982.0,20.692,10.06,6.0044,9.25,61.8,4.0,1.5687,,1.2,2.7,4.5,23.8,43.3,6.7538,1.2,,,,3
Wayanad,Chooralmala,UEI-IMD-FL-1999-0050,1999-10-15T00:00:00,positive,Yellow,982.0,20.692,10.06,6.0044,9.25,61.8,4.0,1.5687,,,,,,,0.0,,,,,1
Wayanad,Chooralmala,UEI-IMD-FL-1999-0050,1999-10-16T00:00:00,positive,Yellow,982.0,20.692,10.06,6.0044,9.25,61.8,4.0,1.5687,,0.1,0.7,1.5,12.0,12.0,2.5864,0.1,,,,1
Wayanad,Chooralmala,UEI-IMD-FL-1999-0050,1999-10-17T00:00:00,positive,Orange,982.0,20.692,10.06,6.0044,9.25,61.8,4.0,1.5687,,0.0,0.0,0.0,12.3,24.3,1.3372,0.0,,,,2
Wayanad,Chooralmala,UEI-IMD-FL-1999-0050,1999-10-17T12:00:00,positive,Orange,982.0,20.692,10.06,6.0044,9.25,61.8,4.0,1.5687,,1.5,5.5,10.0,12.2,35.3,7.2244,1.5,,,,2
Wayanad,Chooralmala,UEI-IMD-FL-1999-0050,1999-10-17T18:00:00,positive,Red,982.0,20.692,10.06,6.0044,9.25,61.8,4.0,1.5687,,0.0,0.0,1.3,12.3,36.6,2.9465,0.0,,,,3
Wayanad,Chooralmala,UEI-IMD-FL-1999-0050,1999-10-18T00:00:00,positive,Red,982.0,20.692,10.06,6.0044,9.25,61.8,4.0,1.5687,,0.1,0.5,0.9,13.2,37.5,1.8567,0.1,,,,3
Wayanad,Chooralmala,UEI-IMD-FL-2000-0068,2000-08-19T00:00:00,positive,Yellow,982.0,20.692,10.06,6.0044,9.25,61.8,4.0,1.5687,,,,,,,0.2,,,,,1
Wayanad,Chooralmala,UEI-IMD-FL-2000-0068,2000-08-20T00:00:00,positive,Yellow,982.0,20.692,10.06,6.0044,9.25,61.8,4.0,1.5687,,0.8,2.3,3.0,8.1,8.1,3.3957,0.8,,,,1
Wayanad,Chooralmala,UEI-IMD-FL-2000-0068,2000-08-21T00:00:00,positive,Orange,982.0,20.692,10.06,6.0044,9.25,61.8,4.0,1.5687,,0.3,0.9,1.4,8.0,16.1,1.4849,0.3,,,,2
Wayanad,Chooralmala,UEI-IMD-FL-2000-0068,2000-08-21T12:00:00,positive,Orange,982.0,20.692,10.06,6.0044,9.25,61.8,4.0,1.5687,,1.0,2.6,6.9,15.1,28.7,6.2673,1.0,,,,2
Wayanad,Chooralmala,UEI-IMD-FL-2000-0068,2000-08-21T18:00:00,positive,Red,982.0,20.692,10.06,6.0044,9.25,61.8,4.0,1.5687,,2.8,7.4,10.4,24.4,39.1,12.1776,2.8,,,,3
Wayanad,Chooralmala,UEI-IMD-FL-2000-0068,2000-08-22T00:00:00,positive,Red,982.0,20.692,10.06,6.0044,9.25,61.8,4.0,1.5687,,2.9,8.2,17.3,40.3,56.4,15.7255,2.9,,,,3
Wayanad,Chooralmala,UEI-IMD-FL-2004-0036,2004-07-04T00:00:00,positive,Yellow,982.0,20.692,10.06,6.0044,9.25,61.8,4.0,1.5687,,,,,,,0.7,,0.97,,,1
Wayanad,Chooralmala,UEI-IMD-FL-2004-0036,2004-07-05T00:00:00,positive,Yellow,982.0,20.692,10.06,6.0044,9.25,61.8,4.0,1.5687,,0.1,0.7,1.4,9.1,9.1,1.4447,0.1,0.96,,,1
Wayanad,Chooralmala,UEI-IMD-FL-2004-0036,2004-07-06T00:00:00,positive,Orange,982.0,20.692,10.06,6.0044,9.25,61.8,4.0,1.5687,,0.0,0.0,0.0,1.2,10.3,0.132,0.0,0.96,,,2
Wayanad,Chooralmala,UEI-IMD-FL-2004-0036,2004-07-06T12:00:00,positive,Orange,982.0,20.692,10.06,6.0044,9.25,61.8,4.0,1.5687,,3.0,3.6,4.0,4.4,14.5,3.7529,3.0,0.95,,,2
Wayanad,Chooralmala,UEI-IMD-FL-2004-0036,2004-07-06T18:00:00,positive,Red,982.0,20.692,10.06,6.0044,9.25,61.8,4.0,1.5687,,0.0,0.0,0.7,4.9,15.2,1.8198,0.0,0.95,,,3
Wayanad,Chooralmala,UEI-IMD-FL-2004-0036,2004-07-07T00:00:00,positive,Red,982.0,20.692,10.06,6.0044,9.25,61.8,4.0,1.5687,,0.0,0.0,0.6,5.5,15.8,0.9429,0.0,0.95,,,3
Wayanad,Chooralmala,UEI-IMD-FL-2004-0038,2004-07-31T00:00:00,positive,Yellow,982.0,20.692,10.06,6.0044,9.25,61.8,4.0,1.5687,,,,,,,0.0,,0.97,,,1
Wayanad,Chooralmala,UEI-IMD-FL-2004-0038,2004-08-01T00:00:00,positive,Yellow,982.0,20.692,10.06,6.0044,9.25,61.8,4.0,1.5687,,0.0,0.6,0.8,7.3,7.3,1.4105,0.0,0.96,,,1
Wayanad,Chooralmala,UEI-IMD-FL-2004-0038,2004-08-02T00:00:00,positive,Orange,982.0,20.692,10.06,6.0044,9.25,61.8,4.0,1.5687,,0.3,0.6,0.6,3.4,10.7,1.0694,0.3,0.96,,,2
Wayanad,Chooralmala,UEI-IMD-FL-2004-0038,2004-08-02T12:00:00,positive,Orange,982.0,20.692,10.06,6.0044,9.25,61.8,4.0,1.5687,,0.4,0.8,1.1,4.7,12.8,1.9702,0.4,0.96,,,2
Wayanad,Chooralmala,UEI-IMD-FL-2004-0038,2004-08-02T18:00:00,positive,Red,982.0,20.692,10.06,6.0044,9.25,61.8,4.0,1.5687,,1.7,2.7,3.8,6.5,16.6,5.5885,1.7,0.95,,,3
Wayanad,Chooralmala,UEI-IMD-FL-2004-0038,2004-08-03T00:00:00,positive,Red,982.0,20.692,10.06,6.0044,9.25,61.8,4.0,1.5687,,1.2,3.8,9.2,15.1,25.8,7.242,1.2,0.96,,,3
Wayanad,Chooralmala,UEI-IMD-FL-2005-0069,2005-04-03T00:00:00,positive,Yellow,982.0,20.692,10.06,6.0044,9.25,61.8,4.0,1.5687,,,,,,,0.0,,0.48,,,1
Wayanad,Chooralmala,UEI-IMD-FL-2005-0069,2005-04-04T00:00:00,positive,Yellow,982.0,20.692,10.06,6.0044,9.25,61.8,4.0,1.5687,,0.0,0.0,0.7,3.3,3.3,0.835,0.0,0.51,,,1
Wayanad,Chooralmala,UEI-IMD-FL-2005-0069,2005-04-05T00:00:00,positive,Orange,982.0,20.692,10.06,6.0044,9.25,61.8,4.0,1.5687,,0.0,0.0,0.7,4.7,8.0,1.1498,0.0,0.51,,,2
Wayanad,Chooralmala,UEI-IMD-FL-2005-0069,2005-04-05T12:00:00,positive,Orange,982.0,20.692,10.06,6.0044,9.25,61.8,4.0,1.5687,,0.5,2.0,4.1,8.1,12.1,2.9897,0.5,0.51,,,2
Wayanad,Chooralmala,UEI-IMD-FL-2005-0069,2005-04-05T18:00:00,positive,Red,982.0,20.692,10.06,6.0044,9.25,61.8,4.0,1.5687,,0.7,2.2,3.4,8.2,15.5,3.5246,0.7,0.51,,,3
Wayanad,Chooralmala,UEI-IMD-FL-2005-0069,2005-04-06T00:00:00,positive,Red,982.0,20.692,10.06,6.0044,9.25,61.8,4.0,1.5687,,0.5,1.4,1.8,9.3,17.3,3.1503,0.5,0.51,,,3
Wayanad,Chooralmala,UEI-IMD-FL-2005-0072,2005-04-29T00:00:00,positive,Yellow,982.0,20.692,10.06,6.0044,9.25,61.8,4.0,1.5687,,,,,,,0.0,,0.52,,,1
Wayanad,Chooralmala,UEI-IMD-FL-2005-0072,2005-04-30T00:00:00,positive,Yellow,982.0,20.692,10.06,6.0044,9.25,61.8,4.0,1.5687,,0.0,0.0,0.0,1.5,1.5,0.1777,0.0,0.52,,,1
Wayanad,Chooralmala,UEI-IMD-FL-2005-0072,2005-05-01T00:00:00,positive,Orange,982.0,20.692,10.06,6.0044,9.25,61.8,4.0,1.5687,,0.0,2.0,2.0,2.7,4.2,1.3358,0.0,0.51,,,2
Wayanad,Chooralmala,UEI-IMD-FL-2005-0072,2005-05-01T12:00:00,positive,Orange,982.0,20.692,10.06,6.0044,9.25,61.8,4.0,1.5687,,0.6,1.0,1.0,3.1,5.3,1.0211,0.6,0.51,,,2
Wayanad,Chooralmala,UEI-IMD-FL-2005-0072,2005-05-01T18:00:00,positive,Red,982.0,20.692,10.06,6.0044,9.25,61.8,4.0,1.5687,,0.0,0.0,0.2,3.3,5.5,0.4738,0.0,0.52,,,3
Wayanad,Chooralmala,UEI-IMD-FL-2005-0072,2005-05-02T00:00:00,positive,Red,982.0,20.692,10.06,6.0044,9.25,61.8,4.0,1.5687,,0.0,0.0,0.0,1.3,5.5,0.1787,0.0,0.52,,,3
Wayanad,Chooralmala,UEI-IMD-FL-2005-0074,2005-05-26T00:00:00,positive,Yellow,982.0,20.692,10.06,6.0044,9.25,61.8,4.0,1.5687,,,,,,,0.0,,0.49,,,1
Wayanad,Chooralmala,UEI-IMD-FL-2005-0074,2005-05-27T00:00:00,positive,Yellow,982.0,20.692,10.06,6.0044,9.25,61.8,4.0,1.5687,,0.0,0.0,0.0,6.9,6.9,0.9929,0.0,0.56,,,1
Wayanad,Chooralmala,UEI-IMD-FL-2005-0074,2005-05-28T00:00:00,positive,Orange,982.0,20.692,10.06,6.0044,9.25,61.8,4.0,1.5687,,0.0,0.0,0.0,8.6,15.5,1.0605,0.0,0.57,,,2
Wayanad,Chooralmala,UEI-IMD-FL-2005-0074,2005-05-28T12:00:00,positive,Orange,982.0,20.692,10.06,6.0044,9.25,61.8,4.0,1.5687,,0.1,0.8,3.9,8.8,19.4,3.5002,0.1,0.57,,,2
Wayanad,Chooralmala,UEI-IMD-FL-2005-0074,2005-05-28T18:00:00,positive,Red,982.0,20.692,10.06,6.0044,9.25,61.8,4.0,1.5687,,0.0,0.0,2.2,6.1,21.6,1.6751,0.0,0.57,,,3
Wayanad,Chooralmala,UEI-IMD-FL-2005-0074,2005-05-29T00:00:00,positive,Red,982.0,20.692,10.06,6.0044,9.25,61.8,4.0,1.5687,,0.0,0.0,0.0,6.1,21.6,0.6318,0.0,0.57,,,3
Wayanad,Chooralmala,UEI-IMD-FL-2005-0075,2005-05-29T00:00:00,positive,Yellow,982.0,20.692,10.06,6.0044,9.25,61.8,4.0,1.5687,,,,,,,0.0,,0.57,,,1
Wayanad,Chooralmala,UEI-IMD-FL-2005-0075,2005-05-30T00:00:00,positive,Yellow,982.0,20.692,10.06,6.0044,9.25,61.8,4.0,1.5687,,0.4,1.0,2.4,3.4,3.4,1.9058,0.4,0.57,,,1
Wayanad,Chooralmala,UEI-IMD-FL-2005-0075,2005-05-31T00:00:00,positive,Orange,982.0,20.692,10.06,6.0044,9.25,61.8,4.0,1.5687,,0.0,0.0,0.0,5.3,8.7,0.4826,0.0,0.57,,,2
Wayanad,Chooralmala,UEI-IMD-FL-2005-0075,2005-05-31T12:00:00,positive,Orange,982.0,20.692,10.06,6.0044,9.25,61.8,4.0,1.5687,,0.2,0.5,2.9,3.7,12.0,1.7351,0.2,0.57,,,2
Wayanad,Chooralmala,UEI-IMD-FL-2005-0075,2005-05-31T18:00:00,positive,Red,982.0,20.692,10.06,6.0044,9.25,61.8,4.0,1.5687,,0.0,0.3,0.9,4.2,12.9,1.587,0.0,0.58,,,3
Wayanad,Chooralmala,UEI-IMD-FL-2005-0075,2005-06-01T00:00:00,positive,Red,982.0,20.692,10.06,6.0044,9.25,61.8,4.0,1.5687,,0.2,1.2,1.7,5.9,14.6,1.6368,0.2,0.59,,,3
Wayanad,Chooralmala,UEI-IMD-FL-2005-0080,2005-07-04T00:00:00,positive,Yellow,982.0,20.692,10.06,6.0044,9.25,61.8,4.0,1.5687,,,,,,,0.3,,0.9,,,1
Wayanad,Chooralmala,UEI-IMD-FL-2005-0080,2005-07-05T00:00:00,positive,Yellow,982.0,20.692,10.06,6.0044,9.25,61.8,4.0,1.5687,,0.8,2.2,3.6,37.5,37.5,6.1983,0.8,0.92,,,1
Wayanad,Chooralmala,UEI-IMD-FL-2005-0080,2005-07-06T00:00:00,positive,Orange,982.0,20.692,10.06,6.0044,9.25,61.8,4.0,1.5687,,0.9,4.1,6.4,38.7,76.2,7.941,0.9,0.92,,,2
Wayanad,Chooralmala,UEI-IMD-FL-2005-0080,2005-07-06T12:00:00,positive,Orange,982.0,20.692,10.06,6.0044,9.25,61.8,4.0,1.5687,,0.1,1.6,3.6,18.2,83.1,4.8849,0.1,0.92,,,2
Wayanad,Chooralmala,UEI-IMD-FL-2005-0080,2005-07-06T18:00:00,positive,Red,982.0,20.692,10.06,6.0044,9.25,61.8,4.0,1.5687,,0.3,1.2,4.7,18.0,87.8,3.9035,0.3,0.92,,,3
Wayanad,Chooralmala,UEI-IMD-FL-2005-0080,2005-07-07T00:00:00,positive,Red,982.0,20.692,10.06,6.0044,9.25,61.8,4.0,1.5687,,0.7,2.0,2.2,13.8,90.0,4.0523,0.7,0.92,,,3
Wayanad,Chooralmala,UEI-IMD-FL-2005-0082,2005-07-19T00:00:00,positive,Yellow,982.0,20.692,10.06,6.0044,9.25,61.8,4.0,1.5687,,,,,,,1.7,,0.96,,,1
Wayanad,Chooralmala,UEI-IMD-FL-2005-0082,2005-07-20T00:00:00,positive,Yellow,982.0,20.692,10.06,6.0044,9.25,61.8,4.0,1.5687,,0.0,1.2,1.3,19.3,19.3,2.4721,0.0,0.96,,,1
Wayanad,Chooralmala,UEI-IMD-FL-2005-0082,2005-07-21T00:00:00,positive,Orange,982.0,20.692,10.06,6.0044,9.25,61.8,4.0,1.5687,,0.9,3.1,5.4,18.0,37.3,5.1298,0.9,0.96,,,2
Wayanad,Chooralmala,UEI-IMD-FL-2005-0082,2005-07-21T12:00:00,positive,Orange,982.0,20.692,10.06,6.0044,9.25,61.8,4.0,1.5687,,0.0,0.5,1.1,10.2,39.5,1.4798,0.0,0.96,,,2
Wayanad,Chooralmala,UEI-IMD-FL-2005-0082,2005-07-21T18:00:00,positive,Red,982.0,20.692,10.06,6.0044,9.25,61.8,4.0,1.5687,,0.0,0.0,0.0,7.6,39.5,0.5581,0.0,0.96,,,3
Wayanad,Chooralmala,UEI-IMD-FL-2005-0082,2005-07-22T00:00:00,positive,Red,982.0,20.692,10.06,6.0044,9.25,61.8,4.0,1.5687,,0.1,0.9,0.9,3.1,40.4,1.0301,0.1,0.96,,,3
Wayanad,Chooralmala,UEI-IMD-FL-2005-0084,2005-09-29T00:00:00,positive,Yellow,982.0,20.692,10.06,6.0044,9.25,61.8,4.0,1.5687,,,,,,,0.0,,0.89,,,1
Wayanad,Chooralmala,UEI-IMD-FL-2005-0084,2005-09-30T00:00:00,positive,Yellow,982.0,20.692,10.06,6.0044,9.25,61.8,4.0,1.5687,,0.0,0.0,0.0,1.0,1.0,0.1139,0.0,0.88,,,1
Wayanad,Chooralmala,UEI-IMD-FL-2005-0084,2005-10-01T00:00:00,positive,Orange,982.0,20.692,10.06,6.0044,9.25,61.8,4.0,1.5687,,0.0,0.0,0.0,0.0,1.0,0.0023,0.0,0.88,,,2
Wayanad,Chooralmala,UEI-IMD-FL-2005-0084,2005-10-01T12:00:00,positive,Orange,982.0,20.692,10.06,6.0044,9.25,61.8,4.0,1.5687,,0.0,0.0,0.0,0.0,1.0,0.0003,0.0,0.88,,,2
Wayanad,Chooralmala,UEI-IMD-FL-2005-0084,2005-10-01T18:00:00,positive,Red,982.0,20.692,10.06,6.0044,9.25,61.8,4.0,1.5687,,0.0,0.0,0.0,0.0,1.0,0.0001,0.0,0.87,,,3
Wayanad,Chooralmala,UEI-IMD-FL-2005-0084,2005-10-02T00:00:00,positive,Red,982.0,20.692,10.06,6.0044,9.25,61.8,4.0,1.5687,,0.0,0.0,0.0,0.0,1.0,0.0,0.0,0.88,,,3
Wayanad,Chooralmala,UEI-IMD-FL-2005-0085,2005-10-04T00:00:00,positive,Yellow,982.0,20.692,10.06,6.0044,9.25,61.8,4.0,1.5687,,,,,,,0.0,,0.87,,,1
Wayanad,Chooralmala,UEI-IMD-FL-2005-0085,2005-10-05T00:00:00,positive,Yellow,982.0,20.692,10.06,6.0044,9.25,61.8,4.0,1.5687,,0.0,0.1,1.0,1.3,1.3,0.5116,0.0,0.89,,,1
Wayanad,Chooralmala,UEI-IMD-FL-2005-0085,2005-10-06T00:00:00,positive,Orange,982.0,20.692,10.06,6.0044,9.25,61.8,4.0,1.5687,,0.0,0.0,0.6,12.3,13.6,2.4576,0.0,0.9,,,2
Wayanad,Chooralmala,UEI-IMD-FL-2005-0085,2005-10-06T12:00:00,positive,Orange,982.0,20.692,10.06,6.0044,9.25,61.8,4.0,1.5687,,0.2,2.1,5.0,12.0,18.6,3.2514,0.2,0.89,,,2
Wayanad,Chooralmala,UEI-IMD-FL-2005-0085,2005-10-06T18:00:00,positive,Red,982.0,20.692,10.06,6.0044,9.25,61.8,4.0,1.5687,,2.0,2.9,2.9,8.5,21.5,4.3548,2.0,0.89,,,3
Wayanad,Chooralmala,UEI-IMD-FL-2005-0085,2005-10-07T00:00:00,positive,Red,982.0,20.692,10.06,6.0044,9.25,61.8,4.0,1.5687,,0.0,0.0,0.8,8.7,22.3,1.6424,0.0,0.89,,,3
Wayanad,Chooralmala,UEI-IMD-FL-2005-0087,2005-10-19T00:00:00,positive,Yellow,982.0,20.692,10.06,6.0044,9.25,61.8,4.0,1.5687,,,,,,,0.0,,0.93,,,1
Wayanad,Chooralmala,UEI-IMD-FL-2005-0087,2005-10-20T00:00:00,positive,Yellow,982.0,20.692,10.06,6.0044,9.25,61.8,4.0,1.5687,,0.0,0.0,1.3,21.6,21.6,3.1061,0.0,0.93,,,1
Wayanad,Chooralmala,UEI-IMD-FL-2005-0087,2005-10-21T00:00:00,positive,Orange,982.0,20.692,10.06,6.0044,9.25,61.8,4.0,1.5687,,0.0,0.0,1.1,14.9,36.5,2.7661,0.0,0.93,,,2
Wayanad,Chooralmala,UEI-IMD-FL-2005-0087,2005-10-21T12:00:00,positive,Orange,982.0,20.692,10.06,6.0044,9.25,61.8,4.0,1.5687,,0.7,1.6,2.6,13.6,39.1,2.586,0.7,0.93,,,2
Wayanad,Chooralmala,UEI-IMD-FL-2005-0087,2005-10-21T18:00:00,positive,Red,982.0,20.692,10.06,6.0044,9.25,61.8,4.0,1.5687,,0.0,0.0,0.7,4.4,39.8,1.0641,0.0,0.93,,,3
Wayanad,Chooralmala,UEI-IMD-FL-2005-0087,2005-10-22T00:00:00,positive,Red,982.0,20.692,10.06,6.0044,9.25,61.8,4.0,1.5687,,1.1,1.1,1.1,4.4,40.9,2.3363,1.1,0.94,,,3
Wayanad,Chooralmala,UEI-IMD-FL-2006-0046,2006-03-02T00:00:00,positive,Yellow,982.0,20.692,10.06,6.0044,9.25,61.8,4.0,1.5687,,,,,,,0.0,,0.49,,,1
Wayanad,Chooralmala,UEI-IMD-FL-2006-0046,2006-03-03T00:00:00,positive,Yellow,982.0,20.692,10.06,6.0044,9.25,61.8,4.0,1.5687,,0.0,0.0,0.0,0.0,0.0,0.0,0.0,0.49,,,1
Wayanad,Chooralmala,UEI-IMD-FL-2006-0046,2006-03-04T00:00:00,positive,Orange,982.0,20.692,10.06,6.0044,9.25,61.8,4.0,1.5687,,0.0,0.0,0.0,6.5,6.5,0.8087,0.0,0.52,,,2
Wayanad,Chooralmala,UEI-IMD-FL-2006-0046,2006-03-04T12:00:00,positive,Orange,982.0,20.692,10.06,6.0044,9.25,61.8,4.0,1.5687,,0.1,0.2,0.2,3.5,6.7,2.1614,0.1,0.52,,,2
Wayanad,Chooralmala,UEI-IMD-FL-2006-0046,2006-03-04T18:00:00,positive,Red,982.0,20.692,10.06,6.0044,9.25,61.8,4.0,1.5687,,0.0,2.2,13.7,13.9,20.4,6.6396,0.0,0.52,,,3
Wayanad,Chooralmala,UEI-IMD-FL-2006-0046,2006-03-05T00:00:00,positive,Red,982.0,20.692,10.06,6.0044,9.25,61.8,4.0,1.5687,,0.0,0.0,0.0,13.9,20.4,2.5041,0.0,0.52,,,3
Wayanad,Chooralmala,UEI-IMD-FL-2006-0049,2006-05-29T00:00:00,positive,Yellow,982.0,20.692,10.06,6.0044,9.25,61.8,4.0,1.5687,,,,,,,1.0,,0.82,,,1
Wayanad,Chooralmala,UEI-IMD-FL-2006-0049,2006-05-30T00:00:00,positive,Yellow,982.0,20.692,10.06,6.0044,9.25,61.8,4.0,1.5687,,3.2,19.7,42.0,111.0,111.0,32.7375,3.2,0.84,,,1
Wayanad,Chooralmala,UEI-IMD-FL-2006-0049,2006-05-31T00:00:00,positive,Orange,982.0,20.692,10.06,6.0044,9.25,61.8,4.0,1.5687,,8.2,22.9,50.1,123.8,234.8,49.6823,8.2,0.85,,,2
Wayanad,Chooralmala,UEI-IMD-FL-2006-0049,2006-05-31T12:00:00,positive,Orange,982.0,20.692,10.06,6.0044,9.25,61.8,4.0,1.5687,,5.6,17.5,33.4,149.7,312.0,38.3575,5.6,0.86,,,2
Wayanad,Chooralmala,UEI-IMD-FL-2006-0049,2006-05-31T18:00:00,positive,Red,982.0,20.692,10.06,6.0044,9.25,61.8,4.0,1.5687,,4.4,13.1,24.6,151.9,336.6,30.9027,4.4,0.88,,,3
Wayanad,Chooralmala,UEI-IMD-FL-2006-0049,2006-06-01T00:00:00,positive,Red,982.0,20.692,10.06,6.0044,9.25,61.8,4.0,1.5687,,2.9,12.4,27.0,128.8,363.6,28.2151,2.9,0.9,,,3
Wayanad,Chooralmala,UEI-IMD-FL-2006-0052,2006-06-28T00:00:00,positive,Yellow,982.0,20.692,10.06,6.0044,9.25,61.8,4.0,1.5687,,,,,,,1.3,,0.98,,,1
Wayanad,Chooralmala,UEI-IMD-FL-2006-0052,2006-06-29T00:00:00,positive,Yellow,982.0,20.692,10.06,6.0044,9.25,61.8,4.0,1.5687,,2.0,6.7,9.1,40.5,40.5,9.6743,2.0,0.98,,,1
Wayanad,Chooralmala,UEI-IMD-FL-2006-0052,2006-06-30T00:00:00,positive,Orange,982.0,20.692,10.06,6.0044,9.25,61.8,4.0,1.5687,,0.6,2.2,5.7,54.9,95.4,9.9007,0.6,1.0,,,2
Wayanad,Chooralmala,UEI-IMD-FL-2006-0052,2006-06-30T12:00:00,positive,Orange,982.0,20.692,10.06,6.0044,9.25,61.8,4.0,1.5687,,0.2,0.8,4.7,29.8,107.1,5.4127,0.2,1.0,,,2
Wayanad,Chooralmala,UEI-IMD-FL-2006-0052,2006-06-30T18:00:00,positive,Red,982.0,20.692,10.06,6.0044,9.25,61.8,4.0,1.5687,,0.0,0.7,1.7,19.1,108.8,2.9349,0.0,1.0,,,3
Wayanad,Chooralmala,UEI-IMD-FL-2006-0052,2006-07-01T00:00:00,positive,Red,982.0,20.692,10.06,6.0044,9.25,61.8,4.0,1.5687,,0.5,1.0,2.0,15.4,110.8,2.8039,0.5,1.0,,,3
Wayanad,Chooralmala,UEI-IMD-FL-2006-0053,2006-07-01T00:00:00,positive,Yellow,982.0,20.692,10.06,6.0044,9.25,61.8,4.0,1.5687,,,,,,,0.5,,1.0,,,1
Wayanad,Chooralmala,UEI-IMD-FL-2006-0053,2006-07-02T00:00:00,positive,Yellow,982.0,20.692,10.06,6.0044,9.25,61.8,4.0,1.5687,,0.6,2.9,5.0,13.8,13.8,5.2682,0.6,0.99,,,1
Wayanad,Chooralmala,UEI-IMD-FL-2006-0053,2006-07-03T00:00:00,positive,Orange,982.0,20.692,10.06,6.0044,9.25,61.8,4.0,1.5687,,1.0,3.5,6.1,53.6,67.4,8.8192,1.0,0.99,,,2
Wayanad,Chooralmala,UEI-IMD-FL-2006-0053,2006-07-03T12:00:00,positive,Orange,982.0,20.692,10.06,6.0044,9.25,61.8,4.0,1.5687,,0.7,3.7,8.0,33.7,86.3,11.343,0.7,0.99,,,2
Wayanad,Chooralmala,UEI-IMD-FL-2006-0053,2006-07-03T18:00:00,positive,Red,982.0,20.692,10.06,6.0044,9.25,61.8,4.0,1.5687,,0.5,4.8,11.5,36.5,97.8,12.0416,0.5,0.99,,,3
Wayanad,Chooralmala,UEI-IMD-FL-2006-0053,2006-07-04T00:00:00,positive,Red,982.0,20.692,10.06,6.0044,9.25,61.8,4.0,1.5687,,1.1,6.1,12.5,42.9,110.3,13.1536,1.1,0.99,,,3
Wayanad,Chooralmala,UEI-IMD-FL-2006-0054,2006-07-02T00:00:00,positive,Yellow,982.0,20.692,10.06,6.0044,9.25,61.8,4.0,1.5687,,,,,,,1.1,,0.99,,,1
Wayanad,Chooralmala,UEI-IMD-FL-2006-0054,2006-07-03T00:00:00,positive,Yellow,982.0,20.692,10.06,6.0044,9.25,61.8,4.0,1.5687,,1.0,3.5,6.1,53.6,53.6,8.7348,1.0,0.99,,,1
Wayanad,Chooralmala,UEI-IMD-FL-2006-0054,2006-07-04T00:00:00,positive,Orange,982.0,20.692,10.06,6.0044,9.25,61.8,4.0,1.5687,,1.1,6.1,12.5,42.9,96.5,13.1519,1.1,0.99,,,2
Wayanad,Chooralmala,UEI-IMD-FL-2006-0054,2006-07-04T12:00:00,positive,Orange,982.0,20.692,10.06,6.0044,9.25,61.8,4.0,1.5687,,0.7,3.0,5.1,36.2,108.7,7.5846,0.7,0.99,,,2
Wayanad,Chooralmala,UEI-IMD-FL-2006-0054,2006-07-04T18:00:00,positive,Red,982.0,20.692,10.06,6.0044,9.25,61.8,4.0,1.5687,,0.2,1.6,5.1,29.8,113.8,5.7393,0.2,0.99,,,3
Wayanad,Chooralmala,UEI-IMD-FL-2006-0054,2006-07-05T00:00:00,positive,Red,982.0,20.692,10.06,6.0044,9.25,61.8,4.0,1.5687,,1.0,2.6,5.2,22.5,119.0,5.8731,1.0,0.99,,,3
Wayanad,Chooralmala,UEI-IMD-FL-2006-0055,2006-08-10T00:00:00,positive,Yellow,982.0,20.692,10.06,6.0044,9.25,61.8,4.0,1.5687,,,,,,,0.0,,0.94,,,1
Wayanad,Chooralmala,UEI-IMD-FL-2006-0055,2006-08-11T00:00:00,positive,Yellow,982.0,20.692,10.06,6.0044,9.25,61.8,4.0,1.5687,,1.4,2.8,5.1,22.3,22.3,5.6808,1.4,0.96,,,1
Wayanad,Chooralmala,UEI-IMD-FL-2006-0055,2006-08-12T00:00:00,positive,Orange,982.0,20.692,10.06,6.0044,9.25,61.8,4.0,1.5687,,1.8,3.3,5.6,27.4,49.7,8.71,1.8,0.99,,,2
Wayanad,Chooralmala,UEI-IMD-FL-2006-0055,2006-08-12T12:00:00,positive,Orange,982.0,20.692,10.06,6.0044,9.25,61.8,4.0,1.5687,,3.8,8.1,18.9,42.1,78.7,15.5022,3.8,0.99,,,2
Wayanad,Chooralmala,UEI-IMD-FL-2006-0055,2006-08-12T18:00:00,positive,Red,982.0,20.692,10.06,6.0044,9.25,61.8,4.0,1.5687,,1.3,3.4,6.1,40.7,84.8,11.2124,1.3,0.99,,,3
Wayanad,Chooralmala,UEI-IMD-FL-2006-0055,2006-08-13T00:00:00,positive,Red,982.0,20.692,10.06,6.0044,9.25,61.8,4.0,1.5687,,0.5,1.8,5.8,40.9,90.6,7.0329,0.5,0.99,,,3
Wayanad,Chooralmala,UEI-IMD-FL-2007-0078,2007-04-18T00:00:00,positive,Yellow,982.0,20.692,10.06,6.0044,9.25,61.8,4.0,1.5687,,,,,,,0.0,,0.53,,,1
Wayanad,Chooralmala,UEI-IMD-FL-2007-0078,2007-04-19T00:00:00,positive,Yellow,982.0,20.692,10.06,6.0044,9.25,61.8,4.0,1.5687,,0.0,0.0,0.0,4.7,4.7,0.3576,0.0,0.53,,,1
Wayanad,Chooralmala,UEI-IMD-FL-2007-0078,2007-04-20T00:00:00,positive,Orange,982.0,20.692,10.06,6.0044,9.25,61.8,4.0,1.5687,,0.0,0.0,0.0,0.8,5.5,0.0809,0.0,0.52,,,2
Wayanad,Chooralmala,UEI-IMD-FL-2007-0078,2007-04-20T12:00:00,positive,Orange,982.0,20.692,10.06,6.0044,9.25,61.8,4.0,1.5687,,0.2,0.5,0.9,0.9,6.4,0.5806,0.2,0.52,,,2
Wayanad,Chooralmala,UEI-IMD-FL-2007-0078,2007-04-20T18:00:00,positive,Red,982.0,20.692,10.06,6.0044,9.25,61.8,4.0,1.5687,,0.0,0.0,0.1,1.0,6.5,0.2712,0.0,0.52,,,3
Wayanad,Chooralmala,UEI-IMD-FL-2007-0078,2007-04-21T00:00:00,positive,Red,982.0,20.692,10.06,6.0044,9.25,61.8,4.0,1.5687,,0.0,0.0,0.0,1.0,6.5,0.1023,0.0,0.52,,,3
Wayanad,Chooralmala,UEI-IMD-FL-2007-0079,2007-06-04T00:00:00,positive,Yellow,982.0,20.692,10.06,6.0044,9.25,61.8,4.0,1.5687,,,,,,,0.0,,0.67,,,1
Wayanad,Chooralmala,UEI-IMD-FL-2007-0079,2007-06-05T00:00:00,positive,Yellow,982.0,20.692,10.06,6.0044,9.25,61.8,4.0,1.5687,,0.0,0.0,0.0,0.6,0.6,0.0472,0.0,0.66,,,1
Wayanad,Chooralmala,UEI-IMD-FL-2007-0079,2007-06-06T00:00:00,positive,Orange,982.0,20.692,10.06,6.0044,9.25,61.8,4.0,1.5687,,0.0,1.4,1.4,3.5,4.1,1.2731,0.0,0.68,,,2
Wayanad,Chooralmala,UEI-IMD-FL-2007-0079,2007-06-06T12:00:00,positive,Orange,982.0,20.692,10.06,6.0044,9.25,61.8,4.0,1.5687,,0.2,0.2,3.7,6.5,8.2,2.8458,0.2,0.69,,,2
Wayanad,Chooralmala,UEI-IMD-FL-2007-0079,2007-06-06T18:00:00,positive,Red,982.0,20.692,10.06,6.0044,9.25,61.8,4.0,1.5687,,0.0,2.1,4.7,10.2,12.9,4.1162,0.0,0.69,,,3
Wayanad,Chooralmala,UEI-IMD-FL-2007-0079,2007-06-07T00:00:00,positive,Red,982.0,20.692,10.06,6.0044,9.25,61.8,4.0,1.5687,,0.0,0.0,1.7,10.5,14.6,2.0222,0.0,0.69,,,3
Wayanad,Chooralmala,UEI-IMD-FL-2007-0080,2007-06-07T00:00:00,positive,Yellow,982.0,20.692,10.06,6.0044,9.25,61.8,4.0,1.5687,,,,,,,0.0,,0.69,,,1
Wayanad,Chooralmala,UEI-IMD-FL-2007-0080,2007-06-08T00:00:00,positive,Yellow,982.0,20.692,10.06,6.0044,9.25,61.8,4.0,1.5687,,0.4,2.0,3.2,17.8,17.8,4.3286,0.4,0.7,,,1
Wayanad,Chooralmala,UEI-IMD-FL-2007-0080,2007-06-09T00:00:00,positive,Orange,982.0,20.692,10.06,6.0044,9.25,61.8,4.0,1.5687,,0.0,0.0,0.4,25.5,43.3,2.1585,0.0,0.7,,,2
Wayanad,Chooralmala,UEI-IMD-FL-2007-0080,2007-06-09T12:00:00,positive,Orange,982.0,20.692,10.06,6.0044,9.25,61.8,4.0,1.5687,,0.4,1.7,3.3,9.5,51.8,4.4395,0.4,0.69,,,2
Wayanad,Chooralmala,UEI-IMD-FL-2007-0080,2007-06-09T18:00:00,positive,Red,982.0,20.692,10.06,6.0044,9.25,61.8,4.0,1.5687,,0.0,0.0,0.9,9.8,52.7,1.7631,0.0,0.69,,,3
Wayanad,Chooralmala,UEI-IMD-FL-2007-0080,2007-06-10T00:00:00,positive,Red,982.0,20.692,10.06,6.0044,9.25,61.8,4.0,1.5687,,0.4,0.5,0.5,9.9,53.2,1.3772,0.4,0.69,,,3
Wayanad,Chooralmala,UEI-IMD-FL-2007-0082,2007-06-19T00:00:00,positive,Yellow,982.0,20.692,10.06,6.0044,9.25,61.8,4.0,1.5687,,,,,,,0.5,,0.9,,,1
Wayanad,Chooralmala,UEI-IMD-FL-2007-0082,2007-06-20T00:00:00,positive,Yellow,982.0,20.692,10.06,6.0044,9.25,61.8,4.0,1.5687,,2.0,7.3,22.5,63.4,63.4,21.8352,2.0,0.92,,,1
Wayanad,Chooralmala,UEI-IMD-FL-2007-0082,2007-06-21T00:00:00,positive,Orange,982.0,20.692,10.06,6.0044,9.25,61.8,4.0,1.5687,,2.4,4.0,5.9,37.9,101.3,8.8811,2.4,0.94,,,2
Wayanad,Chooralmala,UEI-IMD-FL-2007-0082,2007-06-21T12:00:00,positive,Orange,982.0,20.692,10.06,6.0044,9.25,61.8,4.0,1.5687,,4.2,12.0,19.1,43.2,129.5,18.2709,4.2,0.94,,,2
Wayanad,Chooralmala,UEI-IMD-FL-2007-0082,2007-06-21T18:00:00,positive,Red,982.0,20.692,10.06,6.0044,9.25,61.8,4.0,1.5687,,2.8,5.6,12.5,46.6,142.0,16.6452,2.8,0.94,,,3
Wayanad,Chooralmala,UEI-IMD-FL-2007-0082,2007-06-22T00:00:00,positive,Red,982.0,20.692,10.06,6.0044,9.25,61.8,4.0,1.5687,,2.9,9.6,18.4,59.1,160.4,19.5277,2.9,0.94,,,3
Wayanad,Chooralmala,UEI-IMD-FL-2007-0083,2007-06-25T00:00:00,positive,Yellow,982.0,20.692,10.06,6.0044,9.25,61.8,4.0,1.5687,,,,,,,0.6,,0.98,,,1
Wayanad,Chooralmala,UEI-IMD-FL-2007-0083,2007-06-26T00:00:00,positive,Yellow,982.0,20.692,10.06,6.0044,9.25,61.8,4.0,1.5687,,0.0,0.0,0.0,7.9,7.9,0.814,0.0,0.97,,,1
Wayanad,Chooralmala,UEI-IMD-FL-2007-0083,2007-06-27T00:00:00,positive,Orange,982.0,20.692,10.06,6.0044,9.25,61.8,4.0,1.5687,,0.7,1.8,2.5,8.8,16.7,3.5522,0.7,0.97,,,2
Wayanad,Chooralmala,UEI-IMD-FL-2007-0083,2007-06-27T12:00:00,positive,Orange,982.0,20.692,10.06,6.0044,9.25,61.8,4.0,1.5687,,0.0,0.0,0.4,12.4,22.7,1.7076,0.0,0.97,,,2
Wayanad,Chooralmala,UEI-IMD-FL-2007-0083,2007-06-27T18:00:00,positive,Red,982.0,20.692,10.06,6.0044,9.25,61.8,4.0,1.5687,,0.2,0.8,0.8,9.3,23.5,1.5259,0.2,0.97,,,3
Wayanad,Chooralmala,UEI-IMD-FL-2007-0083,2007-06-28T00:00:00,positive,Red,982.0,20.692,10.06,6.0044,9.25,61.8,4.0,1.5687,,0.3,0.5,0.9,7.7,24.4,1.7163,0.3,0.97,,,3
Wayanad,Chooralmala,UEI-IMD-FL-2007-0085,2007-06-29T00:00:00,positive,Yellow,982.0,20.692,10.06,6.0044,9.25,61.8,4.0,1.5687,,,,,,,0.7,,0.97,,,1
Wayanad,Chooralmala,UEI-IMD-FL-2007-0085,2007-06-30T00:00:00,positive,Yellow,982.0,20.692,10.06,6.0044,9.25,61.8,4.0,1.5687,,3.1,7.2,10.9,42.6,42.6,14.554,3.1,0.97,,,1
Wayanad,Chooralmala,UEI-IMD-FL-2007-0085,2007-07-01T00:00:00,positive,Orange,982.0,20.692,10.06,6.0044,9.25,61.8,4.0,1.5687,,1.9,6.2,14.1,87.5,130.1,18.3556,1.9,0.98,,,2
Wayanad,Chooralmala,UEI-IMD-FL-2007-0085,2007-07-01T12:00:00,positive,Orange,982.0,20.692,10.06,6.0044,9.25,61.8,4.0,1.5687,,1.9,7.1,18.2,70.9,167.7,18.567,1.9,0.98,,,2
Wayanad,Chooralmala,UEI-IMD-FL-2007-0085,2007-07-01T18:00:00,positive,Red,982.0,20.692,10.06,6.0044,9.25,61.8,4.0,1.5687,,3.5,9.0,13.5,65.2,181.2,17.6721,3.5,0.98,,,3
Wayanad,Chooralmala,UEI-IMD-FL-2007-0085,2007-07-02T00:00:00,positive,Red,982.0,20.692,10.06,6.0044,9.25,61.8,4.0,1.5687,,1.9,6.0,11.1,62.2,192.3,14.0858,1.9,0.98,,,3
Wayanad,Chooralmala,UEI-IMD-FL-2007-0087,2007-07-11T00:00:00,positive,Yellow,982.0,20.692,10.06,6.0044,9.25,61.8,4.0,1.5687,,,,,,,1.1,,1.0,,,1
Wayanad,Chooralmala,UEI-IMD-FL-2007-0087,2007-07-12T00:00:00,positive,Yellow,982.0,20.692,10.06,6.0044,9.25,61.8,4.0,1.5687,,0.2,1.3,2.9,21.4,21.4,5.2646,0.2,1.0,,,1
Wayanad,Chooralmala,UEI-IMD-FL-2007-0087,2007-07-13T00:00:00,positive,Orange,982.0,20.692,10.06,6.0044,9.25,61.8,4.0,1.5687,,3.3,3.9,5.2,20.5,41.9,9.6117,3.3,1.0,,,2
Wayanad,Chooralmala,UEI-IMD-FL-2007-0087,2007-07-13T12:00:00,positive,Orange,982.0,20.692,10.06,6.0044,9.25,61.8,4.0,1.5687,,0.4,1.9,7.1,28.0,62.6,7.5634,0.4,1.0,,,2
Wayanad,Chooralmala,UEI-IMD-FL-2007-0087,2007-07-13T18:00:00,positive,Red,982.0,20.692,10.06,6.0044,9.25,61.8,4.0,1.5687,,0.7,1.6,3.2,29.1,65.8,5.2847,0.7,1.0,,,3
Wayanad,Chooralmala,UEI-IMD-FL-2007-0087,2007-07-14T00:00:00,positive,Red,982.0,20.692,10.06,6.0044,9.25,61.8,4.0,1.5687,,0.7,2.4,5.6,29.5,71.4,5.6425,0.7,1.0,,,3
Wayanad,Chooralmala,UEI-IMD-FL-2007-0088,2007-07-23T00:00:00,positive,Yellow,982.0,20.692,10.06,6.0044,9.25,61.8,4.0,1.5687,,,,,,,0.5,,1.0,,,1
Wayanad,Chooralmala,UEI-IMD-FL-2007-0088,2007-07-24T00:00:00,positive,Yellow,982.0,20.692,10.06,6.0044,9.25,61.8,4.0,1.5687,,0.0,0.4,2.3,13.8,13.8,2.4933,0.0,0.99,,,1
Wayanad,Chooralmala,UEI-IMD-FL-2007-0088,2007-07-25T00:00:00,positive,Orange,982.0,20.692,10.06,6.0044,9.25,61.8,4.0,1.5687,,1.2,3.6,6.2,20.9,34.7,7.294,1.2,1.0,,,2
Wayanad,Chooralmala,UEI-IMD-FL-2007-0088,2007-07-25T12:00:00,positive,Orange,982.0,20.692,10.06,6.0044,9.25,61.8,4.0,1.5687,,0.2,0.5,4.5,32.3,55.8,7.4846,0.2,1.0,,,2
Wayanad,Chooralmala,UEI-IMD-FL-2007-0088,2007-07-25T18:00:00,positive,Red,982.0,20.692,10.06,6.0044,9.25,61.8,4.0,1.5687,,1.2,3.7,6.1,33.4,61.9,7.692,1.2,1.0,,,3
Wayanad,Chooralmala,UEI-IMD-FL-2007-0088,2007-07-26T00:00:00,positive,Red,982.0,20.692,10.06,6.0044,9.25,61.8,4.0,1.5687,,0.1,1.1,2.6,29.8,64.5,3.7973,0.1,1.0,,,3
Wayanad,Chooralmala,UEI-IMD-FL-2007-0091,2007-10-31T00:00:00,positive,Yellow,982.0,20.692,10.06,6.0044,9.25,61.8,4.0,1.5687,,,,,,,0.0,,0.99,,,1
Wayanad,Chooralmala,UEI-IMD-FL-2007-0091,2007-11-01T00:00:00,positive,Yellow,982.0,20.692,10.06,6.0044,9.25,61.8,4.0,1.5687,,0.0,0.0,0.0,0.2,0.2,0.0175,0.0,0.99,,,1
Wayanad,Chooralmala,UEI-IMD-FL-2007-0091,2007-11-02T00:00:00,positive,Orange,982.0,20.692,10.06,6.0044,9.25,61.8,4.0,1.5687,,0.2,0.8,0.8,1.6,1.8,0.6347,0.2,0.99,,,2
Wayanad,Chooralmala,UEI-IMD-FL-2007-0091,2007-11-02T12:00:00,positive,Orange,982.0,20.692,10.06,6.0044,9.25,61.8,4.0,1.5687,,0.2,1.8,3.1,3.9,4.9,1.9997,0.2,0.99,,,2
Wayanad,Chooralmala,UEI-IMD-FL-2007-0091,2007-11-02T18:00:00,positive,Red,982.0,20.692,10.06,6.0044,9.25,61.8,4.0,1.5687,,0.0,0.0,0.1,4.0,5.0,0.7542,0.0,0.99,,,3
Wayanad,Chooralmala,UEI-IMD-FL-2007-0091,2007-11-03T00:00:00,positive,Red,982.0,20.692,10.06,6.0044,9.25,61.8,4.0,1.5687,,0.0,0.1,1.3,4.5,6.3,0.9253,0.0,0.99,,,3
Wayanad,Chooralmala,UEI-IMD-FL-2008-0062,2008-03-10T00:00:00,positive,Yellow,982.0,20.692,10.06,6.0044,9.25,61.8,4.0,1.5687,,,,,,,0.0,,0.48,,,1
Wayanad,Chooralmala,UEI-IMD-FL-2008-0062,2008-03-11T00:00:00,positive,Yellow,982.0,20.692,10.06,6.0044,9.25,61.8,4.0,1.5687,,0.0,0.0,0.0,0.0,0.0,0.0,0.0,0.48,,,1
Wayanad,Chooralmala,UEI-IMD-FL-2008-0062,2008-03-12T00:00:00,positive,Orange,982.0,20.692,10.06,6.0044,9.25,61.8,4.0,1.5687,,0.0,0.0,0.0,0.0,0.0,0.0,0.0,0.48,,,2
Wayanad,Chooralmala,UEI-IMD-FL-2008-0062,2008-03-12T12:00:00,positive,Orange,982.0,20.692,10.06,6.0044,9.25,61.8,4.0,1.5687,,0.0,0.0,0.0,0.0,0.0,0.0,0.0,0.48,,,2
Wayanad,Chooralmala,UEI-IMD-FL-2008-0062,2008-03-12T18:00:00,positive,Red,982.0,20.692,10.06,6.0044,9.25,61.8,4.0,1.5687,,0.0,0.5,0.5,0.5,0.5,0.3504,0.0,0.48,,,3
Wayanad,Chooralmala,UEI-IMD-FL-2008-0062,2008-03-13T00:00:00,positive,Red,982.0,20.692,10.06,6.0044,9.25,61.8,4.0,1.5687,,0.0,0.0,0.0,0.5,0.5,0.1322,0.0,0.49,,,3
Wayanad,Chooralmala,UEI-IMD-FL-2008-0064,2008-04-20T00:00:00,positive,Yellow,982.0,20.692,10.06,6.0044,9.25,61.8,4.0,1.5687,,,,,,,0.0,,0.59,,,1
Wayanad,Chooralmala,UEI-IMD-FL-2008-0064,2008-04-21T00:00:00,positive,Yellow,982.0,20.692,10.06,6.0044,9.25,61.8,4.0,1.5687,,0.0,0.0,0.0,2.3,2.3,0.2339,0.0,0.58,,,1
Wayanad,Chooralmala,UEI-IMD-FL-2008-0064,2008-04-22T00:00:00,positive,Orange,982.0,20.692,10.06,6.0044,9.25,61.8,4.0,1.5687,,0.0,0.0,0.0,1.3,3.6,0.1638,0.0,0.58,,,2
Wayanad,Chooralmala,UEI-IMD-FL-2008-0064,2008-04-22T12:00:00,positive,Orange,982.0,20.692,10.06,6.0044,9.25,61.8,4.0,1.5687,,0.1,0.2,0.2,0.7,3.8,0.1805,0.1,0.57,,,2
Wayanad,Chooralmala,UEI-IMD-FL-2008-0064,2008-04-22T18:00:00,positive,Red,982.0,20.692,10.06,6.0044,9.25,61.8,4.0,1.5687,,0.0,0.0,0.0,0.2,3.8,0.0681,0.0,0.57,,,3
Wayanad,Chooralmala,UEI-IMD-FL-2008-0064,2008-04-23T00:00:00,positive,Red,982.0,20.692,10.06,6.0044,9.25,61.8,4.0,1.5687,,0.0,0.0,0.0,0.2,3.8,0.0257,0.0,0.57,,,3
Wayanad,Chooralmala,UEI-IMD-FL-2008-0066,2008-07-25T00:00:00,positive,Yellow,982.0,20.692,10.06,6.0044,9.25,61.8,4.0,1.5687,,,,,,,0.8,,0.9,,,1
Wayanad,Chooralmala,UEI-IMD-FL-2008-0066,2008-07-26T00:00:00,positive,Yellow,982.0,20.692,10.06,6.0044,9.25,61.8,4.0,1.5687,,0.3,0.6,0.8,29.7,29.7,3.6779,0.3,0.92,,,1
Wayanad,Chooralmala,UEI-IMD-FL-2008-0066,2008-07-27T00:00:00,positive,Orange,982.0,20.692,10.06,6.0044,9.25,61.8,4.0,1.5687,,1.9,4.1,6.5,35.8,65.5,9.5401,1.9,0.92,,,2
Wayanad,Chooralmala,UEI-IMD-FL-2008-0066,2008-07-27T12:00:00,positive,Orange,982.0,20.692,10.06,6.0044,9.25,61.8,4.0,1.5687,,1.4,4.6,11.3,46.9,96.1,13.3585,1.4,0.93,,,2
Wayanad,Chooralmala,UEI-IMD-FL-2008-0066,2008-07-27T18:00:00,positive,Red,982.0,20.692,10.06,6.0044,9.25,61.8,4.0,1.5687,,1.2,4.7,9.1,46.2,105.2,11.7891,1.2,0.93,,,3
Wayanad,Chooralmala,UEI-IMD-FL-2008-0066,2008-07-28T00:00:00,positive,Red,982.0,20.692,10.06,6.0044,9.25,61.8,4.0,1.5687,,2.6,7.3,12.8,52.5,118.0,13.9854,2.6,0.94,,,3
Wayanad,Chooralmala,UEI-IMD-FL-2008-0067,2008-08-07T00:00:00,positive,Yellow,982.0,20.692,10.06,6.0044,9.25,61.8,4.0,1.5687,,,,,,,0.0,,0.93,,,1
Wayanad,Chooralmala,UEI-IMD-FL-2008-0067,2008-08-08T00:00:00,positive,Yellow,982.0,20.692,10.06,6.0044,9.25,61.8,4.0,1.5687,,0.0,0.0,0.4,3.0,3.0,0.3908,0.0,0.93,,,1
Wayanad,Chooralmala,UEI-IMD-FL-2008-0067,2008-08-09T00:00:00,positive,Orange,982.0,20.692,10.06,6.0044,9.25,61.8,4.0,1.5687,,1.0,1.9,2.4,13.9,16.9,4.1574,1.0,0.93,,,2
Wayanad,Chooralmala,UEI-IMD-FL-2008-0067,2008-08-09T12:00:00,positive,Orange,982.0,20.692,10.06,6.0044,9.25,61.8,4.0,1.5687,,0.5,2.8,4.2,15.3,25.2,4.6128,0.5,0.93,,,2
Wayanad,Chooralmala,UEI-IMD-FL-2008-0067,2008-08-09T18:00:00,positive,Red,982.0,20.692,10.06,6.0044,9.25,61.8,4.0,1.5687,,1.7,4.8,8.3,19.0,33.5,8.9804,1.7,0.93,,,3
Wayanad,Chooralmala,UEI-IMD-FL-2008-0067,2008-08-10T00:00:00,positive,Red,982.0,20.692,10.06,6.0044,9.25,61.8,4.0,1.5687,,0.8,3.6,8.1,24.7,41.6,8.0405,0.8,0.93,,,3
Wayanad,Chooralmala,UEI-IMD-FL-2008-0071,2008-10-16T00:00:00,positive,Yellow,982.0,20.692,10.06,6.0044,9.25,61.8,4.0,1.5687,,,,,,,0.0,,0.85,,,1
Wayanad,Chooralmala,UEI-IMD-FL-2008-0071,2008-10-17T00:00:00,positive,Yellow,982.0,20.692,10.06,6.0044,9.25,61.8,4.0,1.5687,,0.0,0.0,0.0,3.5,3.5,0.5541,0.0,0.86,,,1
Wayanad,Chooralmala,UEI-IMD-FL-2008-0071,2008-10-18T00:00:00,positive,Orange,982.0,20.692,10.06,6.0044,9.25,61.8,4.0,1.5687,,0.0,0.7,1.9,3.9,7.4,1.2361,0.0,0.86,,,2
Wayanad,Chooralmala,UEI-IMD-FL-2008-0071,2008-10-18T12:00:00,positive,Orange,982.0,20.692,10.06,6.0044,9.25,61.8,4.0,1.5687,,0.2,0.6,2.6,4.5,10.0,1.6572,0.2,0.85,,,2
Wayanad,Chooralmala,UEI-IMD-FL-2008-0071,2008-10-18T18:00:00,positive,Red,982.0,20.692,10.06,6.0044,9.25,61.8,4.0,1.5687,,0.0,0.5,0.9,5.4,10.9,1.1409,0.0,0.85,,,3
Wayanad,Chooralmala,UEI-IMD-FL-2008-0071,2008-10-19T00:00:00,positive,Red,982.0,20.692,10.06,6.0044,9.25,61.8,4.0,1.5687,,0.0,0.0,0.0,3.5,10.9,0.4303,0.0,0.85,,,3
Wayanad,Chooralmala,UEI-IMD-FL-2009-0036,2009-07-08T00:00:00,positive,Yellow,982.0,20.692,10.06,6.0044,9.25,61.8,4.0,1.5687,,,,,,,2.3,,0.95,,,1
Wayanad,Chooralmala,UEI-IMD-FL-2009-0036,2009-07-09T00:00:00,positive,Yellow,982.0,20.692,10.06,6.0044,9.25,61.8,4.0,1.5687,,1.1,4.6,10.8,43.5,43.5,11.2724,1.1,0.96,,,1
Wayanad,Chooralmala,UEI-IMD-FL-2009-0036,2009-07-10T00:00:00,positive,Orange,982.0,20.692,10.06,6.0044,9.25,61.8,4.0,1.5687,,0.9,2.1,3.1,30.9,74.4,5.4447,0.9,0.96,,,2
Wayanad,Chooralmala,UEI-IMD-FL-2009-0036,2009-07-10T12:00:00,positive,Orange,982.0,20.692,10.06,6.0044,9.25,61.8,4.0,1.5687,,0.7,2.8,9.0,20.2,88.4,7.155,0.7,0.96,,,2
Wayanad,Chooralmala,UEI-IMD-FL-2009-0036,2009-07-10T18:00:00,positive,Red,982.0,20.692,10.06,6.0044,9.25,61.8,4.0,1.5687,,0.2,1.1,2.4,19.5,90.8,3.9987,0.2,0.96,,,3
Wayanad,Chooralmala,UEI-IMD-FL-2009-0036,2009-07-11T00:00:00,positive,Red,982.0,20.692,10.06,6.0044,9.25,61.8,4.0,1.5687,,0.7,2.2,3.8,20.2,94.6,4.3026,0.7,0.96,,,3
Wayanad,Chooralmala,UEI-IMD-FL-2009-0038,2009-07-17T00:00:00,positive,Yellow,982.0,20.692,10.06,6.0044,9.25,61.8,4.0,1.5687,,,,,,,3.9,,1.0,,,1
Wayanad,Chooralmala,UEI-IMD-FL-2009-0038,2009-07-18T00:00:00,positive,Yellow,982.0,20.692,10.06,6.0044,9.25,61.8,4.0,1.5687,,2.7,8.3,17.9,73.8,73.8,18.8391,2.7,1.0,,,1
Wayanad,Chooralmala,UEI-IMD-FL-2009-0038,2009-07-19T00:00:00,positive,Orange,982.0,20.692,10.06,6.0044,9.25,61.8,4.0,1.5687,,2.6,5.8,8.1,32.9,106.7,10.5891,2.6,1.0,,,2
Wayanad,Chooralmala,UEI-IMD-FL-2009-0038,2009-07-19T12:00:00,positive,Orange,982.0,20.692,10.06,6.0044,9.25,61.8,4.0,1.5687,,1.3,4.4,6.6,30.5,122.5,7.6183,1.3,1.0,,,2
Wayanad,Chooralmala,UEI-IMD-FL-2009-0038,2009-07-19T18:00:00,positive,Red,982.0,20.692,10.06,6.0044,9.25,61.8,4.0,1.5687,,0.2,0.7,1.7,25.6,124.2,4.0725,0.2,1.0,,,3
Wayanad,Chooralmala,UEI-IMD-FL-2009-0038,2009-07-20T00:00:00,positive,Red,982.0,20.692,10.06,6.0044,9.25,61.8,4.0,1.5687,,0.0,0.8,2.6,20.1,126.8,3.0044,0.0,1.0,,,3
Wayanad,Chooralmala,UEI-IMD-FL-2009-0042,2009-12-24T00:00:00,positive,Yellow,982.0,20.692,10.06,6.0044,9.25,61.8,4.0,1.5687,,,,,,,0.0,,0.68,,,1
Wayanad,Chooralmala,UEI-IMD-FL-2009-0042,2009-12-25T00:00:00,positive,Yellow,982.0,20.692,10.06,6.0044,9.25,61.8,4.0,1.5687,,0.0,0.0,0.0,0.0,0.0,0.0,0.0,0.68,,,1
Wayanad,Chooralmala,UEI-IMD-FL-2009-0042,2009-12-26T00:00:00,positive,Orange,982.0,20.692,10.06,6.0044,9.25,61.8,4.0,1.5687,,0.1,0.5,1.2,2.0,2.0,0.8776,0.1,0.67,,,2
Wayanad,Chooralmala,UEI-IMD-FL-2009-0042,2009-12-26T12:00:00,positive,Orange,982.0,20.692,10.06,6.0044,9.25,61.8,4.0,1.5687,,0.0,1.8,1.8,3.8,3.8,1.3386,0.0,0.67,,,2
Wayanad,Chooralmala,UEI-IMD-FL-2009-0042,2009-12-26T18:00:00,positive,Red,982.0,20.692,10.06,6.0044,9.25,61.8,4.0,1.5687,,0.0,0.0,0.0,3.0,3.8,0.5049,0.0,0.67,,,3
Wayanad,Chooralmala,UEI-IMD-FL-2009-0042,2009-12-27T00:00:00,positive,Red,982.0,20.692,10.06,6.0044,9.25,61.8,4.0,1.5687,,0.3,1.1,1.8,3.6,5.6,1.519,0.3,0.67,,,3
Wayanad,Chooralmala,UEI-IMD-FL-2010-0064,2010-04-30T00:00:00,positive,Yellow,982.0,20.692,10.06,6.0044,9.25,61.8,4.0,1.5687,,,,,,,0.0,,0.59,,,1
Wayanad,Chooralmala,UEI-IMD-FL-2010-0064,2010-05-01T00:00:00,positive,Yellow,982.0,20.692,10.06,6.0044,9.25,61.8,4.0,1.5687,,0.0,0.0,0.0,5.3,5.3,0.5026,0.0,0.6,,,1
Wayanad,Chooralmala,UEI-IMD-FL-2010-0064,2010-05-02T00:00:00,positive,Orange,982.0,20.692,10.06,6.0044,9.25,61.8,4.0,1.5687,,0.1,0.1,0.1,3.3,8.6,0.4645,0.1,0.6,,,2
Wayanad,Chooralmala,UEI-IMD-FL-2010-0064,2010-05-02T12:00:00,positive,Orange,982.0,20.692,10.06,6.0044,9.25,61.8,4.0,1.5687,,0.3,0.7,1.5,1.9,10.1,1.1512,0.3,0.6,,,2
Wayanad,Chooralmala,UEI-IMD-FL-2010-0064,2010-05-02T18:00:00,positive,Red,982.0,20.692,10.06,6.0044,9.25,61.8,4.0,1.5687,,0.0,0.0,1.5,3.1,11.6,1.011,0.0,0.6,,,3
Wayanad,Chooralmala,UEI-IMD-FL-2010-0064,2010-05-03T00:00:00,positive,Red,982.0,20.692,10.06,6.0044,9.25,61.8,4.0,1.5687,,0.0,1.6,3.5,6.5,15.1,2.3346,0.0,0.61,,,3
Wayanad,Chooralmala,UEI-IMD-FL-2010-0067,2010-06-08T00:00:00,positive,Yellow,982.0,20.692,10.06,6.0044,9.25,61.8,4.0,1.5687,,,,,,,0.0,,0.68,,,1
Wayanad,Chooralmala,UEI-IMD-FL-2010-0067,2010-06-09T00:00:00,positive,Yellow,982.0,20.692,10.06,6.0044,9.25,61.8,4.0,1.5687,,0.2,1.3,2.9,22.3,22.3,3.4518,0.2,0.7,,,1
Wayanad,Chooralmala,UEI-IMD-FL-2010-0067,2010-06-10T00:00:00,positive,Orange,982.0,20.692,10.06,6.0044,9.25,61.8,4.0,1.5687,,0.4,1.6,3.4,15.5,37.8,4.1666,0.4,0.73,,,2
Wayanad,Chooralmala,UEI-IMD-FL-2010-0067,2010-06-10T12:00:00,positive,Orange,982.0,20.692,10.06,6.0044,9.25,61.8,4.0,1.5687,,0.3,0.8,2.3,17.0,46.2,3.7089,0.3,0.73,,,2
Wayanad,Chooralmala,UEI-IMD-FL-2010-0067,2010-06-10T18:00:00,positive,Red,982.0,20.692,10.06,6.0044,9.25,61.8,4.0,1.5687,,1.0,1.7,4.2,16.0,50.4,4.6799,1.0,0.74,,,3
Wayanad,Chooralmala,UEI-IMD-FL-2010-0067,2010-06-11T00:00:00,positive,Red,982.0,20.692,10.06,6.0044,9.25,61.8,4.0,1.5687,,4.2,9.5,12.7,25.3,63.1,13.6255,4.2,0.74,,,3
Wayanad,Chooralmala,UEI-IMD-FL-2010-0071,2010-09-30T00:00:00,positive,Yellow,982.0,20.692,10.06,6.0044,9.25,61.8,4.0,1.5687,,,,,,,0.0,,0.94,,,1
Wayanad,Chooralmala,UEI-IMD-FL-2010-0071,2010-10-01T00:00:00,positive,Yellow,982.0,20.692,10.06,6.0044,9.25,61.8,4.0,1.5687,,0.0,0.1,0.2,6.3,6.3,0.868,0.0,0.94,,,1
Wayanad,Chooralmala,UEI-IMD-FL-2010-0071,2010-10-02T00:00:00,positive,Orange,982.0,20.692,10.06,6.0044,9.25,61.8,4.0,1.5687,,7.3,14.0,18.6,28.8,35.1,23.7993,7.3,0.94,,,2
Wayanad,Chooralmala,UEI-IMD-FL-2010-0071,2010-10-02T12:00:00,positive,Orange,982.0,20.692,10.06,6.0044,9.25,61.8,4.0,1.5687,,2.2,5.3,8.3,76.3,87.3,17.2993,2.2,0.96,,,2
Wayanad,Chooralmala,UEI-IMD-FL-2010-0071,2010-10-02T18:00:00,positive,Red,982.0,20.692,10.06,6.0044,9.25,61.8,4.0,1.5687,,0.0,0.4,2.2,73.0,89.5,6.974,0.0,0.97,,,3
Wayanad,Chooralmala,UEI-IMD-FL-2010-0071,2010-10-03T00:00:00,positive,Red,982.0,20.692,10.06,6.0044,9.25,61.8,4.0,1.5687,,0.0,0.1,0.1,54.5,89.6,2.6917,0.0,0.97,,,3
Wayanad,Chooralmala,UEI-IMD-FL-2010-0073,2010-10-19T00:00:00,positive,Yellow,982.0,20.692,10.06,6.0044,9.25,61.8,4.0,1.5687,,,,,,,0.0,,0.94,,,1
Wayanad,Chooralmala,UEI-IMD-FL-2010-0073,2010-10-20T00:00:00,positive,Yellow,982.0,20.692,10.06,6.0044,9.25,61.8,4.0,1.5687,,0.0,0.0,0.0,4.7,4.7,0.4362,0.0,0.95,,,1
Wayanad,Chooralmala,UEI-IMD-FL-2010-0073,2010-10-21T00:00:00,positive,Orange,982.0,20.692,10.06,6.0044,9.25,61.8,4.0,1.5687,,0.0,0.0,0.0,4.9,9.6,0.4236,0.0,0.95,,,2
Wayanad,Chooralmala,UEI-IMD-FL-2010-0073,2010-10-21T12:00:00,positive,Orange,982.0,20.692,10.06,6.0044,9.25,61.8,4.0,1.5687,,1.9,13.8,23.2,23.7,33.2,14.9491,1.9,0.95,,,2
Wayanad,Chooralmala,UEI-IMD-FL-2010-0073,2010-10-21T18:00:00,positive,Red,982.0,20.692,10.06,6.0044,9.25,61.8,4.0,1.5687,,1.1,2.7,5.0,28.6,38.2,9.1348,1.1,0.95,,,3
Wayanad,Chooralmala,UEI-IMD-FL-2010-0073,2010-10-22T00:00:00,positive,Red,982.0,20.692,10.06,6.0044,9.25,61.8,4.0,1.5687,,1.3,4.7,8.0,36.6,46.2,9.0749,1.3,0.96,,,3
Wayanad,Chooralmala,UEI-IMD-FL-2011-0040,2011-04-11T00:00:00,positive,Yellow,982.0,20.692,10.06,6.0044,9.25,61.8,4.0,1.5687,,,,,,,0.0,,0.48,,,1
Wayanad,Chooralmala,UEI-IMD-FL-2011-0040,2011-04-12T00:00:00,positive,Yellow,982.0,20.692,10.06,6.0044,9.25,61.8,4.0,1.5687,,0.0,0.0,1.1,3.4,3.4,0.813,0.0,0.48,,,1
Wayanad,Chooralmala,UEI-IMD-FL-2011-0040,2011-04-13T00:00:00,positive,Orange,982.0,20.692,10.06,6.0044,9.25,61.8,4.0,1.5687,,0.0,0.7,0.8,2.3,5.7,0.6486,0.0,0.48,,,2
Wayanad,Chooralmala,UEI-IMD-FL-2011-0040,2011-04-13T12:00:00,positive,Orange,982.0,20.692,10.06,6.0044,9.25,61.8,4.0,1.5687,,0.3,0.3,1.6,2.4,7.3,1.0259,0.3,0.49,,,2
Wayanad,Chooralmala,UEI-IMD-FL-2011-0040,2011-04-13T18:00:00,positive,Red,982.0,20.692,10.06,6.0044,9.25,61.8,4.0,1.5687,,0.0,0.0,0.0,2.4,7.3,0.3869,0.0,0.49,,,3
Wayanad,Chooralmala,UEI-IMD-FL-2011-0040,2011-04-14T00:00:00,positive,Red,982.0,20.692,10.06,6.0044,9.25,61.8,4.0,1.5687,,0.0,0.0,2.3,3.9,9.6,1.2134,0.0,0.49,,,3
Wayanad,Chooralmala,UEI-IMD-FL-2011-0041,2011-04-18T00:00:00,positive,Yellow,982.0,20.692,10.06,6.0044,9.25,61.8,4.0,1.5687,,,,,,,0.0,,0.49,,,1
Wayanad,Chooralmala,UEI-IMD-FL-2011-0041,2011-04-19T00:00:00,positive,Yellow,982.0,20.692,10.06,6.0044,9.25,61.8,4.0,1.5687,,0.0,1.4,12.7,19.2,19.2,7.1383,0.0,0.49,,,1
Wayanad,Chooralmala,UEI-IMD-FL-2011-0041,2011-04-20T00:00:00,positive,Orange,982.0,20.692,10.06,6.0044,9.25,61.8,4.0,1.5687,,0.0,0.0,2.3,9.6,28.8,2.196,0.0,0.5,,,2
Wayanad,Chooralmala,UEI-IMD-FL-2011-0041,2011-04-20T12:00:00,positive,Orange,982.0,20.692,10.06,6.0044,9.25,61.8,4.0,1.5687,,0.8,3.5,3.5,11.9,32.4,2.9752,0.8,0.5,,,2
Wayanad,Chooralmala,UEI-IMD-FL-2011-0041,2011-04-20T18:00:00,positive,Red,982.0,20.692,10.06,6.0044,9.25,61.8,4.0,1.5687,,0.0,0.0,0.0,5.9,32.4,1.1221,0.0,0.51,,,3
Wayanad,Chooralmala,UEI-IMD-FL-2011-0041,2011-04-21T00:00:00,positive,Red,982.0,20.692,10.06,6.0044,9.25,61.8,4.0,1.5687,,0.0,0.0,0.0,3.6,32.4,0.4232,0.0,0.51,,,3
Wayanad,Chooralmala,UEI-IMD-FL-2011-0044,2011-05-29T00:00:00,positive,Yellow,982.0,20.692,10.06,6.0044,9.25,61.8,4.0,1.5687,,,,,,,0.2,,0.61,,,1
Wayanad,Chooralmala,UEI-IMD-FL-2011-0044,2011-05-30T00:00:00,positive,Yellow,982.0,20.692,10.06,6.0044,9.25,61.8,4.0,1.5687,,0.0,0.0,0.0,13.0,13.0,1.7438,0.0,0.61,,,1
Wayanad,Chooralmala,UEI-IMD-FL-2011-0044,2011-05-31T00:00:00,positive,Orange,982.0,20.692,10.06,6.0044,9.25,61.8,4.0,1.5687,,0.1,0.4,1.7,10.3,23.3,2.0274,0.1,0.61,,,2
Wayanad,Chooralmala,UEI-IMD-FL-2011-0044,2011-05-31T12:00:00,positive,Orange,982.0,20.692,10.06,6.0044,9.25,61.8,4.0,1.5687,,1.6,2.7,9.2,12.5,33.3,6.9,1.6,0.62,,,2
Wayanad,Chooralmala,UEI-IMD-FL-2011-0044,2011-05-31T18:00:00,positive,Red,982.0,20.692,10.06,6.0044,9.25,61.8,4.0,1.5687,,0.0,0.0,2.6,14.3,35.9,3.0487,0.0,0.63,,,3
Wayanad,Chooralmala,UEI-IMD-FL-2011-0044,2011-06-01T00:00:00,positive,Red,982.0,20.692,10.06,6.0044,9.25,61.8,4.0,1.5687,,0.5,3.0,5.0,17.6,40.9,4.4059,0.5,0.64,,,3
Wayanad,Chooralmala,UEI-IMD-FL-2011-0046,2011-06-14T00:00:00,positive,Yellow,982.0,20.692,10.06,6.0044,9.25,61.8,4.0,1.5687,,,,,,,1.5,,0.8,,,1
Wayanad,Chooralmala,UEI-IMD-FL-2011-0046,2011-06-15T00:00:00,positive,Yellow,982.0,20.692,10.06,6.0044,9.25,61.8,4.0,1.5687,,3.5,10.8,16.9,64.8,64.8,18.8918,3.5,0.82,,,1
Wayanad,Chooralmala,UEI-IMD-FL-2011-0046,2011-06-16T00:00:00,positive,Orange,982.0,20.692,10.06,6.0044,9.25,61.8,4.0,1.5687,,0.3,1.5,4.2,16.9,81.7,3.9226,0.3,0.82,,,2
Wayanad,Chooralmala,UEI-IMD-FL-2011-0046,2011-06-16T12:00:00,positive,Orange,982.0,20.692,10.06,6.0044,9.25,61.8,4.0,1.5687,,0.2,1.0,1.7,10.1,86.5,2.4079,0.2,0.82,,,2
Wayanad,Chooralmala,UEI-IMD-FL-2011-0046,2011-06-16T18:00:00,positive,Red,982.0,20.692,10.06,6.0044,9.25,61.8,4.0,1.5687,,0.3,1.2,2.0,11.0,88.5,2.7567,0.3,0.82,,,3
Wayanad,Chooralmala,UEI-IMD-FL-2011-0046,2011-06-17T00:00:00,positive,Red,982.0,20.692,10.06,6.0044,9.25,61.8,4.0,1.5687,,0.6,2.3,4.7,11.5,93.2,4.4974,0.6,0.82,,,3
Wayanad,Chooralmala,UEI-IMD-FL-2011-0052,2011-10-11T00:00:00,positive,Yellow,982.0,20.692,10.06,6.0044,9.25,61.8,4.0,1.5687,,,,,,,0.0,,0.87,,,1
Wayanad,Chooralmala,UEI-IMD-FL-2011-0052,2011-10-12T00:00:00,positive,Yellow,982.0,20.692,10.06,6.0044,9.25,61.8,4.0,1.5687,,0.0,0.0,0.0,4.5,4.5,0.4678,0.0,0.87,,,1
Wayanad,Chooralmala,UEI-IMD-FL-2011-0052,2011-10-13T00:00:00,positive,Orange,982.0,20.692,10.06,6.0044,9.25,61.8,4.0,1.5687,,0.0,0.0,0.0,2.4,6.9,0.1919,0.0,0.88,,,2
Wayanad,Chooralmala,UEI-IMD-FL-2011-0052,2011-10-13T12:00:00,positive,Orange,982.0,20.692,10.06,6.0044,9.25,61.8,4.0,1.5687,,0.0,1.8,3.1,3.8,10.5,2.3696,0.0,0.88,,,2
Wayanad,Chooralmala,UEI-IMD-FL-2011-0052,2011-10-13T18:00:00,positive,Red,982.0,20.692,10.06,6.0044,9.25,61.8,4.0,1.5687,,0.0,0.0,0.7,4.3,11.2,1.0268,0.0,0.88,,,3
Wayanad,Chooralmala,UEI-IMD-FL-2011-0052,2011-10-14T00:00:00,positive,Red,982.0,20.692,10.06,6.0044,9.25,61.8,4.0,1.5687,,0.2,0.2,0.2,4.5,11.4,0.7573,0.2,0.88,,,3
Wayanad,Chooralmala,UEI-IMD-FL-2012-0049,2012-06-03T00:00:00,positive,Yellow,982.0,20.692,10.06,6.0044,9.25,61.8,4.0,1.5687,,,,,,,0.0,,0.54,,,1
Wayanad,Chooralmala,UEI-IMD-FL-2012-0049,2012-06-04T00:00:00,positive,Yellow,982.0,20.692,10.06,6.0044,9.25,61.8,4.0,1.5687,,0.2,0.2,0.5,7.9,7.9,1.5128,0.2,0.55,,,1
Wayanad,Chooralmala,UEI-IMD-FL-2012-0049,2012-06-05T00:00:00,positive,Orange,982.0,20.692,10.06,6.0044,9.25,61.8,4.0,1.5687,,0.3,0.7,1.8,35.9,43.8,5.5627,0.3,0.58,,,2
Wayanad,Chooralmala,UEI-IMD-FL-2012-0049,2012-06-05T12:00:00,positive,Orange,982.0,20.692,10.06,6.0044,9.25,61.8,4.0,1.5687,,5.5,13.5,16.1,38.3,65.5,20.2674,5.5,0.59,,,2
Wayanad,Chooralmala,UEI-IMD-FL-2012-0049,2012-06-05T18:00:00,positive,Red,982.0,20.692,10.06,6.0044,9.25,61.8,4.0,1.5687,,0.8,2.2,11.0,34.5,76.5,11.0734,0.8,0.6,,,3
Wayanad,Chooralmala,UEI-IMD-FL-2012-0049,2012-06-06T00:00:00,positive,Red,982.0,20.692,10.06,6.0044,9.25,61.8,4.0,1.5687,,0.9,3.5,6.8,39.5,83.3,9.0994,0.9,0.6,,,3
Wayanad,Chooralmala,UEI-IMD-FL-2013-0066,2013-04-30T00:00:00,positive,Yellow,982.0,20.692,10.06,6.0044,9.25,61.8,4.0,1.5687,,,,,,,0.0,,0.49,,,1
Wayanad,Chooralmala,UEI-IMD-FL-2013-0066,2013-05-01T00:00:00,positive,Yellow,982.0,20.692,10.06,6.0044,9.25,61.8,4.0,1.5687,,0.1,0.1,0.1,0.9,0.9,0.1701,0.1,0.49,,,1
Wayanad,Chooralmala,UEI-IMD-FL-2013-0066,2013-05-02T00:00:00,positive,Orange,982.0,20.692,10.06,6.0044,9.25,61.8,4.0,1.5687,,0.0,0.0,0.1,0.5,1.4,0.1046,0.0,0.49,,,2
Wayanad,Chooralmala,UEI-IMD-FL-2013-0066,2013-05-02T12:00:00,positive,Orange,982.0,20.692,10.06,6.0044,9.25,61.8,4.0,1.5687,,1.0,1.4,1.8,2.0,3.2,1.9175,1.0,0.49,,,2
Wayanad,Chooralmala,UEI-IMD-FL-2013-0066,2013-05-02T18:00:00,positive,Red,982.0,20.692,10.06,6.0044,9.25,61.8,4.0,1.5687,,0.0,0.2,0.8,2.7,4.0,0.846,0.0,0.48,,,3
Wayanad,Chooralmala,UEI-IMD-FL-2013-0066,2013-05-03T00:00:00,positive,Red,982.0,20.692,10.06,6.0044,9.25,61.8,4.0,1.5687,,0.0,0.2,0.2,2.8,4.2,0.4419,0.0,0.48,,,3
Wayanad,Chooralmala,UEI-IMD-FL-2013-0070,2013-06-05T00:00:00,positive,Yellow,982.0,20.692,10.06,6.0044,9.25,61.8,4.0,1.5687,,,,,,,0.0,,0.67,,,1
Wayanad,Chooralmala,UEI-IMD-FL-2013-0070,2013-06-06T00:00:00,positive,Yellow,982.0,20.692,10.06,6.0044,9.25,61.8,4.0,1.5687,,0.1,0.3,0.6,8.8,8.8,1.0569,0.1,0.66,,,1
Wayanad,Chooralmala,UEI-IMD-FL-2013-0070,2013-06-07T00:00:00,positive,Orange,982.0,20.692,10.06,6.0044,9.25,61.8,4.0,1.5687,,0.9,2.9,6.4,23.0,31.8,7.1463,0.9,0.68,,,2
Wayanad,Chooralmala,UEI-IMD-FL-2013-0070,2013-06-07T12:00:00,positive,Orange,982.0,20.692,10.06,6.0044,9.25,61.8,4.0,1.5687,,1.6,6.1,17.3,39.3,60.2,14.8702,1.6,0.69,,,2
Wayanad,Chooralmala,UEI-IMD-FL-2013-0070,2013-06-07T18:00:00,positive,Red,982.0,20.692,10.06,6.0044,9.25,61.8,4.0,1.5687,,1.5,4.5,10.5,45.3,70.7,11.9118,1.5,0.68,,,3
Wayanad,Chooralmala,UEI-IMD-FL-2013-0070,2013-06-08T00:00:00,positive,Red,982.0,20.692,10.06,6.0044,9.25,61.8,4.0,1.5687,,0.9,4.0,8.1,47.0,78.8,9.5911,0.9,0.69,,,3
Wayanad,Chooralmala,UEI-IMD-FL-2013-0078,2013-07-08T00:00:00,positive,Yellow,982.0,20.692,10.06,6.0044,9.25,61.8,4.0,1.5687,,,,,,,0.2,,1.0,,,1
Wayanad,Chooralmala,UEI-IMD-FL-2013-0078,2013-07-09T00:00:00,positive,Yellow,982.0,20.692,10.06,6.0044,9.25,61.8,4.0,1.5687,,0.5,1.7,4.1,15.1,15.1,4.9191,0.5,1.0,,,1
Wayanad,Chooralmala,UEI-IMD-FL-2013-0078,2013-07-10T00:00:00,positive,Orange,982.0,20.692,10.06,6.0044,9.25,61.8,4.0,1.5687,,0.2,0.6,1.4,14.6,29.7,2.5785,0.2,1.0,,,2
Wayanad,Chooralmala,UEI-IMD-FL-2013-0078,2013-07-10T12:00:00,positive,Orange,982.0,20.692,10.06,6.0044,9.25,61.8,4.0,1.5687,,3.7,11.4,13.9,23.8,50.5,13.4777,3.7,1.0,,,2
Wayanad,Chooralmala,UEI-IMD-FL-2013-0078,2013-07-10T18:00:00,positive,Red,982.0,20.692,10.06,6.0044,9.25,61.8,4.0,1.5687,,0.7,2.3,6.0,28.2,56.5,8.0792,0.7,1.0,,,3
Wayanad,Chooralmala,UEI-IMD-FL-2013-0078,2013-07-11T00:00:00,positive,Red,982.0,20.692,10.06,6.0044,9.25,61.8,4.0,1.5687,,2.2,6.1,8.1,34.9,64.6,10.1944,2.2,1.0,,,3
Wayanad,Chooralmala,UEI-IMD-FL-2013-0086,2013-08-07T00:00:00,positive,Yellow,982.0,20.692,10.06,6.0044,9.25,61.8,4.0,1.5687,,,,,,,0.2,,1.0,,,1
Wayanad,Chooralmala,UEI-IMD-FL-2013-0086,2013-08-08T00:00:00,positive,Yellow,982.0,20.692,10.06,6.0044,9.25,61.8,4.0,1.5687,,0.0,0.0,0.0,1.8,1.8,0.1296,0.0,1.0,,,1
Wayanad,Chooralmala,UEI-IMD-FL-2013-0086,2013-08-09T00:00:00,positive,Orange,982.0,20.692,10.06,6.0044,9.25,61.8,4.0,1.5687,,0.0,0.0,0.0,4.7,6.5,0.4684,0.0,0.99,,,2
Wayanad,Chooralmala,UEI-IMD-FL-2013-0086,2013-08-09T12:00:00,positive,Orange,982.0,20.692,10.06,6.0044,9.25,61.8,4.0,1.5687,,0.5,2.2,2.3,3.6,9.1,1.7906,0.5,0.99,,,2
Wayanad,Chooralmala,UEI-IMD-FL-2013-0086,2013-08-09T18:00:00,positive,Red,982.0,20.692,10.06,6.0044,9.25,61.8,4.0,1.5687,,0.0,0.0,0.2,2.8,9.3,0.7641,0.0,0.99,,,3
Wayanad,Chooralmala,UEI-IMD-FL-2013-0086,2013-08-10T00:00:00,positive,Red,982.0,20.692,10.06,6.0044,9.25,61.8,4.0,1.5687,,0.0,0.0,0.0,2.8,9.3,0.2882,0.0,0.99,,,3
Wayanad,Chooralmala,UEI-IMD-FL-2014-0041,2014-03-04T00:00:00,positive,Yellow,982.0,20.692,10.06,6.0044,9.25,61.8,4.0,1.5687,,,,,,,0.0,,0.48,,,1
Wayanad,Chooralmala,UEI-IMD-FL-2014-0041,2014-03-05T00:00:00,positive,Yellow,982.0,20.692,10.06,6.0044,9.25,61.8,4.0,1.5687,,0.0,0.1,0.1,0.2,0.2,0.0786,0.0,0.48,,,1
Wayanad,Chooralmala,UEI-IMD-FL-2014-0041,2014-03-06T00:00:00,positive,Orange,982.0,20.692,10.06,6.0044,9.25,61.8,4.0,1.5687,,0.0,0.1,0.1,0.2,0.4,0.0802,0.0,0.48,,,2
Wayanad,Chooralmala,UEI-IMD-FL-2014-0041,2014-03-06T12:00:00,positive,Orange,982.0,20.692,10.06,6.0044,9.25,61.8,4.0,1.5687,,0.0,0.0,0.1,0.2,0.5,0.0491,0.0,0.48,,,2
Wayanad,Chooralmala,UEI-IMD-FL-2014-0041,2014-03-06T18:00:00,positive,Red,982.0,20.692,10.06,6.0044,9.25,61.8,4.0,1.5687,,0.0,0.0,0.0,0.2,0.5,0.0185,0.0,0.48,,,3
Wayanad,Chooralmala,UEI-IMD-FL-2014-0041,2014-03-07T00:00:00,positive,Red,982.0,20.692,10.06,6.0044,9.25,61.8,4.0,1.5687,,0.0,0.0,0.0,0.1,0.5,0.007,0.0,0.48,,,3
Wayanad,Chooralmala,UEI-IMD-FL-2014-0042,2014-03-22T00:00:00,positive,Yellow,982.0,20.692,10.06,6.0044,9.25,61.8,4.0,1.5687,,,,,,,0.2,,0.48,,,1
Wayanad,Chooralmala,UEI-IMD-FL-2014-0042,2014-03-23T00:00:00,positive,Yellow,982.0,20.692,10.06,6.0044,9.25,61.8,4.0,1.5687,,0.0,0.0,0.0,0.5,0.5,0.0333,0.0,0.48,,,1
Wayanad,Chooralmala,UEI-IMD-FL-2014-0042,2014-03-24T00:00:00,positive,Orange,982.0,20.692,10.06,6.0044,9.25,61.8,4.0,1.5687,,0.0,0.0,0.0,0.4,0.9,0.0444,0.0,0.48,,,2
Wayanad,Chooralmala,UEI-IMD-FL-2014-0042,2014-03-24T12:00:00,positive,Orange,982.0,20.692,10.06,6.0044,9.25,61.8,4.0,1.5687,,0.1,0.1,0.1,0.1,1.0,0.0913,0.1,0.48,,,2
Wayanad,Chooralmala,UEI-IMD-FL-2014-0042,2014-03-24T18:00:00,positive,Red,982.0,20.692,10.06,6.0044,9.25,61.8,4.0,1.5687,,0.0,0.0,0.0,0.1,1.0,0.0344,0.0,0.48,,,3
Wayanad,Chooralmala,UEI-IMD-FL-2014-0042,2014-03-25T00:00:00,positive,Red,982.0,20.692,10.06,6.0044,9.25,61.8,4.0,1.5687,,0.0,0.0,0.0,0.1,1.0,0.013,0.0,0.48,,,3
Wayanad,Chooralmala,UEI-IMD-FL-2014-0043,2014-04-07T00:00:00,positive,Yellow,982.0,20.692,10.06,6.0044,9.25,61.8,4.0,1.5687,,,,,,,0.3,,0.48,,,1
Wayanad,Chooralmala,UEI-IMD-FL-2014-0043,2014-04-08T00:00:00,positive,Yellow,982.0,20.692,10.06,6.0044,9.25,61.8,4.0,1.5687,,0.0,0.0,0.0,1.3,1.3,0.0585,0.0,0.48,,,1
Wayanad,Chooralmala,UEI-IMD-FL-2014-0043,2014-04-09T00:00:00,positive,Orange,982.0,20.692,10.06,6.0044,9.25,61.8,4.0,1.5687,,0.0,0.0,0.0,1.1,2.4,0.114,0.0,0.51,,,2
Wayanad,Chooralmala,UEI-IMD-FL-2014-0043,2014-04-09T12:00:00,positive,Orange,982.0,20.692,10.06,6.0044,9.25,61.8,4.0,1.5687,,1.0,3.0,3.0,3.4,5.4,2.3462,1.0,0.52,,,2
Wayanad,Chooralmala,UEI-IMD-FL-2014-0043,2014-04-09T18:00:00,positive,Red,982.0,20.692,10.06,6.0044,9.25,61.8,4.0,1.5687,,0.0,0.0,0.2,3.2,5.6,0.9292,0.0,0.52,,,3
Wayanad,Chooralmala,UEI-IMD-FL-2014-0043,2014-04-10T00:00:00,positive,Red,982.0,20.692,10.06,6.0044,9.25,61.8,4.0,1.5687,,0.0,0.0,0.0,3.2,5.6,0.3505,0.0,0.52,,,3
Wayanad,Chooralmala,UEI-IMD-FL-2014-0045,2014-04-30T00:00:00,positive,Yellow,982.0,20.692,10.06,6.0044,9.25,61.8,4.0,1.5687,,,,,,,0.0,,0.5,,,1
Wayanad,Chooralmala,UEI-IMD-FL-2014-0045,2014-05-01T00:00:00,positive,Yellow,982.0,20.692,10.06,6.0044,9.25,61.8,4.0,1.5687,,0.0,0.0,1.3,4.1,4.1,0.8981,0.0,0.5,,,1
Wayanad,Chooralmala,UEI-IMD-FL-2014-0045,2014-05-02T00:00:00,positive,Orange,982.0,20.692,10.06,6.0044,9.25,61.8,4.0,1.5687,,0.0,0.0,0.0,4.3,8.4,0.5151,0.0,0.52,,,2
Wayanad,Chooralmala,UEI-IMD-FL-2014-0045,2014-05-02T12:00:00,positive,Orange,982.0,20.692,10.06,6.0044,9.25,61.8,4.0,1.5687,,0.0,0.6,1.1,2.4,9.7,0.9271,0.0,0.53,,,2
Wayanad,Chooralmala,UEI-IMD-FL-2014-0045,2014-05-02T18:00:00,positive,Red,982.0,20.692,10.06,6.0044,9.25,61.8,4.0,1.5687,,0.1,5.5,14.3,15.6,24.0,8.1478,0.1,0.54,,,3
Wayanad,Chooralmala,UEI-IMD-FL-2014-0045,2014-05-03T00:00:00,positive,Red,982.0,20.692,10.06,6.0044,9.25,61.8,4.0,1.5687,,0.0,0.0,0.0,15.6,24.0,3.0729,0.0,0.56,,,3
Wayanad,Chooralmala,UEI-IMD-FL-2014-0046,2014-06-03T00:00:00,positive,Yellow,982.0,20.692,10.06,6.0044,9.25,61.8,4.0,1.5687,,,,,,,0.0,,0.74,,,1
Wayanad,Chooralmala,UEI-IMD-FL-2014-0046,2014-06-04T00:00:00,positive,Yellow,982.0,20.692,10.06,6.0044,9.25,61.8,4.0,1.5687,,0.1,1.5,1.9,9.8,9.8,2.2056,0.1,0.74,,,1
Wayanad,Chooralmala,UEI-IMD-FL-2014-0046,2014-06-05T00:00:00,positive,Orange,982.0,20.692,10.06,6.0044,9.25,61.8,4.0,1.5687,,0.1,0.1,0.1,12.4,22.2,1.6176,0.1,0.74,,,2
Wayanad,Chooralmala,UEI-IMD-FL-2014-0046,2014-06-05T12:00:00,positive,Orange,982.0,20.692,10.06,6.0044,9.25,61.8,4.0,1.5687,,0.7,2.1,2.8,8.0,25.5,2.5703,0.7,0.73,,,2
Wayanad,Chooralmala,UEI-IMD-FL-2014-0046,2014-06-05T18:00:00,positive,Red,982.0,20.692,10.06,6.0044,9.25,61.8,4.0,1.5687,,0.6,3.5,5.8,9.2,31.3,4.7338,0.6,0.73,,,3
Wayanad,Chooralmala,UEI-IMD-FL-2014-0046,2014-06-06T00:00:00,positive,Red,982.0,20.692,10.06,6.0044,9.25,61.8,4.0,1.5687,,0.1,0.1,0.4,9.5,31.7,2.0704,0.1,0.73,,,3
Wayanad,Chooralmala,UEI-IMD-FL-2014-0050,2014-07-29T00:00:00,positive,Yellow,982.0,20.692,10.06,6.0044,9.25,61.8,4.0,1.5687,,,,,,,1.0,,0.99,,,1
Wayanad,Chooralmala,UEI-IMD-FL-2014-0050,2014-07-30T00:00:00,positive,Yellow,982.0,20.692,10.06,6.0044,9.25,61.8,4.0,1.5687,,0.5,1.6,2.8,8.2,8.2,2.8368,0.5,0.99,,,1
Wayanad,Chooralmala,UEI-IMD-FL-2014-0050,2014-07-31T00:00:00,positive,Orange,982.0,20.692,10.06,6.0044,9.25,61.8,4.0,1.5687,,1.1,2.0,3.1,22.8,31.0,5.1901,1.1,0.99,,,2
Wayanad,Chooralmala,UEI-IMD-FL-2014-0050,2014-07-31T12:00:00,positive,Orange,982.0,20.692,10.06,6.0044,9.25,61.8,4.0,1.5687,,1.3,6.2,16.3,38.2,60.9,13.728,1.3,0.99,,,2
Wayanad,Chooralmala,UEI-IMD-FL-2014-0050,2014-07-31T18:00:00,positive,Red,982.0,20.692,10.06,6.0044,9.25,61.8,4.0,1.5687,,0.9,3.8,5.7,38.7,66.6,9.0685,0.9,1.0,,,3
Wayanad,Chooralmala,UEI-IMD-FL-2014-0050,2014-08-01T00:00:00,positive,Red,982.0,20.692,10.06,6.0044,9.25,61.8,4.0,1.5687,,2.8,8.6,12.9,48.5,79.5,13.9843,2.8,1.0,,,3
Wayanad,Chooralmala,UEI-IMD-FL-2014-0051,2014-08-19T00:00:00,positive,Yellow,982.0,20.692,10.06,6.0044,9.25,61.8,4.0,1.5687,,,,,,,0.0,,0.98,,,1
Wayanad,Chooralmala,UEI-IMD-FL-2014-0051,2014-08-20T00:00:00,positive,Yellow,982.0,20.692,10.06,6.0044,9.25,61.8,4.0,1.5687,,0.0,0.0,0.0,10.1,10.1,0.8973,0.0,0.98,,,1
Wayanad,Chooralmala,UEI-IMD-FL-2014-0051,2014-08-21T00:00:00,positive,Orange,982.0,20.692,10.06,6.0044,9.25,61.8,4.0,1.5687,,0.0,1.2,1.5,7.0,17.1,1.596,0.0,0.98,,,2
Wayanad,Chooralmala,UEI-IMD-FL-2014-0051,2014-08-21T12:00:00,positive,Orange,982.0,20.692,10.06,6.0044,9.25,61.8,4.0,1.5687,,0.7,3.3,5.0,9.2,22.4,5.8215,0.7,0.98,,,2
Wayanad,Chooralmala,UEI-IMD-FL-2014-0051,2014-08-21T18:00:00,positive,Red,982.0,20.692,10.06,6.0044,9.25,61.8,4.0,1.5687,,0.0,0.0,2.6,9.4,25.0,2.2843,0.0,0.98,,,3
Wayanad,Chooralmala,UEI-IMD-FL-2014-0051,2014-08-22T00:00:00,positive,Red,982.0,20.692,10.06,6.0044,9.25,61.8,4.0,1.5687,,0.0,0.2,0.7,8.6,25.7,1.214,0.0,0.99,,,3
Wayanad,Chooralmala,UEI-IMD-FL-2015-0048,2015-04-08T00:00:00,positive,Yellow,982.0,20.692,10.06,6.0044,9.25,61.8,4.0,1.5687,,,,,,,0.0,,0.49,,,1
Wayanad,Chooralmala,UEI-IMD-FL-2015-0048,2015-04-09T00:00:00,positive,Yellow,982.0,20.692,10.06,6.0044,9.25,61.8,4.0,1.5687,,0.0,0.0,0.0,5.8,5.8,0.5798,0.0,0.49,,,1
Wayanad,Chooralmala,UEI-IMD-FL-2015-0048,2015-04-10T00:00:00,positive,Orange,982.0,20.692,10.06,6.0044,9.25,61.8,4.0,1.5687,,1.6,2.3,2.3,3.5,9.3,2.0823,1.6,0.5,,,2
Wayanad,Chooralmala,UEI-IMD-FL-2015-0048,2015-04-10T12:00:00,positive,Orange,982.0,20.692,10.06,6.0044,9.25,61.8,4.0,1.5687,,0.0,0.0,2.5,4.9,11.9,1.4681,0.0,0.5,,,2
Wayanad,Chooralmala,UEI-IMD-FL-2015-0048,2015-04-10T18:00:00,positive,Red,982.0,20.692,10.06,6.0044,9.25,61.8,4.0,1.5687,,1.6,1.6,1.6,6.5,13.5,3.1137,1.6,0.5,,,3
Wayanad,Chooralmala,UEI-IMD-FL-2015-0048,2015-04-11T00:00:00,positive,Red,982.0,20.692,10.06,6.0044,9.25,61.8,4.0,1.5687,,0.0,0.0,3.9,8.1,17.4,2.5759,0.0,0.5,,,3
Wayanad,Chooralmala,UEI-IMD-FL-2015-0053,2015-05-07T00:00:00,positive,Yellow,982.0,20.692,10.06,6.0044,9.25,61.8,4.0,1.5687,,,,,,,0.0,,0.56,,,1
Wayanad,Chooralmala,UEI-IMD-FL-2015-0053,2015-05-08T00:00:00,positive,Yellow,982.0,20.692,10.06,6.0044,9.25,61.8,4.0,1.5687,,0.0,0.0,0.0,8.9,8.9,0.8925,0.0,0.57,,,1
Wayanad,Chooralmala,UEI-IMD-FL-2015-0053,2015-05-09T00:00:00,positive,Orange,982.0,20.692,10.06,6.0044,9.25,61.8,4.0,1.5687,,0.0,0.0,0.2,8.2,17.1,1.7213,0.0,0.57,,,2
Wayanad,Chooralmala,UEI-IMD-FL-2015-0053,2015-05-09T12:00:00,positive,Orange,982.0,20.692,10.06,6.0044,9.25,61.8,4.0,1.5687,,0.2,0.8,1.4,7.2,18.5,2.9404,0.2,0.58,,,2
Wayanad,Chooralmala,UEI-IMD-FL-2015-0053,2015-05-09T18:00:00,positive,Red,982.0,20.692,10.06,6.0044,9.25,61.8,4.0,1.5687,,0.0,0.5,3.1,4.7,21.6,1.7579,0.0,0.57,,,3
Wayanad,Chooralmala,UEI-IMD-FL-2015-0053,2015-05-10T00:00:00,positive,Red,982.0,20.692,10.06,6.0044,9.25,61.8,4.0,1.5687,,0.0,0.0,0.2,4.7,21.8,0.7674,0.0,0.58,,,3
Wayanad,Chooralmala,UEI-IMD-FL-2015-0056,2015-06-16T00:00:00,positive,Yellow,982.0,20.692,10.06,6.0044,9.25,61.8,4.0,1.5687,,,,,,,0.2,,0.67,,,1
Wayanad,Chooralmala,UEI-IMD-FL-2015-0056,2015-06-17T00:00:00,positive,Yellow,982.0,20.692,10.06,6.0044,9.25,61.8,4.0,1.5687,,1.8,5.3,7.4,16.1,16.1,7.7311,1.8,0.66,,,1
Wayanad,Chooralmala,UEI-IMD-FL-2015-0056,2015-06-18T00:00:00,positive,Orange,982.0,20.692,10.06,6.0044,9.25,61.8,4.0,1.5687,,0.7,2.6,8.0,26.1,42.2,6.6579,0.7,0.67,,,2
Wayanad,Chooralmala,UEI-IMD-FL-2015-0056,2015-06-18T12:00:00,positive,Orange,982.0,20.692,10.06,6.0044,9.25,61.8,4.0,1.5687,,0.7,3.9,6.0,23.4,52.2,6.2844,0.7,0.67,,,2
Wayanad,Chooralmala,UEI-IMD-FL-2015-0056,2015-06-18T18:00:00,positive,Red,982.0,20.692,10.06,6.0044,9.25,61.8,4.0,1.5687,,0.5,1.3,3.6,21.6,55.8,4.4058,0.5,0.67,,,3
Wayanad,Chooralmala,UEI-IMD-FL-2015-0056,2015-06-19T00:00:00,positive,Red,982.0,20.692,10.06,6.0044,9.25,61.8,4.0,1.5687,,0.8,2.2,3.8,17.4,59.6,4.9459,0.8,0.67,,,3
Wayanad,Chooralmala,UEI-IMD-FL-2015-0060,2015-09-24T00:00:00,positive,Yellow,982.0,20.692,10.06,6.0044,9.25,61.8,4.0,1.5687,,,,,,,0.0,,0.67,,,1
Wayanad,Chooralmala,UEI-IMD-FL-2015-0060,2015-09-25T00:00:00,positive,Yellow,982.0,20.692,10.06,6.0044,9.25,61.8,4.0,1.5687,,0.0,0.0,1.0,8.1,8.1,1.6798,0.0,0.7,,,1
Wayanad,Chooralmala,UEI-IMD-FL-2015-0060,2015-09-26T00:00:00,positive,Orange,982.0,20.692,10.06,6.0044,9.25,61.8,4.0,1.5687,,0.0,0.1,0.1,1.2,9.3,0.4867,0.0,0.69,,,2
Wayanad,Chooralmala,UEI-IMD-FL-2015-0060,2015-09-26T12:00:00,positive,Orange,982.0,20.692,10.06,6.0044,9.25,61.8,4.0,1.5687,,0.2,2.9,4.9,5.8,14.8,3.053,0.2,0.69,,,2
Wayanad,Chooralmala,UEI-IMD-FL-2015-0060,2015-09-26T18:00:00,positive,Red,982.0,20.692,10.06,6.0044,9.25,61.8,4.0,1.5687,,0.2,0.2,0.2,5.8,15.0,1.7214,0.2,0.69,,,3
Wayanad,Chooralmala,UEI-IMD-FL-2015-0060,2015-09-27T00:00:00,positive,Red,982.0,20.692,10.06,6.0044,9.25,61.8,4.0,1.5687,,0.0,0.0,0.5,6.2,15.5,0.7014,0.0,0.69,,,3
Wayanad,Chooralmala,UEI-IMD-FL-2016-0078,2016-06-04T00:00:00,positive,Yellow,982.0,20.692,10.06,6.0044,9.25,61.8,4.0,1.5687,,,,,,,0.0,,0.64,,,1
Wayanad,Chooralmala,UEI-IMD-FL-2016-0078,2016-06-05T00:00:00,positive,Yellow,982.0,20.692,10.06,6.0044,9.25,61.8,4.0,1.5687,,0.3,0.8,1.9,9.8,9.8,2.4384,0.3,0.65,,,1
Wayanad,Chooralmala,UEI-IMD-FL-2016-0078,2016-06-06T00:00:00,positive,Orange,982.0,20.692,10.06,6.0044,9.25,61.8,4.0,1.5687,,0.0,0.5,2.4,32.2,42.0,6.186,0.0,0.66,,,2
Wayanad,Chooralmala,UEI-IMD-FL-2016-0078,2016-06-06T12:00:00,positive,Orange,982.0,20.692,10.06,6.0044,9.25,61.8,4.0,1.5687,,0.7,5.0,8.8,34.6,54.8,7.1935,0.7,0.66,,,2
Wayanad,Chooralmala,UEI-IMD-FL-2016-0078,2016-06-06T18:00:00,positive,Red,982.0,20.692,10.06,6.0044,9.25,61.8,4.0,1.5687,,0.3,1.3,2.0,17.2,56.8,4.2482,0.3,0.66,,,3
Wayanad,Chooralmala,UEI-IMD-FL-2016-0078,2016-06-07T00:00:00,positive,Red,982.0,20.692,10.06,6.0044,9.25,61.8,4.0,1.5687,,1.0,2.9,4.8,19.6,61.6,6.3526,1.0,0.66,,,3
Wayanad,Chooralmala,UEI-IMD-FL-2016-0080,2016-06-13T00:00:00,positive,Yellow,982.0,20.692,10.06,6.0044,9.25,61.8,4.0,1.5687,,,,,,,0.0,,0.7,,,1
Wayanad,Chooralmala,UEI-IMD-FL-2016-0080,2016-06-14T00:00:00,positive,Yellow,982.0,20.692,10.06,6.0044,9.25,61.8,4.0,1.5687,,0.0,0.8,1.5,6.9,6.9,1.2576,0.0,0.71,,,1
Wayanad,Chooralmala,UEI-IMD-FL-2016-0080,2016-06-15T00:00:00,positive,Orange,982.0,20.692,10.06,6.0044,9.25,61.8,4.0,1.5687,,0.0,0.6,1.3,2.9,9.8,0.882,0.0,0.71,,,2
Wayanad,Chooralmala,UEI-IMD-FL-2016-0080,2016-06-15T12:00:00,positive,Orange,982.0,20.692,10.06,6.0044,9.25,61.8,4.0,1.5687,,0.3,1.2,1.5,3.3,11.5,1.6021,0.3,0.7,,,2
Wayanad,Chooralmala,UEI-IMD-FL-2016-0080,2016-06-15T18:00:00,positive,Red,982.0,20.692,10.06,6.0044,9.25,61.8,4.0,1.5687,,0.2,0.6,1.4,4.4,12.9,1.5347,0.2,0.7,,,3
Wayanad,Chooralmala,UEI-IMD-FL-2016-0080,2016-06-16T00:00:00,positive,Red,982.0,20.692,10.06,6.0044,9.25,61.8,4.0,1.5687,,0.5,2.0,3.0,6.1,15.9,2.8861,0.5,0.7,,,3
Wayanad,Chooralmala,UEI-IMD-FL-2016-0081,2016-06-23T00:00:00,positive,Yellow,982.0,20.692,10.06,6.0044,9.25,61.8,4.0,1.5687,,,,,,,1.0,,0.74,,,1
Wayanad,Chooralmala,UEI-IMD-FL-2016-0081,2016-06-24T00:00:00,positive,Yellow,982.0,20.692,10.06,6.0044,9.25,61.8,4.0,1.5687,,1.0,2.4,2.8,21.2,21.2,4.4655,1.0,0.74,,,1
Wayanad,Chooralmala,UEI-IMD-FL-2016-0081,2016-06-25T00:00:00,positive,Orange,982.0,20.692,10.06,6.0044,9.25,61.8,4.0,1.5687,,0.3,2.3,4.5,26.5,47.7,5.5207,0.3,0.74,,,2
Wayanad,Chooralmala,UEI-IMD-FL-2016-0081,2016-06-25T12:00:00,positive,Orange,982.0,20.692,10.06,6.0044,9.25,61.8,4.0,1.5687,,2.2,7.4,11.8,26.8,65.3,10.8664,2.2,0.73,,,2
Wayanad,Chooralmala,UEI-IMD-FL-2016-0081,2016-06-25T18:00:00,positive,Red,982.0,20.692,10.06,6.0044,9.25,61.8,4.0,1.5687,,2.0,4.0,7.9,30.0,73.2,9.6937,2.0,0.73,,,3
Wayanad,Chooralmala,UEI-IMD-FL-2016-0081,2016-06-26T00:00:00,positive,Red,982.0,20.692,10.06,6.0044,9.25,61.8,4.0,1.5687,,0.0,0.0,1.8,27.3,75.0,3.8491,0.0,0.73,,,3
Wayanad,Chooralmala,UEI-IMD-FL-2016-0083,2016-07-07T00:00:00,positive,Yellow,982.0,20.692,10.06,6.0044,9.25,61.8,4.0,1.5687,,,,,,,1.6,,0.81,,,1
Wayanad,Chooralmala,UEI-IMD-FL-2016-0083,2016-07-08T00:00:00,positive,Yellow,982.0,20.692,10.06,6.0044,9.25,61.8,4.0,1.5687,,0.4,1.7,3.6,20.6,20.6,3.9801,0.4,0.81,,,1
Wayanad,Chooralmala,UEI-IMD-FL-2016-0083,2016-07-09T00:00:00,positive,Orange,982.0,20.692,10.06,6.0044,9.25,61.8,4.0,1.5687,,1.6,6.4,10.0,38.4,59.0,10.0831,1.6,0.81,,,2
Wayanad,Chooralmala,UEI-IMD-FL-2016-0083,2016-07-09T12:00:00,positive,Orange,982.0,20.692,10.06,6.0044,9.25,61.8,4.0,1.5687,,0.1,1.0,3.5,27.3,70.2,5.2578,0.1,0.81,,,2
Wayanad,Chooralmala,UEI-IMD-FL-2016-0083,2016-07-09T18:00:00,positive,Red,982.0,20.692,10.06,6.0044,9.25,61.8,4.0,1.5687,,0.6,2.2,3.2,24.4,73.4,4.3106,0.6,0.81,,,3
Wayanad,Chooralmala,UEI-IMD-FL-2016-0083,2016-07-10T00:00:00,positive,Red,982.0,20.692,10.06,6.0044,9.25,61.8,4.0,1.5687,,1.5,4.0,6.0,20.4,79.4,5.9298,1.5,0.82,,,3
Wayanad,Chooralmala,UEI-IMD-FL-2017-0070,2017-08-25T00:00:00,positive,Yellow,982.0,20.692,10.06,6.0044,9.25,61.8,4.0,1.5687,,,,,,,0.0,,0.82,,,1
Wayanad,Chooralmala,UEI-IMD-FL-2017-0070,2017-08-26T00:00:00,positive,Yellow,982.0,20.692,10.06,6.0044,9.25,61.8,4.0,1.5687,,0.2,1.0,1.0,2.8,2.8,1.0235,0.2,0.82,,,1
Wayanad,Chooralmala,UEI-IMD-FL-2017-0070,2017-08-27T00:00:00,positive,Orange,982.0,20.692,10.06,6.0044,9.25,61.8,4.0,1.5687,,1.8,3.3,7.4,17.8,20.6,7.4029,1.8,0.82,,,2
Wayanad,Chooralmala,UEI-IMD-FL-2017-0070,2017-08-27T12:00:00,positive,Orange,982.0,20.692,10.06,6.0044,9.25,61.8,4.0,1.5687,,3.2,7.8,19.1,35.5,46.4,15.1787,3.2,0.82,,,2
Wayanad,Chooralmala,UEI-IMD-FL-2017-0070,2017-08-27T18:00:00,positive,Red,982.0,20.692,10.06,6.0044,9.25,61.8,4.0,1.5687,,1.6,4.9,7.8,41.0,54.2,9.9255,1.6,0.82,,,3
Wayanad,Chooralmala,UEI-IMD-FL-2017-0070,2017-08-28T00:00:00,positive,Red,982.0,20.692,10.06,6.0044,9.25,61.8,4.0,1.5687,,4.7,12.7,14.7,48.3,68.9,41.0745,4.7,0.82,,,3
Wayanad,Chooralmala,UEI-IMD-FL-2017-0071,2017-05-06T00:00:00,positive,Yellow,982.0,20.692,10.06,6.0044,9.25,61.8,4.0,1.5687,,,,,,,0.0,,0.54,,,1
Wayanad,Chooralmala,UEI-IMD-FL-2017-0071,2017-05-07T00:00:00,positive,Yellow,982.0,20.692,10.06,6.0044,9.25,61.8,4.0,1.5687,,0.0,0.0,3.8,9.0,9.0,2.515,0.0,0.54,,,1
Wayanad,Chooralmala,UEI-IMD-FL-2017-0071,2017-05-08T00:00:00,positive,Orange,982.0,20.692,10.06,6.0044,9.25,61.8,4.0,1.5687,,0.6,8.0,18.5,23.1,32.1,10.7057,0.6,0.55,,,2
Wayanad,Chooralmala,UEI-IMD-FL-2017-0071,2017-05-08T12:00:00,positive,Orange,982.0,20.692,10.06,6.0044,9.25,61.8,4.0,1.5687,,2.1,4.2,4.2,24.2,36.5,4.7768,2.1,0.56,,,2
Wayanad,Chooralmala,UEI-IMD-FL-2017-0071,2017-05-08T18:00:00,positive,Red,982.0,20.692,10.06,6.0044,9.25,61.8,4.0,1.5687,,0.0,0.0,0.0,22.9,36.5,1.8016,0.0,0.56,,,3
Wayanad,Chooralmala,UEI-IMD-FL-2017-0071,2017-05-09T00:00:00,positive,Red,982.0,20.692,10.06,6.0044,9.25,61.8,4.0,1.5687,,0.0,0.0,0.0,4.4,36.5,0.6795,0.0,0.56,,,3
Wayanad,Chooralmala,UEI-IMD-FL-2017-0074,2017-09-15T00:00:00,positive,Yellow,982.0,20.692,10.06,6.0044,9.25,61.8,4.0,1.5687,,,,,,,0.0,,0.92,,,1
Wayanad,Chooralmala,UEI-IMD-FL-2017-0074,2017-09-16T00:00:00,positive,Yellow,982.0,20.692,10.06,6.0044,9.25,61.8,4.0,1.5687,,2.2,5.6,10.0,18.3,18.3,8.9608,2.2,0.92,,,1
Wayanad,Chooralmala,UEI-IMD-FL-2017-0074,2017-09-17T00:00:00,positive,Orange,982.0,20.692,10.06,6.0044,9.25,61.8,4.0,1.5687,,1.4,4.1,8.7,31.2,49.5,9.4427,1.4,0.93,,,2
Wayanad,Chooralmala,UEI-IMD-FL-2017-0074,2017-09-17T12:00:00,positive,Orange,982.0,20.692,10.06,6.0044,9.25,61.8,4.0,1.5687,,4.1,14.3,30.6,56.4,87.7,24.2872,4.1,0.94,,,2
Wayanad,Chooralmala,UEI-IMD-FL-2017-0074,2017-09-17T18:00:00,positive,Red,982.0,20.692,10.06,6.0044,9.25,61.8,4.0,1.5687,,2.3,6.8,14.7,61.6,102.4,20.5472,2.3,0.95,,,3
Wayanad,Chooralmala,UEI-IMD-FL-2017-0074,2017-09-18T00:00:00,positive,Red,982.0,20.692,10.06,6.0044,9.25,61.8,4.0,1.5687,,5.1,10.3,28.0,80.9,130.4,26.2386,5.1,0.94,,,3
Wayanad,Chooralmala,UEI-IMD-FL-2018-0031,2018-04-19T00:00:00,positive,Yellow,982.0,20.692,10.06,6.0044,9.25,61.8,4.0,1.5687,,,,,,,0.0,,0.52,,,1
Wayanad,Chooralmala,UEI-IMD-FL-2018-0031,2018-04-20T00:00:00,positive,Yellow,982.0,20.692,10.06,6.0044,9.25,61.8,4.0,1.5687,,0.0,0.0,1.0,6.9,6.9,0.9162,0.0,0.52,,,1
Wayanad,Chooralmala,UEI-IMD-FL-2018-0031,2018-04-21T00:00:00,positive,Orange,982.0,20.692,10.06,6.0044,9.25,61.8,4.0,1.5687,,0.0,0.0,0.0,13.3,20.2,1.1857,0.0,0.52,,,2
Wayanad,Chooralmala,UEI-IMD-FL-2018-0031,2018-04-21T12:00:00,positive,Orange,982.0,20.692,10.06,6.0044,9.25,61.8,4.0,1.5687,,0.1,15.6,23.7,24.0,44.1,14.2128,0.1,0.52,,,2
Wayanad,Chooralmala,UEI-IMD-FL-2018-0031,2018-04-21T18:00:00,positive,Red,982.0,20.692,10.06,6.0044,9.25,61.8,4.0,1.5687,,0.1,0.3,0.4,24.3,44.5,5.5899,0.1,0.52,,,3
Wayanad,Chooralmala,UEI-IMD-FL-2018-0031,2018-04-22T00:00:00,positive,Red,982.0,20.692,10.06,6.0044,9.25,61.8,4.0,1.5687,,0.3,0.8,1.3,25.6,45.8,2.9325,0.3,0.52,,,3
Wayanad,Chooralmala,UEI-IMD-FL-2018-0035,2018-05-26T00:00:00,positive,Yellow,982.0,20.692,10.06,6.0044,9.25,61.8,4.0,1.5687,,,,,,,0.0,,0.69,,,1
Wayanad,Chooralmala,UEI-IMD-FL-2018-0035,2018-05-27T00:00:00,positive,Yellow,982.0,20.692,10.06,6.0044,9.25,61.8,4.0,1.5687,,0.0,2.5,2.7,51.6,51.6,7.5138,0.0,0.69,,,1
Wayanad,Chooralmala,UEI-IMD-FL-2018-0035,2018-05-28T00:00:00,positive,Orange,982.0,20.692,10.06,6.0044,9.25,61.8,4.0,1.5687,,0.0,0.0,1.7,32.5,84.1,5.2247,0.0,0.69,,,2
Wayanad,Chooralmala,UEI-IMD-FL-2018-0035,2018-05-28T12:00:00,positive,Orange,982.0,20.692,10.06,6.0044,9.25,61.8,4.0,1.5687,,0.1,0.8,2.5,21.3,86.7,2.163,0.1,0.7,,,2
Wayanad,Chooralmala,UEI-IMD-FL-2018-0035,2018-05-28T18:00:00,positive,Red,982.0,20.692,10.06,6.0044,9.25,61.8,4.0,1.5687,,1.2,2.4,4.4,8.7,91.1,10.1621,1.2,0.7,,,3
Wayanad,Chooralmala,UEI-IMD-FL-2018-0035,2018-05-29T00:00:00,positive,Red,982.0,20.692,10.06,6.0044,9.25,61.8,4.0,1.5687,,3.8,19.8,60.6,67.6,151.7,39.9237,3.8,0.71,,,3
Wayanad,Chooralmala,UEI-IMD-FL-2018-0036,2018-01-05T00:00:00,positive,Yellow,982.0,20.692,10.06,6.0044,9.25,61.8,4.0,1.5687,,,,,,,0.0,,0.58,,,1
Wayanad,Chooralmala,UEI-IMD-FL-2018-0036,2018-01-06T00:00:00,positive,Yellow,982.0,20.692,10.06,6.0044,9.25,61.8,4.0,1.5687,,0.0,0.0,0.0,0.0,0.0,0.0,0.0,0.58,,,1
Wayanad,Chooralmala,UEI-IMD-FL-2018-0036,2018-01-07T00:00:00,positive,Orange,982.0,20.692,10.06,6.0044,9.25,61.8,4.0,1.5687,,0.0,0.0,0.0,0.2,0.2,0.0206,0.0,0.57,,,2
Wayanad,Chooralmala,UEI-IMD-FL-2018-0036,2018-01-07T12:00:00,positive,Orange,982.0,20.692,10.06,6.0044,9.25,61.8,4.0,1.5687,,0.0,0.3,0.3,0.3,0.5,0.298,0.0,0.57,,,2
Wayanad,Chooralmala,UEI-IMD-FL-2018-0036,2018-01-07T18:00:00,positive,Red,982.0,20.692,10.06,6.0044,9.25,61.8,4.0,1.5687,,0.0,0.0,0.1,0.4,0.6,0.1124,0.0,0.57,,,3
Wayanad,Chooralmala,UEI-IMD-FL-2018-0036,2018-01-08T00:00:00,positive,Red,982.0,20.692,10.06,6.0044,9.25,61.8,4.0,1.5687,,0.0,0.0,0.0,0.4,0.6,0.1424,0.0,0.57,,,3
Wayanad,Chooralmala,UEI-IMD-FL-2018-0040,2018-12-25T00:00:00,positive,Yellow,982.0,20.692,10.06,6.0044,9.25,61.8,4.0,1.5687,,,,,,,0.0,,0.56,,,1
Wayanad,Chooralmala,UEI-IMD-FL-2018-0040,2018-12-26T00:00:00,positive,Yellow,982.0,20.692,10.06,6.0044,9.25,61.8,4.0,1.5687,,0.0,0.0,0.0,7.5,7.5,0.7084,0.0,0.56,,,1
Wayanad,Chooralmala,UEI-IMD-FL-2018-0040,2018-12-27T00:00:00,positive,Orange,982.0,20.692,10.06,6.0044,9.25,61.8,4.0,1.5687,,0.0,0.0,0.0,3.5,11.0,0.4014,0.0,0.55,,,2
Wayanad,Chooralmala,UEI-IMD-FL-2018-0040,2018-12-27T12:00:00,positive,Orange,982.0,20.692,10.06,6.0044,9.25,61.8,4.0,1.5687,,0.7,4.8,8.4,9.2,19.5,5.4238,0.7,0.55,,,2
Wayanad,Chooralmala,UEI-IMD-FL-2018-0040,2018-12-27T18:00:00,positive,Red,982.0,20.692,10.06,6.0044,9.25,61.8,4.0,1.5687,,0.0,0.0,0.1,8.6,19.6,2.0456,0.0,0.55,,,3
Wayanad,Chooralmala,UEI-IMD-FL-2018-0040,2018-12-28T00:00:00,positive,Red,982.0,20.692,10.06,6.0044,9.25,61.8,4.0,1.5687,,0.0,0.0,0.0,8.6,19.6,0.7715,0.0,0.55,,,3
Wayanad,Chooralmala,UEI-IMD-FL-2019-0049,2019-04-16T00:00:00,positive,Yellow,982.0,20.692,10.06,6.0044,9.25,61.8,4.0,1.5687,,,,,,,0.0,,0.48,,,1
Wayanad,Chooralmala,UEI-IMD-FL-2019-0049,2019-04-17T00:00:00,positive,Yellow,982.0,20.692,10.06,6.0044,9.25,61.8,4.0,1.5687,,0.0,0.6,0.8,3.4,3.4,0.7478,0.0,0.48,,,1
Wayanad,Chooralmala,UEI-IMD-FL-2019-0049,2019-04-18T00:00:00,positive,Orange,982.0,20.692,10.06,6.0044,9.25,61.8,4.0,1.5687,,0.0,0.1,0.1,7.4,10.8,1.1364,0.0,0.5,,,2
Wayanad,Chooralmala,UEI-IMD-FL-2019-0049,2019-04-18T12:00:00,positive,Orange,982.0,20.692,10.06,6.0044,9.25,61.8,4.0,1.5687,,4.3,13.4,16.8,20.2,27.7,11.8405,4.3,0.5,,,2
Wayanad,Chooralmala,UEI-IMD-FL-2019-0049,2019-04-18T18:00:00,positive,Red,982.0,20.692,10.06,6.0044,9.25,61.8,4.0,1.5687,,3.3,7.0,7.5,24.5,35.2,16.2941,3.3,0.5,,,3
Wayanad,Chooralmala,UEI-IMD-FL-2019-0049,2019-04-19T00:00:00,positive,Red,982.0,20.692,10.06,6.0044,9.25,61.8,4.0,1.5687,,0.4,9.3,19.4,43.8,54.6,14.202,0.4,0.52,,,3
Wayanad,Chooralmala,UEI-IMD-FL-2019-0050,2019-04-21T00:00:00,positive,Yellow,982.0,20.692,10.06,6.0044,9.25,61.8,4.0,1.5687,,,,,,,0.9,,0.54,,,1
Wayanad,Chooralmala,UEI-IMD-FL-2019-0050,2019-04-22T00:00:00,positive,Yellow,982.0,20.692,10.06,6.0044,9.25,61.8,4.0,1.5687,,0.0,0.0,0.0,10.4,10.4,0.8781,0.0,0.57,,,1
Wayanad,Chooralmala,UEI-IMD-FL-2019-0050,2019-04-23T00:00:00,positive,Orange,982.0,20.692,10.06,6.0044,9.25,61.8,4.0,1.5687,,0.0,0.1,0.2,5.1,15.5,0.6746,0.0,0.57,,,2
Wayanad,Chooralmala,UEI-IMD-FL-2019-0050,2019-04-23T12:00:00,positive,Orange,982.0,20.692,10.06,6.0044,9.25,61.8,4.0,1.5687,,0.9,1.6,3.1,5.1,18.8,5.2842,0.9,0.58,,,2
Wayanad,Chooralmala,UEI-IMD-FL-2019-0050,2019-04-23T18:00:00,positive,Red,982.0,20.692,10.06,6.0044,9.25,61.8,4.0,1.5687,,0.0,0.0,3.2,6.7,22.0,1.9929,0.0,0.58,,,3
Wayanad,Chooralmala,UEI-IMD-FL-2019-0050,2019-04-24T00:00:00,positive,Red,982.0,20.692,10.06,6.0044,9.25,61.8,4.0,1.5687,,0.0,0.0,0.0,6.5,22.0,0.7516,0.0,0.58,,,3
Wayanad,Chooralmala,UEI-IMD-FL-2019-0051,2019-04-25T00:00:00,positive,Yellow,982.0,20.692,10.06,6.0044,9.25,61.8,4.0,1.5687,,,,,,,0.0,,0.57,,,1
Wayanad,Chooralmala,UEI-IMD-FL-2019-0051,2019-04-26T00:00:00,positive,Yellow,982.0,20.692,10.06,6.0044,9.25,61.8,4.0,1.5687,,0.0,0.0,0.0,2.5,2.5,0.225,0.0,0.56,,,1
Wayanad,Chooralmala,UEI-IMD-FL-2019-0051,2019-04-27T00:00:00,positive,Orange,982.0,20.692,10.06,6.0044,9.25,61.8,4.0,1.5687,,0.0,0.0,0.0,1.0,3.5,0.0965,0.0,0.56,,,2
Wayanad,Chooralmala,UEI-IMD-FL-2019-0051,2019-04-27T12:00:00,positive,Orange,982.0,20.692,10.06,6.0044,9.25,61.8,4.0,1.5687,,1.1,1.1,1.7,2.0,5.3,3.1717,1.1,0.55,,,2
Wayanad,Chooralmala,UEI-IMD-FL-2019-0051,2019-04-27T18:00:00,positive,Red,982.0,20.692,10.06,6.0044,9.25,61.8,4.0,1.5687,,0.0,0.0,2.0,3.8,7.3,1.2406,0.0,0.55,,,3
Wayanad,Chooralmala,UEI-IMD-FL-2019-0051,2019-04-28T00:00:00,positive,Red,982.0,20.692,10.06,6.0044,9.25,61.8,4.0,1.5687,,0.0,0.0,0.0,3.8,7.3,0.4679,0.0,0.55,,,3
Wayanad,Chooralmala,UEI-IMD-FL-2019-0052,2019-05-13T00:00:00,positive,Yellow,982.0,20.692,10.06,6.0044,9.25,61.8,4.0,1.5687,,,,,,,0.0,,0.54,,,1
Wayanad,Chooralmala,UEI-IMD-FL-2019-0052,2019-05-14T00:00:00,positive,Yellow,982.0,20.692,10.06,6.0044,9.25,61.8,4.0,1.5687,,0.2,0.4,0.7,14.0,14.0,2.0532,0.2,0.54,,,1
Wayanad,Chooralmala,UEI-IMD-FL-2019-0052,2019-05-15T00:00:00,positive,Orange,982.0,20.692,10.06,6.0044,9.25,61.8,4.0,1.5687,,0.0,0.0,0.4,12.0,26.0,1.1946,0.0,0.54,,,2
Wayanad,Chooralmala,UEI-IMD-FL-2019-0052,2019-05-15T12:00:00,positive,Orange,982.0,20.692,10.06,6.0044,9.25,61.8,4.0,1.5687,,0.2,1.2,9.7,11.4,36.9,4.9548,0.2,0.54,,,2
Wayanad,Chooralmala,UEI-IMD-FL-2019-0052,2019-05-15T18:00:00,positive,Red,982.0,20.692,10.06,6.0044,9.25,61.8,4.0,1.5687,,0.2,3.0,3.8,15.1,40.7,5.1011,0.2,0.55,,,3
Wayanad,Chooralmala,UEI-IMD-FL-2019-0052,2019-05-16T00:00:00,positive,Red,982.0,20.692,10.06,6.0044,9.25,61.8,4.0,1.5687,,0.0,0.0,0.8,15.5,41.5,1.9239,0.0,0.55,,,3
Wayanad,Chooralmala,UEI-IMD-FL-2019-0053,2019-05-16T00:00:00,positive,Yellow,982.0,20.692,10.06,6.0044,9.25,61.8,4.0,1.5687,,,,,,,0.0,,0.55,,,1
Wayanad,Chooralmala,UEI-IMD-FL-2019-0053,2019-05-17T00:00:00,positive,Yellow,982.0,20.692,10.06,6.0044,9.25,61.8,4.0,1.5687,,0.0,0.0,0.0,4.7,4.7,0.3383,0.0,0.55,,,1
Wayanad,Chooralmala,UEI-IMD-FL-2019-0053,2019-05-18T00:00:00,positive,Orange,982.0,20.692,10.06,6.0044,9.25,61.8,4.0,1.5687,,0.0,0.0,0.1,5.0,9.7,0.471,0.0,0.55,,,2
Wayanad,Chooralmala,UEI-IMD-FL-2019-0053,2019-05-18T12:00:00,positive,Orange,982.0,20.692,10.06,6.0044,9.25,61.8,4.0,1.5687,,0.1,0.4,3.9,4.4,13.9,2.1998,0.1,0.55,,,2
Wayanad,Chooralmala,UEI-IMD-FL-2019-0053,2019-05-18T18:00:00,positive,Red,982.0,20.692,10.06,6.0044,9.25,61.8,4.0,1.5687,,0.0,0.0,0.1,4.4,14.0,0.8297,0.0,0.55,,,3
Wayanad,Chooralmala,UEI-IMD-FL-2019-0053,2019-05-19T00:00:00,positive,Red,982.0,20.692,10.06,6.0044,9.25,61.8,4.0,1.5687,,0.0,0.0,0.0,4.3,14.0,0.3129,0.0,0.55,,,3
Wayanad,Chooralmala,UEI-IMD-FL-2019-0057,2019-06-11T00:00:00,positive,Yellow,982.0,20.692,10.06,6.0044,9.25,61.8,4.0,1.5687,,,,,,,3.5,,0.6,,,1
Wayanad,Chooralmala,UEI-IMD-FL-2019-0057,2019-06-12T00:00:00,positive,Yellow,982.0,20.692,10.06,6.0044,9.25,61.8,4.0,1.5687,,3.3,7.6,17.1,54.3,54.3,17.0821,3.3,0.61,,,1
Wayanad,Chooralmala,UEI-IMD-FL-2019-0057,2019-06-13T00:00:00,positive,Orange,982.0,20.692,10.06,6.0044,9.25,61.8,4.0,1.5687,,1.3,3.7,5.7,43.5,97.8,9.06,1.3,0.62,,,2
Wayanad,Chooralmala,UEI-IMD-FL-2019-0057,2019-06-13T12:00:00,positive,Orange,982.0,20.692,10.06,6.0044,9.25,61.8,4.0,1.5687,,1.1,5.1,9.5,31.4,113.3,9.6282,1.1,0.62,,,2
Wayanad,Chooralmala,UEI-IMD-FL-2019-0057,2019-06-13T18:00:00,positive,Red,982.0,20.692,10.06,6.0044,9.25,61.8,4.0,1.5687,,0.5,2.6,8.1,29.3,121.4,7.6388,0.5,0.62,,,3
Wayanad,Chooralmala,UEI-IMD-FL-2019-0057,2019-06-14T00:00:00,positive,Red,982.0,20.692,10.06,6.0044,9.25,61.8,4.0,1.5687,,0.8,1.9,3.8,27.4,125.2,6.1111,0.8,0.62,,,3
Wayanad,Chooralmala,UEI-IMD-FL-2019-0060,2019-07-15T00:00:00,positive,Yellow,982.0,20.692,10.06,6.0044,9.25,61.8,4.0,1.5687,,,,,,,0.0,,0.72,,,1
Wayanad,Chooralmala,UEI-IMD-FL-2019-0060,2019-07-16T00:00:00,positive,Yellow,982.0,20.692,10.06,6.0044,9.25,61.8,4.0,1.5687,,0.0,0.0,0.0,8.8,8.8,0.6658,0.0,0.72,,,1
Wayanad,Chooralmala,UEI-IMD-FL-2019-0060,2019-07-17T00:00:00,positive,Orange,982.0,20.692,10.06,6.0044,9.25,61.8,4.0,1.5687,,0.1,1.2,2.9,22.4,31.2,3.0941,0.1,0.72,,,2
Wayanad,Chooralmala,UEI-IMD-FL-2019-0060,2019-07-17T12:00:00,positive,Orange,982.0,20.692,10.06,6.0044,9.25,61.8,4.0,1.5687,,0.7,1.2,7.1,20.1,46.6,8.4409,0.7,0.72,,,2
Wayanad,Chooralmala,UEI-IMD-FL-2019-0060,2019-07-17T18:00:00,positive,Red,982.0,20.692,10.06,6.0044,9.25,61.8,4.0,1.5687,,0.0,0.1,2.2,20.5,48.8,3.5459,0.0,0.72,,,3
Wayanad,Chooralmala,UEI-IMD-FL-2019-0060,2019-07-18T00:00:00,positive,Red,982.0,20.692,10.06,6.0044,9.25,61.8,4.0,1.5687,,0.0,0.0,0.1,17.7,48.9,1.3373,0.0,0.72,,,3
Wayanad,Chooralmala,UEI-IMD-FL-2019-0062,2019-04-05T00:00:00,positive,Yellow,982.0,20.692,10.06,6.0044,9.25,61.8,4.0,1.5687,,,,,,,0.0,,0.48,,,1
Wayanad,Chooralmala,UEI-IMD-FL-2019-0062,2019-04-06T00:00:00,positive,Yellow,982.0,20.692,10.06,6.0044,9.25,61.8,4.0,1.5687,,0.0,0.0,0.2,1.0,1.0,0.1893,0.0,0.48,,,1
Wayanad,Chooralmala,UEI-IMD-FL-2019-0062,2019-04-07T00:00:00,positive,Orange,982.0,20.692,10.06,6.0044,9.25,61.8,4.0,1.5687,,0.0,0.0,0.0,0.9,1.9,0.0702,0.0,0.48,,,2
Wayanad,Chooralmala,UEI-IMD-FL-2019-0062,2019-04-07T12:00:00,positive,Orange,982.0,20.692,10.06,6.0044,9.25,61.8,4.0,1.5687,,0.0,1.6,6.0,6.0,7.9,2.9707,0.0,0.48,,,2
Wayanad,Chooralmala,UEI-IMD-FL-2019-0062,2019-04-07T18:00:00,positive,Red,982.0,20.692,10.06,6.0044,9.25,61.8,4.0,1.5687,,0.0,0.0,0.0,6.0,7.9,1.2204,0.0,0.48,,,3
Wayanad,Chooralmala,UEI-IMD-FL-2019-0062,2019-04-08T00:00:00,positive,Red,982.0,20.692,10.06,6.0044,9.25,61.8,4.0,1.5687,,0.1,0.7,1.1,7.1,9.0,1.1011,0.1,0.48,,,3
Wayanad,Chooralmala,UEI-IMD-FL-2019-0064,2019-08-05T00:00:00,positive,Yellow,982.0,20.692,10.06,6.0044,9.25,61.8,4.0,1.5687,,,,,,,1.5,,0.8,,,1
Wayanad,Chooralmala,UEI-IMD-FL-2019-0064,2019-08-06T00:00:00,positive,Yellow,982.0,20.692,10.06,6.0044,9.25,61.8,4.0,1.5687,,2.0,5.2,10.7,45.5,45.5,11.6562,2.0,0.81,,,1
Wayanad,Chooralmala,UEI-IMD-FL-2019-0064,2019-08-07T00:00:00,positive,Orange,982.0,20.692,10.06,6.0044,9.25,61.8,4.0,1.5687,,4.4,8.5,20.9,78.1,123.6,21.8391,4.4,0.84,,,2
Wayanad,Chooralmala,UEI-IMD-FL-2019-0064,2019-08-07T12:00:00,positive,Orange,982.0,20.692,10.06,6.0044,9.25,61.8,4.0,1.5687,,5.7,17.8,31.4,87.7,172.5,30.613,5.7,0.85,,,2
Wayanad,Chooralmala,UEI-IMD-FL-2019-0064,2019-08-07T18:00:00,positive,Red,982.0,20.692,10.06,6.0044,9.25,61.8,4.0,1.5687,,3.2,10.9,22.5,92.3,195.0,26.9624,3.2,0.85,,,3
Wayanad,Chooralmala,UEI-IMD-FL-2019-0064,2019-08-08T00:00:00,positive,Red,982.0,20.692,10.06,6.0044,9.25,61.8,4.0,1.5687,,3.5,8.9,19.4,90.8,214.4,23.0003,3.5,0.86,,,3
Wayanad,Chooralmala,UEI-IMD-FL-2019-0065,2019-09-05T00:00:00,positive,Yellow,982.0,20.692,10.06,6.0044,9.25,61.8,4.0,1.5687,,,,,,,1.3,,0.95,,,1
Wayanad,Chooralmala,UEI-IMD-FL-2019-0065,2019-09-06T00:00:00,positive,Yellow,982.0,20.692,10.06,6.0044,9.25,61.8,4.0,1.5687,,1.3,3.2,5.9,32.9,32.9,7.1054,1.3,0.95,,,1
Wayanad,Chooralmala,UEI-IMD-FL-2019-0065,2019-09-07T00:00:00,positive,Orange,982.0,20.692,10.06,6.0044,9.25,61.8,4.0,1.5687,,0.3,0.9,2.4,20.9,53.8,3.1747,0.3,0.94,,,2
Wayanad,Chooralmala,UEI-IMD-FL-2019-0065,2019-09-07T12:00:00,positive,Orange,982.0,20.692,10.06,6.0044,9.25,61.8,4.0,1.5687,,3.3,8.3,16.2,26.6,75.0,14.6071,3.3,0.94,,,2
Wayanad,Chooralmala,UEI-IMD-FL-2019-0065,2019-09-07T18:00:00,positive,Red,982.0,20.692,10.06,6.0044,9.25,61.8,4.0,1.5687,,1.0,2.1,6.2,29.8,81.2,8.506,1.0,0.94,,,3
Wayanad,Chooralmala,UEI-IMD-FL-2019-0065,2019-09-08T00:00:00,positive,Red,982.0,20.692,10.06,6.0044,9.25,61.8,4.0,1.5687,,1.4,3.6,7.6,35.0,88.8,7.9613,1.4,0.94,,,3
Wayanad,Chooralmala,UEI-IMD-FL-2019-0066,2019-10-05T00:00:00,positive,Yellow,982.0,20.692,10.06,6.0044,9.25,61.8,4.0,1.5687,,,,,,,0.0,,0.91,,,1
Wayanad,Chooralmala,UEI-IMD-FL-2019-0066,2019-10-06T00:00:00,positive,Yellow,982.0,20.692,10.06,6.0044,9.25,61.8,4.0,1.5687,,0.0,0.1,4.9,24.7,24.7,4.3904,0.0,0.91,,,1
Wayanad,Chooralmala,UEI-IMD-FL-2019-0066,2019-10-07T00:00:00,positive,Orange,982.0,20.692,10.06,6.0044,9.25,61.8,4.0,1.5687,,0.4,2.4,6.7,15.8,40.5,4.5741,0.4,0.91,,,2
Wayanad,Chooralmala,UEI-IMD-FL-2019-0066,2019-10-07T12:00:00,positive,Orange,982.0,20.692,10.06,6.0044,9.25,61.8,4.0,1.5687,,1.2,3.1,15.1,23.1,56.6,9.0989,1.2,0.92,,,2
Wayanad,Chooralmala,UEI-IMD-FL-2019-0066,2019-10-07T18:00:00,positive,Red,982.0,20.692,10.06,6.0044,9.25,61.8,4.0,1.5687,,0.0,0.0,0.8,23.6,57.4,3.4317,0.0,0.92,,,3
Wayanad,Chooralmala,UEI-IMD-FL-2019-0066,2019-10-08T00:00:00,positive,Red,982.0,20.692,10.06,6.0044,9.25,61.8,4.0,1.5687,,0.0,0.0,0.0,16.9,57.4,1.2942,0.0,0.92,,,3
Wayanad,Chooralmala,UEI-IMD-FL-2019-0068,2019-08-16T00:00:00,positive,Yellow,982.0,20.692,10.06,6.0044,9.25,61.8,4.0,1.5687,,,,,,,1.7,,0.93,,,1
Wayanad,Chooralmala,UEI-IMD-FL-2019-0068,2019-08-17T00:00:00,positive,Yellow,982.0,20.692,10.06,6.0044,9.25,61.8,4.0,1.5687,,0.4,1.0,1.1,25.3,25.3,2.4504,0.4,0.94,,,1
Wayanad,Chooralmala,UEI-IMD-FL-2019-0068,2019-08-18T00:00:00,positive,Orange,982.0,20.692,10.06,6.0044,9.25,61.8,4.0,1.5687,,0.2,0.9,2.4,11.6,36.9,2.4771,0.2,0.94,,,2
Wayanad,Chooralmala,UEI-IMD-FL-2019-0068,2019-08-18T12:00:00,positive,Orange,982.0,20.692,10.06,6.0044,9.25,61.8,4.0,1.5687,,4.4,9.7,15.5,30.6,64.2,14.3048,4.4,0.94,,,2
Wayanad,Chooralmala,UEI-IMD-FL-2019-0068,2019-08-18T18:00:00,positive,Red,982.0,20.692,10.06,6.0044,9.25,61.8,4.0,1.5687,,0.0,0.0,1.1,30.8,65.3,5.6326,0.0,0.94,,,3
Wayanad,Chooralmala,UEI-IMD-FL-2019-0068,2019-08-19T00:00:00,positive,Red,982.0,20.692,10.06,6.0044,9.25,61.8,4.0,1.5687,,0.0,0.0,0.0,28.4,65.3,2.2243,0.0,0.94,,,3
Wayanad,Chooralmala,UEI-IMD-FL-2019-0069,2019-08-19T00:00:00,positive,Yellow,982.0,20.692,10.06,6.0044,9.25,61.8,4.0,1.5687,,,,,,,0.1,,0.94,,,1
Wayanad,Chooralmala,UEI-IMD-FL-2019-0069,2019-08-20T00:00:00,positive,Yellow,982.0,20.692,10.06,6.0044,9.25,61.8,4.0,1.5687,,0.9,1.8,1.8,17.8,17.8,3.5633,0.9,0.94,,,1
Wayanad,Chooralmala,UEI-IMD-FL-2019-0069,2019-08-21T00:00:00,positive,Orange,982.0,20.692,10.06,6.0044,9.25,61.8,4.0,1.5687,,0.3,0.4,0.4,15.7,33.5,1.6721,0.3,0.94,,,2
Wayanad,Chooralmala,UEI-IMD-FL-2019-0069,2019-08-21T12:00:00,positive,Orange,982.0,20.692,10.06,6.0044,9.25,61.8,4.0,1.5687,,0.7,4.5,12.0,18.0,49.4,8.3675,0.7,0.94,,,2
Wayanad,Chooralmala,UEI-IMD-FL-2019-0069,2019-08-21T18:00:00,positive,Red,982.0,20.692,10.06,6.0044,9.25,61.8,4.0,1.5687,,0.6,1.5,2.6,18.9,52.0,5.0211,0.6,0.94,,,3
Wayanad,Chooralmala,UEI-IMD-FL-2019-0069,2019-08-22T00:00:00,positive,Red,982.0,20.692,10.06,6.0044,9.25,61.8,4.0,1.5687,,0.6,1.2,3.1,21.6,55.1,4.3777,0.6,0.95,,,3
Wayanad,Chooralmala,UEI-IMD-FL-2019-0070,2019-03-06T00:00:00,positive,Yellow,982.0,20.692,10.06,6.0044,9.25,61.8,4.0,1.5687,,,,,,,0.0,,0.49,,,1
Wayanad,Chooralmala,UEI-IMD-FL-2019-0070,2019-03-07T00:00:00,positive,Yellow,982.0,20.692,10.06,6.0044,9.25,61.8,4.0,1.5687,,0.0,0.0,0.0,0.1,0.1,0.0063,0.0,0.49,,,1
Wayanad,Chooralmala,UEI-IMD-FL-2019-0070,2019-03-08T00:00:00,positive,Orange,982.0,20.692,10.06,6.0044,9.25,61.8,4.0,1.5687,,0.0,0.0,0.0,0.6,0.7,0.0572,0.0,0.49,,,2
Wayanad,Chooralmala,UEI-IMD-FL-2019-0070,2019-03-08T12:00:00,positive,Orange,982.0,20.692,10.06,6.0044,9.25,61.8,4.0,1.5687,,0.0,0.3,0.3,0.3,1.0,0.2032,0.0,0.49,,,2
Wayanad,Chooralmala,UEI-IMD-FL-2019-0070,2019-03-08T18:00:00,positive,Red,982.0,20.692,10.06,6.0044,9.25,61.8,4.0,1.5687,,0.0,0.0,0.0,0.3,1.0,0.0766,0.0,0.49,,,3
Wayanad,Chooralmala,UEI-IMD-FL-2019-0070,2019-03-09T00:00:00,positive,Red,982.0,20.692,10.06,6.0044,9.25,61.8,4.0,1.5687,,0.0,0.0,0.0,0.3,1.0,0.0289,0.0,0.49,,,3
Wayanad,Chooralmala,UEI-IMD-FL-2019-0074,2019-10-18T00:00:00,positive,Yellow,982.0,20.692,10.06,6.0044,9.25,61.8,4.0,1.5687,,,,,,,2.4,,0.96,,,1
Wayanad,Chooralmala,UEI-IMD-FL-2019-0074,2019-10-19T00:00:00,positive,Yellow,982.0,20.692,10.06,6.0044,9.25,61.8,4.0,1.5687,,1.6,13.2,84.3,150.1,150.1,56.7559,1.6,0.97,,,1
Wayanad,Chooralmala,UEI-IMD-FL-2019-0074,2019-10-20T00:00:00,positive,Orange,982.0,20.692,10.06,6.0044,9.25,61.8,4.0,1.5687,,0.6,0.9,2.6,39.2,189.3,10.1595,0.6,0.97,,,2
Wayanad,Chooralmala,UEI-IMD-FL-2019-0074,2019-10-20T12:00:00,positive,Orange,982.0,20.692,10.06,6.0044,9.25,61.8,4.0,1.5687,,7.0,12.4,19.3,43.8,212.2,29.8822,7.0,0.97,,,2
Wayanad,Chooralmala,UEI-IMD-FL-2019-0074,2019-10-20T18:00:00,positive,Red,982.0,20.692,10.06,6.0044,9.25,61.8,4.0,1.5687,,10.5,25.6,46.6,72.1,258.8,40.1521,10.5,0.97,,,3
Wayanad,Chooralmala,UEI-IMD-FL-2019-0074,2019-10-21T00:00:00,positive,Red,982.0,20.692,10.06,6.0044,9.25,61.8,4.0,1.5687,,1.6,8.4,33.2,102.7,292.0,30.0008,1.6,0.98,,,3
Wayanad,Chooralmala,UEI-IMD-FL-2019-0078,2019-10-08T00:00:00,positive,Yellow,982.0,20.692,10.06,6.0044,9.25,61.8,4.0,1.5687,,,,,,,0.0,,0.92,,,1
Wayanad,Chooralmala,UEI-IMD-FL-2019-0078,2019-10-09T00:00:00,positive,Yellow,982.0,20.692,10.06,6.0044,9.25,61.8,4.0,1.5687,,0.0,0.0,0.0,25.0,25.0,2.207,0.0,0.92,,,1
Wayanad,Chooralmala,UEI-IMD-FL-2019-0078,2019-10-10T00:00:00,positive,Orange,982.0,20.692,10.06,6.0044,9.25,61.8,4.0,1.5687,,0.1,0.2,0.2,12.0,37.0,0.9661,0.1,0.91,,,2
Wayanad,Chooralmala,UEI-IMD-FL-2019-0078,2019-10-10T12:00:00,positive,Orange,982.0,20.692,10.06,6.0044,9.25,61.8,4.0,1.5687,,2.9,13.2,20.1,21.3,57.9,14.5204,2.9,0.91,,,2
Wayanad,Chooralmala,UEI-IMD-FL-2019-0078,2019-10-10T18:00:00,positive,Red,982.0,20.692,10.06,6.0044,9.25,61.8,4.0,1.5687,,0.0,0.2,2.4,23.5,60.3,5.7144,0.0,0.91,,,3
Wayanad,Chooralmala,UEI-IMD-FL-2019-0078,2019-10-11T00:00:00,positive,Red,982.0,20.692,10.06,6.0044,9.25,61.8,4.0,1.5687,,0.0,0.0,0.1,23.4,60.4,2.1996,0.0,0.91,,,3
Wayanad,Chooralmala,UEI-IMD-FL-2019-0081,2019-03-09T00:00:00,positive,Yellow,982.0,20.692,10.06,6.0044,9.25,61.8,4.0,1.5687,,,,,,,0.0,,0.49,,,1
Wayanad,Chooralmala,UEI-IMD-FL-2019-0081,2019-03-10T00:00:00,positive,Yellow,982.0,20.692,10.06,6.0044,9.25,61.8,4.0,1.5687,,0.0,0.0,0.0,1.4,1.4,0.125,0.0,0.49,,,1
Wayanad,Chooralmala,UEI-IMD-FL-2019-0081,2019-03-11T00:00:00,positive,Orange,982.0,20.692,10.06,6.0044,9.25,61.8,4.0,1.5687,,0.7,2.2,3.2,10.4,11.8,2.814,0.7,0.49,,,2
Wayanad,Chooralmala,UEI-IMD-FL-2019-0081,2019-03-11T12:00:00,positive,Orange,982.0,20.692,10.06,6.0044,9.25,61.8,4.0,1.5687,,0.1,1.4,2.1,7.2,14.0,1.7592,0.1,0.49,,,2
Wayanad,Chooralmala,UEI-IMD-FL-2019-0081,2019-03-11T18:00:00,positive,Red,982.0,20.692,10.06,6.0044,9.25,61.8,4.0,1.5687,,0.0,0.0,0.1,5.5,14.1,0.6635,0.0,0.49,,,3
Wayanad,Chooralmala,UEI-IMD-FL-2019-0081,2019-03-12T00:00:00,positive,Red,982.0,20.692,10.06,6.0044,9.25,61.8,4.0,1.5687,,0.1,0.5,0.5,2.8,14.6,0.7026,0.1,0.49,,,3
Wayanad,Chooralmala,UEI-IMD-FL-2020-0054,2020-06-05T00:00:00,positive,Yellow,982.0,20.692,10.06,6.0044,9.25,61.8,4.0,1.5687,,,,,,,0.5,,0.64,289.42,0.01,1
Wayanad,Chooralmala,UEI-IMD-FL-2020-0054,2020-06-06T00:00:00,positive,Yellow,982.0,20.692,10.06,6.0044,9.25,61.8,4.0,1.5687,,0.3,1.1,2.0,14.0,14.0,3.2301,0.3,0.64,289.63,0.0,1
Wayanad,Chooralmala,UEI-IMD-FL-2020-0054,2020-06-07T00:00:00,positive,Orange,982.0,20.692,10.06,6.0044,9.25,61.8,4.0,1.5687,,1.9,5.1,9.1,39.7,53.7,12.0465,1.9,0.64,289.5,0.0,2
Wayanad,Chooralmala,UEI-IMD-FL-2020-0054,2020-06-07T12:00:00,positive,Orange,982.0,20.692,10.06,6.0044,9.25,61.8,4.0,1.5687,,0.7,0.9,6.1,49.5,77.0,8.8313,0.7,0.65,289.51,0.0,2
Wayanad,Chooralmala,UEI-IMD-FL-2020-0054,2020-06-07T18:00:00,positive,Red,982.0,20.692,10.06,6.0044,9.25,61.8,4.0,1.5687,,0.2,0.7,2.3,34.7,79.3,4.828,0.2,0.65,289.52,0.0,3
Wayanad,Chooralmala,UEI-IMD-FL-2020-0054,2020-06-08T00:00:00,positive,Red,982.0,20.692,10.06,6.0044,9.25,61.8,4.0,1.5687,,0.3,1.1,3.3,28.9,82.6,4.001,0.3,0.65,289.5,0.0,3
Wayanad,Chooralmala,UEI-IMD-FL-2020-0056,2020-08-05T00:00:00,positive,Yellow,982.0,20.692,10.06,6.0044,9.25,61.8,4.0,1.5687,,,,,,,4.3,,0.93,291.3,0.18,1
Wayanad,Chooralmala,UEI-IMD-FL-2020-0056,2020-08-06T00:00:00,positive,Yellow,982.0,20.692,10.06,6.0044,9.25,61.8,4.0,1.5687,,5.1,15.3,30.4,123.5,123.5,32.951,5.1,0.94,291.28,0.0,1
Wayanad,Chooralmala,UEI-IMD-FL-2020-0056,2020-08-07T00:00:00,positive,Orange,982.0,20.692,10.06,6.0044,9.25,61.8,4.0,1.5687,,2.9,7.8,15.7,89.3,212.8,23.2338,2.9,0.95,,,2
Wayanad,Chooralmala,UEI-IMD-FL-2020-0056,2020-08-07T12:00:00,positive,Orange,982.0,20.692,10.06,6.0044,9.25,61.8,4.0,1.5687,,1.4,5.8,11.4,57.3,237.8,13.6365,1.4,0.96,291.16,-0.14,2
Wayanad,Chooralmala,UEI-IMD-FL-2020-0056,2020-08-07T18:00:00,positive,Red,982.0,20.692,10.06,6.0044,9.25,61.8,4.0,1.5687,,1.8,6.5,13.0,53.7,250.8,13.4499,1.8,0.96,291.15,0.0,3
Wayanad,Chooralmala,UEI-IMD-FL-2020-0056,2020-08-08T00:00:00,positive,Red,982.0,20.692,10.06,6.0044,9.25,61.8,4.0,1.5687,,1.6,5.9,11.0,49.0,261.8,12.5766,1.6,0.97,291.01,-0.02,3
Wayanad,Chooralmala,UEI-IMD-FL-2020-0058,2020-10-05T00:00:00,positive,Yellow,982.0,20.692,10.06,6.0044,9.25,61.8,4.0,1.5687,,,,,,,0.0,,0.91,289.81,0.0,1
Wayanad,Chooralmala,UEI-IMD-FL-2020-0058,2020-10-06T00:00:00,positive,Yellow,982.0,20.692,10.06,6.0044,9.25,61.8,4.0,1.5687,,0.0,0.0,0.0,6.3,6.3,0.6985,0.0,0.9,289.74,0.0,1
Wayanad,Chooralmala,UEI-IMD-FL-2020-0058,2020-10-07T00:00:00,positive,Orange,982.0,20.692,10.06,6.0044,9.25,61.8,4.0,1.5687,,0.7,1.3,2.1,15.1,21.4,3.8323,0.7,0.89,289.71,0.0,2
Wayanad,Chooralmala,UEI-IMD-FL-2020-0058,2020-10-07T12:00:00,positive,Orange,982.0,20.692,10.06,6.0044,9.25,61.8,4.0,1.5687,,0.3,9.9,13.5,24.8,36.2,9.4019,0.3,0.89,289.69,0.0,2
Wayanad,Chooralmala,UEI-IMD-FL-2020-0058,2020-10-07T18:00:00,positive,Red,982.0,20.692,10.06,6.0044,9.25,61.8,4.0,1.5687,,0.0,0.4,0.7,17.6,36.9,4.336,0.0,0.89,289.68,0.0,3
Wayanad,Chooralmala,UEI-IMD-FL-2020-0058,2020-10-08T00:00:00,positive,Red,982.0,20.692,10.06,6.0044,9.25,61.8,4.0,1.5687,,0.0,4.9,9.0,24.5,45.9,6.6586,0.0,0.9,289.69,0.0,3
Wayanad,Chooralmala,UEI-IMD-FL-2020-0064,2020-09-17T00:00:00,positive,Yellow,982.0,20.692,10.06,6.0044,9.25,61.8,4.0,1.5687,,,,,,,0.0,,0.94,289.94,0.0,1
Wayanad,Chooralmala,UEI-IMD-FL-2020-0064,2020-09-18T00:00:00,positive,Yellow,982.0,20.692,10.06,6.0044,9.25,61.8,4.0,1.5687,,1.5,2.8,3.2,16.4,16.4,6.6215,1.5,0.94,289.93,0.0,1
Wayanad,Chooralmala,UEI-IMD-FL-2020-0064,2020-09-19T00:00:00,positive,Orange,982.0,20.692,10.06,6.0044,9.25,61.8,4.0,1.5687,,0.7,2.2,4.5,19.9,36.3,5.5794,0.7,0.95,289.92,0.0,2
Wayanad,Chooralmala,UEI-IMD-FL-2020-0064,2020-09-19T12:00:00,positive,Orange,982.0,20.692,10.06,6.0044,9.25,61.8,4.0,1.5687,,3.9,12.9,34.5,60.5,89.8,27.7709,3.9,0.95,289.93,-0.01,2
Wayanad,Chooralmala,UEI-IMD-FL-2020-0064,2020-09-19T18:00:00,positive,Red,982.0,20.692,10.06,6.0044,9.25,61.8,4.0,1.5687,,5.9,16.9,33.9,91.9,123.7,34.6476,5.9,0.95,289.99,0.02,3
Wayanad,Chooralmala,UEI-IMD-FL-2020-0064,2020-09-20T00:00:00,positive,Red,982.0,20.692,10.06,6.0044,9.25,61.8,4.0,1.5687,,4.7,17.2,31.5,118.9,155.2,36.077,4.7,0.96,290.17,0.03,3
Wayanad,Chooralmala,UEI-IMD-FL-2021-0063,2021-01-07T00:00:00,positive,Yellow,982.0,20.692,10.06,6.0044,9.25,61.8,4.0,1.5687,,,,,,,0.0,,0.65,,,1
Wayanad,Chooralmala,UEI-IMD-FL-2021-0063,2021-01-08T00:00:00,positive,Yellow,982.0,20.692,10.06,6.0044,9.25,61.8,4.0,1.5687,,0.0,0.1,2.7,13.0,13.0,3.4751,0.0,0.67,,,1
Wayanad,Chooralmala,UEI-IMD-FL-2021-0063,2021-01-09T00:00:00,positive,Orange,982.0,20.692,10.06,6.0044,9.25,61.8,4.0,1.5687,,0.0,0.0,2.5,29.3,42.3,4.1694,0.0,0.69,,,2
Wayanad,Chooralmala,UEI-IMD-FL-2021-0063,2021-01-09T12:00:00,positive,Orange,982.0,20.692,10.06,6.0044,9.25,61.8,4.0,1.5687,,0.9,5.1,7.7,17.4,50.0,6.183,0.9,0.68,289.58,0.0,2
Wayanad,Chooralmala,UEI-IMD-FL-2021-0063,2021-01-09T18:00:00,positive,Red,982.0,20.692,10.06,6.0044,9.25,61.8,4.0,1.5687,,0.2,0.5,1.8,12.0,51.8,3.061,0.2,0.68,289.52,0.0,3
Wayanad,Chooralmala,UEI-IMD-FL-2021-0063,2021-01-10T00:00:00,positive,Red,982.0,20.692,10.06,6.0044,9.25,61.8,4.0,1.5687,,0.2,1.2,1.7,11.2,53.5,2.4829,0.2,0.68,,,3
Wayanad,Chooralmala,UEI-IMD-FL-2021-0068,2021-04-15T00:00:00,positive,Yellow,982.0,20.692,10.06,6.0044,9.25,61.8,4.0,1.5687,,,,,,,0.0,,0.52,,,1
Wayanad,Chooralmala,UEI-IMD-FL-2021-0068,2021-04-16T00:00:00,positive,Yellow,982.0,20.692,10.06,6.0044,9.25,61.8,4.0,1.5687,,0.0,0.0,4.3,13.8,13.8,2.7186,0.0,0.53,,,1
Wayanad,Chooralmala,UEI-IMD-FL-2021-0068,2021-04-17T00:00:00,positive,Orange,982.0,20.692,10.06,6.0044,9.25,61.8,4.0,1.5687,,0.0,0.0,0.4,9.8,23.6,1.6629,0.0,0.53,,,2
Wayanad,Chooralmala,UEI-IMD-FL-2021-0068,2021-04-17T12:00:00,positive,Orange,982.0,20.692,10.06,6.0044,9.25,61.8,4.0,1.5687,,0.0,0.4,6.1,11.8,29.8,3.0548,0.0,0.53,289.39,0.0,2
Wayanad,Chooralmala,UEI-IMD-FL-2021-0068,2021-04-17T18:00:00,positive,Red,982.0,20.692,10.06,6.0044,9.25,61.8,4.0,1.5687,,0.1,0.1,0.2,6.8,30.0,1.2815,0.1,0.53,289.38,0.0,3
Wayanad,Chooralmala,UEI-IMD-FL-2021-0068,2021-04-18T00:00:00,positive,Red,982.0,20.692,10.06,6.0044,9.25,61.8,4.0,1.5687,,0.0,0.0,0.0,6.4,30.0,0.4833,0.0,0.53,,,3
Wayanad,Chooralmala,UEI-IMD-FL-2021-0070,2021-04-17T00:00:00,positive,Yellow,982.0,20.692,10.06,6.0044,9.25,61.8,4.0,1.5687,,,,,,,0.0,,0.53,,,1
Wayanad,Chooralmala,UEI-IMD-FL-2021-0070,2021-04-18T00:00:00,positive,Yellow,982.0,20.692,10.06,6.0044,9.25,61.8,4.0,1.5687,,0.0,0.0,0.0,6.4,6.4,0.4497,0.0,0.53,,,1
Wayanad,Chooralmala,UEI-IMD-FL-2021-0070,2021-04-19T00:00:00,positive,Orange,982.0,20.692,10.06,6.0044,9.25,61.8,4.0,1.5687,,0.0,0.0,0.1,10.4,16.8,0.7648,0.0,0.53,,,2
Wayanad,Chooralmala,UEI-IMD-FL-2021-0070,2021-04-19T12:00:00,positive,Orange,982.0,20.692,10.06,6.0044,9.25,61.8,4.0,1.5687,,1.4,4.1,7.7,9.1,24.5,4.7987,1.4,0.53,289.31,0.0,2
Wayanad,Chooralmala,UEI-IMD-FL-2021-0070,2021-04-19T18:00:00,positive,Red,982.0,20.692,10.06,6.0044,9.25,61.8,4.0,1.5687,,0.2,0.6,0.8,8.6,25.3,3.1407,0.2,0.53,289.31,0.0,3
Wayanad,Chooralmala,UEI-IMD-FL-2021-0070,2021-04-20T00:00:00,positive,Red,982.0,20.692,10.06,6.0044,9.25,61.8,4.0,1.5687,,0.0,1.5,3.2,11.7,28.5,2.6742,0.0,0.53,,,3
Wayanad,Chooralmala,UEI-IMD-FL-2021-0077,2021-06-13T00:00:00,positive,Yellow,982.0,20.692,10.06,6.0044,9.25,61.8,4.0,1.5687,,,,,,,1.6,,0.77,289.35,0.01,1
Wayanad,Chooralmala,UEI-IMD-FL-2021-0077,2021-06-14T00:00:00,positive,Yellow,982.0,20.692,10.06,6.0044,9.25,61.8,4.0,1.5687,,0.8,2.4,7.2,38.0,38.0,9.5528,0.8,0.79,289.42,0.0,1
Wayanad,Chooralmala,UEI-IMD-FL-2021-0077,2021-06-15T00:00:00,positive,Orange,982.0,20.692,10.06,6.0044,9.25,61.8,4.0,1.5687,,1.8,4.5,9.9,61.7,99.7,11.9901,1.8,0.79,289.52,0.02,2
Wayanad,Chooralmala,UEI-IMD-FL-2021-0077,2021-06-15T12:00:00,positive,Orange,982.0,20.692,10.06,6.0044,9.25,61.8,4.0,1.5687,,4.1,12.3,21.5,56.5,135.5,21.552,4.1,0.81,289.6,0.0,2
Wayanad,Chooralmala,UEI-IMD-FL-2021-0077,2021-06-15T18:00:00,positive,Red,982.0,20.692,10.06,6.0044,9.25,61.8,4.0,1.5687,,2.0,5.1,13.4,59.1,148.9,16.3258,2.0,0.81,289.58,0.0,3
Wayanad,Chooralmala,UEI-IMD-FL-2021-0077,2021-06-16T00:00:00,positive,Red,982.0,20.692,10.06,6.0044,9.25,61.8,4.0,1.5687,,1.1,5.4,11.6,60.8,160.5,16.1679,1.1,0.82,289.57,0.0,3
Wayanad,Chooralmala,UEI-IMD-FL-2021-0078,2021-06-18T00:00:00,positive,Yellow,982.0,20.692,10.06,6.0044,9.25,61.8,4.0,1.5687,,,,,,,1.3,,0.83,290.54,-0.02,1
Wayanad,Chooralmala,UEI-IMD-FL-2021-0078,2021-06-19T00:00:00,positive,Yellow,982.0,20.692,10.06,6.0044,9.25,61.8,4.0,1.5687,,0.5,1.6,3.3,47.4,47.4,6.2133,0.5,0.83,290.29,0.04,1
Wayanad,Chooralmala,UEI-IMD-FL-2021-0078,2021-06-20T00:00:00,positive,Orange,982.0,20.692,10.06,6.0044,9.25,61.8,4.0,1.5687,,0.2,1.7,3.4,11.2,58.6,2.8132,0.2,0.83,290.05,0.0,2
Wayanad,Chooralmala,UEI-IMD-FL-2021-0078,2021-06-20T12:00:00,positive,Orange,982.0,20.692,10.06,6.0044,9.25,61.8,4.0,1.5687,,0.3,0.7,3.4,9.6,63.4,2.647,0.3,0.83,290.0,0.0,2
Wayanad,Chooralmala,UEI-IMD-FL-2021-0078,2021-06-20T18:00:00,positive,Red,982.0,20.692,10.06,6.0044,9.25,61.8,4.0,1.5687,,0.0,0.0,0.3,8.5,63.7,1.0427,0.0,0.82,289.98,0.0,3
Wayanad,Chooralmala,UEI-IMD-FL-2021-0078,2021-06-21T00:00:00,positive,Red,982.0,20.692,10.06,6.0044,9.25,61.8,4.0,1.5687,,0.0,0.0,0.0,5.1,63.7,0.3932,0.0,0.82,289.97,0.0,3
Wayanad,Chooralmala,UEI-IMD-FL-2021-0079,2021-07-11T00:00:00,positive,Yellow,982.0,20.692,10.06,6.0044,9.25,61.8,4.0,1.5687,,,,,,,1.4,,0.85,289.41,0.0,1
Wayanad,Chooralmala,UEI-IMD-FL-2021-0079,2021-07-12T00:00:00,positive,Yellow,982.0,20.692,10.06,6.0044,9.25,61.8,4.0,1.5687,,1.0,3.8,8.2,34.9,34.9,7.8435,1.0,0.84,289.53,0.0,1
Wayanad,Chooralmala,UEI-IMD-FL-2021-0079,2021-07-13T00:00:00,positive,Orange,982.0,20.692,10.06,6.0044,9.25,61.8,4.0,1.5687,,2.1,7.2,13.2,31.6,66.5,12.1411,2.1,0.85,289.51,0.0,2
Wayanad,Chooralmala,UEI-IMD-FL-2021-0079,2021-07-13T12:00:00,positive,Orange,982.0,20.692,10.06,6.0044,9.25,61.8,4.0,1.5687,,0.7,5.9,21.3,52.6,101.6,16.4251,0.7,0.85,289.5,0.0,2
Wayanad,Chooralmala,UEI-IMD-FL-2021-0079,2021-07-13T18:00:00,positive,Red,982.0,20.692,10.06,6.0044,9.25,61.8,4.0,1.5687,,0.3,0.6,2.5,50.8,104.1,7.9345,0.3,0.85,289.49,0.0,3
Wayanad,Chooralmala,UEI-IMD-FL-2021-0079,2021-07-14T00:00:00,positive,Red,982.0,20.692,10.06,6.0044,9.25,61.8,4.0,1.5687,,1.2,4.1,7.2,44.8,111.3,7.9041,1.2,0.85,289.48,0.0,3
Wayanad,Chooralmala,UEI-IMD-FL-2021-0080,2021-07-14T00:00:00,positive,Yellow,982.0,20.692,10.06,6.0044,9.25,61.8,4.0,1.5687,,,,,,,1.0,,0.85,289.48,0.0,1
Wayanad,Chooralmala,UEI-IMD-FL-2021-0080,2021-07-15T00:00:00,positive,Yellow,982.0,20.692,10.06,6.0044,9.25,61.8,4.0,1.5687,,0.5,1.2,2.9,28.4,28.4,4.0725,0.5,0.87,289.93,0.02,1
Wayanad,Chooralmala,UEI-IMD-FL-2021-0080,2021-07-16T00:00:00,positive,Orange,982.0,20.692,10.06,6.0044,9.25,61.8,4.0,1.5687,,2.1,9.9,14.2,29.3,57.7,13.7961,2.1,0.87,289.76,0.0,2
Wayanad,Chooralmala,UEI-IMD-FL-2021-0080,2021-07-16T12:00:00,positive,Orange,982.0,20.692,10.06,6.0044,9.25,61.8,4.0,1.5687,,0.6,2.8,8.7,51.0,88.4,11.666,0.6,0.88,289.71,-0.01,2
Wayanad,Chooralmala,UEI-IMD-FL-2021-0080,2021-07-16T18:00:00,positive,Red,982.0,20.692,10.06,6.0044,9.25,61.8,4.0,1.5687,,1.2,2.4,3.2,48.1,91.6,7.2288,1.2,0.88,289.63,0.0,3
Wayanad,Chooralmala,UEI-IMD-FL-2021-0080,2021-07-17T00:00:00,positive,Red,982.0,20.692,10.06,6.0044,9.25,61.8,4.0,1.5687,,0.6,3.6,7.2,41.1,98.8,6.8059,0.6,0.88,289.59,-0.02,3
Wayanad,Chooralmala,UEI-IMD-FL-2021-0081,2021-07-18T00:00:00,positive,Yellow,982.0,20.692,10.06,6.0044,9.25,61.8,4.0,1.5687,,,,,,,3.3,,0.89,289.65,0.0,1
Wayanad,Chooralmala,UEI-IMD-FL-2021-0081,2021-07-19T00:00:00,positive,Yellow,982.0,20.692,10.06,6.0044,9.25,61.8,4.0,1.5687,,2.4,4.8,7.5,30.1,30.1,8.6787,2.4,0.89,289.63,0.0,1
Wayanad,Chooralmala,UEI-IMD-FL-2021-0081,2021-07-20T00:00:00,positive,Orange,982.0,20.692,10.06,6.0044,9.25,61.8,4.0,1.5687,,0.3,0.7,1.6,23.4,53.5,3.8392,0.3,0.89,289.6,0.0,2
Wayanad,Chooralmala,UEI-IMD-FL-2021-0081,2021-07-20T12:00:00,positive,Orange,982.0,20.692,10.06,6.0044,9.25,61.8,4.0,1.5687,,0.9,2.6,5.0,13.4,61.3,4.5085,0.9,0.89,289.64,0.02,2
Wayanad,Chooralmala,UEI-IMD-FL-2021-0081,2021-07-20T18:00:00,positive,Red,982.0,20.692,10.06,6.0044,9.25,61.8,4.0,1.5687,,0.5,1.2,3.1,12.5,64.4,3.6776,0.5,0.89,289.67,0.0,3
Wayanad,Chooralmala,UEI-IMD-FL-2021-0081,2021-07-21T00:00:00,positive,Red,982.0,20.692,10.06,6.0044,9.25,61.8,4.0,1.5687,,0.8,2.5,4.5,15.4,68.9,4.3968,0.8,0.89,289.65,0.0,3
Wayanad,Chooralmala,UEI-IMD-FL-2022-0544,2022-06-13T00:00:00,positive,Yellow,982.0,20.692,10.06,6.0044,9.25,61.8,4.0,1.5687,,,,,,,0.0,,0.73,289.29,0.01,1
Wayanad,Chooralmala,UEI-IMD-FL-2022-0544,2022-06-14T00:00:00,positive,Yellow,982.0,20.692,10.06,6.0044,9.25,61.8,4.0,1.5687,,0.0,0.0,0.6,4.0,4.0,0.5298,0.0,0.74,289.34,-0.01,1
Wayanad,Chooralmala,UEI-IMD-FL-2022-0544,2022-06-15T00:00:00,positive,Orange,982.0,20.692,10.06,6.0044,9.25,61.8,4.0,1.5687,,0.0,0.0,0.0,5.4,9.4,0.3451,0.0,0.75,289.31,0.02,2
Wayanad,Chooralmala,UEI-IMD-FL-2022-0544,2022-06-15T12:00:00,positive,Orange,982.0,20.692,10.06,6.0044,9.25,61.8,4.0,1.5687,,2.3,12.3,17.4,23.6,32.7,12.4395,2.3,0.75,289.37,0.0,2
Wayanad,Chooralmala,UEI-IMD-FL-2022-0544,2022-06-15T18:00:00,positive,Red,982.0,20.692,10.06,6.0044,9.25,61.8,4.0,1.5687,,0.0,0.0,0.3,23.6,33.0,4.6915,0.0,0.74,289.37,0.0,3
Wayanad,Chooralmala,UEI-IMD-FL-2022-0544,2022-06-16T00:00:00,positive,Red,982.0,20.692,10.06,6.0044,9.25,61.8,4.0,1.5687,,0.0,0.0,0.3,23.9,33.3,1.9025,0.0,0.75,289.35,-0.02,3
Wayanad,Chooralmala,UEI-IMD-FL-2022-0552,2022-07-13T00:00:00,positive,Yellow,982.0,20.692,10.06,6.0044,9.25,61.8,4.0,1.5687,,,,,,,0.8,,0.89,289.93,0.0,1
Wayanad,Chooralmala,UEI-IMD-FL-2022-0552,2022-07-14T00:00:00,positive,Yellow,982.0,20.692,10.06,6.0044,9.25,61.8,4.0,1.5687,,7.9,12.1,17.2,56.2,56.2,21.6921,7.9,0.9,290.48,-0.05,1
Wayanad,Chooralmala,UEI-IMD-FL-2022-0552,2022-07-15T00:00:00,positive,Orange,982.0,20.692,10.06,6.0044,9.25,61.8,4.0,1.5687,,1.6,5.5,8.5,62.0,118.2,13.8288,1.6,0.9,290.75,-0.05,2
Wayanad,Chooralmala,UEI-IMD-FL-2022-0552,2022-07-15T12:00:00,positive,Orange,982.0,20.692,10.06,6.0044,9.25,61.8,4.0,1.5687,,2.0,6.3,17.5,49.0,151.4,15.5324,2.0,0.91,291.2,-0.09,2
Wayanad,Chooralmala,UEI-IMD-FL-2022-0552,2022-07-15T18:00:00,positive,Red,982.0,20.692,10.06,6.0044,9.25,61.8,4.0,1.5687,,0.9,3.0,4.7,46.4,156.1,9.0817,0.9,0.91,,,3
Wayanad,Chooralmala,UEI-IMD-FL-2022-0552,2022-07-16T00:00:00,positive,Red,982.0,20.692,10.06,6.0044,9.25,61.8,4.0,1.5687,,0.4,0.9,3.1,41.0,159.2,5.2069,0.4,0.91,291.03,-0.09,3
Wayanad,Chooralmala,UEI-IMD-FL-2022-0575,2022-07-30T00:00:00,positive,Yellow,982.0,20.692,10.06,6.0044,9.25,61.8,4.0,1.5687,,,,,,,2.3,,0.94,289.62,0.0,1
Wayanad,Chooralmala,UEI-IMD-FL-2022-0575,2022-07-31T00:00:00,positive,Yellow,982.0,20.692,10.06,6.0044,9.25,61.8,4.0,1.5687,,0.0,0.0,0.5,30.2,30.2,2.9848,0.0,0.95,289.79,0.04,1
Wayanad,Chooralmala,UEI-IMD-FL-2022-0575,2022-08-01T00:00:00,positive,Orange,982.0,20.692,10.06,6.0044,9.25,61.8,4.0,1.5687,,2.1,6.7,14.2,38.2,68.4,14.6878,2.1,0.95,289.65,0.0,2
Wayanad,Chooralmala,UEI-IMD-FL-2022-0575,2022-08-01T12:00:00,positive,Orange,982.0,20.692,10.06,6.0044,9.25,61.8,4.0,1.5687,,1.6,7.1,23.2,56.6,102.4,17.4301,1.6,0.95,289.6,0.0,2
Wayanad,Chooralmala,UEI-IMD-FL-2022-0575,2022-08-01T18:00:00,positive,Red,982.0,20.692,10.06,6.0044,9.25,61.8,4.0,1.5687,,0.5,3.4,9.4,57.6,111.8,11.9598,0.5,0.96,289.59,0.0,3
Wayanad,Chooralmala,UEI-IMD-FL-2022-0575,2022-08-02T00:00:00,positive,Red,982.0,20.692,10.06,6.0044,9.25,61.8,4.0,1.5687,,0.8,8.3,18.2,61.6,130.0,17.3588,0.8,0.97,289.6,0.0,3
Wayanad,Chooralmala,UEI-IMD-FL-2023-0356,2023-07-20T00:00:00,positive,Yellow,982.0,20.692,10.06,6.0044,9.25,61.8,4.0,1.5687,,,,,,,0.2,,0.76,289.44,0.01,1
Wayanad,Chooralmala,UEI-IMD-FL-2023-0356,2023-07-21T00:00:00,positive,Yellow,982.0,20.692,10.06,6.0044,9.25,61.8,4.0,1.5687,,0.3,0.8,2.4,15.2,15.2,2.7877,0.3,0.76,289.75,0.01,1
Wayanad,Chooralmala,UEI-IMD-FL-2023-0356,2023-07-22T00:00:00,positive,Orange,982.0,20.692,10.06,6.0044,9.25,61.8,4.0,1.5687,,1.3,2.5,3.8,25.3,40.5,5.082,1.3,0.76,289.48,0.0,2
Wayanad,Chooralmala,UEI-IMD-FL-2023-0356,2023-07-22T12:00:00,positive,Orange,982.0,20.692,10.06,6.0044,9.25,61.8,4.0,1.5687,,4.5,10.3,18.5,35.1,68.6,15.7713,4.5,0.77,289.51,-0.01,2
Wayanad,Chooralmala,UEI-IMD-FL-2023-0356,2023-07-22T18:00:00,positive,Red,982.0,20.692,10.06,6.0044,9.25,61.8,4.0,1.5687,,1.9,3.4,8.4,40.3,77.0,11.5505,1.9,0.77,289.75,0.07,3
Wayanad,Chooralmala,UEI-IMD-FL-2023-0356,2023-07-23T00:00:00,positive,Red,982.0,20.692,10.06,6.0044,9.25,61.8,4.0,1.5687,,0.1,1.8,4.3,40.8,81.3,6.7731,0.1,0.78,289.92,-0.02,3
Idukki,Idukki_district_centroid_proxy_Painavu,UEI-IMD-FL-1969-0002,1969-07-12T00:00:00,positive,Yellow,646.0,30.507,48.8,5.5622,13.625,239.3,4.0,1.7874,,,,,,,1.4,,,,,1
Idukki,Idukki_district_centroid_proxy_Painavu,UEI-IMD-FL-1969-0002,1969-07-13T00:00:00,positive,Yellow,646.0,30.507,48.8,5.5622,13.625,239.3,4.0,1.7874,,1.4,4.1,9.3,49.8,49.8,11.4196,1.4,,,,1
Idukki,Idukki_district_centroid_proxy_Painavu,UEI-IMD-FL-1969-0002,1969-07-14T00:00:00,positive,Orange,646.0,30.507,48.8,5.5622,13.625,239.3,4.0,1.7874,,1.1,5.2,11.3,27.3,77.1,9.5304,1.1,,,,2
Idukki,Idukki_district_centroid_proxy_Painavu,UEI-IMD-FL-1969-0002,1969-07-14T12:00:00,positive,Orange,646.0,30.507,48.8,5.5622,13.625,239.3,4.0,1.7874,,1.6,5.5,12.9,37.5,99.2,11.9611,1.6,,,,2
Idukki,Idukki_district_centroid_proxy_Painavu,UEI-IMD-FL-1969-0002,1969-07-14T18:00:00,positive,Red,646.0,30.507,48.8,5.5622,13.625,239.3,4.0,1.7874,,1.0,2.4,5.8,39.2,105.0,7.9211,1.0,,,,3
Idukki,Idukki_district_centroid_proxy_Painavu,UEI-IMD-FL-1969-0002,1969-07-15T00:00:00,positive,Red,646.0,30.507,48.8,5.5622,13.625,239.3,4.0,1.7874,,1.0,3.0,5.4,33.3,110.4,6.9097,1.0,,,,3
Idukki,Idukki_district_centroid_proxy_Painavu,UEI-IMD-FL-1975-0025,1975-06-12T00:00:00,positive,Yellow,646.0,30.507,48.8,5.5622,13.625,239.3,4.0,1.7874,,,,,,,0.1,,,,,1
Idukki,Idukki_district_centroid_proxy_Painavu,UEI-IMD-FL-1975-0025,1975-06-13T00:00:00,positive,Yellow,646.0,30.507,48.8,5.5622,13.625,239.3,4.0,1.7874,,0.0,0.0,0.1,9.1,9.1,1.4364,0.0,,,,1
Idukki,Idukki_district_centroid_proxy_Painavu,UEI-IMD-FL-1975-0025,1975-06-14T00:00:00,positive,Orange,646.0,30.507,48.8,5.5622,13.625,239.3,4.0,1.7874,,0.5,2.2,6.0,15.1,24.2,5.4736,0.5,,,,2
Idukki,Idukki_district_centroid_proxy_Painavu,UEI-IMD-FL-1975-0025,1975-06-14T12:00:00,positive,Orange,646.0,30.507,48.8,5.5622,13.625,239.3,4.0,1.7874,,1.1,3.3,6.4,27.5,40.3,8.2069,1.1,,,,2
Idukki,Idukki_district_centroid_proxy_Painavu,UEI-IMD-FL-1975-0025,1975-06-14T18:00:00,positive,Red,646.0,30.507,48.8,5.5622,13.625,239.3,4.0,1.7874,,1.7,6.0,9.6,31.7,49.9,9.1152,1.7,,,,3
Idukki,Idukki_district_centroid_proxy_Painavu,UEI-IMD-FL-1975-0025,1975-06-15T00:00:00,positive,Red,646.0,30.507,48.8,5.5622,13.625,239.3,4.0,1.7874,,2.1,4.3,5.4,31.1,55.3,8.7788,2.1,,,,3
Idukki,Idukki_district_centroid_proxy_Painavu,UEI-IMD-FL-1981-0034,1981-07-24T00:00:00,positive,Yellow,646.0,30.507,48.8,5.5622,13.625,239.3,4.0,1.7874,,,,,,,0.3,,,,,1
Idukki,Idukki_district_centroid_proxy_Painavu,UEI-IMD-FL-1981-0034,1981-07-25T00:00:00,positive,Yellow,646.0,30.507,48.8,5.5622,13.625,239.3,4.0,1.7874,,0.0,0.0,0.0,5.0,5.0,0.3793,0.0,,,,1
Idukki,Idukki_district_centroid_proxy_Painavu,UEI-IMD-FL-1981-0034,1981-07-26T00:00:00,positive,Orange,646.0,30.507,48.8,5.5622,13.625,239.3,4.0,1.7874,,0.0,0.2,0.2,1.6,6.6,0.2722,0.0,,,,2
Idukki,Idukki_district_centroid_proxy_Painavu,UEI-IMD-FL-1981-0034,1981-07-26T12:00:00,positive,Orange,646.0,30.507,48.8,5.5622,13.625,239.3,4.0,1.7874,,0.5,1.5,2.6,2.8,9.2,1.8671,0.5,,,,2
Idukki,Idukki_district_centroid_proxy_Painavu,UEI-IMD-FL-1981-0034,1981-07-26T18:00:00,positive,Red,646.0,30.507,48.8,5.5622,13.625,239.3,4.0,1.7874,,0.0,0.0,0.2,3.0,9.4,0.7042,0.0,,,,3
Idukki,Idukki_district_centroid_proxy_Painavu,UEI-IMD-FL-1981-0034,1981-07-27T00:00:00,positive,Red,646.0,30.507,48.8,5.5622,13.625,239.3,4.0,1.7874,,0.0,0.1,0.1,2.9,9.5,0.327,0.0,,,,3
Idukki,Idukki_district_centroid_proxy_Painavu,UEI-IMD-FL-1985-0030,1985-06-21T00:00:00,positive,Yellow,646.0,30.507,48.8,5.5622,13.625,239.3,4.0,1.7874,,,,,,,0.5,,,,,1
Idukki,Idukki_district_centroid_proxy_Painavu,UEI-IMD-FL-1985-0030,1985-06-22T00:00:00,positive,Yellow,646.0,30.507,48.8,5.5622,13.625,239.3,4.0,1.7874,,1.4,3.3,6.8,26.5,26.5,7.5136,1.4,,,,1
Idukki,Idukki_district_centroid_proxy_Painavu,UEI-IMD-FL-1985-0030,1985-06-23T00:00:00,positive,Orange,646.0,30.507,48.8,5.5622,13.625,239.3,4.0,1.7874,,2.5,6.1,10.6,43.4,69.9,13.1204,2.5,,,,2
Idukki,Idukki_district_centroid_proxy_Painavu,UEI-IMD-FL-1985-0030,1985-06-23T12:00:00,positive,Orange,646.0,30.507,48.8,5.5622,13.625,239.3,4.0,1.7874,,4.4,14.7,26.9,65.2,113.1,26.2727,4.4,,,,2
Idukki,Idukki_district_centroid_proxy_Painavu,UEI-IMD-FL-1985-0030,1985-06-23T18:00:00,positive,Red,646.0,30.507,48.8,5.5622,13.625,239.3,4.0,1.7874,,2.7,8.6,22.1,75.9,135.2,22.5793,2.7,,,,3
Idukki,Idukki_district_centroid_proxy_Painavu,UEI-IMD-FL-1985-0030,1985-06-24T00:00:00,positive,Red,646.0,30.507,48.8,5.5622,13.625,239.3,4.0,1.7874,,2.7,8.0,14.9,80.2,150.1,19.6107,2.7,,,,3
Idukki,Idukki_district_centroid_proxy_Painavu,UEI-IMD-FL-1986-0043,1986-07-29T00:00:00,positive,Yellow,646.0,30.507,48.8,5.5622,13.625,239.3,4.0,1.7874,,,,,,,0.0,,,,,1
Idukki,Idukki_district_centroid_proxy_Painavu,UEI-IMD-FL-1986-0043,1986-07-30T00:00:00,positive,Yellow,646.0,30.507,48.8,5.5622,13.625,239.3,4.0,1.7874,,0.0,0.0,0.0,1.4,1.4,0.1253,0.0,,,,1
Idukki,Idukki_district_centroid_proxy_Painavu,UEI-IMD-FL-1986-0043,1986-07-31T00:00:00,positive,Orange,646.0,30.507,48.8,5.5622,13.625,239.3,4.0,1.7874,,0.0,0.0,0.0,0.5,1.9,0.0454,0.0,,,,2
Idukki,Idukki_district_centroid_proxy_Painavu,UEI-IMD-FL-1986-0043,1986-07-31T12:00:00,positive,Orange,646.0,30.507,48.8,5.5622,13.625,239.3,4.0,1.7874,,0.3,1.9,2.6,2.6,4.5,1.8588,0.3,,,,2
Idukki,Idukki_district_centroid_proxy_Painavu,UEI-IMD-FL-1986-0043,1986-07-31T18:00:00,positive,Red,646.0,30.507,48.8,5.5622,13.625,239.3,4.0,1.7874,,0.0,0.0,0.4,3.0,4.9,0.7898,0.0,,,,3
Idukki,Idukki_district_centroid_proxy_Painavu,UEI-IMD-FL-1986-0043,1986-08-01T00:00:00,positive,Red,646.0,30.507,48.8,5.5622,13.625,239.3,4.0,1.7874,,0.0,0.0,0.0,3.0,4.9,0.2979,0.0,,,,3
Idukki,Idukki_district_centroid_proxy_Painavu,UEI-IMD-FL-1987-0022,1987-10-10T00:00:00,positive,Yellow,646.0,30.507,48.8,5.5622,13.625,239.3,4.0,1.7874,,,,,,,0.0,,,,,1
Idukki,Idukki_district_centroid_proxy_Painavu,UEI-IMD-FL-1987-0022,1987-10-11T00:00:00,positive,Yellow,646.0,30.507,48.8,5.5622,13.625,239.3,4.0,1.7874,,0.0,0.0,0.0,7.3,7.3,0.9119,0.0,,,,1
Idukki,Idukki_district_centroid_proxy_Painavu,UEI-IMD-FL-1987-0022,1987-10-12T00:00:00,positive,Orange,646.0,30.507,48.8,5.5622,13.625,239.3,4.0,1.7874,,0.0,0.0,0.0,10.9,18.2,1.0139,0.0,,,,2
Idukki,Idukki_district_centroid_proxy_Painavu,UEI-IMD-FL-1987-0022,1987-10-12T12:00:00,positive,Orange,646.0,30.507,48.8,5.5622,13.625,239.3,4.0,1.7874,,2.7,4.0,4.2,4.6,22.8,3.7762,2.7,,,,2
Idukki,Idukki_district_centroid_proxy_Painavu,UEI-IMD-FL-1987-0022,1987-10-12T18:00:00,positive,Red,646.0,30.507,48.8,5.5622,13.625,239.3,4.0,1.7874,,0.0,0.0,0.2,4.8,23.0,1.4242,0.0,,,,3
Idukki,Idukki_district_centroid_proxy_Painavu,UEI-IMD-FL-1987-0022,1987-10-13T00:00:00,positive,Red,646.0,30.507,48.8,5.5622,13.625,239.3,4.0,1.7874,,0.0,0.0,0.0,4.8,23.0,0.5371,0.0,,,,3
Idukki,Idukki_district_centroid_proxy_Painavu,UEI-IMD-FL-1988-0047,1988-07-15T00:00:00,positive,Yellow,646.0,30.507,48.8,5.5622,13.625,239.3,4.0,1.7874,,,,,,,0.5,,,,,1
Idukki,Idukki_district_centroid_proxy_Painavu,UEI-IMD-FL-1988-0047,1988-07-16T00:00:00,positive,Yellow,646.0,30.507,48.8,5.5622,13.625,239.3,4.0,1.7874,,0.6,1.8,2.9,7.3,7.3,2.4177,0.6,,,,1
Idukki,Idukki_district_centroid_proxy_Painavu,UEI-IMD-FL-1988-0047,1988-07-17T00:00:00,positive,Orange,646.0,30.507,48.8,5.5622,13.625,239.3,4.0,1.7874,,0.8,2.8,4.7,18.9,26.2,5.9987,0.8,,,,2
Idukki,Idukki_district_centroid_proxy_Painavu,UEI-IMD-FL-1988-0047,1988-07-17T12:00:00,positive,Orange,646.0,30.507,48.8,5.5622,13.625,239.3,4.0,1.7874,,2.5,6.6,11.7,29.8,48.1,12.3344,2.5,,,,2
Idukki,Idukki_district_centroid_proxy_Painavu,UEI-IMD-FL-1988-0047,1988-07-17T18:00:00,positive,Red,646.0,30.507,48.8,5.5622,13.625,239.3,4.0,1.7874,,2.3,6.9,12.8,39.4,60.9,13.1963,2.3,,,,3
Idukki,Idukki_district_centroid_proxy_Painavu,UEI-IMD-FL-1988-0047,1988-07-18T00:00:00,positive,Red,646.0,30.507,48.8,5.5622,13.625,239.3,4.0,1.7874,,1.7,7.3,14.6,49.3,75.5,14.1643,1.7,,,,3
Idukki,Idukki_district_centroid_proxy_Painavu,UEI-IMD-FL-1989-0030,1989-06-08T00:00:00,positive,Yellow,646.0,30.507,48.8,5.5622,13.625,239.3,4.0,1.7874,,,,,,,0.3,,,,,1
Idukki,Idukki_district_centroid_proxy_Painavu,UEI-IMD-FL-1989-0030,1989-06-09T00:00:00,positive,Yellow,646.0,30.507,48.8,5.5622,13.625,239.3,4.0,1.7874,,0.7,1.7,2.6,6.7,6.7,2.4889,0.7,,,,1
Idukki,Idukki_district_centroid_proxy_Painavu,UEI-IMD-FL-1989-0030,1989-06-10T00:00:00,positive,Orange,646.0,30.507,48.8,5.5622,13.625,239.3,4.0,1.7874,,0.5,1.5,2.9,14.3,21.0,3.2324,0.5,,,,2
Idukki,Idukki_district_centroid_proxy_Painavu,UEI-IMD-FL-1989-0030,1989-06-10T12:00:00,positive,Orange,646.0,30.507,48.8,5.5622,13.625,239.3,4.0,1.7874,,2.3,8.3,13.1,23.0,38.7,12.1026,2.3,,,,2
Idukki,Idukki_district_centroid_proxy_Painavu,UEI-IMD-FL-1989-0030,1989-06-10T18:00:00,positive,Red,646.0,30.507,48.8,5.5622,13.625,239.3,4.0,1.7874,,1.1,3.2,8.7,29.3,47.4,9.3335,1.1,,,,3
Idukki,Idukki_district_centroid_proxy_Painavu,UEI-IMD-FL-1989-0030,1989-06-11T00:00:00,positive,Red,646.0,30.507,48.8,5.5622,13.625,239.3,4.0,1.7874,,1.3,4.3,8.7,35.1,56.1,9.6549,1.3,,,,3
Idukki,Idukki_district_centroid_proxy_Painavu,UEI-IMD-FL-1989-0031,1989-07-13T00:00:00,positive,Yellow,646.0,30.507,48.8,5.5622,13.625,239.3,4.0,1.7874,,,,,,,0.3,,,,,1
Idukki,Idukki_district_centroid_proxy_Painavu,UEI-IMD-FL-1989-0031,1989-07-14T00:00:00,positive,Yellow,646.0,30.507,48.8,5.5622,13.625,239.3,4.0,1.7874,,0.5,1.1,1.5,7.0,7.0,1.9702,0.5,,,,1
Idukki,Idukki_district_centroid_proxy_Painavu,UEI-IMD-FL-1989-0031,1989-07-15T00:00:00,positive,Orange,646.0,30.507,48.8,5.5622,13.625,239.3,4.0,1.7874,,0.2,0.7,3.6,19.1,26.1,4.0762,0.2,,,,2
Idukki,Idukki_district_centroid_proxy_Painavu,UEI-IMD-FL-1989-0031,1989-07-15T12:00:00,positive,Orange,646.0,30.507,48.8,5.5622,13.625,239.3,4.0,1.7874,,1.9,5.0,6.0,19.7,34.5,7.2328,1.9,,,,2
Idukki,Idukki_district_centroid_proxy_Painavu,UEI-IMD-FL-1989-0031,1989-07-15T18:00:00,positive,Red,646.0,30.507,48.8,5.5622,13.625,239.3,4.0,1.7874,,1.2,3.4,8.0,20.0,42.5,7.8471,1.2,,,,3
Idukki,Idukki_district_centroid_proxy_Painavu,UEI-IMD-FL-1989-0031,1989-07-16T00:00:00,positive,Red,646.0,30.507,48.8,5.5622,13.625,239.3,4.0,1.7874,,1.8,4.4,7.4,23.8,49.9,9.137,1.8,,,,3
Idukki,Idukki_district_centroid_proxy_Painavu,UEI-IMD-FL-1989-0034,1989-07-18T00:00:00,positive,Yellow,646.0,30.507,48.8,5.5622,13.625,239.3,4.0,1.7874,,,,,,,2.2,,,,,1
Idukki,Idukki_district_centroid_proxy_Painavu,UEI-IMD-FL-1989-0034,1989-07-19T00:00:00,positive,Yellow,646.0,30.507,48.8,5.5622,13.625,239.3,4.0,1.7874,,0.8,1.6,3.3,32.3,32.3,5.9058,0.8,,,,1
Idukki,Idukki_district_centroid_proxy_Painavu,UEI-IMD-FL-1989-0034,1989-07-20T00:00:00,positive,Orange,646.0,30.507,48.8,5.5622,13.625,239.3,4.0,1.7874,,0.8,2.4,6.0,25.0,57.3,6.4683,0.8,,,,2
Idukki,Idukki_district_centroid_proxy_Painavu,UEI-IMD-FL-1989-0034,1989-07-20T12:00:00,positive,Orange,646.0,30.507,48.8,5.5622,13.625,239.3,4.0,1.7874,,1.2,3.4,7.2,24.9,69.1,6.7664,1.2,,,,2
Idukki,Idukki_district_centroid_proxy_Painavu,UEI-IMD-FL-1989-0034,1989-07-20T18:00:00,positive,Red,646.0,30.507,48.8,5.5622,13.625,239.3,4.0,1.7874,,0.6,2.3,5.4,23.2,74.5,6.1359,0.6,,,,3
Idukki,Idukki_district_centroid_proxy_Painavu,UEI-IMD-FL-1989-0034,1989-07-21T00:00:00,positive,Red,646.0,30.507,48.8,5.5622,13.625,239.3,4.0,1.7874,,1.4,4.0,6.8,24.0,81.3,7.4291,1.4,,,,3
Idukki,Idukki_district_centroid_proxy_Painavu,UEI-IMD-FL-1991-0044,1991-06-03T00:00:00,positive,Yellow,646.0,30.507,48.8,5.5622,13.625,239.3,4.0,1.7874,,,,,,,1.0,,,,,1
Idukki,Idukki_district_centroid_proxy_Painavu,UEI-IMD-FL-1991-0044,1991-06-04T00:00:00,positive,Yellow,646.0,30.507,48.8,5.5622,13.625,239.3,4.0,1.7874,,5.2,17.3,29.7,73.6,73.6,26.9339,5.2,,,,1
Idukki,Idukki_district_centroid_proxy_Painavu,UEI-IMD-FL-1991-0044,1991-06-05T00:00:00,positive,Orange,646.0,30.507,48.8,5.5622,13.625,239.3,4.0,1.7874,,3.4,8.9,16.0,48.2,121.8,16.4854,3.4,,,,2
Idukki,Idukki_district_centroid_proxy_Painavu,UEI-IMD-FL-1991-0044,1991-06-05T12:00:00,positive,Orange,646.0,30.507,48.8,5.5622,13.625,239.3,4.0,1.7874,,2.4,7.1,19.2,61.9,158.9,18.4805,2.4,,,,2
Idukki,Idukki_district_centroid_proxy_Painavu,UEI-IMD-FL-1991-0044,1991-06-05T18:00:00,positive,Red,646.0,30.507,48.8,5.5622,13.625,239.3,4.0,1.7874,,0.8,2.9,6.1,59.2,165.0,10.4707,0.8,,,,3
Idukki,Idukki_district_centroid_proxy_Painavu,UEI-IMD-FL-1991-0044,1991-06-06T00:00:00,positive,Red,646.0,30.507,48.8,5.5622,13.625,239.3,4.0,1.7874,,0.8,2.0,4.3,47.5,169.3,7.367,0.8,,,,3
Idukki,Idukki_district_centroid_proxy_Painavu,UEI-IMD-FL-1992-0026,1992-06-05T00:00:00,positive,Yellow,646.0,30.507,48.8,5.5622,13.625,239.3,4.0,1.7874,,,,,,,0.0,,,,,1
Idukki,Idukki_district_centroid_proxy_Painavu,UEI-IMD-FL-1992-0026,1992-06-06T00:00:00,positive,Yellow,646.0,30.507,48.8,5.5622,13.625,239.3,4.0,1.7874,,0.7,2.0,3.3,9.4,9.4,3.5663,0.7,,,,1
Idukki,Idukki_district_centroid_proxy_Painavu,UEI-IMD-FL-1992-0026,1992-06-07T00:00:00,positive,Orange,646.0,30.507,48.8,5.5622,13.625,239.3,4.0,1.7874,,0.7,3.1,5.0,14.2,23.6,4.0704,0.7,,,,2
Idukki,Idukki_district_centroid_proxy_Painavu,UEI-IMD-FL-1992-0026,1992-06-07T12:00:00,positive,Orange,646.0,30.507,48.8,5.5622,13.625,239.3,4.0,1.7874,,0.4,2.4,6.8,14.3,32.5,5.441,0.4,,,,2
Idukki,Idukki_district_centroid_proxy_Painavu,UEI-IMD-FL-1992-0026,1992-06-07T18:00:00,positive,Red,646.0,30.507,48.8,5.5622,13.625,239.3,4.0,1.7874,,0.6,0.9,2.8,16.7,35.3,4.9474,0.6,,,,3
Idukki,Idukki_district_centroid_proxy_Painavu,UEI-IMD-FL-1992-0026,1992-06-08T00:00:00,positive,Red,646.0,30.507,48.8,5.5622,13.625,239.3,4.0,1.7874,,0.0,0.0,1.6,13.3,36.9,2.1659,0.0,,,,3
Idukki,Idukki_district_centroid_proxy_Painavu,UEI-IMD-FL-1992-0027,1992-06-29T00:00:00,positive,Yellow,646.0,30.507,48.8,5.5622,13.625,239.3,4.0,1.7874,,,,,,,0.4,,,,,1
Idukki,Idukki_district_centroid_proxy_Painavu,UEI-IMD-FL-1992-0027,1992-06-30T00:00:00,positive,Yellow,646.0,30.507,48.8,5.5622,13.625,239.3,4.0,1.7874,,1.3,2.7,4.2,18.5,18.5,4.9376,1.3,,,,1
Idukki,Idukki_district_centroid_proxy_Painavu,UEI-IMD-FL-1992-0027,1992-07-01T00:00:00,positive,Orange,646.0,30.507,48.8,5.5622,13.625,239.3,4.0,1.7874,,1.2,2.5,3.8,23.4,41.9,5.3246,1.2,,,,2
Idukki,Idukki_district_centroid_proxy_Painavu,UEI-IMD-FL-1992-0027,1992-07-01T12:00:00,positive,Orange,646.0,30.507,48.8,5.5622,13.625,239.3,4.0,1.7874,,1.6,9.4,16.0,31.5,64.2,13.6463,1.6,,,,2
Idukki,Idukki_district_centroid_proxy_Painavu,UEI-IMD-FL-1992-0027,1992-07-01T18:00:00,positive,Red,646.0,30.507,48.8,5.5622,13.625,239.3,4.0,1.7874,,1.0,3.2,7.2,33.3,71.4,9.0662,1.0,,,,3
Idukki,Idukki_district_centroid_proxy_Painavu,UEI-IMD-FL-1992-0027,1992-07-02T00:00:00,positive,Red,646.0,30.507,48.8,5.5622,13.625,239.3,4.0,1.7874,,0.8,3.0,6.1,35.6,77.5,7.5512,0.8,,,,3
Idukki,Idukki_district_centroid_proxy_Painavu,UEI-IMD-FL-1993-0022,1993-05-29T00:00:00,positive,Yellow,646.0,30.507,48.8,5.5622,13.625,239.3,4.0,1.7874,,,,,,,0.3,,,,,1
Idukki,Idukki_district_centroid_proxy_Painavu,UEI-IMD-FL-1993-0022,1993-05-30T00:00:00,positive,Yellow,646.0,30.507,48.8,5.5622,13.625,239.3,4.0,1.7874,,0.1,0.2,0.2,11.7,11.7,1.0987,0.1,,,,1
Idukki,Idukki_district_centroid_proxy_Painavu,UEI-IMD-FL-1993-0022,1993-05-31T00:00:00,positive,Orange,646.0,30.507,48.8,5.5622,13.625,239.3,4.0,1.7874,,0.0,0.0,0.0,2.3,14.0,0.4118,0.0,,,,2
Idukki,Idukki_district_centroid_proxy_Painavu,UEI-IMD-FL-1993-0022,1993-05-31T12:00:00,positive,Orange,646.0,30.507,48.8,5.5622,13.625,239.3,4.0,1.7874,,0.4,2.2,3.4,4.9,18.9,2.6134,0.4,,,,2
Idukki,Idukki_district_centroid_proxy_Painavu,UEI-IMD-FL-1993-0022,1993-05-31T18:00:00,positive,Red,646.0,30.507,48.8,5.5622,13.625,239.3,4.0,1.7874,,0.2,0.3,0.4,5.3,19.3,1.4279,0.2,,,,3
Idukki,Idukki_district_centroid_proxy_Painavu,UEI-IMD-FL-1993-0022,1993-06-01T00:00:00,positive,Red,646.0,30.507,48.8,5.5622,13.625,239.3,4.0,1.7874,,0.2,0.4,0.8,6.1,20.1,1.1388,0.2,,,,3
Idukki,Idukki_district_centroid_proxy_Painavu,UEI-IMD-FL-1993-0035,1993-11-07T00:00:00,positive,Yellow,646.0,30.507,48.8,5.5622,13.625,239.3,4.0,1.7874,,,,,,,0.0,,,,,1
Idukki,Idukki_district_centroid_proxy_Painavu,UEI-IMD-FL-1993-0035,1993-11-08T00:00:00,positive,Yellow,646.0,30.507,48.8,5.5622,13.625,239.3,4.0,1.7874,,0.6,1.4,1.4,4.3,4.3,2.1593,0.6,,,,1
Idukki,Idukki_district_centroid_proxy_Painavu,UEI-IMD-FL-1993-0035,1993-11-09T00:00:00,positive,Orange,646.0,30.507,48.8,5.5622,13.625,239.3,4.0,1.7874,,1.7,4.2,9.6,46.7,51.0,14.5572,1.7,,,,2
Idukki,Idukki_district_centroid_proxy_Painavu,UEI-IMD-FL-1993-0035,1993-11-09T12:00:00,positive,Orange,646.0,30.507,48.8,5.5622,13.625,239.3,4.0,1.7874,,2.5,12.5,20.0,65.9,85.7,18.4609,2.5,,,,2
Idukki,Idukki_district_centroid_proxy_Painavu,UEI-IMD-FL-1993-0035,1993-11-09T18:00:00,positive,Red,646.0,30.507,48.8,5.5622,13.625,239.3,4.0,1.7874,,0.0,0.1,3.1,47.4,88.8,7.6686,0.0,,,,3
Idukki,Idukki_district_centroid_proxy_Painavu,UEI-IMD-FL-1993-0035,1993-11-10T00:00:00,positive,Red,646.0,30.507,48.8,5.5622,13.625,239.3,4.0,1.7874,,0.0,0.8,3.2,41.0,92.0,4.5484,0.0,,,,3
Idukki,Idukki_district_centroid_proxy_Painavu,UEI-IMD-FL-1994-0039,1994-05-29T00:00:00,positive,Yellow,646.0,30.507,48.8,5.5622,13.625,239.3,4.0,1.7874,,,,,,,0.0,,,,,1
Idukki,Idukki_district_centroid_proxy_Painavu,UEI-IMD-FL-1994-0039,1994-05-30T00:00:00,positive,Yellow,646.0,30.507,48.8,5.5622,13.625,239.3,4.0,1.7874,,0.2,2.4,4.0,18.3,18.3,4.0963,0.2,,,,1
Idukki,Idukki_district_centroid_proxy_Painavu,UEI-IMD-FL-1994-0039,1994-05-31T00:00:00,positive,Orange,646.0,30.507,48.8,5.5622,13.625,239.3,4.0,1.7874,,1.7,3.4,7.1,18.7,37.0,7.7284,1.7,,,,2
Idukki,Idukki_district_centroid_proxy_Painavu,UEI-IMD-FL-1994-0039,1994-05-31T12:00:00,positive,Orange,646.0,30.507,48.8,5.5622,13.625,239.3,4.0,1.7874,,1.6,4.1,13.8,31.7,57.0,11.6025,1.6,,,,2
Idukki,Idukki_district_centroid_proxy_Painavu,UEI-IMD-FL-1994-0039,1994-05-31T18:00:00,positive,Red,646.0,30.507,48.8,5.5622,13.625,239.3,4.0,1.7874,,0.0,1.5,7.7,34.8,64.7,7.3989,0.0,,,,3
Idukki,Idukki_district_centroid_proxy_Painavu,UEI-IMD-FL-1994-0039,1994-06-01T00:00:00,positive,Red,646.0,30.507,48.8,5.5622,13.625,239.3,4.0,1.7874,,1.4,3.4,3.7,31.4,68.4,6.4737,1.4,,,,3
Idukki,Idukki_district_centroid_proxy_Painavu,UEI-IMD-FL-1994-0041,1994-07-11T00:00:00,positive,Yellow,646.0,30.507,48.8,5.5622,13.625,239.3,4.0,1.7874,,,,,,,0.2,,,,,1
Idukki,Idukki_district_centroid_proxy_Painavu,UEI-IMD-FL-1994-0041,1994-07-12T00:00:00,positive,Yellow,646.0,30.507,48.8,5.5622,13.625,239.3,4.0,1.7874,,1.0,3.2,6.8,21.7,21.7,6.899,1.0,,,,1
Idukki,Idukki_district_centroid_proxy_Painavu,UEI-IMD-FL-1994-0041,1994-07-13T00:00:00,positive,Orange,646.0,30.507,48.8,5.5622,13.625,239.3,4.0,1.7874,,3.3,10.2,15.5,44.9,66.6,15.2907,3.3,,,,2
Idukki,Idukki_district_centroid_proxy_Painavu,UEI-IMD-FL-1994-0041,1994-07-13T12:00:00,positive,Orange,646.0,30.507,48.8,5.5622,13.625,239.3,4.0,1.7874,,2.1,6.2,10.9,43.6,86.5,12.314,2.1,,,,2
Idukki,Idukki_district_centroid_proxy_Painavu,UEI-IMD-FL-1994-0041,1994-07-13T18:00:00,positive,Red,646.0,30.507,48.8,5.5622,13.625,239.3,4.0,1.7874,,1.7,4.1,7.9,43.3,94.4,10.5653,1.7,,,,3
Idukki,Idukki_district_centroid_proxy_Painavu,UEI-IMD-FL-1994-0041,1994-07-14T00:00:00,positive,Red,646.0,30.507,48.8,5.5622,13.625,239.3,4.0,1.7874,,1.6,4.5,9.2,37.0,103.6,10.0929,1.6,,,,3
Idukki,Idukki_district_centroid_proxy_Painavu,UEI-IMD-FL-1994-0042,1994-07-11T00:00:00,positive,Yellow,646.0,30.507,48.8,5.5622,13.625,239.3,4.0,1.7874,,,,,,,0.2,,,,,1
Idukki,Idukki_district_centroid_proxy_Painavu,UEI-IMD-FL-1994-0042,1994-07-12T00:00:00,positive,Yellow,646.0,30.507,48.8,5.5622,13.625,239.3,4.0,1.7874,,1.0,3.2,6.8,21.7,21.7,6.899,1.0,,,,1
Idukki,Idukki_district_centroid_proxy_Painavu,UEI-IMD-FL-1994-0042,1994-07-13T00:00:00,positive,Orange,646.0,30.507,48.8,5.5622,13.625,239.3,4.0,1.7874,,3.3,10.2,15.5,44.9,66.6,15.2907,3.3,,,,2
Idukki,Idukki_district_centroid_proxy_Painavu,UEI-IMD-FL-1994-0042,1994-07-13T12:00:00,positive,Orange,646.0,30.507,48.8,5.5622,13.625,239.3,4.0,1.7874,,2.1,6.2,10.9,43.6,86.5,12.314,2.1,,,,2
Idukki,Idukki_district_centroid_proxy_Painavu,UEI-IMD-FL-1994-0042,1994-07-13T18:00:00,positive,Red,646.0,30.507,48.8,5.5622,13.625,239.3,4.0,1.7874,,1.7,4.1,7.9,43.3,94.4,10.5653,1.7,,,,3
Idukki,Idukki_district_centroid_proxy_Painavu,UEI-IMD-FL-1994-0042,1994-07-14T00:00:00,positive,Red,646.0,30.507,48.8,5.5622,13.625,239.3,4.0,1.7874,,1.6,4.5,9.2,37.0,103.6,10.0929,1.6,,,,3
Idukki,Idukki_district_centroid_proxy_Painavu,UEI-IMD-FL-1994-0047,1994-07-30T00:00:00,positive,Yellow,646.0,30.507,48.8,5.5622,13.625,239.3,4.0,1.7874,,,,,,,0.7,,,,,1
Idukki,Idukki_district_centroid_proxy_Painavu,UEI-IMD-FL-1994-0047,1994-07-31T00:00:00,positive,Yellow,646.0,30.507,48.8,5.5622,13.625,239.3,4.0,1.7874,,1.1,3.4,6.5,20.9,20.9,6.8841,1.1,,,,1
Idukki,Idukki_district_centroid_proxy_Painavu,UEI-IMD-FL-1994-0047,1994-08-01T00:00:00,positive,Orange,646.0,30.507,48.8,5.5622,13.625,239.3,4.0,1.7874,,1.0,3.6,6.4,37.5,58.4,9.7003,1.0,,,,2
Idukki,Idukki_district_centroid_proxy_Painavu,UEI-IMD-FL-1994-0047,1994-08-01T12:00:00,positive,Orange,646.0,30.507,48.8,5.5622,13.625,239.3,4.0,1.7874,,3.6,10.2,15.5,42.1,81.2,15.2038,3.6,,,,2
Idukki,Idukki_district_centroid_proxy_Painavu,UEI-IMD-FL-1994-0047,1994-08-01T18:00:00,positive,Red,646.0,30.507,48.8,5.5622,13.625,239.3,4.0,1.7874,,1.4,3.3,7.9,37.1,89.1,10.0202,1.4,,,,3
Idukki,Idukki_district_centroid_proxy_Painavu,UEI-IMD-FL-1994-0047,1994-08-02T00:00:00,positive,Red,646.0,30.507,48.8,5.5622,13.625,239.3,4.0,1.7874,,1.3,4.6,7.8,38.5,96.9,9.3647,1.3,,,,3
Idukki,Idukki_district_centroid_proxy_Painavu,UEI-IMD-FL-1994-0048,1994-07-31T00:00:00,positive,Yellow,646.0,30.507,48.8,5.5622,13.625,239.3,4.0,1.7874,,,,,,,1.2,,,,,1
Idukki,Idukki_district_centroid_proxy_Painavu,UEI-IMD-FL-1994-0048,1994-08-01T00:00:00,positive,Yellow,646.0,30.507,48.8,5.5622,13.625,239.3,4.0,1.7874,,1.0,3.6,6.4,37.5,37.5,9.5853,1.0,,,,1
Idukki,Idukki_district_centroid_proxy_Painavu,UEI-IMD-FL-1994-0048,1994-08-02T00:00:00,positive,Orange,646.0,30.507,48.8,5.5622,13.625,239.3,4.0,1.7874,,1.3,4.6,7.8,38.5,76.0,9.3623,1.3,,,,2
Idukki,Idukki_district_centroid_proxy_Painavu,UEI-IMD-FL-1994-0048,1994-08-02T12:00:00,positive,Orange,646.0,30.507,48.8,5.5622,13.625,239.3,4.0,1.7874,,1.8,5.0,10.8,35.0,95.3,10.5826,1.8,,,,2
Idukki,Idukki_district_centroid_proxy_Painavu,UEI-IMD-FL-1994-0048,1994-08-02T18:00:00,positive,Red,646.0,30.507,48.8,5.5622,13.625,239.3,4.0,1.7874,,0.2,0.5,3.2,30.3,98.5,5.2658,0.2,,,,3
Idukki,Idukki_district_centroid_proxy_Painavu,UEI-IMD-FL-1994-0048,1994-08-03T00:00:00,positive,Red,646.0,30.507,48.8,5.5622,13.625,239.3,4.0,1.7874,,0.4,1.3,1.8,24.3,100.3,3.5817,0.4,,,,3
Idukki,Idukki_district_centroid_proxy_Painavu,UEI-IMD-FL-1994-0051,1994-10-08T00:00:00,positive,Yellow,646.0,30.507,48.8,5.5622,13.625,239.3,4.0,1.7874,,,,,,,0.0,,,,,1
Idukki,Idukki_district_centroid_proxy_Painavu,UEI-IMD-FL-1994-0051,1994-10-09T00:00:00,positive,Yellow,646.0,30.507,48.8,5.5622,13.625,239.3,4.0,1.7874,,0.0,0.0,0.2,0.8,0.8,0.1966,0.0,,,,1
Idukki,Idukki_district_centroid_proxy_Painavu,UEI-IMD-FL-1994-0051,1994-10-10T00:00:00,positive,Orange,646.0,30.507,48.8,5.5622,13.625,239.3,4.0,1.7874,,0.9,2.5,2.7,22.5,23.3,3.967,0.9,,,,2
Idukki,Idukki_district_centroid_proxy_Painavu,UEI-IMD-FL-1994-0051,1994-10-10T12:00:00,positive,Orange,646.0,30.507,48.8,5.5622,13.625,239.3,4.0,1.7874,,0.0,8.3,9.3,14.9,32.8,6.6126,0.0,,,,2
Idukki,Idukki_district_centroid_proxy_Painavu,UEI-IMD-FL-1994-0051,1994-10-10T18:00:00,positive,Red,646.0,30.507,48.8,5.5622,13.625,239.3,4.0,1.7874,,0.0,1.0,2.9,15.1,35.7,4.7575,0.0,,,,3
Idukki,Idukki_district_centroid_proxy_Painavu,UEI-IMD-FL-1994-0051,1994-10-11T00:00:00,positive,Red,646.0,30.507,48.8,5.5622,13.625,239.3,4.0,1.7874,,0.4,0.4,1.2,13.6,36.9,2.1343,0.4,,,,3
Idukki,Idukki_district_centroid_proxy_Painavu,UEI-IMD-FL-1995-0042,1995-05-04T00:00:00,positive,Yellow,646.0,30.507,48.8,5.5622,13.625,239.3,4.0,1.7874,,,,,,,0.0,,,,,1
Idukki,Idukki_district_centroid_proxy_Painavu,UEI-IMD-FL-1995-0042,1995-05-05T00:00:00,positive,Yellow,646.0,30.507,48.8,5.5622,13.625,239.3,4.0,1.7874,,0.3,0.6,0.9,27.6,27.6,3.7911,0.3,,,,1
Idukki,Idukki_district_centroid_proxy_Painavu,UEI-IMD-FL-1995-0042,1995-05-06T00:00:00,positive,Orange,646.0,30.507,48.8,5.5622,13.625,239.3,4.0,1.7874,,0.0,0.0,0.5,18.8,46.4,2.2275,0.0,,,,2
Idukki,Idukki_district_centroid_proxy_Painavu,UEI-IMD-FL-1995-0042,1995-05-06T12:00:00,positive,Orange,646.0,30.507,48.8,5.5622,13.625,239.3,4.0,1.7874,,4.8,15.6,19.1,23.4,65.6,18.1333,4.8,,,,2
Idukki,Idukki_district_centroid_proxy_Painavu,UEI-IMD-FL-1995-0042,1995-05-06T18:00:00,positive,Red,646.0,30.507,48.8,5.5622,13.625,239.3,4.0,1.7874,,1.9,5.2,13.6,33.3,79.2,14.6774,1.9,,,,3
Idukki,Idukki_district_centroid_proxy_Painavu,UEI-IMD-FL-1995-0042,1995-05-07T00:00:00,positive,Red,646.0,30.507,48.8,5.5622,13.625,239.3,4.0,1.7874,,2.7,6.5,11.3,44.1,90.5,14.8756,2.7,,,,3
Idukki,Idukki_district_centroid_proxy_Painavu,UEI-IMD-FL-1995-0045,1995-06-10T00:00:00,positive,Yellow,646.0,30.507,48.8,5.5622,13.625,239.3,4.0,1.7874,,,,,,,0.4,,,,,1
Idukki,Idukki_district_centroid_proxy_Painavu,UEI-IMD-FL-1995-0045,1995-06-11T00:00:00,positive,Yellow,646.0,30.507,48.8,5.5622,13.625,239.3,4.0,1.7874,,1.2,3.3,6.9,31.1,31.1,7.5749,1.2,,,,1
Idukki,Idukki_district_centroid_proxy_Painavu,UEI-IMD-FL-1995-0045,1995-06-12T00:00:00,positive,Orange,646.0,30.507,48.8,5.5622,13.625,239.3,4.0,1.7874,,0.3,1.3,3.7,31.1,62.2,5.3296,0.3,,,,2
Idukki,Idukki_district_centroid_proxy_Painavu,UEI-IMD-FL-1995-0045,1995-06-12T12:00:00,positive,Orange,646.0,30.507,48.8,5.5622,13.625,239.3,4.0,1.7874,,2.7,6.4,10.4,25.5,76.0,10.8169,2.7,,,,2
Idukki,Idukki_district_centroid_proxy_Painavu,UEI-IMD-FL-1995-0045,1995-06-12T18:00:00,positive,Red,646.0,30.507,48.8,5.5622,13.625,239.3,4.0,1.7874,,2.8,6.9,15.0,32.5,91.0,14.6382,2.8,,,,3
Idukki,Idukki_district_centroid_proxy_Painavu,UEI-IMD-FL-1995-0045,1995-06-13T00:00:00,positive,Red,646.0,30.507,48.8,5.5622,13.625,239.3,4.0,1.7874,,3.1,8.9,15.8,44.6,106.8,16.1053,3.1,,,,3
Idukki,Idukki_district_centroid_proxy_Painavu,UEI-IMD-FL-1995-0047,1995-07-02T00:00:00,positive,Yellow,646.0,30.507,48.8,5.5622,13.625,239.3,4.0,1.7874,,,,,,,0.1,,,,,1
Idukki,Idukki_district_centroid_proxy_Painavu,UEI-IMD-FL-1995-0047,1995-07-03T00:00:00,positive,Yellow,646.0,30.507,48.8,5.5622,13.625,239.3,4.0,1.7874,,0.2,0.3,0.3,4.1,4.1,0.7206,0.2,,,,1
Idukki,Idukki_district_centroid_proxy_Painavu,UEI-IMD-FL-1995-0047,1995-07-04T00:00:00,positive,Orange,646.0,30.507,48.8,5.5622,13.625,239.3,4.0,1.7874,,0.0,0.0,0.0,1.1,5.2,0.0717,0.0,,,,2
Idukki,Idukki_district_centroid_proxy_Painavu,UEI-IMD-FL-1995-0047,1995-07-04T12:00:00,positive,Orange,646.0,30.507,48.8,5.5622,13.625,239.3,4.0,1.7874,,0.1,0.8,1.8,2.5,7.5,1.1488,0.1,,,,2
Idukki,Idukki_district_centroid_proxy_Painavu,UEI-IMD-FL-1995-0047,1995-07-04T18:00:00,positive,Red,646.0,30.507,48.8,5.5622,13.625,239.3,4.0,1.7874,,0.0,0.0,0.2,2.5,7.7,0.5299,0.0,,,,3
Idukki,Idukki_district_centroid_proxy_Painavu,UEI-IMD-FL-1995-0047,1995-07-05T00:00:00,positive,Red,646.0,30.507,48.8,5.5622,13.625,239.3,4.0,1.7874,,0.0,0.0,0.0,2.5,7.7,0.1998,0.0,,,,3
Idukki,Idukki_district_centroid_proxy_Painavu,UEI-IMD-FL-1995-0048,1995-07-11T00:00:00,positive,Yellow,646.0,30.507,48.8,5.5622,13.625,239.3,4.0,1.7874,,,,,,,0.6,,,,,1
Idukki,Idukki_district_centroid_proxy_Painavu,UEI-IMD-FL-1995-0048,1995-07-12T00:00:00,positive,Yellow,646.0,30.507,48.8,5.5622,13.625,239.3,4.0,1.7874,,0.9,4.2,7.1,25.2,25.2,7.5077,0.9,,,,1
Idukki,Idukki_district_centroid_proxy_Painavu,UEI-IMD-FL-1995-0048,1995-07-13T00:00:00,positive,Orange,646.0,30.507,48.8,5.5622,13.625,239.3,4.0,1.7874,,0.0,0.1,0.1,11.8,37.0,1.0081,0.0,,,,2
Idukki,Idukki_district_centroid_proxy_Painavu,UEI-IMD-FL-1995-0048,1995-07-13T12:00:00,positive,Orange,646.0,30.507,48.8,5.5622,13.625,239.3,4.0,1.7874,,0.3,1.0,2.6,3.0,39.6,1.8201,0.3,,,,2
Idukki,Idukki_district_centroid_proxy_Painavu,UEI-IMD-FL-1995-0048,1995-07-13T18:00:00,positive,Red,646.0,30.507,48.8,5.5622,13.625,239.3,4.0,1.7874,,0.0,0.0,0.2,2.9,39.8,0.6864,0.0,,,,3
Idukki,Idukki_district_centroid_proxy_Painavu,UEI-IMD-FL-1995-0048,1995-07-14T00:00:00,positive,Red,646.0,30.507,48.8,5.5622,13.625,239.3,4.0,1.7874,,0.1,0.2,0.2,3.0,40.0,0.6161,0.1,,,,3
Idukki,Idukki_district_centroid_proxy_Painavu,UEI-IMD-FL-1995-0054,1995-10-15T00:00:00,positive,Yellow,646.0,30.507,48.8,5.5622,13.625,239.3,4.0,1.7874,,,,,,,0.0,,,,,1
Idukki,Idukki_district_centroid_proxy_Painavu,UEI-IMD-FL-1995-0054,1995-10-16T00:00:00,positive,Yellow,646.0,30.507,48.8,5.5622,13.625,239.3,4.0,1.7874,,0.0,0.0,0.0,0.8,0.8,0.0854,0.0,,,,1
Idukki,Idukki_district_centroid_proxy_Painavu,UEI-IMD-FL-1995-0054,1995-10-17T00:00:00,positive,Orange,646.0,30.507,48.8,5.5622,13.625,239.3,4.0,1.7874,,0.0,0.0,0.0,1.6,2.4,0.1965,0.0,,,,2
Idukki,Idukki_district_centroid_proxy_Painavu,UEI-IMD-FL-1995-0054,1995-10-17T12:00:00,positive,Orange,646.0,30.507,48.8,5.5622,13.625,239.3,4.0,1.7874,,0.6,1.3,1.7,2.2,4.1,1.5043,0.6,,,,2
Idukki,Idukki_district_centroid_proxy_Painavu,UEI-IMD-FL-1995-0054,1995-10-17T18:00:00,positive,Red,646.0,30.507,48.8,5.5622,13.625,239.3,4.0,1.7874,,0.4,0.8,1.8,3.5,5.9,2.1088,0.4,,,,3
Idukki,Idukki_district_centroid_proxy_Painavu,UEI-IMD-FL-1995-0054,1995-10-18T00:00:00,positive,Red,646.0,30.507,48.8,5.5622,13.625,239.3,4.0,1.7874,,0.0,0.4,3.5,7.0,9.4,2.2599,0.0,,,,3
Idukki,Idukki_district_centroid_proxy_Painavu,UEI-IMD-FL-1996-0053,1996-06-13T00:00:00,positive,Yellow,646.0,30.507,48.8,5.5622,13.625,239.3,4.0,1.7874,,,,,,,2.6,,,,,1
Idukki,Idukki_district_centroid_proxy_Painavu,UEI-IMD-FL-1996-0053,1996-06-14T00:00:00,positive,Yellow,646.0,30.507,48.8,5.5622,13.625,239.3,4.0,1.7874,,3.1,12.0,21.5,71.8,71.8,20.8933,3.1,,,,1
Idukki,Idukki_district_centroid_proxy_Painavu,UEI-IMD-FL-1996-0053,1996-06-15T00:00:00,positive,Orange,646.0,30.507,48.8,5.5622,13.625,239.3,4.0,1.7874,,0.4,0.9,2.6,54.6,126.4,7.0237,0.4,,,,2
Idukki,Idukki_district_centroid_proxy_Painavu,UEI-IMD-FL-1996-0053,1996-06-15T12:00:00,positive,Orange,646.0,30.507,48.8,5.5622,13.625,239.3,4.0,1.7874,,1.7,5.2,9.7,27.0,141.3,9.57,1.7,,,,2
Idukki,Idukki_district_centroid_proxy_Painavu,UEI-IMD-FL-1996-0053,1996-06-15T18:00:00,positive,Red,646.0,30.507,48.8,5.5622,13.625,239.3,4.0,1.7874,,1.7,5.7,10.4,27.9,151.7,10.6701,1.7,,,,3
Idukki,Idukki_district_centroid_proxy_Painavu,UEI-IMD-FL-1996-0053,1996-06-16T00:00:00,positive,Red,646.0,30.507,48.8,5.5622,13.625,239.3,4.0,1.7874,,1.2,4.2,7.8,33.1,159.5,10.1376,1.2,,,,3
Idukki,Idukki_district_centroid_proxy_Painavu,UEI-IMD-FL-1996-0059,1996-08-09T00:00:00,positive,Yellow,646.0,30.507,48.8,5.5622,13.625,239.3,4.0,1.7874,,,,,,,0.2,,,,,1
Idukki,Idukki_district_centroid_proxy_Painavu,UEI-IMD-FL-1996-0059,1996-08-10T00:00:00,positive,Yellow,646.0,30.507,48.8,5.5622,13.625,239.3,4.0,1.7874,,0.8,2.1,2.3,3.8,3.8,2.7199,0.8,,,,1
Idukki,Idukki_district_centroid_proxy_Painavu,UEI-IMD-FL-1996-0059,1996-08-11T00:00:00,positive,Orange,646.0,30.507,48.8,5.5622,13.625,239.3,4.0,1.7874,,0.8,1.7,1.9,14.6,18.4,2.7211,0.8,,,,2
Idukki,Idukki_district_centroid_proxy_Painavu,UEI-IMD-FL-1996-0059,1996-08-11T12:00:00,positive,Orange,646.0,30.507,48.8,5.5622,13.625,239.3,4.0,1.7874,,1.8,6.4,8.6,14.9,29.7,6.9003,1.8,,,,2
Idukki,Idukki_district_centroid_proxy_Painavu,UEI-IMD-FL-1996-0059,1996-08-11T18:00:00,positive,Red,646.0,30.507,48.8,5.5622,13.625,239.3,4.0,1.7874,,0.1,0.5,1.7,14.9,31.4,3.4332,0.1,,,,3
Idukki,Idukki_district_centroid_proxy_Painavu,UEI-IMD-FL-1996-0059,1996-08-12T00:00:00,positive,Red,646.0,30.507,48.8,5.5622,13.625,239.3,4.0,1.7874,,0.2,1.1,2.0,15.0,33.4,3.1954,0.2,,,,3
Idukki,Idukki_district_centroid_proxy_Painavu,UEI-IMD-FL-1996-0061,1996-09-08T00:00:00,positive,Yellow,646.0,30.507,48.8,5.5622,13.625,239.3,4.0,1.7874,,,,,,,0.0,,,,,1
Idukki,Idukki_district_centroid_proxy_Painavu,UEI-IMD-FL-1996-0061,1996-09-09T00:00:00,positive,Yellow,646.0,30.507,48.8,5.5622,13.625,239.3,4.0,1.7874,,0.0,0.0,0.0,6.3,6.3,0.567,0.0,,,,1
Idukki,Idukki_district_centroid_proxy_Painavu,UEI-IMD-FL-1996-0061,1996-09-10T00:00:00,positive,Orange,646.0,30.507,48.8,5.5622,13.625,239.3,4.0,1.7874,,0.0,0.0,0.0,5.0,11.3,0.6985,0.0,,,,2
Idukki,Idukki_district_centroid_proxy_Painavu,UEI-IMD-FL-1996-0061,1996-09-10T12:00:00,positive,Orange,646.0,30.507,48.8,5.5622,13.625,239.3,4.0,1.7874,,0.1,0.5,0.8,4.1,12.1,0.786,0.1,,,,2
Idukki,Idukki_district_centroid_proxy_Painavu,UEI-IMD-FL-1996-0061,1996-09-10T18:00:00,positive,Red,646.0,30.507,48.8,5.5622,13.625,239.3,4.0,1.7874,,0.0,0.2,0.7,1.5,12.8,0.571,0.0,,,,3
Idukki,Idukki_district_centroid_proxy_Painavu,UEI-IMD-FL-1996-0061,1996-09-11T00:00:00,positive,Red,646.0,30.507,48.8,5.5622,13.625,239.3,4.0,1.7874,,0.0,0.0,0.0,1.5,12.8,0.2154,0.0,,,,3
Idukki,Idukki_district_centroid_proxy_Painavu,UEI-IMD-FL-1997-0043,1997-07-17T00:00:00,positive,Yellow,646.0,30.507,48.8,5.5622,13.625,239.3,4.0,1.7874,,,,,,,0.3,,,,,1
Idukki,Idukki_district_centroid_proxy_Painavu,UEI-IMD-FL-1997-0043,1997-07-18T00:00:00,positive,Yellow,646.0,30.507,48.8,5.5622,13.625,239.3,4.0,1.7874,,0.2,0.3,0.9,8.8,8.8,1.7882,0.2,,,,1
Idukki,Idukki_district_centroid_proxy_Painavu,UEI-IMD-FL-1997-0043,1997-07-19T00:00:00,positive,Orange,646.0,30.507,48.8,5.5622,13.625,239.3,4.0,1.7874,,0.6,2.0,3.3,13.7,22.5,3.8454,0.6,,,,2
Idukki,Idukki_district_centroid_proxy_Painavu,UEI-IMD-FL-1997-0043,1997-07-19T12:00:00,positive,Orange,646.0,30.507,48.8,5.5622,13.625,239.3,4.0,1.7874,,0.7,1.1,2.0,11.5,27.8,2.6109,0.7,,,,2
Idukki,Idukki_district_centroid_proxy_Painavu,UEI-IMD-FL-1997-0043,1997-07-19T18:00:00,positive,Red,646.0,30.507,48.8,5.5622,13.625,239.3,4.0,1.7874,,0.0,0.0,0.2,8.8,28.0,1.1847,0.0,,,,3
Idukki,Idukki_district_centroid_proxy_Painavu,UEI-IMD-FL-1997-0043,1997-07-20T00:00:00,positive,Red,646.0,30.507,48.8,5.5622,13.625,239.3,4.0,1.7874,,0.1,0.2,0.5,6.0,28.5,0.7454,0.1,,,,3
Idukki,Idukki_district_centroid_proxy_Painavu,UEI-IMD-FL-1997-0048,1997-10-31T00:00:00,positive,Yellow,646.0,30.507,48.8,5.5622,13.625,239.3,4.0,1.7874,,,,,,,0.0,,,,,1
Idukki,Idukki_district_centroid_proxy_Painavu,UEI-IMD-FL-1997-0048,1997-11-01T00:00:00,positive,Yellow,646.0,30.507,48.8,5.5622,13.625,239.3,4.0,1.7874,,0.0,0.0,0.5,17.0,17.0,2.6348,0.0,,,,1
Idukki,Idukki_district_centroid_proxy_Painavu,UEI-IMD-FL-1997-0048,1997-11-02T00:00:00,positive,Orange,646.0,30.507,48.8,5.5622,13.625,239.3,4.0,1.7874,,5.0,16.1,31.0,56.4,73.4,24.6633,5.0,,,,2
Idukki,Idukki_district_centroid_proxy_Painavu,UEI-IMD-FL-1997-0048,1997-11-02T12:00:00,positive,Orange,646.0,30.507,48.8,5.5622,13.625,239.3,4.0,1.7874,,0.5,2.3,7.8,50.1,86.6,8.3801,0.5,,,,2
Idukki,Idukki_district_centroid_proxy_Painavu,UEI-IMD-FL-1997-0048,1997-11-02T18:00:00,positive,Red,646.0,30.507,48.8,5.5622,13.625,239.3,4.0,1.7874,,0.0,0.0,0.0,44.2,86.6,3.1606,0.0,,,,3
Idukki,Idukki_district_centroid_proxy_Painavu,UEI-IMD-FL-1997-0048,1997-11-03T00:00:00,positive,Red,646.0,30.507,48.8,5.5622,13.625,239.3,4.0,1.7874,,0.0,0.2,0.2,13.4,86.8,1.3257,0.0,,,,3
Idukki,Idukki_district_centroid_proxy_Painavu,UEI-IMD-FL-1997-0049,1997-11-25T00:00:00,positive,Yellow,646.0,30.507,48.8,5.5622,13.625,239.3,4.0,1.7874,,,,,,,0.0,,,,,1
Idukki,Idukki_district_centroid_proxy_Painavu,UEI-IMD-FL-1997-0049,1997-11-26T00:00:00,positive,Yellow,646.0,30.507,48.8,5.5622,13.625,239.3,4.0,1.7874,,0.0,0.0,0.0,14.0,14.0,1.2242,0.0,,,,1
Idukki,Idukki_district_centroid_proxy_Painavu,UEI-IMD-FL-1997-0049,1997-11-27T00:00:00,positive,Orange,646.0,30.507,48.8,5.5622,13.625,239.3,4.0,1.7874,,0.0,0.0,0.0,1.1,15.1,0.1245,0.0,,,,2
Idukki,Idukki_district_centroid_proxy_Painavu,UEI-IMD-FL-1997-0049,1997-11-27T12:00:00,positive,Orange,646.0,30.507,48.8,5.5622,13.625,239.3,4.0,1.7874,,0.6,3.1,6.8,6.8,21.9,3.9203,0.6,,,,2
Idukki,Idukki_district_centroid_proxy_Painavu,UEI-IMD-FL-1997-0049,1997-11-27T18:00:00,positive,Red,646.0,30.507,48.8,5.5622,13.625,239.3,4.0,1.7874,,0.0,0.0,0.0,6.8,21.9,1.4785,0.0,,,,3
Idukki,Idukki_district_centroid_proxy_Painavu,UEI-IMD-FL-1997-0049,1997-11-28T00:00:00,positive,Red,646.0,30.507,48.8,5.5622,13.625,239.3,4.0,1.7874,,0.0,0.0,0.0,6.8,21.9,0.5576,0.0,,,,3
Idukki,Idukki_district_centroid_proxy_Painavu,UEI-IMD-FL-1998-0056,1998-06-25T00:00:00,positive,Yellow,646.0,30.507,48.8,5.5622,13.625,239.3,4.0,1.7874,,,,,,,1.0,,,,,1
Idukki,Idukki_district_centroid_proxy_Painavu,UEI-IMD-FL-1998-0056,1998-06-26T00:00:00,positive,Yellow,646.0,30.507,48.8,5.5622,13.625,239.3,4.0,1.7874,,2.3,6.1,11.6,51.9,51.9,12.875,2.3,,,,1
Idukki,Idukki_district_centroid_proxy_Painavu,UEI-IMD-FL-1998-0056,1998-06-27T00:00:00,positive,Orange,646.0,30.507,48.8,5.5622,13.625,239.3,4.0,1.7874,,1.9,8.1,13.7,52.4,104.3,15.0722,1.9,,,,2
Idukki,Idukki_district_centroid_proxy_Painavu,UEI-IMD-FL-1998-0056,1998-06-27T12:00:00,positive,Orange,646.0,30.507,48.8,5.5622,13.625,239.3,4.0,1.7874,,1.9,6.8,15.5,56.9,132.1,16.8842,1.9,,,,2
Idukki,Idukki_district_centroid_proxy_Painavu,UEI-IMD-FL-1998-0056,1998-06-27T18:00:00,positive,Red,646.0,30.507,48.8,5.5622,13.625,239.3,4.0,1.7874,,3.6,8.1,17.6,59.1,149.7,20.4137,3.6,,,,3
Idukki,Idukki_district_centroid_proxy_Painavu,UEI-IMD-FL-1998-0056,1998-06-28T00:00:00,positive,Red,646.0,30.507,48.8,5.5622,13.625,239.3,4.0,1.7874,,2.6,7.5,22.8,68.2,172.5,21.0408,2.6,,,,3
Idukki,Idukki_district_centroid_proxy_Painavu,UEI-IMD-FL-1998-0057,1998-06-29T00:00:00,positive,Yellow,646.0,30.507,48.8,5.5622,13.625,239.3,4.0,1.7874,,,,,,,1.8,,,,,1
Idukki,Idukki_district_centroid_proxy_Painavu,UEI-IMD-FL-1998-0057,1998-06-30T00:00:00,positive,Yellow,646.0,30.507,48.8,5.5622,13.625,239.3,4.0,1.7874,,1.7,4.0,8.9,55.2,55.2,12.5578,1.7,,,,1
Idukki,Idukki_district_centroid_proxy_Painavu,UEI-IMD-FL-1998-0057,1998-07-01T00:00:00,positive,Orange,646.0,30.507,48.8,5.5622,13.625,239.3,4.0,1.7874,,1.8,4.6,7.2,35.4,90.6,9.1688,1.8,,,,2
Idukki,Idukki_district_centroid_proxy_Painavu,UEI-IMD-FL-1998-0057,1998-07-01T12:00:00,positive,Orange,646.0,30.507,48.8,5.5622,13.625,239.3,4.0,1.7874,,2.0,5.7,11.9,37.5,110.5,13.1883,2.0,,,,2
Idukki,Idukki_district_centroid_proxy_Painavu,UEI-IMD-FL-1998-0057,1998-07-01T18:00:00,positive,Red,646.0,30.507,48.8,5.5622,13.625,239.3,4.0,1.7874,,1.2,3.5,9.5,36.6,120.0,10.7285,1.2,,,,3
Idukki,Idukki_district_centroid_proxy_Painavu,UEI-IMD-FL-1998-0057,1998-07-02T00:00:00,positive,Red,646.0,30.507,48.8,5.5622,13.625,239.3,4.0,1.7874,,0.6,2.5,8.5,37.9,128.5,8.5542,0.6,,,,3
Idukki,Idukki_district_centroid_proxy_Painavu,UEI-IMD-FL-1998-0060,1998-10-29T00:00:00,positive,Yellow,646.0,30.507,48.8,5.5622,13.625,239.3,4.0,1.7874,,,,,,,0.0,,,,,1
Idukki,Idukki_district_centroid_proxy_Painavu,UEI-IMD-FL-1998-0060,1998-10-30T00:00:00,positive,Yellow,646.0,30.507,48.8,5.5622,13.625,239.3,4.0,1.7874,,0.0,0.0,0.3,2.1,2.1,0.3225,0.0,,,,1
Idukki,Idukki_district_centroid_proxy_Painavu,UEI-IMD-FL-1998-0060,1998-10-31T00:00:00,positive,Orange,646.0,30.507,48.8,5.5622,13.625,239.3,4.0,1.7874,,0.0,0.0,0.2,1.0,3.1,0.2794,0.0,,,,2
Idukki,Idukki_district_centroid_proxy_Painavu,UEI-IMD-FL-1998-0060,1998-10-31T12:00:00,positive,Orange,646.0,30.507,48.8,5.5622,13.625,239.3,4.0,1.7874,,0.3,2.4,4.0,4.9,7.1,2.7473,0.3,,,,2
Idukki,Idukki_district_centroid_proxy_Painavu,UEI-IMD-FL-1998-0060,1998-10-31T18:00:00,positive,Red,646.0,30.507,48.8,5.5622,13.625,239.3,4.0,1.7874,,0.0,0.0,0.3,4.5,7.4,1.4361,0.0,,,,3
Idukki,Idukki_district_centroid_proxy_Painavu,UEI-IMD-FL-1998-0060,1998-11-01T00:00:00,positive,Red,646.0,30.507,48.8,5.5622,13.625,239.3,4.0,1.7874,,0.0,0.1,0.5,4.8,7.9,0.6139,0.0,,,,3
Idukki,Idukki_district_centroid_proxy_Painavu,UEI-IMD-FL-1999-0046,1999-06-13T00:00:00,positive,Yellow,646.0,30.507,48.8,5.5622,13.625,239.3,4.0,1.7874,,,,,,,1.2,,,,,1
Idukki,Idukki_district_centroid_proxy_Painavu,UEI-IMD-FL-1999-0046,1999-06-14T00:00:00,positive,Yellow,646.0,30.507,48.8,5.5622,13.625,239.3,4.0,1.7874,,0.4,1.6,3.2,28.1,28.1,4.8964,0.4,,,,1
Idukki,Idukki_district_centroid_proxy_Painavu,UEI-IMD-FL-1999-0046,1999-06-15T00:00:00,positive,Orange,646.0,30.507,48.8,5.5622,13.625,239.3,4.0,1.7874,,0.2,0.9,2.2,19.5,47.6,3.4193,0.2,,,,2
Idukki,Idukki_district_centroid_proxy_Painavu,UEI-IMD-FL-1999-0046,1999-06-15T12:00:00,positive,Orange,646.0,30.507,48.8,5.5622,13.625,239.3,4.0,1.7874,,0.9,2.9,7.6,19.3,60.5,6.6425,0.9,,,,2
Idukki,Idukki_district_centroid_proxy_Painavu,UEI-IMD-FL-1999-0046,1999-06-15T18:00:00,positive,Red,646.0,30.507,48.8,5.5622,13.625,239.3,4.0,1.7874,,0.2,0.7,2.2,17.3,62.7,3.6302,0.2,,,,3
Idukki,Idukki_district_centroid_proxy_Painavu,UEI-IMD-FL-1999-0046,1999-06-16T00:00:00,positive,Red,646.0,30.507,48.8,5.5622,13.625,239.3,4.0,1.7874,,0.3,1.0,1.8,16.9,64.5,2.6614,0.3,,,,3
Idukki,Idukki_district_centroid_proxy_Painavu,UEI-IMD-FL-1999-0047,1999-07-14T00:00:00,positive,Yellow,646.0,30.507,48.8,5.5622,13.625,239.3,4.0,1.7874,,,,,,,0.4,,,,,1
Idukki,Idukki_district_centroid_proxy_Painavu,UEI-IMD-FL-1999-0047,1999-07-15T00:00:00,positive,Yellow,646.0,30.507,48.8,5.5622,13.625,239.3,4.0,1.7874,,0.6,1.2,1.3,5.5,5.5,1.7399,0.6,,,,1
Idukki,Idukki_district_centroid_proxy_Painavu,UEI-IMD-FL-1999-0047,1999-07-16T00:00:00,positive,Orange,646.0,30.507,48.8,5.5622,13.625,239.3,4.0,1.7874,,0.6,1.8,3.0,22.2,27.7,4.4166,0.6,,,,2
Idukki,Idukki_district_centroid_proxy_Painavu,UEI-IMD-FL-1999-0047,1999-07-16T12:00:00,positive,Orange,646.0,30.507,48.8,5.5622,13.625,239.3,4.0,1.7874,,0.8,3.6,8.1,22.3,43.0,8.0833,0.8,,,,2
Idukki,Idukki_district_centroid_proxy_Painavu,UEI-IMD-FL-1999-0047,1999-07-16T18:00:00,positive,Red,646.0,30.507,48.8,5.5622,13.625,239.3,4.0,1.7874,,0.5,1.6,4.5,22.8,47.5,5.6968,0.5,,,,3
Idukki,Idukki_district_centroid_proxy_Painavu,UEI-IMD-FL-1999-0047,1999-07-17T00:00:00,positive,Red,646.0,30.507,48.8,5.5622,13.625,239.3,4.0,1.7874,,1.0,2.8,4.6,24.4,52.1,5.9552,1.0,,,,3
Idukki,Idukki_district_centroid_proxy_Painavu,UEI-IMD-FL-1999-0050,1999-10-15T00:00:00,positive,Yellow,646.0,30.507,48.8,5.5622,13.625,239.3,4.0,1.7874,,,,,,,7.3,,,,,1
Idukki,Idukki_district_centroid_proxy_Painavu,UEI-IMD-FL-1999-0050,1999-10-16T00:00:00,positive,Yellow,646.0,30.507,48.8,5.5622,13.625,239.3,4.0,1.7874,,0.0,1.1,3.0,39.5,39.5,3.5449,0.0,,,,1
Idukki,Idukki_district_centroid_proxy_Painavu,UEI-IMD-FL-1999-0050,1999-10-17T00:00:00,positive,Orange,646.0,30.507,48.8,5.5622,13.625,239.3,4.0,1.7874,,0.0,0.0,0.5,26.9,66.4,3.2945,0.0,,,,2
Idukki,Idukki_district_centroid_proxy_Painavu,UEI-IMD-FL-1999-0050,1999-10-17T12:00:00,positive,Orange,646.0,30.507,48.8,5.5622,13.625,239.3,4.0,1.7874,,0.8,2.5,7.5,15.5,74.7,5.6245,0.8,,,,2
Idukki,Idukki_district_centroid_proxy_Painavu,UEI-IMD-FL-1999-0050,1999-10-17T18:00:00,positive,Red,646.0,30.507,48.8,5.5622,13.625,239.3,4.0,1.7874,,0.1,0.8,2.6,11.4,77.3,3.2516,0.1,,,,3
Idukki,Idukki_district_centroid_proxy_Painavu,UEI-IMD-FL-1999-0050,1999-10-18T00:00:00,positive,Red,646.0,30.507,48.8,5.5622,13.625,239.3,4.0,1.7874,,0.2,0.8,1.4,12.3,78.7,2.2427,0.2,,,,3
Idukki,Idukki_district_centroid_proxy_Painavu,UEI-IMD-FL-2000-0066,2000-07-04T00:00:00,positive,Yellow,646.0,30.507,48.8,5.5622,13.625,239.3,4.0,1.7874,,,,,,,0.2,,,,,1
Idukki,Idukki_district_centroid_proxy_Painavu,UEI-IMD-FL-2000-0066,2000-07-05T00:00:00,positive,Yellow,646.0,30.507,48.8,5.5622,13.625,239.3,4.0,1.7874,,0.8,1.8,3.3,17.0,17.0,4.6947,0.8,,,,1
Idukki,Idukki_district_centroid_proxy_Painavu,UEI-IMD-FL-2000-0066,2000-07-06T00:00:00,positive,Orange,646.0,30.507,48.8,5.5622,13.625,239.3,4.0,1.7874,,0.0,0.0,0.0,11.4,28.4,1.1166,0.0,,,,2
Idukki,Idukki_district_centroid_proxy_Painavu,UEI-IMD-FL-2000-0066,2000-07-06T12:00:00,positive,Orange,646.0,30.507,48.8,5.5622,13.625,239.3,4.0,1.7874,,1.7,6.3,11.5,15.8,41.7,9.6064,1.7,,,,2
Idukki,Idukki_district_centroid_proxy_Painavu,UEI-IMD-FL-2000-0066,2000-07-06T18:00:00,positive,Red,646.0,30.507,48.8,5.5622,13.625,239.3,4.0,1.7874,,1.0,3.0,7.7,21.0,49.4,7.8494,1.0,,,,3
Idukki,Idukki_district_centroid_proxy_Painavu,UEI-IMD-FL-2000-0066,2000-07-07T00:00:00,positive,Red,646.0,30.507,48.8,5.5622,13.625,239.3,4.0,1.7874,,0.0,0.0,1.2,22.2,50.6,3.1457,0.0,,,,3
Idukki,Idukki_district_centroid_proxy_Painavu,UEI-IMD-FL-2000-0068,2000-08-19T00:00:00,positive,Yellow,646.0,30.507,48.8,5.5622,13.625,239.3,4.0,1.7874,,,,,,,0.0,,,,,1
Idukki,Idukki_district_centroid_proxy_Painavu,UEI-IMD-FL-2000-0068,2000-08-20T00:00:00,positive,Yellow,646.0,30.507,48.8,5.5622,13.625,239.3,4.0,1.7874,,0.3,2.6,4.8,12.4,12.4,4.2458,0.3,,,,1
Idukki,Idukki_district_centroid_proxy_Painavu,UEI-IMD-FL-2000-0068,2000-08-21T00:00:00,positive,Orange,646.0,30.507,48.8,5.5622,13.625,239.3,4.0,1.7874,,0.5,1.6,3.1,11.7,24.1,3.5869,0.5,,,,2
Idukki,Idukki_district_centroid_proxy_Painavu,UEI-IMD-FL-2000-0068,2000-08-21T12:00:00,positive,Orange,646.0,30.507,48.8,5.5622,13.625,239.3,4.0,1.7874,,0.8,3.1,5.8,16.4,35.2,5.8774,0.8,,,,2
Idukki,Idukki_district_centroid_proxy_Painavu,UEI-IMD-FL-2000-0068,2000-08-21T18:00:00,positive,Red,646.0,30.507,48.8,5.5622,13.625,239.3,4.0,1.7874,,0.9,3.0,4.7,18.9,39.9,5.9937,0.9,,,,3
Idukki,Idukki_district_centroid_proxy_Painavu,UEI-IMD-FL-2000-0068,2000-08-22T00:00:00,positive,Red,646.0,30.507,48.8,5.5622,13.625,239.3,4.0,1.7874,,1.0,4.1,7.8,23.6,47.7,7.9831,1.0,,,,3
Idukki,Idukki_district_centroid_proxy_Painavu,UEI-IMD-FL-2001-0052,2001-07-05T00:00:00,positive,Yellow,646.0,30.507,48.8,5.5622,13.625,239.3,4.0,1.7874,,,,,,,0.7,,0.97,,,1
Idukki,Idukki_district_centroid_proxy_Painavu,UEI-IMD-FL-2001-0052,2001-07-06T00:00:00,positive,Yellow,646.0,30.507,48.8,5.5622,13.625,239.3,4.0,1.7874,,1.1,3.9,6.8,25.7,25.7,7.3744,1.1,0.96,,,1
Idukki,Idukki_district_centroid_proxy_Painavu,UEI-IMD-FL-2001-0052,2001-07-07T00:00:00,positive,Orange,646.0,30.507,48.8,5.5622,13.625,239.3,4.0,1.7874,,1.4,3.5,6.1,30.7,56.4,8.4589,1.4,0.97,,,2
Idukki,Idukki_district_centroid_proxy_Painavu,UEI-IMD-FL-2001-0052,2001-07-07T12:00:00,positive,Orange,646.0,30.507,48.8,5.5622,13.625,239.3,4.0,1.7874,,1.2,4.1,8.7,32.2,73.3,8.8355,1.2,0.97,,,2
Idukki,Idukki_district_centroid_proxy_Painavu,UEI-IMD-FL-2001-0052,2001-07-07T18:00:00,positive,Red,646.0,30.507,48.8,5.5622,13.625,239.3,4.0,1.7874,,1.3,4.4,7.3,30.3,80.6,8.2202,1.3,0.97,,,3
Idukki,Idukki_district_centroid_proxy_Painavu,UEI-IMD-FL-2001-0052,2001-07-08T00:00:00,positive,Red,646.0,30.507,48.8,5.5622,13.625,239.3,4.0,1.7874,,2.2,7.0,11.3,35.5,91.9,11.869,2.2,0.97,,,3
Idukki,Idukki_district_centroid_proxy_Painavu,UEI-IMD-FL-2003-0050,2003-10-02T00:00:00,positive,Yellow,646.0,30.507,48.8,5.5622,13.625,239.3,4.0,1.7874,,,,,,,0.0,,0.83,,,1
Idukki,Idukki_district_centroid_proxy_Painavu,UEI-IMD-FL-2003-0050,2003-10-03T00:00:00,positive,Yellow,646.0,30.507,48.8,5.5622,13.625,239.3,4.0,1.7874,,0.1,1.0,1.8,19.4,19.4,2.83,0.1,0.84,,,1
Idukki,Idukki_district_centroid_proxy_Painavu,UEI-IMD-FL-2003-0050,2003-10-04T00:00:00,positive,Orange,646.0,30.507,48.8,5.5622,13.625,239.3,4.0,1.7874,,0.1,1.8,3.2,26.4,45.8,4.3945,0.1,0.84,,,2
Idukki,Idukki_district_centroid_proxy_Painavu,UEI-IMD-FL-2003-0050,2003-10-04T12:00:00,positive,Orange,646.0,30.507,48.8,5.5622,13.625,239.3,4.0,1.7874,,0.1,2.3,2.7,10.1,48.7,2.4193,0.1,0.85,,,2
Idukki,Idukki_district_centroid_proxy_Painavu,UEI-IMD-FL-2003-0050,2003-10-04T18:00:00,positive,Red,646.0,30.507,48.8,5.5622,13.625,239.3,4.0,1.7874,,0.0,0.0,0.3,6.4,49.0,1.009,0.0,0.85,,,3
Idukki,Idukki_district_centroid_proxy_Painavu,UEI-IMD-FL-2003-0050,2003-10-05T00:00:00,positive,Red,646.0,30.507,48.8,5.5622,13.625,239.3,4.0,1.7874,,0.1,0.1,0.1,3.3,49.1,0.4656,0.1,0.85,,,3
Idukki,Idukki_district_centroid_proxy_Painavu,UEI-IMD-FL-2004-0034,2004-06-01T00:00:00,positive,Yellow,646.0,30.507,48.8,5.5622,13.625,239.3,4.0,1.7874,,,,,,,0.0,,0.94,,,1
Idukki,Idukki_district_centroid_proxy_Painavu,UEI-IMD-FL-2004-0034,2004-06-02T00:00:00,positive,Yellow,646.0,30.507,48.8,5.5622,13.625,239.3,4.0,1.7874,,0.0,0.0,0.0,2.0,2.0,0.1882,0.0,0.94,,,1
Idukki,Idukki_district_centroid_proxy_Painavu,UEI-IMD-FL-2004-0034,2004-06-03T00:00:00,positive,Orange,646.0,30.507,48.8,5.5622,13.625,239.3,4.0,1.7874,,0.0,0.0,0.0,6.8,8.8,0.6476,0.0,0.94,,,2
Idukki,Idukki_district_centroid_proxy_Painavu,UEI-IMD-FL-2004-0034,2004-06-03T12:00:00,positive,Orange,646.0,30.507,48.8,5.5622,13.625,239.3,4.0,1.7874,,0.4,1.4,6.8,12.1,19.9,4.8907,0.4,0.94,,,2
Idukki,Idukki_district_centroid_proxy_Painavu,UEI-IMD-FL-2004-0034,2004-06-03T18:00:00,positive,Red,646.0,30.507,48.8,5.5622,13.625,239.3,4.0,1.7874,,0.0,0.0,0.2,11.3,20.1,2.1445,0.0,0.95,,,3
Idukki,Idukki_district_centroid_proxy_Painavu,UEI-IMD-FL-2004-0034,2004-06-04T00:00:00,positive,Red,646.0,30.507,48.8,5.5622,13.625,239.3,4.0,1.7874,,0.0,0.3,1.1,12.4,21.2,1.2522,0.0,0.95,,,3
Idukki,Idukki_district_centroid_proxy_Painavu,UEI-IMD-FL-2004-0038,2004-07-31T00:00:00,positive,Yellow,646.0,30.507,48.8,5.5622,13.625,239.3,4.0,1.7874,,,,,,,0.0,,0.94,,,1
Idukki,Idukki_district_centroid_proxy_Painavu,UEI-IMD-FL-2004-0038,2004-08-01T00:00:00,positive,Yellow,646.0,30.507,48.8,5.5622,13.625,239.3,4.0,1.7874,,0.0,0.0,0.0,2.6,2.6,0.2135,0.0,0.93,,,1
Idukki,Idukki_district_centroid_proxy_Painavu,UEI-IMD-FL-2004-0038,2004-08-02T00:00:00,positive,Orange,646.0,30.507,48.8,5.5622,13.625,239.3,4.0,1.7874,,0.0,0.0,0.0,1.3,3.9,0.2046,0.0,0.93,,,2
Idukki,Idukki_district_centroid_proxy_Painavu,UEI-IMD-FL-2004-0038,2004-08-02T12:00:00,positive,Orange,646.0,30.507,48.8,5.5622,13.625,239.3,4.0,1.7874,,0.4,1.0,1.7,2.7,6.6,1.7046,0.4,0.93,,,2
Idukki,Idukki_district_centroid_proxy_Painavu,UEI-IMD-FL-2004-0038,2004-08-02T18:00:00,positive,Red,646.0,30.507,48.8,5.5622,13.625,239.3,4.0,1.7874,,0.3,0.7,1.4,4.1,8.0,2.1062,0.3,0.93,,,3
Idukki,Idukki_district_centroid_proxy_Painavu,UEI-IMD-FL-2004-0038,2004-08-03T00:00:00,positive,Red,646.0,30.507,48.8,5.5622,13.625,239.3,4.0,1.7874,,1.4,4.5,7.0,11.1,15.0,5.7893,1.4,0.93,,,3
Idukki,Idukki_district_centroid_proxy_Painavu,UEI-IMD-FL-2005-0082,2005-07-19T00:00:00,positive,Yellow,646.0,30.507,48.8,5.5622,13.625,239.3,4.0,1.7874,,,,,,,0.4,,0.97,,,1
Idukki,Idukki_district_centroid_proxy_Painavu,UEI-IMD-FL-2005-0082,2005-07-20T00:00:00,positive,Yellow,646.0,30.507,48.8,5.5622,13.625,239.3,4.0,1.7874,,0.5,1.5,3.2,15.8,15.8,3.3331,0.5,0.96,,,1
Idukki,Idukki_district_centroid_proxy_Painavu,UEI-IMD-FL-2005-0082,2005-07-21T00:00:00,positive,Orange,646.0,30.507,48.8,5.5622,13.625,239.3,4.0,1.7874,,0.3,0.8,2.1,18.4,34.2,3.641,0.3,0.96,,,2
Idukki,Idukki_district_centroid_proxy_Painavu,UEI-IMD-FL-2005-0082,2005-07-21T12:00:00,positive,Orange,646.0,30.507,48.8,5.5622,13.625,239.3,4.0,1.7874,,0.2,0.5,0.5,10.2,35.4,1.0049,0.2,0.96,,,2
Idukki,Idukki_district_centroid_proxy_Painavu,UEI-IMD-FL-2005-0082,2005-07-21T18:00:00,positive,Red,646.0,30.507,48.8,5.5622,13.625,239.3,4.0,1.7874,,0.0,0.0,0.0,3.3,35.4,0.379,0.0,0.96,,,3
Idukki,Idukki_district_centroid_proxy_Painavu,UEI-IMD-FL-2005-0082,2005-07-22T00:00:00,positive,Red,646.0,30.507,48.8,5.5622,13.625,239.3,4.0,1.7874,,0.0,0.0,0.0,1.2,35.4,0.1429,0.0,0.96,,,3
Idukki,Idukki_district_centroid_proxy_Painavu,UEI-IMD-FL-2007-0082,2007-06-19T00:00:00,positive,Yellow,646.0,30.507,48.8,5.5622,13.625,239.3,4.0,1.7874,,,,,,,0.2,,0.81,,,1
Idukki,Idukki_district_centroid_proxy_Painavu,UEI-IMD-FL-2007-0082,2007-06-20T00:00:00,positive,Yellow,646.0,30.507,48.8,5.5622,13.625,239.3,4.0,1.7874,,1.3,3.0,6.2,13.7,13.7,6.2304,1.3,0.82,,,1
Idukki,Idukki_district_centroid_proxy_Painavu,UEI-IMD-FL-2007-0082,2007-06-21T00:00:00,positive,Orange,646.0,30.507,48.8,5.5622,13.625,239.3,4.0,1.7874,,1.1,4.1,5.2,34.2,47.9,7.4583,1.1,0.84,,,2
Idukki,Idukki_district_centroid_proxy_Painavu,UEI-IMD-FL-2007-0082,2007-06-21T12:00:00,positive,Orange,646.0,30.507,48.8,5.5622,13.625,239.3,4.0,1.7874,,4.6,11.5,20.7,42.9,79.9,19.6519,4.6,0.85,,,2
Idukki,Idukki_district_centroid_proxy_Painavu,UEI-IMD-FL-2007-0082,2007-06-21T18:00:00,positive,Red,646.0,30.507,48.8,5.5622,13.625,239.3,4.0,1.7874,,3.8,10.0,18.1,55.3,98.0,20.3255,3.8,0.86,,,3
Idukki,Idukki_district_centroid_proxy_Painavu,UEI-IMD-FL-2007-0082,2007-06-22T00:00:00,positive,Red,646.0,30.507,48.8,5.5622,13.625,239.3,4.0,1.7874,,6.4,16.3,30.2,80.3,128.2,29.8574,6.4,0.86,,,3
Idukki,Idukki_district_centroid_proxy_Painavu,UEI-IMD-FL-2007-0084,2007-06-28T00:00:00,positive,Yellow,646.0,30.507,48.8,5.5622,13.625,239.3,4.0,1.7874,,,,,,,0.6,,0.89,,,1
Idukki,Idukki_district_centroid_proxy_Painavu,UEI-IMD-FL-2007-0084,2007-06-29T00:00:00,positive,Yellow,646.0,30.507,48.8,5.5622,13.625,239.3,4.0,1.7874,,0.6,1.8,3.3,16.3,16.3,3.8511,0.6,0.89,,,1
Idukki,Idukki_district_centroid_proxy_Painavu,UEI-IMD-FL-2007-0084,2007-06-30T00:00:00,positive,Orange,646.0,30.507,48.8,5.5622,13.625,239.3,4.0,1.7874,,1.5,6.9,10.1,28.4,44.7,10.4563,1.5,0.89,,,2
Idukki,Idukki_district_centroid_proxy_Painavu,UEI-IMD-FL-2007-0084,2007-06-30T12:00:00,positive,Orange,646.0,30.507,48.8,5.5622,13.625,239.3,4.0,1.7874,,1.3,4.5,13.0,43.4,71.9,12.0252,1.3,0.9,,,2
Idukki,Idukki_district_centroid_proxy_Painavu,UEI-IMD-FL-2007-0084,2007-06-30T18:00:00,positive,Red,646.0,30.507,48.8,5.5622,13.625,239.3,4.0,1.7874,,0.8,2.3,6.6,43.9,78.5,8.9906,0.8,0.9,,,3
Idukki,Idukki_district_centroid_proxy_Painavu,UEI-IMD-FL-2007-0084,2007-07-01T00:00:00,positive,Red,646.0,30.507,48.8,5.5622,13.625,239.3,4.0,1.7874,,1.3,4.0,8.1,41.9,86.6,8.6356,1.3,0.9,,,3
Idukki,Idukki_district_centroid_proxy_Painavu,UEI-IMD-FL-2007-0085,2007-06-29T00:00:00,positive,Yellow,646.0,30.507,48.8,5.5622,13.625,239.3,4.0,1.7874,,,,,,,0.6,,0.89,,,1
Idukki,Idukki_district_centroid_proxy_Painavu,UEI-IMD-FL-2007-0085,2007-06-30T00:00:00,positive,Yellow,646.0,30.507,48.8,5.5622,13.625,239.3,4.0,1.7874,,1.5,6.9,10.1,28.4,28.4,10.3905,1.5,0.89,,,1
Idukki,Idukki_district_centroid_proxy_Painavu,UEI-IMD-FL-2007-0085,2007-07-01T00:00:00,positive,Orange,646.0,30.507,48.8,5.5622,13.625,239.3,4.0,1.7874,,1.3,4.0,8.1,41.9,70.3,8.6342,1.3,0.9,,,2
Idukki,Idukki_district_centroid_proxy_Painavu,UEI-IMD-FL-2007-0085,2007-07-01T12:00:00,positive,Orange,646.0,30.507,48.8,5.5622,13.625,239.3,4.0,1.7874,,0.9,6.4,12.8,33.8,89.4,10.8761,0.9,0.9,,,2
Idukki,Idukki_district_centroid_proxy_Painavu,UEI-IMD-FL-2007-0085,2007-07-01T18:00:00,positive,Red,646.0,30.507,48.8,5.5622,13.625,239.3,4.0,1.7874,,2.0,3.7,6.2,33.4,95.6,10.0638,2.0,0.9,,,3
Idukki,Idukki_district_centroid_proxy_Painavu,UEI-IMD-FL-2007-0085,2007-07-02T00:00:00,positive,Red,646.0,30.507,48.8,5.5622,13.625,239.3,4.0,1.7874,,0.7,2.3,6.5,31.8,102.1,7.635,0.7,0.91,,,3
Idukki,Idukki_district_centroid_proxy_Painavu,UEI-IMD-FL-2007-0087,2007-07-11T00:00:00,positive,Yellow,646.0,30.507,48.8,5.5622,13.625,239.3,4.0,1.7874,,,,,,,0.7,,0.97,,,1
Idukki,Idukki_district_centroid_proxy_Painavu,UEI-IMD-FL-2007-0087,2007-07-12T00:00:00,positive,Yellow,646.0,30.507,48.8,5.5622,13.625,239.3,4.0,1.7874,,0.3,1.0,2.0,16.3,16.3,3.285,0.3,0.97,,,1
Idukki,Idukki_district_centroid_proxy_Painavu,UEI-IMD-FL-2007-0087,2007-07-13T00:00:00,positive,Orange,646.0,30.507,48.8,5.5622,13.625,239.3,4.0,1.7874,,0.7,2.0,3.2,13.1,29.4,3.6649,0.7,0.97,,,2
Idukki,Idukki_district_centroid_proxy_Painavu,UEI-IMD-FL-2007-0087,2007-07-13T12:00:00,positive,Orange,646.0,30.507,48.8,5.5622,13.625,239.3,4.0,1.7874,,0.5,1.8,4.0,13.7,37.7,4.319,0.5,0.97,,,2
Idukki,Idukki_district_centroid_proxy_Painavu,UEI-IMD-FL-2007-0087,2007-07-13T18:00:00,positive,Red,646.0,30.507,48.8,5.5622,13.625,239.3,4.0,1.7874,,0.4,0.7,2.2,13.7,39.9,2.8503,0.4,0.97,,,3
Idukki,Idukki_district_centroid_proxy_Painavu,UEI-IMD-FL-2007-0087,2007-07-14T00:00:00,positive,Red,646.0,30.507,48.8,5.5622,13.625,239.3,4.0,1.7874,,0.6,2.0,3.8,14.3,43.7,3.735,0.6,0.97,,,3
Idukki,Idukki_district_centroid_proxy_Painavu,UEI-IMD-FL-2008-0066,2008-07-25T00:00:00,positive,Yellow,646.0,30.507,48.8,5.5622,13.625,239.3,4.0,1.7874,,,,,,,2.1,,0.86,,,1
Idukki,Idukki_district_centroid_proxy_Painavu,UEI-IMD-FL-2008-0066,2008-07-26T00:00:00,positive,Yellow,646.0,30.507,48.8,5.5622,13.625,239.3,4.0,1.7874,,0.0,0.0,0.3,26.8,26.8,2.6452,0.0,0.87,,,1
Idukki,Idukki_district_centroid_proxy_Painavu,UEI-IMD-FL-2008-0066,2008-07-27T00:00:00,positive,Orange,646.0,30.507,48.8,5.5622,13.625,239.3,4.0,1.7874,,0.7,1.8,4.3,18.3,45.1,4.9763,0.7,0.87,,,2
Idukki,Idukki_district_centroid_proxy_Painavu,UEI-IMD-FL-2008-0066,2008-07-27T12:00:00,positive,Orange,646.0,30.507,48.8,5.5622,13.625,239.3,4.0,1.7874,,2.7,7.6,16.3,37.2,74.2,15.7402,2.7,0.88,,,2
Idukki,Idukki_district_centroid_proxy_Painavu,UEI-IMD-FL-2008-0066,2008-07-27T18:00:00,positive,Red,646.0,30.507,48.8,5.5622,13.625,239.3,4.0,1.7874,,2.7,8.1,14.8,48.2,89.0,14.9112,2.7,0.88,,,3
Idukki,Idukki_district_centroid_proxy_Painavu,UEI-IMD-FL-2008-0066,2008-07-28T00:00:00,positive,Red,646.0,30.507,48.8,5.5622,13.625,239.3,4.0,1.7874,,1.6,3.7,6.5,50.4,95.5,10.1114,1.6,0.89,,,3
Idukki,Idukki_district_centroid_proxy_Painavu,UEI-IMD-FL-2008-0070,2008-09-04T00:00:00,positive,Yellow,646.0,30.507,48.8,5.5622,13.625,239.3,4.0,1.7874,,,,,,,0.0,,0.96,,,1
Idukki,Idukki_district_centroid_proxy_Painavu,UEI-IMD-FL-2008-0070,2008-09-05T00:00:00,positive,Yellow,646.0,30.507,48.8,5.5622,13.625,239.3,4.0,1.7874,,0.0,0.0,0.0,6.8,6.8,0.7501,0.0,0.96,,,1
Idukki,Idukki_district_centroid_proxy_Painavu,UEI-IMD-FL-2008-0070,2008-09-06T00:00:00,positive,Orange,646.0,30.507,48.8,5.5622,13.625,239.3,4.0,1.7874,,0.0,0.0,0.0,5.0,11.8,0.4389,0.0,0.96,,,2
Idukki,Idukki_district_centroid_proxy_Painavu,UEI-IMD-FL-2008-0070,2008-09-06T12:00:00,positive,Orange,646.0,30.507,48.8,5.5622,13.625,239.3,4.0,1.7874,,1.3,7.1,8.0,8.4,20.0,6.1858,1.3,0.96,,,2
Idukki,Idukki_district_centroid_proxy_Painavu,UEI-IMD-FL-2008-0070,2008-09-06T18:00:00,positive,Red,646.0,30.507,48.8,5.5622,13.625,239.3,4.0,1.7874,,0.0,0.0,0.6,8.8,20.6,3.1217,0.0,0.97,,,3
Idukki,Idukki_district_centroid_proxy_Painavu,UEI-IMD-FL-2008-0070,2008-09-07T00:00:00,positive,Red,646.0,30.507,48.8,5.5622,13.625,239.3,4.0,1.7874,,1.3,9.8,12.9,21.7,33.5,9.7472,1.3,0.98,,,3
Idukki,Idukki_district_centroid_proxy_Painavu,UEI-IMD-FL-2009-0037,2009-07-12T00:00:00,positive,Yellow,646.0,30.507,48.8,5.5622,13.625,239.3,4.0,1.7874,,,,,,,0.0,,0.95,,,1
Idukki,Idukki_district_centroid_proxy_Painavu,UEI-IMD-FL-2009-0037,2009-07-13T00:00:00,positive,Yellow,646.0,30.507,48.8,5.5622,13.625,239.3,4.0,1.7874,,0.7,1.8,2.6,5.5,5.5,2.6049,0.7,0.95,,,1
Idukki,Idukki_district_centroid_proxy_Painavu,UEI-IMD-FL-2009-0037,2009-07-14T00:00:00,positive,Orange,646.0,30.507,48.8,5.5622,13.625,239.3,4.0,1.7874,,0.8,2.7,5.6,17.1,22.6,5.5655,0.8,0.95,,,2
Idukki,Idukki_district_centroid_proxy_Painavu,UEI-IMD-FL-2009-0037,2009-07-14T12:00:00,positive,Orange,646.0,30.507,48.8,5.5622,13.625,239.3,4.0,1.7874,,0.6,2.0,5.3,23.1,35.0,5.6836,0.6,0.95,,,2
Idukki,Idukki_district_centroid_proxy_Painavu,UEI-IMD-FL-2009-0037,2009-07-14T18:00:00,positive,Red,646.0,30.507,48.8,5.5622,13.625,239.3,4.0,1.7874,,1.1,2.8,4.5,22.5,39.5,5.6517,1.1,0.95,,,3
Idukki,Idukki_district_centroid_proxy_Painavu,UEI-IMD-FL-2009-0037,2009-07-15T00:00:00,positive,Red,646.0,30.507,48.8,5.5622,13.625,239.3,4.0,1.7874,,1.9,6.3,9.2,26.1,48.7,9.2159,1.9,0.95,,,3
Idukki,Idukki_district_centroid_proxy_Painavu,UEI-IMD-FL-2009-0041,2009-11-04T00:00:00,positive,Yellow,646.0,30.507,48.8,5.5622,13.625,239.3,4.0,1.7874,,,,,,,0.0,,0.8,,,1
Idukki,Idukki_district_centroid_proxy_Painavu,UEI-IMD-FL-2009-0041,2009-11-05T00:00:00,positive,Yellow,646.0,30.507,48.8,5.5622,13.625,239.3,4.0,1.7874,,0.0,0.2,0.9,18.9,18.9,2.9618,0.0,0.81,,,1
Idukki,Idukki_district_centroid_proxy_Painavu,UEI-IMD-FL-2009-0041,2009-11-06T00:00:00,positive,Orange,646.0,30.507,48.8,5.5622,13.625,239.3,4.0,1.7874,,3.2,7.5,9.9,20.8,39.7,13.5513,3.2,0.82,,,2
Idukki,Idukki_district_centroid_proxy_Painavu,UEI-IMD-FL-2009-0041,2009-11-06T12:00:00,positive,Orange,646.0,30.507,48.8,5.5622,13.625,239.3,4.0,1.7874,,0.8,4.9,8.4,38.5,63.8,9.8644,0.8,0.82,,,2
Idukki,Idukki_district_centroid_proxy_Painavu,UEI-IMD-FL-2009-0041,2009-11-06T18:00:00,positive,Red,646.0,30.507,48.8,5.5622,13.625,239.3,4.0,1.7874,,1.3,4.0,8.3,42.3,72.1,10.0823,1.3,0.82,,,3
Idukki,Idukki_district_centroid_proxy_Painavu,UEI-IMD-FL-2009-0041,2009-11-07T00:00:00,positive,Red,646.0,30.507,48.8,5.5622,13.625,239.3,4.0,1.7874,,1.1,2.8,6.2,38.6,78.3,8.5374,1.1,0.82,,,3
Idukki,Idukki_district_centroid_proxy_Painavu,UEI-IMD-FL-2010-0067,2010-06-08T00:00:00,positive,Yellow,646.0,30.507,48.8,5.5622,13.625,239.3,4.0,1.7874,,,,,,,0.0,,0.76,,,1
Idukki,Idukki_district_centroid_proxy_Painavu,UEI-IMD-FL-2010-0067,2010-06-09T00:00:00,positive,Yellow,646.0,30.507,48.8,5.5622,13.625,239.3,4.0,1.7874,,1.3,4.9,7.0,19.4,19.4,7.2249,1.3,0.76,,,1
Idukki,Idukki_district_centroid_proxy_Painavu,UEI-IMD-FL-2010-0067,2010-06-10T00:00:00,positive,Orange,646.0,30.507,48.8,5.5622,13.625,239.3,4.0,1.7874,,0.6,3.1,5.5,23.4,42.8,5.2129,0.6,0.76,,,2
Idukki,Idukki_district_centroid_proxy_Painavu,UEI-IMD-FL-2010-0067,2010-06-10T12:00:00,positive,Orange,646.0,30.507,48.8,5.5622,13.625,239.3,4.0,1.7874,,0.5,1.4,3.9,14.3,48.8,3.9716,0.5,0.77,,,2
Idukki,Idukki_district_centroid_proxy_Painavu,UEI-IMD-FL-2010-0067,2010-06-10T18:00:00,positive,Red,646.0,30.507,48.8,5.5622,13.625,239.3,4.0,1.7874,,2.9,6.1,9.4,20.9,58.2,11.7846,2.9,0.77,,,3
Idukki,Idukki_district_centroid_proxy_Painavu,UEI-IMD-FL-2010-0067,2010-06-11T00:00:00,positive,Red,646.0,30.507,48.8,5.5622,13.625,239.3,4.0,1.7874,,2.5,5.6,13.3,28.7,71.5,13.0351,2.5,0.78,,,3
Idukki,Idukki_district_centroid_proxy_Painavu,UEI-IMD-FL-2011-0044,2011-05-29T00:00:00,positive,Yellow,646.0,30.507,48.8,5.5622,13.625,239.3,4.0,1.7874,,,,,,,3.0,,0.65,,,1
Idukki,Idukki_district_centroid_proxy_Painavu,UEI-IMD-FL-2011-0044,2011-05-30T00:00:00,positive,Yellow,646.0,30.507,48.8,5.5622,13.625,239.3,4.0,1.7874,,0.0,0.4,0.8,30.9,30.9,2.5147,0.0,0.67,,,1
Idukki,Idukki_district_centroid_proxy_Painavu,UEI-IMD-FL-2011-0044,2011-05-31T00:00:00,positive,Orange,646.0,30.507,48.8,5.5622,13.625,239.3,4.0,1.7874,,0.2,0.7,1.7,13.5,44.4,2.5298,0.2,0.7,,,2
Idukki,Idukki_district_centroid_proxy_Painavu,UEI-IMD-FL-2011-0044,2011-05-31T12:00:00,positive,Orange,646.0,30.507,48.8,5.5622,13.625,239.3,4.0,1.7874,,0.9,4.0,5.5,10.9,52.5,5.4607,0.9,0.71,,,2
Idukki,Idukki_district_centroid_proxy_Painavu,UEI-IMD-FL-2011-0044,2011-05-31T18:00:00,positive,Red,646.0,30.507,48.8,5.5622,13.625,239.3,4.0,1.7874,,0.8,2.7,6.3,16.1,58.8,6.0119,0.8,0.73,,,3
Idukki,Idukki_district_centroid_proxy_Painavu,UEI-IMD-FL-2011-0044,2011-06-01T00:00:00,positive,Red,646.0,30.507,48.8,5.5622,13.625,239.3,4.0,1.7874,,1.2,3.8,7.0,21.4,65.8,7.376,1.2,0.74,,,3
Idukki,Idukki_district_centroid_proxy_Painavu,UEI-IMD-FL-2011-0045,2011-06-02T00:00:00,positive,Yellow,646.0,30.507,48.8,5.5622,13.625,239.3,4.0,1.7874,,,,,,,5.6,,0.8,,,1
Idukki,Idukki_district_centroid_proxy_Painavu,UEI-IMD-FL-2011-0045,2011-06-03T00:00:00,positive,Yellow,646.0,30.507,48.8,5.5622,13.625,239.3,4.0,1.7874,,1.1,3.9,9.6,55.5,55.5,9.7733,1.1,0.83,,,1
Idukki,Idukki_district_centroid_proxy_Painavu,UEI-IMD-FL-2011-0045,2011-06-04T00:00:00,positive,Orange,646.0,30.507,48.8,5.5622,13.625,239.3,4.0,1.7874,,0.4,1.7,4.2,27.1,82.6,4.963,0.4,0.84,,,2
Idukki,Idukki_district_centroid_proxy_Painavu,UEI-IMD-FL-2011-0045,2011-06-04T12:00:00,positive,Orange,646.0,30.507,48.8,5.5622,13.625,239.3,4.0,1.7874,,0.2,1.4,2.7,13.5,86.9,3.1014,0.2,0.84,,,2
Idukki,Idukki_district_centroid_proxy_Painavu,UEI-IMD-FL-2011-0045,2011-06-04T18:00:00,positive,Red,646.0,30.507,48.8,5.5622,13.625,239.3,4.0,1.7874,,0.6,1.2,2.2,10.7,89.1,2.7182,0.6,0.84,,,3
Idukki,Idukki_district_centroid_proxy_Painavu,UEI-IMD-FL-2011-0045,2011-06-05T00:00:00,positive,Red,646.0,30.507,48.8,5.5622,13.625,239.3,4.0,1.7874,,0.5,1.7,3.2,9.7,92.3,3.1764,0.5,0.84,,,3
Idukki,Idukki_district_centroid_proxy_Painavu,UEI-IMD-FL-2011-0049,2011-08-03T00:00:00,positive,Yellow,646.0,30.507,48.8,5.5622,13.625,239.3,4.0,1.7874,,,,,,,0.4,,0.87,,,1
Idukki,Idukki_district_centroid_proxy_Painavu,UEI-IMD-FL-2011-0049,2011-08-04T00:00:00,positive,Yellow,646.0,30.507,48.8,5.5622,13.625,239.3,4.0,1.7874,,0.5,1.6,3.9,18.7,18.7,4.546,0.5,0.87,,,1
Idukki,Idukki_district_centroid_proxy_Painavu,UEI-IMD-FL-2011-0049,2011-08-05T00:00:00,positive,Orange,646.0,30.507,48.8,5.5622,13.625,239.3,4.0,1.7874,,0.3,0.3,0.3,16.8,35.5,2.4406,0.3,0.87,,,2
Idukki,Idukki_district_centroid_proxy_Painavu,UEI-IMD-FL-2011-0049,2011-08-05T12:00:00,positive,Orange,646.0,30.507,48.8,5.5622,13.625,239.3,4.0,1.7874,,0.9,3.4,12.6,22.9,52.3,9.0471,0.9,0.88,,,2
Idukki,Idukki_district_centroid_proxy_Painavu,UEI-IMD-FL-2011-0049,2011-08-05T18:00:00,positive,Red,646.0,30.507,48.8,5.5622,13.625,239.3,4.0,1.7874,,1.5,4.6,7.1,24.2,59.4,9.0925,1.5,0.89,,,3
Idukki,Idukki_district_centroid_proxy_Painavu,UEI-IMD-FL-2011-0049,2011-08-06T00:00:00,positive,Red,646.0,30.507,48.8,5.5622,13.625,239.3,4.0,1.7874,,0.6,3.0,8.0,31.9,67.4,7.3867,0.6,0.9,,,3
Idukki,Idukki_district_centroid_proxy_Painavu,UEI-IMD-FL-2011-0052,2011-10-11T00:00:00,positive,Yellow,646.0,30.507,48.8,5.5622,13.625,239.3,4.0,1.7874,,,,,,,0.0,,0.84,,,1
Idukki,Idukki_district_centroid_proxy_Painavu,UEI-IMD-FL-2011-0052,2011-10-12T00:00:00,positive,Yellow,646.0,30.507,48.8,5.5622,13.625,239.3,4.0,1.7874,,0.0,0.0,0.2,10.0,10.0,1.0303,0.0,0.84,,,1
Idukki,Idukki_district_centroid_proxy_Painavu,UEI-IMD-FL-2011-0052,2011-10-13T00:00:00,positive,Orange,646.0,30.507,48.8,5.5622,13.625,239.3,4.0,1.7874,,0.0,0.0,0.0,6.0,16.0,0.5124,0.0,0.85,,,2
Idukki,Idukki_district_centroid_proxy_Painavu,UEI-IMD-FL-2011-0052,2011-10-13T12:00:00,positive,Orange,646.0,30.507,48.8,5.5622,13.625,239.3,4.0,1.7874,,0.1,6.3,6.5,6.8,22.6,4.8076,0.1,0.85,,,2
Idukki,Idukki_district_centroid_proxy_Painavu,UEI-IMD-FL-2011-0052,2011-10-13T18:00:00,positive,Red,646.0,30.507,48.8,5.5622,13.625,239.3,4.0,1.7874,,0.0,0.0,0.2,6.8,22.8,1.8132,0.0,0.85,,,3
Idukki,Idukki_district_centroid_proxy_Painavu,UEI-IMD-FL-2011-0052,2011-10-14T00:00:00,positive,Red,646.0,30.507,48.8,5.5622,13.625,239.3,4.0,1.7874,,0.5,1.6,1.8,8.6,24.6,2.243,0.5,0.86,,,3
Idukki,Idukki_district_centroid_proxy_Painavu,UEI-IMD-FL-2012-0054,2012-11-14T00:00:00,positive,Yellow,646.0,30.507,48.8,5.5622,13.625,239.3,4.0,1.7874,,,,,,,0.0,,0.83,,,1
Idukki,Idukki_district_centroid_proxy_Painavu,UEI-IMD-FL-2012-0054,2012-11-15T00:00:00,positive,Yellow,646.0,30.507,48.8,5.5622,13.625,239.3,4.0,1.7874,,0.0,0.0,0.0,0.1,0.1,0.0142,0.0,0.82,,,1
Idukki,Idukki_district_centroid_proxy_Painavu,UEI-IMD-FL-2012-0054,2012-11-16T00:00:00,positive,Orange,646.0,30.507,48.8,5.5622,13.625,239.3,4.0,1.7874,,0.0,0.0,0.0,4.1,4.2,0.4,0.0,0.82,,,2
Idukki,Idukki_district_centroid_proxy_Painavu,UEI-IMD-FL-2012-0054,2012-11-16T12:00:00,positive,Orange,646.0,30.507,48.8,5.5622,13.625,239.3,4.0,1.7874,,0.2,0.3,0.4,1.2,4.7,0.6641,0.2,0.81,,,2
Idukki,Idukki_district_centroid_proxy_Painavu,UEI-IMD-FL-2012-0054,2012-11-16T18:00:00,positive,Red,646.0,30.507,48.8,5.5622,13.625,239.3,4.0,1.7874,,0.0,0.0,0.8,1.3,5.5,0.4723,0.0,0.81,,,3
Idukki,Idukki_district_centroid_proxy_Painavu,UEI-IMD-FL-2012-0054,2012-11-17T00:00:00,positive,Red,646.0,30.507,48.8,5.5622,13.625,239.3,4.0,1.7874,,0.0,0.0,0.0,1.3,5.5,0.1781,0.0,0.81,,,3
Idukki,Idukki_district_centroid_proxy_Painavu,UEI-IMD-FL-2013-0074,2013-06-22T00:00:00,positive,Yellow,646.0,30.507,48.8,5.5622,13.625,239.3,4.0,1.7874,,,,,,,4.4,,0.94,,,1
Idukki,Idukki_district_centroid_proxy_Painavu,UEI-IMD-FL-2013-0074,2013-06-23T00:00:00,positive,Yellow,646.0,30.507,48.8,5.5622,13.625,239.3,4.0,1.7874,,2.5,7.8,15.7,79.1,79.1,18.2437,2.5,0.95,,,1
Idukki,Idukki_district_centroid_proxy_Painavu,UEI-IMD-FL-2013-0074,2013-06-24T00:00:00,positive,Orange,646.0,30.507,48.8,5.5622,13.625,239.3,4.0,1.7874,,1.4,3.9,8.0,37.1,116.2,9.4729,1.4,0.96,,,2
Idukki,Idukki_district_centroid_proxy_Painavu,UEI-IMD-FL-2013-0074,2013-06-24T12:00:00,positive,Orange,646.0,30.507,48.8,5.5622,13.625,239.3,4.0,1.7874,,1.7,4.8,9.5,31.4,132.5,9.8497,1.7,0.96,,,2
Idukki,Idukki_district_centroid_proxy_Painavu,UEI-IMD-FL-2013-0074,2013-06-24T18:00:00,positive,Red,646.0,30.507,48.8,5.5622,13.625,239.3,4.0,1.7874,,0.6,2.0,5.3,29.6,137.8,6.6852,0.6,0.96,,,3
Idukki,Idukki_district_centroid_proxy_Painavu,UEI-IMD-FL-2013-0074,2013-06-25T00:00:00,positive,Red,646.0,30.507,48.8,5.5622,13.625,239.3,4.0,1.7874,,1.1,4.7,7.8,29.4,145.6,7.8994,1.1,0.96,,,3
Idukki,Idukki_district_centroid_proxy_Painavu,UEI-IMD-FL-2013-0077,2013-07-02T00:00:00,positive,Yellow,646.0,30.507,48.8,5.5622,13.625,239.3,4.0,1.7874,,,,,,,0.3,,0.96,,,1
Idukki,Idukki_district_centroid_proxy_Painavu,UEI-IMD-FL-2013-0077,2013-07-03T00:00:00,positive,Yellow,646.0,30.507,48.8,5.5622,13.625,239.3,4.0,1.7874,,1.0,3.2,6.1,20.7,20.7,6.2338,1.0,0.97,,,1
Idukki,Idukki_district_centroid_proxy_Painavu,UEI-IMD-FL-2013-0077,2013-07-04T00:00:00,positive,Orange,646.0,30.507,48.8,5.5622,13.625,239.3,4.0,1.7874,,0.6,4.8,8.7,25.0,45.7,7.7227,0.6,0.96,,,2
Idukki,Idukki_district_centroid_proxy_Painavu,UEI-IMD-FL-2013-0077,2013-07-04T12:00:00,positive,Orange,646.0,30.507,48.8,5.5622,13.625,239.3,4.0,1.7874,,0.8,3.1,6.2,24.2,55.0,7.0679,0.8,0.96,,,2
Idukki,Idukki_district_centroid_proxy_Painavu,UEI-IMD-FL-2013-0077,2013-07-04T18:00:00,positive,Red,646.0,30.507,48.8,5.5622,13.625,239.3,4.0,1.7874,,0.0,0.6,3.4,21.4,58.4,3.6539,0.0,0.96,,,3
Idukki,Idukki_district_centroid_proxy_Painavu,UEI-IMD-FL-2013-0077,2013-07-05T00:00:00,positive,Red,646.0,30.507,48.8,5.5622,13.625,239.3,4.0,1.7874,,0.0,0.8,1.5,14.2,59.9,2.4546,0.0,0.96,,,3
Idukki,Idukki_district_centroid_proxy_Painavu,UEI-IMD-FL-2013-0085,2013-08-01T00:00:00,positive,Yellow,646.0,30.507,48.8,5.5622,13.625,239.3,4.0,1.7874,,,,,,,0.7,,0.96,,,1
Idukki,Idukki_district_centroid_proxy_Painavu,UEI-IMD-FL-2013-0085,2013-08-02T00:00:00,positive,Yellow,646.0,30.507,48.8,5.5622,13.625,239.3,4.0,1.7874,,0.7,2.2,5.4,23.1,23.1,6.0679,0.7,0.96,,,1
Idukki,Idukki_district_centroid_proxy_Painavu,UEI-IMD-FL-2013-0085,2013-08-03T00:00:00,positive,Orange,646.0,30.507,48.8,5.5622,13.625,239.3,4.0,1.7874,,0.2,0.7,1.7,16.5,39.6,2.4218,0.2,0.96,,,2
Idukki,Idukki_district_centroid_proxy_Painavu,UEI-IMD-FL-2013-0085,2013-08-03T12:00:00,positive,Orange,646.0,30.507,48.8,5.5622,13.625,239.3,4.0,1.7874,,0.4,1.8,3.3,9.0,44.1,3.5166,0.4,0.96,,,2
Idukki,Idukki_district_centroid_proxy_Painavu,UEI-IMD-FL-2013-0085,2013-08-03T18:00:00,positive,Red,646.0,30.507,48.8,5.5622,13.625,239.3,4.0,1.7874,,0.1,0.5,2.1,8.3,46.2,2.1713,0.1,0.96,,,3
Idukki,Idukki_district_centroid_proxy_Painavu,UEI-IMD-FL-2013-0085,2013-08-04T00:00:00,positive,Red,646.0,30.507,48.8,5.5622,13.625,239.3,4.0,1.7874,,3.7,8.9,20.2,26.8,66.4,14.7244,3.7,0.97,,,3
Idukki,Idukki_district_centroid_proxy_Painavu,UEI-IMD-FL-2013-0087,2013-08-29T00:00:00,positive,Yellow,646.0,30.507,48.8,5.5622,13.625,239.3,4.0,1.7874,,,,,,,0.0,,0.93,,,1
Idukki,Idukki_district_centroid_proxy_Painavu,UEI-IMD-FL-2013-0087,2013-08-30T00:00:00,positive,Yellow,646.0,30.507,48.8,5.5622,13.625,239.3,4.0,1.7874,,0.0,0.0,0.0,6.5,6.5,0.6426,0.0,0.93,,,1
Idukki,Idukki_district_centroid_proxy_Painavu,UEI-IMD-FL-2013-0087,2013-08-31T00:00:00,positive,Orange,646.0,30.507,48.8,5.5622,13.625,239.3,4.0,1.7874,,0.0,0.0,2.0,8.2,14.7,1.6469,0.0,0.93,,,2
Idukki,Idukki_district_centroid_proxy_Painavu,UEI-IMD-FL-2013-0087,2013-08-31T12:00:00,positive,Orange,646.0,30.507,48.8,5.5622,13.625,239.3,4.0,1.7874,,0.6,7.2,8.4,11.3,23.1,5.9584,0.6,0.92,,,2
Idukki,Idukki_district_centroid_proxy_Painavu,UEI-IMD-FL-2013-0087,2013-08-31T18:00:00,positive,Red,646.0,30.507,48.8,5.5622,13.625,239.3,4.0,1.7874,,0.0,0.0,0.0,10.4,23.1,2.2472,0.0,0.92,,,3
Idukki,Idukki_district_centroid_proxy_Painavu,UEI-IMD-FL-2013-0087,2013-09-01T00:00:00,positive,Red,646.0,30.507,48.8,5.5622,13.625,239.3,4.0,1.7874,,0.1,0.3,0.3,8.7,23.4,1.077,0.1,0.92,,,3
Idukki,Idukki_district_centroid_proxy_Painavu,UEI-IMD-FL-2014-0048,2014-06-18T00:00:00,positive,Yellow,646.0,30.507,48.8,5.5622,13.625,239.3,4.0,1.7874,,,,,,,0.8,,0.77,,,1
Idukki,Idukki_district_centroid_proxy_Painavu,UEI-IMD-FL-2014-0048,2014-06-19T00:00:00,positive,Yellow,646.0,30.507,48.8,5.5622,13.625,239.3,4.0,1.7874,,0.5,1.6,3.5,16.0,16.0,3.6011,0.5,0.77,,,1
Idukki,Idukki_district_centroid_proxy_Painavu,UEI-IMD-FL-2014-0048,2014-06-20T00:00:00,positive,Orange,646.0,30.507,48.8,5.5622,13.625,239.3,4.0,1.7874,,0.7,1.8,3.8,22.7,38.7,4.8197,0.7,0.77,,,2
Idukki,Idukki_district_centroid_proxy_Painavu,UEI-IMD-FL-2014-0048,2014-06-20T12:00:00,positive,Orange,646.0,30.507,48.8,5.5622,13.625,239.3,4.0,1.7874,,1.1,4.3,10.6,24.9,54.9,8.5594,1.1,0.77,,,2
Idukki,Idukki_district_centroid_proxy_Painavu,UEI-IMD-FL-2014-0048,2014-06-20T18:00:00,positive,Red,646.0,30.507,48.8,5.5622,13.625,239.3,4.0,1.7874,,0.3,1.3,3.8,23.8,58.7,5.505,0.3,0.77,,,3
Idukki,Idukki_district_centroid_proxy_Painavu,UEI-IMD-FL-2014-0048,2014-06-21T00:00:00,positive,Red,646.0,30.507,48.8,5.5622,13.625,239.3,4.0,1.7874,,0.6,2.1,4.0,24.0,62.7,4.6749,0.6,0.77,,,3
Idukki,Idukki_district_centroid_proxy_Painavu,UEI-IMD-FL-2015-0047,2015-04-03T00:00:00,positive,Yellow,646.0,30.507,48.8,5.5622,13.625,239.3,4.0,1.7874,,,,,,,0.0,,0.51,,,1
Idukki,Idukki_district_centroid_proxy_Painavu,UEI-IMD-FL-2015-0047,2015-04-04T00:00:00,positive,Yellow,646.0,30.507,48.8,5.5622,13.625,239.3,4.0,1.7874,,0.0,0.0,0.9,7.0,7.0,1.1396,0.0,0.51,,,1
Idukki,Idukki_district_centroid_proxy_Painavu,UEI-IMD-FL-2015-0047,2015-04-05T00:00:00,positive,Orange,646.0,30.507,48.8,5.5622,13.625,239.3,4.0,1.7874,,0.0,0.0,0.0,3.0,10.0,0.3394,0.0,0.51,,,2
Idukki,Idukki_district_centroid_proxy_Painavu,UEI-IMD-FL-2015-0047,2015-04-05T12:00:00,positive,Orange,646.0,30.507,48.8,5.5622,13.625,239.3,4.0,1.7874,,0.0,0.0,0.4,0.7,10.4,0.2258,0.0,0.51,,,2
Idukki,Idukki_district_centroid_proxy_Painavu,UEI-IMD-FL-2015-0047,2015-04-05T18:00:00,positive,Red,646.0,30.507,48.8,5.5622,13.625,239.3,4.0,1.7874,,0.2,0.5,0.8,1.2,11.2,1.4833,0.2,0.51,,,3
Idukki,Idukki_district_centroid_proxy_Painavu,UEI-IMD-FL-2015-0047,2015-04-06T00:00:00,positive,Red,646.0,30.507,48.8,5.5622,13.625,239.3,4.0,1.7874,,0.1,0.5,1.8,3.0,13.0,1.1079,0.1,0.51,,,3
Idukki,Idukki_district_centroid_proxy_Painavu,UEI-IMD-FL-2015-0048,2015-04-08T00:00:00,positive,Yellow,646.0,30.507,48.8,5.5622,13.625,239.3,4.0,1.7874,,,,,,,1.8,,0.51,,,1
Idukki,Idukki_district_centroid_proxy_Painavu,UEI-IMD-FL-2015-0048,2015-04-09T00:00:00,positive,Yellow,646.0,30.507,48.8,5.5622,13.625,239.3,4.0,1.7874,,0.0,0.0,0.0,26.9,26.9,1.7948,0.0,0.52,,,1
Idukki,Idukki_district_centroid_proxy_Painavu,UEI-IMD-FL-2015-0048,2015-04-10T00:00:00,positive,Orange,646.0,30.507,48.8,5.5622,13.625,239.3,4.0,1.7874,,0.0,0.0,1.1,8.3,35.2,1.2895,0.0,0.52,,,2
Idukki,Idukki_district_centroid_proxy_Painavu,UEI-IMD-FL-2015-0048,2015-04-10T12:00:00,positive,Orange,646.0,30.507,48.8,5.5622,13.625,239.3,4.0,1.7874,,1.2,6.5,6.8,9.5,42.0,5.3267,1.2,0.53,,,2
Idukki,Idukki_district_centroid_proxy_Painavu,UEI-IMD-FL-2015-0048,2015-04-10T18:00:00,positive,Red,646.0,30.507,48.8,5.5622,13.625,239.3,4.0,1.7874,,0.0,0.1,0.4,8.3,42.4,2.0704,0.0,0.53,,,3
Idukki,Idukki_district_centroid_proxy_Painavu,UEI-IMD-FL-2015-0048,2015-04-11T00:00:00,positive,Red,646.0,30.507,48.8,5.5622,13.625,239.3,4.0,1.7874,,0.0,0.0,0.5,7.7,42.9,1.0027,0.0,0.53,,,3
Idukki,Idukki_district_centroid_proxy_Painavu,UEI-IMD-FL-2015-0051,2015-04-30T00:00:00,positive,Yellow,646.0,30.507,48.8,5.5622,13.625,239.3,4.0,1.7874,,,,,,,0.0,,0.59,,,1
Idukki,Idukki_district_centroid_proxy_Painavu,UEI-IMD-FL-2015-0051,2015-05-01T00:00:00,positive,Yellow,646.0,30.507,48.8,5.5622,13.625,239.3,4.0,1.7874,,0.0,0.0,0.0,4.6,4.6,0.4622,0.0,0.59,,,1
Idukki,Idukki_district_centroid_proxy_Painavu,UEI-IMD-FL-2015-0051,2015-05-02T00:00:00,positive,Orange,646.0,30.507,48.8,5.5622,13.625,239.3,4.0,1.7874,,0.0,0.6,1.0,6.8,11.4,1.4891,0.0,0.59,,,2
Idukki,Idukki_district_centroid_proxy_Painavu,UEI-IMD-FL-2015-0051,2015-05-02T12:00:00,positive,Orange,646.0,30.507,48.8,5.5622,13.625,239.3,4.0,1.7874,,0.9,2.7,2.8,6.2,14.3,2.4753,0.9,0.58,,,2
Idukki,Idukki_district_centroid_proxy_Painavu,UEI-IMD-FL-2015-0051,2015-05-02T18:00:00,positive,Red,646.0,30.507,48.8,5.5622,13.625,239.3,4.0,1.7874,,0.0,0.0,0.4,4.3,14.7,1.0223,0.0,0.58,,,3
Idukki,Idukki_district_centroid_proxy_Painavu,UEI-IMD-FL-2015-0051,2015-05-03T00:00:00,positive,Red,646.0,30.507,48.8,5.5622,13.625,239.3,4.0,1.7874,,0.0,0.0,0.0,3.3,14.7,0.3856,0.0,0.58,,,3
Idukki,Idukki_district_centroid_proxy_Painavu,UEI-IMD-FL-2015-0053,2015-05-07T00:00:00,positive,Yellow,646.0,30.507,48.8,5.5622,13.625,239.3,4.0,1.7874,,,,,,,0.0,,0.58,,,1
Idukki,Idukki_district_centroid_proxy_Painavu,UEI-IMD-FL-2015-0053,2015-05-08T00:00:00,positive,Yellow,646.0,30.507,48.8,5.5622,13.625,239.3,4.0,1.7874,,0.3,0.3,0.3,14.6,14.6,1.7469,0.3,0.6,,,1
Idukki,Idukki_district_centroid_proxy_Painavu,UEI-IMD-FL-2015-0053,2015-05-09T00:00:00,positive,Orange,646.0,30.507,48.8,5.5622,13.625,239.3,4.0,1.7874,,0.2,0.2,0.2,19.8,34.4,2.6716,0.2,0.61,,,2
Idukki,Idukki_district_centroid_proxy_Painavu,UEI-IMD-FL-2015-0053,2015-05-09T12:00:00,positive,Orange,646.0,30.507,48.8,5.5622,13.625,239.3,4.0,1.7874,,0.8,2.9,6.2,15.3,40.9,4.3382,0.8,0.62,,,2
Idukki,Idukki_district_centroid_proxy_Painavu,UEI-IMD-FL-2015-0053,2015-05-09T18:00:00,positive,Red,646.0,30.507,48.8,5.5622,13.625,239.3,4.0,1.7874,,0.0,0.0,0.2,6.9,41.1,1.9362,0.0,0.62,,,3
Idukki,Idukki_district_centroid_proxy_Painavu,UEI-IMD-FL-2015-0053,2015-05-10T00:00:00,positive,Red,646.0,30.507,48.8,5.5622,13.625,239.3,4.0,1.7874,,0.0,0.0,0.3,7.0,41.4,0.7302,0.0,0.62,,,3
Idukki,Idukki_district_centroid_proxy_Painavu,UEI-IMD-FL-2015-0056,2015-06-16T00:00:00,positive,Yellow,646.0,30.507,48.8,5.5622,13.625,239.3,4.0,1.7874,,,,,,,0.0,,0.77,,,1
Idukki,Idukki_district_centroid_proxy_Painavu,UEI-IMD-FL-2015-0056,2015-06-17T00:00:00,positive,Yellow,646.0,30.507,48.8,5.5622,13.625,239.3,4.0,1.7874,,0.8,2.0,3.8,9.5,9.5,3.3441,0.8,0.78,,,1
Idukki,Idukki_district_centroid_proxy_Painavu,UEI-IMD-FL-2015-0056,2015-06-18T00:00:00,positive,Orange,646.0,30.507,48.8,5.5622,13.625,239.3,4.0,1.7874,,0.9,3.1,6.0,9.4,18.9,4.7802,0.9,0.78,,,2
Idukki,Idukki_district_centroid_proxy_Painavu,UEI-IMD-FL-2015-0056,2015-06-18T12:00:00,positive,Orange,646.0,30.507,48.8,5.5622,13.625,239.3,4.0,1.7874,,1.5,7.1,15.2,26.6,38.0,11.3573,1.5,0.79,,,2
Idukki,Idukki_district_centroid_proxy_Painavu,UEI-IMD-FL-2015-0056,2015-06-18T18:00:00,positive,Red,646.0,30.507,48.8,5.5622,13.625,239.3,4.0,1.7874,,0.3,1.0,3.6,28.7,41.6,5.9212,0.3,0.79,,,3
Idukki,Idukki_district_centroid_proxy_Painavu,UEI-IMD-FL-2015-0056,2015-06-19T00:00:00,positive,Red,646.0,30.507,48.8,5.5622,13.625,239.3,4.0,1.7874,,1.1,2.6,4.4,27.1,46.0,6.3486,1.1,0.79,,,3
Idukki,Idukki_district_centroid_proxy_Painavu,UEI-IMD-FL-2016-0078,2016-06-04T00:00:00,positive,Yellow,646.0,30.507,48.8,5.5622,13.625,239.3,4.0,1.7874,,,,,,,0.2,,0.7,,,1
Idukki,Idukki_district_centroid_proxy_Painavu,UEI-IMD-FL-2016-0078,2016-06-05T00:00:00,positive,Yellow,646.0,30.507,48.8,5.5622,13.625,239.3,4.0,1.7874,,0.3,0.4,1.6,6.3,6.3,1.4407,0.3,0.7,,,1
Idukki,Idukki_district_centroid_proxy_Painavu,UEI-IMD-FL-2016-0078,2016-06-06T00:00:00,positive,Orange,646.0,30.507,48.8,5.5622,13.625,239.3,4.0,1.7874,,0.0,0.1,0.8,9.2,15.5,1.1121,0.0,0.71,,,2
Idukki,Idukki_district_centroid_proxy_Painavu,UEI-IMD-FL-2016-0078,2016-06-06T12:00:00,positive,Orange,646.0,30.507,48.8,5.5622,13.625,239.3,4.0,1.7874,,0.9,1.8,3.1,5.7,19.1,2.5943,0.9,0.71,,,2
Idukki,Idukki_district_centroid_proxy_Painavu,UEI-IMD-FL-2016-0078,2016-06-06T18:00:00,positive,Red,646.0,30.507,48.8,5.5622,13.625,239.3,4.0,1.7874,,0.0,0.6,1.1,5.5,20.2,1.5085,0.0,0.71,,,3
Idukki,Idukki_district_centroid_proxy_Painavu,UEI-IMD-FL-2016-0078,2016-06-07T00:00:00,positive,Red,646.0,30.507,48.8,5.5622,13.625,239.3,4.0,1.7874,,0.4,0.8,1.2,5.9,21.4,1.6694,0.4,0.71,,,3
Idukki,Idukki_district_centroid_proxy_Painavu,UEI-IMD-FL-2016-0080,2016-06-13T00:00:00,positive,Yellow,646.0,30.507,48.8,5.5622,13.625,239.3,4.0,1.7874,,,,,,,0.5,,0.8,,,1
Idukki,Idukki_district_centroid_proxy_Painavu,UEI-IMD-FL-2016-0080,2016-06-14T00:00:00,positive,Yellow,646.0,30.507,48.8,5.5622,13.625,239.3,4.0,1.7874,,0.1,0.1,0.1,9.5,9.5,0.7954,0.1,0.8,,,1
Idukki,Idukki_district_centroid_proxy_Painavu,UEI-IMD-FL-2016-0080,2016-06-15T00:00:00,positive,Orange,646.0,30.507,48.8,5.5622,13.625,239.3,4.0,1.7874,,0.2,0.7,1.0,4.6,14.1,1.2281,0.2,0.79,,,2
Idukki,Idukki_district_centroid_proxy_Painavu,UEI-IMD-FL-2016-0080,2016-06-15T12:00:00,positive,Orange,646.0,30.507,48.8,5.5622,13.625,239.3,4.0,1.7874,,0.0,0.0,0.0,2.8,15.0,0.3211,0.0,0.79,,,2
Idukki,Idukki_district_centroid_proxy_Painavu,UEI-IMD-FL-2016-0080,2016-06-15T18:00:00,positive,Red,646.0,30.507,48.8,5.5622,13.625,239.3,4.0,1.7874,,0.0,0.0,0.0,1.9,15.0,0.4211,0.0,0.78,,,3
Idukki,Idukki_district_centroid_proxy_Painavu,UEI-IMD-FL-2016-0080,2016-06-16T00:00:00,positive,Red,646.0,30.507,48.8,5.5622,13.625,239.3,4.0,1.7874,,1.0,2.1,3.3,4.2,18.3,2.98,1.0,0.78,,,3
Idukki,Idukki_district_centroid_proxy_Painavu,UEI-IMD-FL-2016-0083,2016-07-07T00:00:00,positive,Yellow,646.0,30.507,48.8,5.5622,13.625,239.3,4.0,1.7874,,,,,,,0.0,,0.83,,,1
Idukki,Idukki_district_centroid_proxy_Painavu,UEI-IMD-FL-2016-0083,2016-07-08T00:00:00,positive,Yellow,646.0,30.507,48.8,5.5622,13.625,239.3,4.0,1.7874,,0.7,1.5,2.0,5.8,5.8,2.4893,0.7,0.82,,,1
Idukki,Idukki_district_centroid_proxy_Painavu,UEI-IMD-FL-2016-0083,2016-07-09T00:00:00,positive,Orange,646.0,30.507,48.8,5.5622,13.625,239.3,4.0,1.7874,,1.6,4.0,6.6,28.0,33.8,7.6084,1.6,0.83,,,2
Idukki,Idukki_district_centroid_proxy_Painavu,UEI-IMD-FL-2016-0083,2016-07-09T12:00:00,positive,Orange,646.0,30.507,48.8,5.5622,13.625,239.3,4.0,1.7874,,0.8,1.5,3.6,22.3,44.4,5.5537,0.8,0.84,,,2
Idukki,Idukki_district_centroid_proxy_Painavu,UEI-IMD-FL-2016-0083,2016-07-09T18:00:00,positive,Red,646.0,30.507,48.8,5.5622,13.625,239.3,4.0,1.7874,,1.5,5.1,7.7,24.9,52.1,8.1929,1.5,0.84,,,3
Idukki,Idukki_district_centroid_proxy_Painavu,UEI-IMD-FL-2016-0083,2016-07-10T00:00:00,positive,Red,646.0,30.507,48.8,5.5622,13.625,239.3,4.0,1.7874,,1.6,5.3,9.6,27.9,61.7,9.2757,1.6,0.84,,,3
Idukki,Idukki_district_centroid_proxy_Painavu,UEI-IMD-FL-2017-0069,2017-06-05T00:00:00,positive,Yellow,646.0,30.507,48.8,5.5622,13.625,239.3,4.0,1.7874,,,,,,,0.7,,0.79,,,1
Idukki,Idukki_district_centroid_proxy_Painavu,UEI-IMD-FL-2017-0069,2017-06-06T00:00:00,positive,Yellow,646.0,30.507,48.8,5.5622,13.625,239.3,4.0,1.7874,,0.9,2.3,3.7,19.1,19.1,4.1086,0.9,0.8,,,1
Idukki,Idukki_district_centroid_proxy_Painavu,UEI-IMD-FL-2017-0069,2017-06-07T00:00:00,positive,Orange,646.0,30.507,48.8,5.5622,13.625,239.3,4.0,1.7874,,1.0,2.1,3.9,16.7,35.8,6.0671,1.0,0.8,,,2
Idukki,Idukki_district_centroid_proxy_Painavu,UEI-IMD-FL-2017-0069,2017-06-07T12:00:00,positive,Orange,646.0,30.507,48.8,5.5622,13.625,239.3,4.0,1.7874,,1.1,1.9,3.7,16.3,43.1,4.0991,1.1,0.81,,,2
Idukki,Idukki_district_centroid_proxy_Painavu,UEI-IMD-FL-2017-0069,2017-06-07T18:00:00,positive,Red,646.0,30.507,48.8,5.5622,13.625,239.3,4.0,1.7874,,0.0,0.2,1.0,12.2,44.1,2.0127,0.0,0.81,,,3
Idukki,Idukki_district_centroid_proxy_Painavu,UEI-IMD-FL-2017-0069,2017-06-08T00:00:00,positive,Red,646.0,30.507,48.8,5.5622,13.625,239.3,4.0,1.7874,,1.3,4.0,5.6,13.9,49.7,5.8276,1.3,0.81,,,3
Idukki,Idukki_district_centroid_proxy_Painavu,UEI-IMD-FL-2017-0072,2017-08-06T00:00:00,positive,Yellow,646.0,30.507,48.8,5.5622,13.625,239.3,4.0,1.7874,,,,,,,5.1,,0.91,,,1
Idukki,Idukki_district_centroid_proxy_Painavu,UEI-IMD-FL-2017-0072,2017-08-07T00:00:00,positive,Yellow,646.0,30.507,48.8,5.5622,13.625,239.3,4.0,1.7874,,0.4,2.0,3.7,26.1,26.1,4.7128,0.4,0.91,,,1
Idukki,Idukki_district_centroid_proxy_Painavu,UEI-IMD-FL-2017-0072,2017-08-08T00:00:00,positive,Orange,646.0,30.507,48.8,5.5622,13.625,239.3,4.0,1.7874,,0.8,1.9,4.1,17.8,43.9,5.7668,0.8,0.92,,,2
Idukki,Idukki_district_centroid_proxy_Painavu,UEI-IMD-FL-2017-0072,2017-08-08T12:00:00,positive,Orange,646.0,30.507,48.8,5.5622,13.625,239.3,4.0,1.7874,,0.2,1.4,2.9,13.2,50.9,3.0368,0.2,0.92,,,2
Idukki,Idukki_district_centroid_proxy_Painavu,UEI-IMD-FL-2017-0072,2017-08-08T18:00:00,positive,Red,646.0,30.507,48.8,5.5622,13.625,239.3,4.0,1.7874,,0.0,0.2,0.8,11.9,51.7,1.8213,0.0,0.93,,,3
Idukki,Idukki_district_centroid_proxy_Painavu,UEI-IMD-FL-2017-0072,2017-08-09T00:00:00,positive,Red,646.0,30.507,48.8,5.5622,13.625,239.3,4.0,1.7874,,0.3,1.2,2.0,9.8,53.7,1.8972,0.3,0.93,,,3
Idukki,Idukki_district_centroid_proxy_Painavu,UEI-IMD-FL-2017-0074,2017-09-15T00:00:00,positive,Yellow,646.0,30.507,48.8,5.5622,13.625,239.3,4.0,1.7874,,,,,,,0.1,,0.99,,,1
Idukki,Idukki_district_centroid_proxy_Painavu,UEI-IMD-FL-2017-0074,2017-09-16T00:00:00,positive,Yellow,646.0,30.507,48.8,5.5622,13.625,239.3,4.0,1.7874,,0.4,0.8,1.4,8.6,8.6,1.7255,0.4,0.98,,,1
Idukki,Idukki_district_centroid_proxy_Painavu,UEI-IMD-FL-2017-0074,2017-09-17T00:00:00,positive,Orange,646.0,30.507,48.8,5.5622,13.625,239.3,4.0,1.7874,,2.8,13.1,14.6,30.5,39.1,14.0326,2.8,1.0,,,2
Idukki,Idukki_district_centroid_proxy_Painavu,UEI-IMD-FL-2017-0074,2017-09-17T12:00:00,positive,Orange,646.0,30.507,48.8,5.5622,13.625,239.3,4.0,1.7874,,1.8,10.6,18.8,60.7,80.1,20.4694,1.8,1.0,,,2
Idukki,Idukki_district_centroid_proxy_Painavu,UEI-IMD-FL-2017-0074,2017-09-17T18:00:00,positive,Red,646.0,30.507,48.8,5.5622,13.625,239.3,4.0,1.7874,,1.1,3.9,12.4,68.0,92.5,16.7194,1.1,1.0,,,3
Idukki,Idukki_district_centroid_proxy_Painavu,UEI-IMD-FL-2017-0074,2017-09-18T00:00:00,positive,Red,646.0,30.507,48.8,5.5622,13.625,239.3,4.0,1.7874,,3.9,10.6,21.2,74.6,113.7,22.2678,3.9,1.0,,,3
Idukki,Idukki_district_centroid_proxy_Painavu,UEI-IMD-FL-2018-0035,2018-05-26T00:00:00,positive,Yellow,646.0,30.507,48.8,5.5622,13.625,239.3,4.0,1.7874,,,,,,,0.0,,0.73,,,1
Idukki,Idukki_district_centroid_proxy_Painavu,UEI-IMD-FL-2018-0035,2018-05-27T00:00:00,positive,Yellow,646.0,30.507,48.8,5.5622,13.625,239.3,4.0,1.7874,,0.8,1.2,7.8,36.9,36.9,11.5435,0.8,0.73,,,1
Idukki,Idukki_district_centroid_proxy_Painavu,UEI-IMD-FL-2018-0035,2018-05-28T00:00:00,positive,Orange,646.0,30.507,48.8,5.5622,13.625,239.3,4.0,1.7874,,0.5,0.7,0.7,8.2,45.1,1.8589,0.5,0.74,,,2
Idukki,Idukki_district_centroid_proxy_Painavu,UEI-IMD-FL-2018-0035,2018-05-28T12:00:00,positive,Orange,646.0,30.507,48.8,5.5622,13.625,239.3,4.0,1.7874,,2.1,6.9,8.4,11.9,54.0,7.6969,2.1,0.77,,,2
Idukki,Idukki_district_centroid_proxy_Painavu,UEI-IMD-FL-2018-0035,2018-05-28T18:00:00,positive,Red,646.0,30.507,48.8,5.5622,13.625,239.3,4.0,1.7874,,6.9,26.0,32.9,42.5,86.9,26.0392,6.9,0.77,,,3
Idukki,Idukki_district_centroid_proxy_Painavu,UEI-IMD-FL-2018-0035,2018-05-29T00:00:00,positive,Red,646.0,30.507,48.8,5.5622,13.625,239.3,4.0,1.7874,,1.8,6.9,13.5,55.3,100.4,18.4756,1.8,0.78,,,3
Idukki,Idukki_district_centroid_proxy_Painavu,UEI-IMD-FL-2018-0036,2018-01-05T00:00:00,positive,Yellow,646.0,30.507,48.8,5.5622,13.625,239.3,4.0,1.7874,,,,,,,0.0,,0.74,,,1
Idukki,Idukki_district_centroid_proxy_Painavu,UEI-IMD-FL-2018-0036,2018-01-06T00:00:00,positive,Yellow,646.0,30.507,48.8,5.5622,13.625,239.3,4.0,1.7874,,0.0,0.0,0.0,0.0,0.0,0.0,0.0,0.74,,,1
Idukki,Idukki_district_centroid_proxy_Painavu,UEI-IMD-FL-2018-0036,2018-01-07T00:00:00,positive,Orange,646.0,30.507,48.8,5.5622,13.625,239.3,4.0,1.7874,,0.0,0.0,0.0,0.5,0.5,0.0812,0.0,0.73,,,2
Idukki,Idukki_district_centroid_proxy_Painavu,UEI-IMD-FL-2018-0036,2018-01-07T12:00:00,positive,Orange,646.0,30.507,48.8,5.5622,13.625,239.3,4.0,1.7874,,0.0,0.0,0.0,0.5,0.5,0.0115,0.0,0.73,,,2
Idukki,Idukki_district_centroid_proxy_Painavu,UEI-IMD-FL-2018-0036,2018-01-07T18:00:00,positive,Red,646.0,30.507,48.8,5.5622,13.625,239.3,4.0,1.7874,,0.0,0.0,0.0,0.0,0.5,0.0044,0.0,0.73,,,3
Idukki,Idukki_district_centroid_proxy_Painavu,UEI-IMD-FL-2018-0036,2018-01-08T00:00:00,positive,Red,646.0,30.507,48.8,5.5622,13.625,239.3,4.0,1.7874,,0.0,0.0,0.1,0.1,0.6,0.046,0.0,0.73,,,3
Idukki,Idukki_district_centroid_proxy_Painavu,UEI-IMD-FL-2018-0038,2018-11-13T00:00:00,positive,Yellow,646.0,30.507,48.8,5.5622,13.625,239.3,4.0,1.7874,,,,,,,0.0,,0.89,,,1
Idukki,Idukki_district_centroid_proxy_Painavu,UEI-IMD-FL-2018-0038,2018-11-14T00:00:00,positive,Yellow,646.0,30.507,48.8,5.5622,13.625,239.3,4.0,1.7874,,0.0,0.0,0.0,3.0,3.0,0.2459,0.0,0.88,,,1
Idukki,Idukki_district_centroid_proxy_Painavu,UEI-IMD-FL-2018-0038,2018-11-15T00:00:00,positive,Orange,646.0,30.507,48.8,5.5622,13.625,239.3,4.0,1.7874,,0.0,0.0,0.0,1.7,4.7,0.1658,0.0,0.88,,,2
Idukki,Idukki_district_centroid_proxy_Painavu,UEI-IMD-FL-2018-0038,2018-11-15T12:00:00,positive,Orange,646.0,30.507,48.8,5.5622,13.625,239.3,4.0,1.7874,,0.0,0.0,0.0,0.2,4.7,0.0236,0.0,0.87,,,2
Idukki,Idukki_district_centroid_proxy_Painavu,UEI-IMD-FL-2018-0038,2018-11-15T18:00:00,positive,Red,646.0,30.507,48.8,5.5622,13.625,239.3,4.0,1.7874,,0.2,0.3,0.3,0.3,5.0,0.4511,0.2,0.87,,,3
Idukki,Idukki_district_centroid_proxy_Painavu,UEI-IMD-FL-2018-0038,2018-11-16T00:00:00,positive,Red,646.0,30.507,48.8,5.5622,13.625,239.3,4.0,1.7874,,0.1,0.9,1.9,2.2,6.9,3.7544,0.1,0.88,,,3
Idukki,Idukki_district_centroid_proxy_Painavu,UEI-IMD-FL-2019-0060,2019-07-15T00:00:00,positive,Yellow,646.0,30.507,48.8,5.5622,13.625,239.3,4.0,1.7874,,,,,,,0.0,,0.72,,,1
Idukki,Idukki_district_centroid_proxy_Painavu,UEI-IMD-FL-2019-0060,2019-07-16T00:00:00,positive,Yellow,646.0,30.507,48.8,5.5622,13.625,239.3,4.0,1.7874,,0.2,0.7,1.4,12.3,12.3,2.151,0.2,0.73,,,1
Idukki,Idukki_district_centroid_proxy_Painavu,UEI-IMD-FL-2019-0060,2019-07-17T00:00:00,positive,Orange,646.0,30.507,48.8,5.5622,13.625,239.3,4.0,1.7874,,0.4,2.0,4.4,19.3,31.6,4.6248,0.4,0.74,,,2
Idukki,Idukki_district_centroid_proxy_Painavu,UEI-IMD-FL-2019-0060,2019-07-17T12:00:00,positive,Orange,646.0,30.507,48.8,5.5622,13.625,239.3,4.0,1.7874,,0.8,4.8,14.5,24.9,50.3,11.5488,0.8,0.74,,,2
Idukki,Idukki_district_centroid_proxy_Painavu,UEI-IMD-FL-2019-0060,2019-07-17T18:00:00,positive,Red,646.0,30.507,48.8,5.5622,13.625,239.3,4.0,1.7874,,0.7,1.7,5.1,28.2,55.4,6.7827,0.7,0.74,,,3
Idukki,Idukki_district_centroid_proxy_Painavu,UEI-IMD-FL-2019-0060,2019-07-18T00:00:00,positive,Red,646.0,30.507,48.8,5.5622,13.625,239.3,4.0,1.7874,,1.2,3.5,4.9,28.7,60.3,6.4503,1.2,0.74,,,3
Idukki,Idukki_district_centroid_proxy_Painavu,UEI-IMD-FL-2019-0064,2019-08-05T00:00:00,positive,Yellow,646.0,30.507,48.8,5.5622,13.625,239.3,4.0,1.7874,,,,,,,1.2,,0.81,,,1
Idukki,Idukki_district_centroid_proxy_Painavu,UEI-IMD-FL-2019-0064,2019-08-06T00:00:00,positive,Yellow,646.0,30.507,48.8,5.5622,13.625,239.3,4.0,1.7874,,1.9,4.5,8.2,36.6,36.6,10.4896,1.9,0.81,,,1
Idukki,Idukki_district_centroid_proxy_Painavu,UEI-IMD-FL-2019-0064,2019-08-07T00:00:00,positive,Orange,646.0,30.507,48.8,5.5622,13.625,239.3,4.0,1.7874,,2.9,10.3,19.9,61.8,98.4,19.2823,2.9,0.84,,,2
Idukki,Idukki_district_centroid_proxy_Painavu,UEI-IMD-FL-2019-0064,2019-08-07T12:00:00,positive,Orange,646.0,30.507,48.8,5.5622,13.625,239.3,4.0,1.7874,,4.1,10.4,18.9,66.1,132.4,19.829,4.1,0.86,,,2
Idukki,Idukki_district_centroid_proxy_Painavu,UEI-IMD-FL-2019-0064,2019-08-07T18:00:00,positive,Red,646.0,30.507,48.8,5.5622,13.625,239.3,4.0,1.7874,,3.8,11.2,21.0,74.9,153.4,22.5143,3.8,0.86,,,3
Idukki,Idukki_district_centroid_proxy_Painavu,UEI-IMD-FL-2019-0064,2019-08-08T00:00:00,positive,Red,646.0,30.507,48.8,5.5622,13.625,239.3,4.0,1.7874,,3.1,12.3,23.5,78.5,176.9,24.9398,3.1,0.87,,,3
Idukki,Idukki_district_centroid_proxy_Painavu,UEI-IMD-FL-2019-0065,2019-09-05T00:00:00,positive,Yellow,646.0,30.507,48.8,5.5622,13.625,239.3,4.0,1.7874,,,,,,,1.5,,0.97,,,1
Idukki,Idukki_district_centroid_proxy_Painavu,UEI-IMD-FL-2019-0065,2019-09-06T00:00:00,positive,Yellow,646.0,30.507,48.8,5.5622,13.625,239.3,4.0,1.7874,,2.4,6.9,14.0,38.7,38.7,13.6104,2.4,0.97,,,1
Idukki,Idukki_district_centroid_proxy_Painavu,UEI-IMD-FL-2019-0065,2019-09-07T00:00:00,positive,Orange,646.0,30.507,48.8,5.5622,13.625,239.3,4.0,1.7874,,1.4,3.6,7.7,40.5,79.2,9.2183,1.4,0.97,,,2
Idukki,Idukki_district_centroid_proxy_Painavu,UEI-IMD-FL-2019-0065,2019-09-07T12:00:00,positive,Orange,646.0,30.507,48.8,5.5622,13.625,239.3,4.0,1.7874,,1.2,4.3,9.2,30.6,94.3,9.8354,1.2,0.97,,,2
Idukki,Idukki_district_centroid_proxy_Painavu,UEI-IMD-FL-2019-0065,2019-09-07T18:00:00,positive,Red,646.0,30.507,48.8,5.5622,13.625,239.3,4.0,1.7874,,1.2,3.3,6.5,29.3,100.8,7.8537,1.2,0.97,,,3
Idukki,Idukki_district_centroid_proxy_Painavu,UEI-IMD-FL-2019-0065,2019-09-08T00:00:00,positive,Red,646.0,30.507,48.8,5.5622,13.625,239.3,4.0,1.7874,,0.9,1.8,4.4,26.0,105.2,5.6894,0.9,0.97,,,3
Idukki,Idukki_district_centroid_proxy_Painavu,UEI-IMD-FL-2019-0066,2019-10-05T00:00:00,positive,Yellow,646.0,30.507,48.8,5.5622,13.625,239.3,4.0,1.7874,,,,,,,0.0,,0.98,,,1
Idukki,Idukki_district_centroid_proxy_Painavu,UEI-IMD-FL-2019-0066,2019-10-06T00:00:00,positive,Yellow,646.0,30.507,48.8,5.5622,13.625,239.3,4.0,1.7874,,0.0,0.2,0.6,10.1,10.1,1.3551,0.0,0.98,,,1
Idukki,Idukki_district_centroid_proxy_Painavu,UEI-IMD-FL-2019-0066,2019-10-07T00:00:00,positive,Orange,646.0,30.507,48.8,5.5622,13.625,239.3,4.0,1.7874,,0.1,0.4,0.9,12.6,22.7,1.6569,0.1,0.98,,,2
Idukki,Idukki_district_centroid_proxy_Painavu,UEI-IMD-FL-2019-0066,2019-10-07T12:00:00,positive,Orange,646.0,30.507,48.8,5.5622,13.625,239.3,4.0,1.7874,,2.3,2.9,5.4,8.6,29.5,4.3936,2.3,0.98,,,2
Idukki,Idukki_district_centroid_proxy_Painavu,UEI-IMD-FL-2019-0066,2019-10-07T18:00:00,positive,Red,646.0,30.507,48.8,5.5622,13.625,239.3,4.0,1.7874,,0.0,0.2,1.0,8.7,30.5,1.9838,0.0,0.98,,,3
Idukki,Idukki_district_centroid_proxy_Painavu,UEI-IMD-FL-2019-0066,2019-10-08T00:00:00,positive,Red,646.0,30.507,48.8,5.5622,13.625,239.3,4.0,1.7874,,0.0,0.0,0.0,7.8,30.5,0.7482,0.0,0.98,,,3
Idukki,Idukki_district_centroid_proxy_Painavu,UEI-IMD-FL-2019-0074,2019-10-18T00:00:00,positive,Yellow,646.0,30.507,48.8,5.5622,13.625,239.3,4.0,1.7874,,,,,,,0.0,,1.0,,,1
Idukki,Idukki_district_centroid_proxy_Painavu,UEI-IMD-FL-2019-0074,2019-10-19T00:00:00,positive,Yellow,646.0,30.507,48.8,5.5622,13.625,239.3,4.0,1.7874,,0.0,0.0,0.2,21.8,21.8,2.3108,0.0,1.0,,,1
Idukki,Idukki_district_centroid_proxy_Painavu,UEI-IMD-FL-2019-0074,2019-10-20T00:00:00,positive,Orange,646.0,30.507,48.8,5.5622,13.625,239.3,4.0,1.7874,,0.0,0.0,0.0,10.6,32.4,1.2499,0.0,1.0,,,2
Idukki,Idukki_district_centroid_proxy_Painavu,UEI-IMD-FL-2019-0074,2019-10-20T12:00:00,positive,Orange,646.0,30.507,48.8,5.5622,13.625,239.3,4.0,1.7874,,1.6,7.9,25.6,28.6,58.2,15.0867,1.6,1.0,,,2
Idukki,Idukki_district_centroid_proxy_Painavu,UEI-IMD-FL-2019-0074,2019-10-20T18:00:00,positive,Red,646.0,30.507,48.8,5.5622,13.625,239.3,4.0,1.7874,,1.0,1.7,5.6,31.4,63.8,9.7922,1.0,1.0,,,3
Idukki,Idukki_district_centroid_proxy_Painavu,UEI-IMD-FL-2019-0074,2019-10-21T00:00:00,positive,Red,646.0,30.507,48.8,5.5622,13.625,239.3,4.0,1.7874,,0.3,6.1,13.9,45.3,77.7,14.8884,0.3,1.0,,,3
Idukki,Idukki_district_centroid_proxy_Painavu,UEI-IMD-FL-2019-0077,2019-01-08T00:00:00,positive,Yellow,646.0,30.507,48.8,5.5622,13.625,239.3,4.0,1.7874,,,,,,,0.0,,0.68,,,1
Idukki,Idukki_district_centroid_proxy_Painavu,UEI-IMD-FL-2019-0077,2019-01-09T00:00:00,positive,Yellow,646.0,30.507,48.8,5.5622,13.625,239.3,4.0,1.7874,,0.0,0.0,0.0,0.0,0.0,0.0,0.0,0.68,,,1
Idukki,Idukki_district_centroid_proxy_Painavu,UEI-IMD-FL-2019-0077,2019-01-10T00:00:00,positive,Orange,646.0,30.507,48.8,5.5622,13.625,239.3,4.0,1.7874,,0.0,0.0,0.0,0.0,0.0,0.0,0.0,0.67,,,2
Idukki,Idukki_district_centroid_proxy_Painavu,UEI-IMD-FL-2019-0077,2019-01-10T12:00:00,positive,Orange,646.0,30.507,48.8,5.5622,13.625,239.3,4.0,1.7874,,0.0,0.0,0.0,0.0,0.0,0.0,0.0,0.67,,,2
Idukki,Idukki_district_centroid_proxy_Painavu,UEI-IMD-FL-2019-0077,2019-01-10T18:00:00,positive,Red,646.0,30.507,48.8,5.5622,13.625,239.3,4.0,1.7874,,0.0,0.0,0.0,0.0,0.0,0.0,0.0,0.66,,,3
Idukki,Idukki_district_centroid_proxy_Painavu,UEI-IMD-FL-2019-0077,2019-01-11T00:00:00,positive,Red,646.0,30.507,48.8,5.5622,13.625,239.3,4.0,1.7874,,0.0,0.0,0.0,0.0,0.0,0.0,0.0,0.66,,,3
Idukki,Idukki_district_centroid_proxy_Painavu,UEI-IMD-FL-2020-0053,2020-06-05T00:00:00,positive,Yellow,646.0,30.507,48.8,5.5622,13.625,239.3,4.0,1.7874,,,,,,,0.2,,0.7,,,1
Idukki,Idukki_district_centroid_proxy_Painavu,UEI-IMD-FL-2020-0053,2020-06-06T00:00:00,positive,Yellow,646.0,30.507,48.8,5.5622,13.625,239.3,4.0,1.7874,,0.7,2.0,3.4,19.3,19.3,4.5302,0.7,0.72,,,1
Idukki,Idukki_district_centroid_proxy_Painavu,UEI-IMD-FL-2020-0053,2020-06-07T00:00:00,positive,Orange,646.0,30.507,48.8,5.5622,13.625,239.3,4.0,1.7874,,1.0,4.5,6.5,58.8,78.1,10.7693,1.0,0.72,,,2
Idukki,Idukki_district_centroid_proxy_Painavu,UEI-IMD-FL-2020-0053,2020-06-07T12:00:00,positive,Orange,646.0,30.507,48.8,5.5622,13.625,239.3,4.0,1.7874,,0.7,3.4,5.7,24.1,85.7,5.6037,0.7,0.73,,,2
Idukki,Idukki_district_centroid_proxy_Painavu,UEI-IMD-FL-2020-0053,2020-06-07T18:00:00,positive,Red,646.0,30.507,48.8,5.5622,13.625,239.3,4.0,1.7874,,3.2,7.2,9.4,23.5,95.1,12.5523,3.2,0.73,,,3
Idukki,Idukki_district_centroid_proxy_Painavu,UEI-IMD-FL-2020-0053,2020-06-08T00:00:00,positive,Red,646.0,30.507,48.8,5.5622,13.625,239.3,4.0,1.7874,,0.1,1.2,11.1,28.1,106.2,8.4482,0.1,0.73,,,3
Idukki,Idukki_district_centroid_proxy_Painavu,UEI-IMD-FL-2021-0074,2021-05-17T00:00:00,positive,Yellow,646.0,30.507,48.8,5.5622,13.625,239.3,4.0,1.7874,,,,,,,0.1,,0.83,,,1
Idukki,Idukki_district_centroid_proxy_Painavu,UEI-IMD-FL-2021-0074,2021-05-18T00:00:00,positive,Yellow,646.0,30.507,48.8,5.5622,13.625,239.3,4.0,1.7874,,0.2,0.3,0.3,10.2,10.2,1.1968,0.2,0.83,,,1
Idukki,Idukki_district_centroid_proxy_Painavu,UEI-IMD-FL-2021-0074,2021-05-19T00:00:00,positive,Orange,646.0,30.507,48.8,5.5622,13.625,239.3,4.0,1.7874,,0.0,0.0,0.0,15.3,25.5,1.582,0.0,0.82,,,2
Idukki,Idukki_district_centroid_proxy_Painavu,UEI-IMD-FL-2021-0074,2021-05-19T12:00:00,positive,Orange,646.0,30.507,48.8,5.5622,13.625,239.3,4.0,1.7874,,0.4,3.2,10.6,11.6,36.5,6.8864,0.4,0.83,,,2
Idukki,Idukki_district_centroid_proxy_Painavu,UEI-IMD-FL-2021-0074,2021-05-19T18:00:00,positive,Red,646.0,30.507,48.8,5.5622,13.625,239.3,4.0,1.7874,,0.1,0.5,2.7,13.7,39.2,4.1751,0.1,0.84,,,3
Idukki,Idukki_district_centroid_proxy_Painavu,UEI-IMD-FL-2021-0074,2021-05-20T00:00:00,positive,Red,646.0,30.507,48.8,5.5622,13.625,239.3,4.0,1.7874,,0.1,0.4,1.4,15.1,40.6,2.2922,0.1,0.84,,,3
Idukki,Idukki_district_centroid_proxy_Painavu,UEI-IMD-FL-2021-0082,2021-07-31T00:00:00,positive,Yellow,646.0,30.507,48.8,5.5622,13.625,239.3,4.0,1.7874,,,,,,,0.4,,0.94,,,1
Idukki,Idukki_district_centroid_proxy_Painavu,UEI-IMD-FL-2021-0082,2021-08-01T00:00:00,positive,Yellow,646.0,30.507,48.8,5.5622,13.625,239.3,4.0,1.7874,,0.3,0.8,1.7,13.6,13.6,2.467,0.3,0.94,,,1
Idukki,Idukki_district_centroid_proxy_Painavu,UEI-IMD-FL-2021-0082,2021-08-02T00:00:00,positive,Orange,646.0,30.507,48.8,5.5622,13.625,239.3,4.0,1.7874,,0.1,0.7,1.4,9.8,23.4,1.698,0.1,0.93,,,2
Idukki,Idukki_district_centroid_proxy_Painavu,UEI-IMD-FL-2021-0082,2021-08-02T12:00:00,positive,Orange,646.0,30.507,48.8,5.5622,13.625,239.3,4.0,1.7874,,1.4,4.3,5.8,10.3,30.1,4.8059,1.4,0.93,,,2
Idukki,Idukki_district_centroid_proxy_Painavu,UEI-IMD-FL-2021-0082,2021-08-02T18:00:00,positive,Red,646.0,30.507,48.8,5.5622,13.625,239.3,4.0,1.7874,,0.5,1.2,2.2,10.3,32.3,3.5561,0.5,0.93,,,3
Idukki,Idukki_district_centroid_proxy_Painavu,UEI-IMD-FL-2021-0082,2021-08-03T00:00:00,positive,Red,646.0,30.507,48.8,5.5622,13.625,239.3,4.0,1.7874,,0.4,1.7,3.9,12.8,36.2,3.6033,0.4,0.93,,,3
Idukki,Idukki_district_centroid_proxy_Painavu,UEI-IMD-FL-2021-0083,2021-09-24T00:00:00,positive,Yellow,646.0,30.507,48.8,5.5622,13.625,239.3,4.0,1.7874,,,,,,,0.2,,0.96,,,1
Idukki,Idukki_district_centroid_proxy_Painavu,UEI-IMD-FL-2021-0083,2021-09-25T00:00:00,positive,Yellow,646.0,30.507,48.8,5.5622,13.625,239.3,4.0,1.7874,,0.3,0.6,0.9,5.4,5.4,1.5514,0.3,0.96,,,1
Idukki,Idukki_district_centroid_proxy_Painavu,UEI-IMD-FL-2021-0083,2021-09-26T00:00:00,positive,Orange,646.0,30.507,48.8,5.5622,13.625,239.3,4.0,1.7874,,0.1,0.5,1.1,11.7,17.1,1.7092,0.1,0.96,,,2
Idukki,Idukki_district_centroid_proxy_Painavu,UEI-IMD-FL-2021-0083,2021-09-26T12:00:00,positive,Orange,646.0,30.507,48.8,5.5622,13.625,239.3,4.0,1.7874,,0.5,3.6,7.0,10.6,24.6,5.3873,0.5,0.95,,,2
Idukki,Idukki_district_centroid_proxy_Painavu,UEI-IMD-FL-2021-0083,2021-09-26T18:00:00,positive,Red,646.0,30.507,48.8,5.5622,13.625,239.3,4.0,1.7874,,1.0,3.0,4.7,13.3,29.3,6.4294,1.0,0.95,,,3
Idukki,Idukki_district_centroid_proxy_Painavu,UEI-IMD-FL-2021-0083,2021-09-27T00:00:00,positive,Red,646.0,30.507,48.8,5.5622,13.625,239.3,4.0,1.7874,,4.4,10.6,14.7,26.9,44.0,19.5541,4.4,0.96,,,3
Idukki,Idukki_district_centroid_proxy_Painavu,UEI-IMD-FL-2021-0098,2021-10-13T00:00:00,positive,Yellow,646.0,30.507,48.8,5.5622,13.625,239.3,4.0,1.7874,,,,,,,0.0,,0.99,,,1
Idukki,Idukki_district_centroid_proxy_Painavu,UEI-IMD-FL-2021-0098,2021-10-14T00:00:00,positive,Yellow,646.0,30.507,48.8,5.5622,13.625,239.3,4.0,1.7874,,0.5,3.5,5.5,12.6,12.6,4.3297,0.5,0.99,,,1
Idukki,Idukki_district_centroid_proxy_Painavu,UEI-IMD-FL-2021-0098,2021-10-15T00:00:00,positive,Orange,646.0,30.507,48.8,5.5622,13.625,239.3,4.0,1.7874,,0.0,0.0,0.0,5.4,18.0,0.6399,0.0,0.99,,,2
Idukki,Idukki_district_centroid_proxy_Painavu,UEI-IMD-FL-2021-0098,2021-10-15T12:00:00,positive,Orange,646.0,30.507,48.8,5.5622,13.625,239.3,4.0,1.7874,,0.1,0.8,2.2,3.8,20.8,1.5292,0.1,0.98,,,2
Idukki,Idukki_district_centroid_proxy_Painavu,UEI-IMD-FL-2021-0098,2021-10-15T18:00:00,positive,Red,646.0,30.507,48.8,5.5622,13.625,239.3,4.0,1.7874,,0.0,0.0,0.1,2.9,20.9,0.5768,0.0,0.98,,,3
Idukki,Idukki_district_centroid_proxy_Painavu,UEI-IMD-FL-2021-0098,2021-10-16T00:00:00,positive,Red,646.0,30.507,48.8,5.5622,13.625,239.3,4.0,1.7874,,0.3,2.0,2.0,4.9,22.9,2.6274,0.3,0.98,,,3
Idukki,Idukki_district_centroid_proxy_Painavu,UEI-IMD-FL-2021-0101,2021-10-13T00:00:00,positive,Yellow,646.0,30.507,48.8,5.5622,13.625,239.3,4.0,1.7874,,,,,,,0.0,,0.99,,,1
Idukki,Idukki_district_centroid_proxy_Painavu,UEI-IMD-FL-2021-0101,2021-10-14T00:00:00,positive,Yellow,646.0,30.507,48.8,5.5622,13.625,239.3,4.0,1.7874,,0.5,3.5,5.5,12.6,12.6,4.3297,0.5,0.99,,,1
Idukki,Idukki_district_centroid_proxy_Painavu,UEI-IMD-FL-2021-0101,2021-10-15T00:00:00,positive,Orange,646.0,30.507,48.8,5.5622,13.625,239.3,4.0,1.7874,,0.0,0.0,0.0,5.4,18.0,0.6399,0.0,0.99,,,2
Idukki,Idukki_district_centroid_proxy_Painavu,UEI-IMD-FL-2021-0101,2021-10-15T12:00:00,positive,Orange,646.0,30.507,48.8,5.5622,13.625,239.3,4.0,1.7874,,0.1,0.8,2.2,3.8,20.8,1.5292,0.1,0.98,,,2
Idukki,Idukki_district_centroid_proxy_Painavu,UEI-IMD-FL-2021-0101,2021-10-15T18:00:00,positive,Red,646.0,30.507,48.8,5.5622,13.625,239.3,4.0,1.7874,,0.0,0.0,0.1,2.9,20.9,0.5768,0.0,0.98,,,3
Idukki,Idukki_district_centroid_proxy_Painavu,UEI-IMD-FL-2021-0101,2021-10-16T00:00:00,positive,Red,646.0,30.507,48.8,5.5622,13.625,239.3,4.0,1.7874,,0.3,2.0,2.0,4.9,22.9,2.6274,0.3,0.98,,,3
Idukki,Idukki_district_centroid_proxy_Painavu,UEI-IMD-FL-2021-0108,2021-10-08T00:00:00,positive,Yellow,646.0,30.507,48.8,5.5622,13.625,239.3,4.0,1.7874,,,,,,,0.0,,0.97,,,1
Idukki,Idukki_district_centroid_proxy_Painavu,UEI-IMD-FL-2021-0108,2021-10-09T00:00:00,positive,Yellow,646.0,30.507,48.8,5.5622,13.625,239.3,4.0,1.7874,,1.2,2.3,3.1,16.6,16.6,4.2016,1.2,0.99,,,1
Idukki,Idukki_district_centroid_proxy_Painavu,UEI-IMD-FL-2021-0108,2021-10-10T00:00:00,positive,Orange,646.0,30.507,48.8,5.5622,13.625,239.3,4.0,1.7874,,0.6,4.8,6.3,15.8,32.4,5.2984,0.6,0.99,,,2
Idukki,Idukki_district_centroid_proxy_Painavu,UEI-IMD-FL-2021-0108,2021-10-10T12:00:00,positive,Orange,646.0,30.507,48.8,5.5622,13.625,239.3,4.0,1.7874,,0.8,2.4,6.8,17.5,41.4,5.537,0.8,0.99,,,2
Idukki,Idukki_district_centroid_proxy_Painavu,UEI-IMD-FL-2021-0108,2021-10-10T18:00:00,positive,Red,646.0,30.507,48.8,5.5622,13.625,239.3,4.0,1.7874,,0.3,0.4,1.3,16.6,42.7,2.8565,0.3,0.98,,,3
Idukki,Idukki_district_centroid_proxy_Painavu,UEI-IMD-FL-2021-0108,2021-10-11T00:00:00,positive,Red,646.0,30.507,48.8,5.5622,13.625,239.3,4.0,1.7874,,0.7,1.5,3.9,14.2,46.6,4.0465,0.7,0.99,,,3
Idukki,Idukki_district_centroid_proxy_Painavu,UEI-IMD-FL-2022-0542,2022-05-17T00:00:00,positive,Yellow,646.0,30.507,48.8,5.5622,13.625,239.3,4.0,1.7874,,,,,,,1.2,,0.78,,,1
Idukki,Idukki_district_centroid_proxy_Painavu,UEI-IMD-FL-2022-0542,2022-05-18T00:00:00,positive,Yellow,646.0,30.507,48.8,5.5622,13.625,239.3,4.0,1.7874,,1.4,1.9,2.2,13.3,13.3,3.9218,1.4,0.78,,,1
Idukki,Idukki_district_centroid_proxy_Painavu,UEI-IMD-FL-2022-0542,2022-05-19T00:00:00,positive,Orange,646.0,30.507,48.8,5.5622,13.625,239.3,4.0,1.7874,,1.7,4.5,7.5,47.1,60.4,8.4998,1.7,0.8,,,2
Idukki,Idukki_district_centroid_proxy_Painavu,UEI-IMD-FL-2022-0542,2022-05-19T12:00:00,positive,Orange,646.0,30.507,48.8,5.5622,13.625,239.3,4.0,1.7874,,1.1,4.6,9.8,27.6,74.8,9.9637,1.1,0.81,,,2
Idukki,Idukki_district_centroid_proxy_Painavu,UEI-IMD-FL-2022-0542,2022-05-19T18:00:00,positive,Red,646.0,30.507,48.8,5.5622,13.625,239.3,4.0,1.7874,,1.8,3.6,7.8,29.7,82.6,8.4269,1.8,0.8,,,3
Idukki,Idukki_district_centroid_proxy_Painavu,UEI-IMD-FL-2022-0542,2022-05-20T00:00:00,positive,Red,646.0,30.507,48.8,5.5622,13.625,239.3,4.0,1.7874,,0.5,1.1,2.6,24.8,85.2,4.96,0.5,0.8,,,3
Idukki,Idukki_district_centroid_proxy_Painavu,UEI-IMD-FL-2022-0547,2022-07-01T00:00:00,positive,Yellow,646.0,30.507,48.8,5.5622,13.625,239.3,4.0,1.7874,,,,,,,0.2,,0.91,,,1
Idukki,Idukki_district_centroid_proxy_Painavu,UEI-IMD-FL-2022-0547,2022-07-02T00:00:00,positive,Yellow,646.0,30.507,48.8,5.5622,13.625,239.3,4.0,1.7874,,0.6,2.3,3.2,17.3,17.3,3.3591,0.6,0.9,,,1
Idukki,Idukki_district_centroid_proxy_Painavu,UEI-IMD-FL-2022-0547,2022-07-03T00:00:00,positive,Orange,646.0,30.507,48.8,5.5622,13.625,239.3,4.0,1.7874,,0.2,0.5,1.6,17.3,34.6,3.3079,0.2,0.9,,,2
Idukki,Idukki_district_centroid_proxy_Painavu,UEI-IMD-FL-2022-0547,2022-07-03T12:00:00,positive,Orange,646.0,30.507,48.8,5.5622,13.625,239.3,4.0,1.7874,,3.2,5.9,10.4,18.8,48.8,9.5865,3.2,0.9,,,2
Idukki,Idukki_district_centroid_proxy_Painavu,UEI-IMD-FL-2022-0547,2022-07-03T18:00:00,positive,Red,646.0,30.507,48.8,5.5622,13.625,239.3,4.0,1.7874,,2.3,7.2,18.7,34.5,67.5,16.1863,2.3,0.91,,,3
Idukki,Idukki_district_centroid_proxy_Painavu,UEI-IMD-FL-2022-0547,2022-07-04T00:00:00,positive,Red,646.0,30.507,48.8,5.5622,13.625,239.3,4.0,1.7874,,0.2,3.0,10.3,43.2,77.8,10.489,0.2,0.91,,,3
Idukki,Idukki_district_centroid_proxy_Painavu,UEI-IMD-FL-2022-0548,2022-07-02T00:00:00,positive,Yellow,646.0,30.507,48.8,5.5622,13.625,239.3,4.0,1.7874,,,,,,,0.1,,0.9,,,1
Idukki,Idukki_district_centroid_proxy_Painavu,UEI-IMD-FL-2022-0548,2022-07-03T00:00:00,positive,Yellow,646.0,30.507,48.8,5.5622,13.625,239.3,4.0,1.7874,,0.2,0.5,1.6,17.3,17.3,3.242,0.2,0.9,,,1
Idukki,Idukki_district_centroid_proxy_Painavu,UEI-IMD-FL-2022-0548,2022-07-04T00:00:00,positive,Orange,646.0,30.507,48.8,5.5622,13.625,239.3,4.0,1.7874,,0.2,3.0,10.3,43.2,60.5,10.4876,0.2,0.91,,,2
Idukki,Idukki_district_centroid_proxy_Painavu,UEI-IMD-FL-2022-0548,2022-07-04T12:00:00,positive,Orange,646.0,30.507,48.8,5.5622,13.625,239.3,4.0,1.7874,,1.1,4.4,5.7,35.0,66.5,8.0145,1.1,0.91,,,2
Idukki,Idukki_district_centroid_proxy_Painavu,UEI-IMD-FL-2022-0548,2022-07-04T18:00:00,positive,Red,646.0,30.507,48.8,5.5622,13.625,239.3,4.0,1.7874,,1.9,6.0,12.1,28.4,78.6,11.1114,1.9,0.91,,,3
Idukki,Idukki_district_centroid_proxy_Painavu,UEI-IMD-FL-2022-0548,2022-07-05T00:00:00,positive,Red,646.0,30.507,48.8,5.5622,13.625,239.3,4.0,1.7874,,0.9,4.3,11.9,30.0,90.5,11.2792,0.9,0.91,,,3
Idukki,Idukki_district_centroid_proxy_Painavu,UEI-IMD-FL-2022-0552,2022-07-13T00:00:00,positive,Yellow,646.0,30.507,48.8,5.5622,13.625,239.3,4.0,1.7874,,,,,,,0.8,,0.92,,,1
Idukki,Idukki_district_centroid_proxy_Painavu,UEI-IMD-FL-2022-0552,2022-07-14T00:00:00,positive,Yellow,646.0,30.507,48.8,5.5622,13.625,239.3,4.0,1.7874,,1.1,7.2,15.1,47.0,47.0,13.9162,1.1,0.93,,,1
Idukki,Idukki_district_centroid_proxy_Painavu,UEI-IMD-FL-2022-0552,2022-07-15T00:00:00,positive,Orange,646.0,30.507,48.8,5.5622,13.625,239.3,4.0,1.7874,,1.0,6.1,8.3,49.3,96.3,9.9288,1.0,0.93,,,2
Idukki,Idukki_district_centroid_proxy_Painavu,UEI-IMD-FL-2022-0552,2022-07-15T12:00:00,positive,Orange,646.0,30.507,48.8,5.5622,13.625,239.3,4.0,1.7874,,3.0,9.4,15.7,36.6,116.7,12.8046,3.0,0.93,,,2
Idukki,Idukki_district_centroid_proxy_Painavu,UEI-IMD-FL-2022-0552,2022-07-15T18:00:00,positive,Red,646.0,30.507,48.8,5.5622,13.625,239.3,4.0,1.7874,,0.1,0.4,3.0,31.7,119.7,6.1837,0.1,0.93,,,3
Idukki,Idukki_district_centroid_proxy_Painavu,UEI-IMD-FL-2022-0552,2022-07-16T00:00:00,positive,Red,646.0,30.507,48.8,5.5622,13.625,239.3,4.0,1.7874,,0.1,1.4,2.5,25.9,122.2,3.713,0.1,0.93,,,3
Idukki,Idukki_district_centroid_proxy_Painavu,UEI-IMD-FL-2022-0576,2022-08-26T00:00:00,positive,Yellow,646.0,30.507,48.8,5.5622,13.625,239.3,4.0,1.7874,,,,,,,0.1,,0.95,,,1
Idukki,Idukki_district_centroid_proxy_Painavu,UEI-IMD-FL-2022-0576,2022-08-27T00:00:00,positive,Yellow,646.0,30.507,48.8,5.5622,13.625,239.3,4.0,1.7874,,0.7,2.0,3.3,9.4,9.4,3.8604,0.7,0.96,,,1
Idukki,Idukki_district_centroid_proxy_Painavu,UEI-IMD-FL-2022-0576,2022-08-28T00:00:00,positive,Orange,646.0,30.507,48.8,5.5622,13.625,239.3,4.0,1.7874,,0.2,0.8,1.2,19.2,28.6,2.7789,0.2,0.97,,,2
Idukki,Idukki_district_centroid_proxy_Painavu,UEI-IMD-FL-2022-0576,2022-08-28T12:00:00,positive,Orange,646.0,30.507,48.8,5.5622,13.625,239.3,4.0,1.7874,,2.4,5.2,6.1,12.7,35.7,7.2899,2.4,0.97,,,2
Idukki,Idukki_district_centroid_proxy_Painavu,UEI-IMD-FL-2022-0576,2022-08-28T18:00:00,positive,Red,646.0,30.507,48.8,5.5622,13.625,239.3,4.0,1.7874,,0.1,0.6,3.4,11.7,39.1,3.5084,0.1,0.97,,,3
Idukki,Idukki_district_centroid_proxy_Painavu,UEI-IMD-FL-2022-0576,2022-08-29T00:00:00,positive,Red,646.0,30.507,48.8,5.5622,13.625,239.3,4.0,1.7874,,0.2,0.4,0.8,11.3,39.9,1.8756,0.2,0.97,,,3
Rudraprayag,Rudraprayag_town,UEI-IMD-FL-2001-0098,2001-07-03T00:00:00,positive,Yellow,683.0,18.862,6.31,5.5296,7.375,159.8,2.0,2.3319,624.7,,,,,,0.0,,0.73,,,1
Rudraprayag,Rudraprayag_town,UEI-IMD-FL-2001-0098,2001-07-04T00:00:00,positive,Yellow,683.0,18.862,6.31,5.5296,7.375,159.8,2.0,2.3319,624.7,0.0,0.0,2.3,13.5,13.5,1.8923,0.0,0.72,,,1
Rudraprayag,Rudraprayag_town,UEI-IMD-FL-2001-0098,2001-07-05T00:00:00,positive,Orange,683.0,18.862,6.31,5.5296,7.375,159.8,2.0,2.3319,624.7,0.0,0.0,0.7,10.6,24.1,1.5141,0.0,0.71,,,2
Rudraprayag,Rudraprayag_town,UEI-IMD-FL-2001-0098,2001-07-05T12:00:00,positive,Orange,683.0,18.862,6.31,5.5296,7.375,159.8,2.0,2.3319,624.7,0.3,1.2,1.3,2.6,25.5,1.247,0.3,0.73,,,2
Rudraprayag,Rudraprayag_town,UEI-IMD-FL-2001-0098,2001-07-05T18:00:00,positive,Red,683.0,18.862,6.31,5.5296,7.375,159.8,2.0,2.3319,624.7,0.0,0.0,0.3,2.4,25.8,0.5669,0.0,0.76,,,3
Rudraprayag,Rudraprayag_town,UEI-IMD-FL-2001-0098,2001-07-06T00:00:00,positive,Red,683.0,18.862,6.31,5.5296,7.375,159.8,2.0,2.3319,624.7,0.0,0.3,0.6,2.3,26.4,0.5655,0.0,0.76,,,3
Rudraprayag,Rudraprayag_town,UEI-IMD-FL-2001-0100,2001-07-15T00:00:00,positive,Yellow,683.0,18.862,6.31,5.5296,7.375,159.8,2.0,2.3319,624.7,,,,,,0.5,,0.8,,,1
Rudraprayag,Rudraprayag_town,UEI-IMD-FL-2001-0100,2001-07-16T00:00:00,positive,Yellow,683.0,18.862,6.31,5.5296,7.375,159.8,2.0,2.3319,624.7,0.0,0.5,1.1,12.3,12.3,2.0664,0.0,0.85,,,1
Rudraprayag,Rudraprayag_town,UEI-IMD-FL-2001-0100,2001-07-17T00:00:00,positive,Orange,683.0,18.862,6.31,5.5296,7.375,159.8,2.0,2.3319,624.7,2.4,5.9,8.8,37.1,49.4,11.654,2.4,0.85,,,2
Rudraprayag,Rudraprayag_town,UEI-IMD-FL-2001-0100,2001-07-17T12:00:00,positive,Orange,683.0,18.862,6.31,5.5296,7.375,159.8,2.0,2.3319,624.7,2.2,9.3,17.9,48.5,80.5,15.8758,2.2,0.86,,,2
Rudraprayag,Rudraprayag_town,UEI-IMD-FL-2001-0100,2001-07-17T18:00:00,positive,Red,683.0,18.862,6.31,5.5296,7.375,159.8,2.0,2.3319,624.7,0.4,1.2,3.7,43.6,84.2,7.8782,0.4,0.86,,,3
Rudraprayag,Rudraprayag_town,UEI-IMD-FL-2001-0100,2001-07-18T00:00:00,positive,Red,683.0,18.862,6.31,5.5296,7.375,159.8,2.0,2.3319,624.7,0.0,0.8,2.3,37.1,86.5,4.0349,0.0,0.86,,,3
Rudraprayag,Rudraprayag_town,UEI-IMD-FL-2005-0149,2005-07-18T00:00:00,positive,Yellow,683.0,18.862,6.31,5.5296,7.375,159.8,2.0,2.3319,624.7,,,,,,0.0,,0.79,,,1
Rudraprayag,Rudraprayag_town,UEI-IMD-FL-2005-0149,2005-07-19T00:00:00,positive,Yellow,683.0,18.862,6.31,5.5296,7.375,159.8,2.0,2.3319,624.7,0.0,0.0,0.1,3.5,3.5,0.4057,0.0,0.8,,,1
Rudraprayag,Rudraprayag_town,UEI-IMD-FL-2005-0149,2005-07-20T00:00:00,positive,Orange,683.0,18.862,6.31,5.5296,7.375,159.8,2.0,2.3319,624.7,0.0,0.0,0.5,1.2,4.7,0.2788,0.0,0.79,,,2
Rudraprayag,Rudraprayag_town,UEI-IMD-FL-2005-0149,2005-07-20T12:00:00,positive,Orange,683.0,18.862,6.31,5.5296,7.375,159.8,2.0,2.3319,624.7,1.2,1.8,2.4,2.9,7.1,2.0467,1.2,0.78,,,2
Rudraprayag,Rudraprayag_town,UEI-IMD-FL-2005-0149,2005-07-20T18:00:00,positive,Red,683.0,18.862,6.31,5.5296,7.375,159.8,2.0,2.3319,624.7,0.0,0.0,0.6,3.5,7.7,0.905,0.0,0.78,,,3
Rudraprayag,Rudraprayag_town,UEI-IMD-FL-2005-0149,2005-07-21T00:00:00,positive,Red,683.0,18.862,6.31,5.5296,7.375,159.8,2.0,2.3319,624.7,0.0,0.4,1.0,4.0,8.7,0.8797,0.0,0.78,,,3
Rudraprayag,Rudraprayag_town,UEI-IMD-FL-2012-0078,2012-09-10T00:00:00,positive,Yellow,683.0,18.862,6.31,5.5296,7.375,159.8,2.0,2.3319,624.7,,,,,,0.0,,0.97,,,1
Rudraprayag,Rudraprayag_town,UEI-IMD-FL-2012-0078,2012-09-11T00:00:00,positive,Yellow,683.0,18.862,6.31,5.5296,7.375,159.8,2.0,2.3319,624.7,0.0,0.0,0.2,1.3,1.3,0.2313,0.0,0.96,,,1
Rudraprayag,Rudraprayag_town,UEI-IMD-FL-2012-0078,2012-09-12T00:00:00,positive,Orange,683.0,18.862,6.31,5.5296,7.375,159.8,2.0,2.3319,624.7,0.0,0.0,0.0,1.7,3.0,0.1646,0.0,0.98,,,2
Rudraprayag,Rudraprayag_town,UEI-IMD-FL-2012-0078,2012-09-12T12:00:00,positive,Orange,683.0,18.862,6.31,5.5296,7.375,159.8,2.0,2.3319,624.7,0.0,0.5,2.0,2.1,5.0,1.1195,0.0,0.98,,,2
Rudraprayag,Rudraprayag_town,UEI-IMD-FL-2012-0078,2012-09-12T18:00:00,positive,Red,683.0,18.862,6.31,5.5296,7.375,159.8,2.0,2.3319,624.7,0.0,0.0,0.0,2.0,5.0,0.4222,0.0,0.98,,,3
Rudraprayag,Rudraprayag_town,UEI-IMD-FL-2012-0078,2012-09-13T00:00:00,positive,Red,683.0,18.862,6.31,5.5296,7.375,159.8,2.0,2.3319,624.7,0.0,0.3,0.7,2.7,5.7,0.5475,0.0,0.99,,,3
Rudraprayag,Kedarnath,UEI-IMD-FL-2013-0131,2013-06-11T00:00:00,positive,Yellow,3541.0,2.141,149.87,8.0295,0.875,85.7,3.0,3.5517,,,,,,,0.0,,0.6,,,1
Rudraprayag,Kedarnath,UEI-IMD-FL-2013-0131,2013-06-12T00:00:00,positive,Yellow,3541.0,2.141,149.87,8.0295,0.875,85.7,3.0,3.5517,,1.6,5.9,11.1,20.9,20.9,9.5285,1.6,0.63,,,1
Rudraprayag,Kedarnath,UEI-IMD-FL-2013-0131,2013-06-13T00:00:00,positive,Orange,3541.0,2.141,149.87,8.0295,0.875,85.7,3.0,3.5517,,0.0,0.3,0.5,4.4,25.3,0.6566,0.0,0.63,,,2
Rudraprayag,Kedarnath,UEI-IMD-FL-2013-0131,2013-06-13T12:00:00,positive,Orange,3541.0,2.141,149.87,8.0295,0.875,85.7,3.0,3.5517,,0.7,1.4,1.8,2.8,27.1,2.2548,0.7,0.67,,,2
Rudraprayag,Kedarnath,UEI-IMD-FL-2013-0131,2013-06-13T18:00:00,positive,Red,3541.0,2.141,149.87,8.0295,0.875,85.7,3.0,3.5517,,0.0,0.0,2.2,4.5,29.3,1.7585,0.0,0.69,,,3
Rudraprayag,Kedarnath,UEI-IMD-FL-2013-0131,2013-06-14T00:00:00,positive,Red,3541.0,2.141,149.87,8.0295,0.875,85.7,3.0,3.5517,,2.3,7.3,11.2,15.2,40.5,9.7294,2.3,0.69,,,3
Rudraprayag,Rudraprayag_town,UEI-IMD-FL-2019-0150,2019-04-04T00:00:00,positive,Yellow,683.0,18.862,6.31,5.5296,7.375,159.8,2.0,2.3319,624.7,,,,,,0.0,,0.62,,,1
Rudraprayag,Rudraprayag_town,UEI-IMD-FL-2019-0150,2019-04-05T00:00:00,positive,Yellow,683.0,18.862,6.31,5.5296,7.375,159.8,2.0,2.3319,624.7,0.0,0.0,0.0,0.6,0.6,0.05,0.0,0.62,,,1
Rudraprayag,Rudraprayag_town,UEI-IMD-FL-2019-0150,2019-04-06T00:00:00,positive,Orange,683.0,18.862,6.31,5.5296,7.375,159.8,2.0,2.3319,624.7,0.0,0.0,0.0,4.9,5.5,1.1617,0.0,0.61,,,2
Rudraprayag,Rudraprayag_town,UEI-IMD-FL-2019-0150,2019-04-06T12:00:00,positive,Orange,683.0,18.862,6.31,5.5296,7.375,159.8,2.0,2.3319,624.7,0.0,0.2,1.2,6.1,6.7,0.8101,0.0,0.61,,,2
Rudraprayag,Rudraprayag_town,UEI-IMD-FL-2019-0150,2019-04-06T18:00:00,positive,Red,683.0,18.862,6.31,5.5296,7.375,159.8,2.0,2.3319,624.7,0.0,0.0,0.0,1.2,6.7,0.3055,0.0,0.61,,,3
Rudraprayag,Rudraprayag_town,UEI-IMD-FL-2019-0150,2019-04-07T00:00:00,positive,Red,683.0,18.862,6.31,5.5296,7.375,159.8,2.0,2.3319,624.7,0.0,0.0,0.0,1.2,6.7,0.1152,0.0,0.61,,,3
Rudraprayag,Rudraprayag_town,UEI-IMD-FL-2019-0152,2019-08-05T00:00:00,positive,Yellow,683.0,18.862,6.31,5.5296,7.375,159.8,2.0,2.3319,624.7,,,,,,0.6,,0.7,,,1
Rudraprayag,Rudraprayag_town,UEI-IMD-FL-2019-0152,2019-08-06T00:00:00,positive,Yellow,683.0,18.862,6.31,5.5296,7.375,159.8,2.0,2.3319,624.7,0.0,0.0,0.2,7.0,7.0,1.5016,0.0,0.71,,,1
Rudraprayag,Rudraprayag_town,UEI-IMD-FL-2019-0152,2019-08-07T00:00:00,positive,Orange,683.0,18.862,6.31,5.5296,7.375,159.8,2.0,2.3319,624.7,0.1,0.5,0.5,11.2,18.2,1.1424,0.1,0.71,,,2
Rudraprayag,Rudraprayag_town,UEI-IMD-FL-2019-0152,2019-08-07T12:00:00,positive,Orange,683.0,18.862,6.31,5.5296,7.375,159.8,2.0,2.3319,624.7,0.0,0.2,0.7,3.4,21.0,0.8989,0.0,0.71,,,2
Rudraprayag,Rudraprayag_town,UEI-IMD-FL-2019-0152,2019-08-07T18:00:00,positive,Red,683.0,18.862,6.31,5.5296,7.375,159.8,2.0,2.3319,624.7,0.0,0.0,0.0,3.3,21.0,0.339,0.0,0.71,,,3
Rudraprayag,Rudraprayag_town,UEI-IMD-FL-2019-0152,2019-08-08T00:00:00,positive,Red,683.0,18.862,6.31,5.5296,7.375,159.8,2.0,2.3319,624.7,0.0,0.0,0.0,2.8,21.0,0.1279,0.0,0.71,,,3
Rudraprayag,Rudraprayag_town,UEI-IMD-FL-2022-1098,2022-07-16T00:00:00,positive,Yellow,683.0,18.862,6.31,5.5296,7.375,159.8,2.0,2.3319,624.7,,,,,,0.0,,0.72,622.07,0.02,1
Rudraprayag,Rudraprayag_town,UEI-IMD-FL-2022-1098,2022-07-17T00:00:00,positive,Yellow,683.0,18.862,6.31,5.5296,7.375,159.8,2.0,2.3319,624.7,0.0,0.0,0.4,0.4,0.4,0.1775,0.0,0.71,621.65,0.05,1
Rudraprayag,Rudraprayag_town,UEI-IMD-FL-2022-1098,2022-07-18T00:00:00,positive,Orange,683.0,18.862,6.31,5.5296,7.375,159.8,2.0,2.3319,624.7,0.0,0.0,0.0,0.3,0.7,0.0402,0.0,0.71,621.62,0.02,2
Rudraprayag,Rudraprayag_town,UEI-IMD-FL-2022-1098,2022-07-18T12:00:00,positive,Orange,683.0,18.862,6.31,5.5296,7.375,159.8,2.0,2.3319,624.7,0.1,0.1,0.7,0.9,1.5,0.4769,0.1,0.7,617.84,-0.02,2
Rudraprayag,Rudraprayag_town,UEI-IMD-FL-2022-1098,2022-07-18T18:00:00,positive,Red,683.0,18.862,6.31,5.5296,7.375,159.8,2.0,2.3319,624.7,0.6,0.9,1.0,1.8,2.5,1.3066,0.6,0.7,617.58,-0.06,3
Rudraprayag,Rudraprayag_town,UEI-IMD-FL-2022-1098,2022-07-19T00:00:00,positive,Red,683.0,18.862,6.31,5.5296,7.375,159.8,2.0,2.3319,624.7,0.0,0.1,1.0,2.8,3.5,0.8074,0.0,0.7,621.45,0.05,3
Rudraprayag,Rudraprayag_town,UEI-IMD-FL-2023-0574,2023-06-22T00:00:00,positive,Yellow,683.0,18.862,6.31,5.5296,7.375,159.8,2.0,2.3319,624.7,,,,,,0.0,,0.59,619.8,0.0,1
Rudraprayag,Rudraprayag_town,UEI-IMD-FL-2023-0574,2023-06-23T00:00:00,positive,Yellow,683.0,18.862,6.31,5.5296,7.375,159.8,2.0,2.3319,624.7,0.0,0.2,0.2,2.0,2.0,0.2216,0.0,0.61,619.94,0.04,1
Rudraprayag,Rudraprayag_town,UEI-IMD-FL-2023-0574,2023-06-24T00:00:00,positive,Orange,683.0,18.862,6.31,5.5296,7.375,159.8,2.0,2.3319,624.7,0.0,0.4,0.5,4.8,6.8,0.805,0.0,0.61,619.98,0.04,2
Rudraprayag,Rudraprayag_town,UEI-IMD-FL-2023-0574,2023-06-24T12:00:00,positive,Orange,683.0,18.862,6.31,5.5296,7.375,159.8,2.0,2.3319,624.7,0.0,0.0,0.0,2.5,6.8,0.1145,0.0,0.63,617.76,0.0,2
Rudraprayag,Rudraprayag_town,UEI-IMD-FL-2023-0574,2023-06-24T18:00:00,positive,Red,683.0,18.862,6.31,5.5296,7.375,159.8,2.0,2.3319,624.7,0.1,0.1,0.1,0.6,6.9,0.1282,0.1,0.64,617.1,-0.2,3
Rudraprayag,Rudraprayag_town,UEI-IMD-FL-2023-0574,2023-06-25T00:00:00,positive,Red,683.0,18.862,6.31,5.5296,7.375,159.8,2.0,2.3319,624.7,0.1,2.3,3.7,3.8,10.6,4.2507,0.1,0.65,620.64,0.09,3
Rudraprayag,Rudraprayag_town,UEI-IMD-FL-2023-0580,2023-07-08T00:00:00,positive,Yellow,683.0,18.862,6.31,5.5296,7.375,159.8,2.0,2.3319,624.7,,,,,,1.4,,0.74,620.96,0.08,1
Rudraprayag,Rudraprayag_town,UEI-IMD-FL-2023-0580,2023-07-09T00:00:00,positive,Yellow,683.0,18.862,6.31,5.5296,7.375,159.8,2.0,2.3319,624.7,0.3,2.2,4.7,16.2,16.2,6.9964,0.3,0.79,620.48,0.03,1
Rudraprayag,Rudraprayag_town,UEI-IMD-FL-2023-0580,2023-07-10T00:00:00,positive,Orange,683.0,18.862,6.31,5.5296,7.375,159.8,2.0,2.3319,624.7,1.3,11.2,21.1,30.9,47.1,13.2258,1.3,0.81,621.6,-0.05,2
Rudraprayag,Rudraprayag_town,UEI-IMD-FL-2023-0580,2023-07-10T12:00:00,positive,Orange,683.0,18.862,6.31,5.5296,7.375,159.8,2.0,2.3319,624.7,0.1,0.2,21.9,43.5,69.1,12.35,0.1,0.83,617.8,-0.04,2
Rudraprayag,Rudraprayag_town,UEI-IMD-FL-2023-0580,2023-07-10T18:00:00,positive,Red,683.0,18.862,6.31,5.5296,7.375,159.8,2.0,2.3319,624.7,2.2,9.0,13.1,56.2,82.2,12.8579,2.2,0.84,617.66,0.0,3
Rudraprayag,Rudraprayag_town,UEI-IMD-FL-2023-0580,2023-07-11T00:00:00,positive,Red,683.0,18.862,6.31,5.5296,7.375,159.8,2.0,2.3319,624.7,5.9,5.9,5.9,41.0,88.1,20.3644,5.9,0.84,621.95,0.25,3
Rudraprayag,Rudraprayag_town,UEI-IMD-FL-2023-0582,2023-07-13T00:00:00,positive,Yellow,683.0,18.862,6.31,5.5296,7.375,159.8,2.0,2.3319,624.7,,,,,,5.0,,0.87,622.45,0.0,1
Rudraprayag,Rudraprayag_town,UEI-IMD-FL-2023-0582,2023-07-14T00:00:00,positive,Yellow,683.0,18.862,6.31,5.5296,7.375,159.8,2.0,2.3319,624.7,0.1,3.7,10.5,23.7,23.7,6.3829,0.1,0.87,622.38,0.08,1
Rudraprayag,Rudraprayag_town,UEI-IMD-FL-2023-0582,2023-07-15T00:00:00,positive,Orange,683.0,18.862,6.31,5.5296,7.375,159.8,2.0,2.3319,624.7,0.0,0.3,4.2,4.8,28.5,2.3769,0.0,0.87,621.54,0.04,2
Rudraprayag,Rudraprayag_town,UEI-IMD-FL-2023-0582,2023-07-15T12:00:00,positive,Orange,683.0,18.862,6.31,5.5296,7.375,159.8,2.0,2.3319,624.7,0.6,3.2,3.5,8.1,32.0,2.9899,0.6,0.86,618.12,-0.04,2
Rudraprayag,Rudraprayag_town,UEI-IMD-FL-2023-0582,2023-07-15T18:00:00,positive,Red,683.0,18.862,6.31,5.5296,7.375,159.8,2.0,2.3319,624.7,0.6,0.6,1.1,8.8,33.1,6.882,0.6,0.86,617.86,-0.04,3
Rudraprayag,Rudraprayag_town,UEI-IMD-FL-2023-0582,2023-07-16T00:00:00,positive,Red,683.0,18.862,6.31,5.5296,7.375,159.8,2.0,2.3319,624.7,9.6,22.2,31.3,35.9,64.4,27.0094,9.6,0.86,621.5,0.05,3
Rudraprayag,Rudraprayag_town,UEI-IMD-FL-2023-0583,2023-07-14T00:00:00,positive,Yellow,683.0,18.862,6.31,5.5296,7.375,159.8,2.0,2.3319,624.7,,,,,,0.0,,0.87,622.38,0.08,1
Rudraprayag,Rudraprayag_town,UEI-IMD-FL-2023-0583,2023-07-15T00:00:00,positive,Yellow,683.0,18.862,6.31,5.5296,7.375,159.8,2.0,2.3319,624.7,0.0,0.3,4.2,4.8,4.8,2.2477,0.0,0.87,621.54,0.04,1
Rudraprayag,Rudraprayag_town,UEI-IMD-FL-2023-0583,2023-07-16T00:00:00,positive,Orange,683.0,18.862,6.31,5.5296,7.375,159.8,2.0,2.3319,624.7,9.6,22.2,31.3,35.9,40.7,27.0068,9.6,0.86,621.5,0.05,2
Rudraprayag,Rudraprayag_town,UEI-IMD-FL-2023-0583,2023-07-16T12:00:00,positive,Orange,683.0,18.862,6.31,5.5296,7.375,159.8,2.0,2.3319,624.7,0.3,3.8,3.9,59.8,68.1,9.6646,0.3,0.86,620.7,-0.1,2
Rudraprayag,Rudraprayag_town,UEI-IMD-FL-2023-0583,2023-07-16T18:00:00,positive,Red,683.0,18.862,6.31,5.5296,7.375,159.8,2.0,2.3319,624.7,0.3,0.8,2.1,60.8,70.2,4.9182,0.3,0.86,620.06,-0.08,3
Rudraprayag,Rudraprayag_town,UEI-IMD-FL-2023-0583,2023-07-17T00:00:00,positive,Red,683.0,18.862,6.31,5.5296,7.375,159.8,2.0,2.3319,624.7,0.5,2.6,3.0,32.5,73.2,5.1542,0.5,0.86,622.7,0.05,3
Rudraprayag,Rudraprayag_town,UEI-IMD-FL-2023-0584,2023-08-01T00:00:00,positive,Yellow,683.0,18.862,6.31,5.5296,7.375,159.8,2.0,2.3319,624.7,,,,,,0.0,,0.88,622.38,0.0,1
Rudraprayag,Rudraprayag_town,UEI-IMD-FL-2023-0584,2023-08-02T00:00:00,positive,Yellow,683.0,18.862,6.31,5.5296,7.375,159.8,2.0,2.3319,624.7,0.1,0.5,2.2,3.2,3.2,1.2761,0.1,0.87,622.32,0.04,1
Rudraprayag,Rudraprayag_town,UEI-IMD-FL-2023-0584,2023-08-03T00:00:00,positive,Orange,683.0,18.862,6.31,5.5296,7.375,159.8,2.0,2.3319,624.7,0.1,0.2,0.2,14.1,17.3,1.1188,0.1,0.86,622.38,0.02,2
Rudraprayag,Rudraprayag_town,UEI-IMD-FL-2023-0584,2023-08-03T12:00:00,positive,Orange,683.0,18.862,6.31,5.5296,7.375,159.8,2.0,2.3319,624.7,0.0,0.2,0.5,0.9,17.8,0.4307,0.0,0.87,618.76,-0.02,2
Rudraprayag,Rudraprayag_town,UEI-IMD-FL-2023-0584,2023-08-03T18:00:00,positive,Red,683.0,18.862,6.31,5.5296,7.375,159.8,2.0,2.3319,624.7,0.1,0.3,1.0,1.7,18.8,0.7995,0.1,0.88,618.5,-0.06,3
Rudraprayag,Rudraprayag_town,UEI-IMD-FL-2023-0584,2023-08-04T00:00:00,positive,Red,683.0,18.862,6.31,5.5296,7.375,159.8,2.0,2.3319,624.7,0.6,1.9,2.2,3.7,21.0,2.1282,0.6,0.89,622.38,0.02,3
Rudraprayag,Rudraprayag_town,UEI-IMD-FL-2023-0586,2023-08-04T00:00:00,positive,Yellow,683.0,18.862,6.31,5.5296,7.375,159.8,2.0,2.3319,624.7,,,,,,0.4,,0.89,622.38,0.02,1
Rudraprayag,Rudraprayag_town,UEI-IMD-FL-2023-0586,2023-08-05T00:00:00,positive,Yellow,683.0,18.862,6.31,5.5296,7.375,159.8,2.0,2.3319,624.7,0.0,0.0,0.0,12.3,12.3,0.5406,0.0,0.9,623.15,0.05,1
Rudraprayag,Rudraprayag_town,UEI-IMD-FL-2023-0586,2023-08-06T00:00:00,positive,Orange,683.0,18.862,6.31,5.5296,7.375,159.8,2.0,2.3319,624.7,0.1,0.4,1.0,4.1,16.4,1.0874,0.1,0.9,622.66,0.06,2
Rudraprayag,Rudraprayag_town,UEI-IMD-FL-2023-0586,2023-08-06T12:00:00,positive,Orange,683.0,18.862,6.31,5.5296,7.375,159.8,2.0,2.3319,624.7,0.0,0.1,0.5,4.0,17.3,0.6026,0.0,0.9,620.7,-0.1,2
Rudraprayag,Rudraprayag_town,UEI-IMD-FL-2023-0586,2023-08-06T18:00:00,positive,Red,683.0,18.862,6.31,5.5296,7.375,159.8,2.0,2.3319,624.7,2.2,3.7,4.9,6.8,22.2,6.5246,2.2,0.9,619.78,-0.12,3
Rudraprayag,Rudraprayag_town,UEI-IMD-FL-2023-0586,2023-08-07T00:00:00,positive,Red,683.0,18.862,6.31,5.5296,7.375,159.8,2.0,2.3319,624.7,0.1,1.0,13.1,18.9,35.3,7.7154,0.1,0.9,623.28,0.1,3
Rudraprayag,Rudraprayag_town,UEI-IMD-FL-2023-0587,2023-08-06T00:00:00,positive,Yellow,683.0,18.862,6.31,5.5296,7.375,159.8,2.0,2.3319,624.7,,,,,,0.0,,0.9,622.66,0.06,1
Rudraprayag,Rudraprayag_town,UEI-IMD-FL-2023-0587,2023-08-07T00:00:00,positive,Yellow,683.0,18.862,6.31,5.5296,7.375,159.8,2.0,2.3319,624.7,0.1,1.0,13.1,18.9,18.9,7.6934,0.1,0.9,623.28,0.1,1
Rudraprayag,Rudraprayag_town,UEI-IMD-FL-2023-0587,2023-08-08T00:00:00,positive,Orange,683.0,18.862,6.31,5.5296,7.375,159.8,2.0,2.3319,624.7,0.0,0.1,2.4,15.9,34.8,3.5656,0.0,0.89,622.75,0.05,2
Rudraprayag,Rudraprayag_town,UEI-IMD-FL-2023-0587,2023-08-08T12:00:00,positive,Orange,683.0,18.862,6.31,5.5296,7.375,159.8,2.0,2.3319,624.7,0.1,0.6,0.7,14.1,35.7,2.7344,0.1,0.89,619.5,-0.04,2
Rudraprayag,Rudraprayag_town,UEI-IMD-FL-2023-0587,2023-08-08T18:00:00,positive,Red,683.0,18.862,6.31,5.5296,7.375,159.8,2.0,2.3319,624.7,0.1,1.4,3.7,7.0,39.4,2.4399,0.1,0.89,618.98,-0.1,3
Rudraprayag,Rudraprayag_town,UEI-IMD-FL-2023-0587,2023-08-09T00:00:00,positive,Red,683.0,18.862,6.31,5.5296,7.375,159.8,2.0,2.3319,624.7,0.0,0.6,1.0,5.6,40.4,1.4394,0.0,0.89,622.94,0.04,3
Rudraprayag,Rudraprayag_town,UEI-IMD-FL-2023-0589,2023-08-07T00:00:00,positive,Yellow,683.0,18.862,6.31,5.5296,7.375,159.8,2.0,2.3319,624.7,,,,,,0.2,,0.9,623.28,0.1,1
Rudraprayag,Rudraprayag_town,UEI-IMD-FL-2023-0589,2023-08-08T00:00:00,positive,Yellow,683.0,18.862,6.31,5.5296,7.375,159.8,2.0,2.3319,624.7,0.0,0.1,2.4,15.9,15.9,3.414,0.0,0.89,622.75,0.05,1
Rudraprayag,Rudraprayag_town,UEI-IMD-FL-2023-0589,2023-08-09T00:00:00,positive,Orange,683.0,18.862,6.31,5.5296,7.375,159.8,2.0,2.3319,624.7,0.0,0.6,1.0,5.6,21.5,1.4364,0.0,0.89,622.94,0.04,2
Rudraprayag,Rudraprayag_town,UEI-IMD-FL-2023-0589,2023-08-09T12:00:00,positive,Orange,683.0,18.862,6.31,5.5296,7.375,159.8,2.0,2.3319,624.7,0.0,0.1,0.1,6.4,23.2,0.5924,0.0,0.88,619.4,-0.04,2
Rudraprayag,Rudraprayag_town,UEI-IMD-FL-2023-0589,2023-08-09T18:00:00,positive,Red,683.0,18.862,6.31,5.5296,7.375,159.8,2.0,2.3319,624.7,0.0,0.2,1.8,4.5,25.0,1.0748,0.0,0.88,619.02,-0.08,3
Rudraprayag,Rudraprayag_town,UEI-IMD-FL-2023-0589,2023-08-10T00:00:00,positive,Red,683.0,18.862,6.31,5.5296,7.375,159.8,2.0,2.3319,624.7,0.0,0.0,0.2,3.7,25.2,0.5019,0.0,0.88,622.94,0.08,3
Chamoli,Gopeshwar,UEI-IMD-FL-1979-0057,1979-03-06T00:00:00,positive,Yellow,1048.0,34.637,237.43,5.336,14.25,162.3,4.0,1.9727,,,,,,,1.9,,,,,1
Chamoli,Gopeshwar,UEI-IMD-FL-1979-0057,1979-03-07T00:00:00,positive,Yellow,1048.0,34.637,237.43,5.336,14.25,162.3,4.0,1.9727,,0.9,3.0,6.5,27.9,27.9,7.0011,0.9,,,,1
Chamoli,Gopeshwar,UEI-IMD-FL-1979-0057,1979-03-08T00:00:00,positive,Orange,1048.0,34.637,237.43,5.336,14.25,162.3,4.0,1.9727,,0.3,1.2,2.3,12.1,40.0,2.4202,0.3,,,,2
Chamoli,Gopeshwar,UEI-IMD-FL-1979-0057,1979-03-08T12:00:00,positive,Orange,1048.0,34.637,237.43,5.336,14.25,162.3,4.0,1.9727,,0.9,1.8,2.6,7.6,42.6,2.9,0.9,,,,2
Chamoli,Gopeshwar,UEI-IMD-FL-1979-0057,1979-03-08T18:00:00,positive,Red,1048.0,34.637,237.43,5.336,14.25,162.3,4.0,1.9727,,1.5,4.6,7.2,12.1,49.8,6.6169,1.5,,,,3
Chamoli,Gopeshwar,UEI-IMD-FL-1979-0057,1979-03-09T00:00:00,positive,Red,1048.0,34.637,237.43,5.336,14.25,162.3,4.0,1.9727,,0.0,0.5,3.4,13.2,53.2,3.5782,0.0,,,,3
Chamoli,Gopeshwar,UEI-IMD-FL-1979-0058,1979-07-05T00:00:00,positive,Yellow,1048.0,34.637,237.43,5.336,14.25,162.3,4.0,1.9727,,,,,,,0.0,,,,,1
Chamoli,Gopeshwar,UEI-IMD-FL-1979-0058,1979-07-06T00:00:00,positive,Yellow,1048.0,34.637,237.43,5.336,14.25,162.3,4.0,1.9727,,0.0,0.1,0.1,2.2,2.2,0.2175,0.0,,,,1
Chamoli,Gopeshwar,UEI-IMD-FL-1979-0058,1979-07-07T00:00:00,positive,Orange,1048.0,34.637,237.43,5.336,14.25,162.3,4.0,1.9727,,0.0,0.0,0.0,0.7,2.9,0.063,0.0,,,,2
Chamoli,Gopeshwar,UEI-IMD-FL-1979-0058,1979-07-07T12:00:00,positive,Orange,1048.0,34.637,237.43,5.336,14.25,162.3,4.0,1.9727,,0.2,0.2,0.4,0.4,3.3,0.6677,0.2,,,,2
Chamoli,Gopeshwar,UEI-IMD-FL-1979-0058,1979-07-07T18:00:00,positive,Red,1048.0,34.637,237.43,5.336,14.25,162.3,4.0,1.9727,,0.0,0.0,0.5,0.9,3.8,0.2962,0.0,,,,3
Chamoli,Gopeshwar,UEI-IMD-FL-1979-0058,1979-07-08T00:00:00,positive,Red,1048.0,34.637,237.43,5.336,14.25,162.3,4.0,1.9727,,0.0,0.2,0.3,1.2,4.1,0.2867,0.0,,,,3
Chamoli,Gopeshwar,UEI-IMD-FL-1982-0052,1982-08-05T00:00:00,positive,Yellow,1048.0,34.637,237.43,5.336,14.25,162.3,4.0,1.9727,,,,,,,3.0,,,,,1
Chamoli,Gopeshwar,UEI-IMD-FL-1982-0052,1982-08-06T00:00:00,positive,Yellow,1048.0,34.637,237.43,5.336,14.25,162.3,4.0,1.9727,,0.5,1.3,2.6,15.3,15.3,2.8855,0.5,,,,1
Chamoli,Gopeshwar,UEI-IMD-FL-1982-0052,1982-08-07T00:00:00,positive,Orange,1048.0,34.637,237.43,5.336,14.25,162.3,4.0,1.9727,,0.6,2.4,4.1,11.8,27.1,3.8364,0.6,,,,2
Chamoli,Gopeshwar,UEI-IMD-FL-1982-0052,1982-08-07T12:00:00,positive,Orange,1048.0,34.637,237.43,5.336,14.25,162.3,4.0,1.9727,,0.3,3.1,5.6,16.7,39.6,5.0624,0.3,,,,2
Chamoli,Gopeshwar,UEI-IMD-FL-1982-0052,1982-08-07T18:00:00,positive,Red,1048.0,34.637,237.43,5.336,14.25,162.3,4.0,1.9727,,0.7,0.8,0.8,17.4,40.4,2.9765,0.7,,,,3
Chamoli,Gopeshwar,UEI-IMD-FL-1982-0052,1982-08-08T00:00:00,positive,Red,1048.0,34.637,237.43,5.336,14.25,162.3,4.0,1.9727,,1.1,2.4,4.0,17.3,44.4,4.3064,1.1,,,,3
Chamoli,Gopeshwar,UEI-IMD-FL-1991-0100,1991-08-12T00:00:00,positive,Yellow,1048.0,34.637,237.43,5.336,14.25,162.3,4.0,1.9727,,,,,,,0.0,,,,,1
Chamoli,Gopeshwar,UEI-IMD-FL-1991-0100,1991-08-13T00:00:00,positive,Yellow,1048.0,34.637,237.43,5.336,14.25,162.3,4.0,1.9727,,0.0,0.0,0.0,0.2,0.2,0.0137,0.0,,,,1
Chamoli,Gopeshwar,UEI-IMD-FL-1991-0100,1991-08-14T00:00:00,positive,Orange,1048.0,34.637,237.43,5.336,14.25,162.3,4.0,1.9727,,0.1,0.1,0.1,0.4,0.6,0.2077,0.1,,,,2
Chamoli,Gopeshwar,UEI-IMD-FL-1991-0100,1991-08-14T12:00:00,positive,Orange,1048.0,34.637,237.43,5.336,14.25,162.3,4.0,1.9727,,0.2,0.4,0.7,1.0,1.5,0.6171,0.2,,,,2
Chamoli,Gopeshwar,UEI-IMD-FL-1991-0100,1991-08-14T18:00:00,positive,Red,1048.0,34.637,237.43,5.336,14.25,162.3,4.0,1.9727,,0.0,0.3,0.4,1.4,1.9,0.4278,0.0,,,,3
Chamoli,Gopeshwar,UEI-IMD-FL-1991-0100,1991-08-15T00:00:00,positive,Red,1048.0,34.637,237.43,5.336,14.25,162.3,4.0,1.9727,,0.2,0.6,1.3,2.6,3.2,1.1406,0.2,,,,3
Chamoli,Gopeshwar,UEI-IMD-FL-2001-0098,2001-07-03T00:00:00,positive,Yellow,1048.0,34.637,237.43,5.336,14.25,162.3,4.0,1.9727,,,,,,,0.0,,0.59,,,1
Chamoli,Gopeshwar,UEI-IMD-FL-2001-0098,2001-07-04T00:00:00,positive,Yellow,1048.0,34.637,237.43,5.336,14.25,162.3,4.0,1.9727,,0.0,0.0,0.8,12.5,12.5,1.3027,0.0,0.59,,,1
Chamoli,Gopeshwar,UEI-IMD-FL-2001-0098,2001-07-05T00:00:00,positive,Orange,1048.0,34.637,237.43,5.336,14.25,162.3,4.0,1.9727,,0.0,0.0,0.0,10.1,22.6,1.2173,0.0,0.58,,,2
Chamoli,Gopeshwar,UEI-IMD-FL-2001-0098,2001-07-05T12:00:00,positive,Orange,1048.0,34.637,237.43,5.336,14.25,162.3,4.0,1.9727,,0.3,0.8,0.9,2.3,23.6,1.1375,0.3,0.59,,,2
Chamoli,Gopeshwar,UEI-IMD-FL-2001-0098,2001-07-05T18:00:00,positive,Red,1048.0,34.637,237.43,5.336,14.25,162.3,4.0,1.9727,,0.0,0.0,0.5,1.5,24.1,0.5177,0.0,0.61,,,3
Chamoli,Gopeshwar,UEI-IMD-FL-2001-0098,2001-07-06T00:00:00,positive,Red,1048.0,34.637,237.43,5.336,14.25,162.3,4.0,1.9727,,0.0,0.5,0.7,2.2,24.8,0.6314,0.0,0.62,,,3
Chamoli,Gopeshwar,UEI-IMD-FL-2004-0064,2004-07-03T00:00:00,positive,Yellow,1048.0,34.637,237.43,5.336,14.25,162.3,4.0,1.9727,,,,,,,0.4,,0.58,,,1
Chamoli,Gopeshwar,UEI-IMD-FL-2004-0064,2004-07-04T00:00:00,positive,Yellow,1048.0,34.637,237.43,5.336,14.25,162.3,4.0,1.9727,,0.5,1.3,2.6,9.0,9.0,2.539,0.5,0.58,,,1
Chamoli,Gopeshwar,UEI-IMD-FL-2004-0064,2004-07-05T00:00:00,positive,Orange,1048.0,34.637,237.43,5.336,14.25,162.3,4.0,1.9727,,1.1,2.8,3.9,9.4,18.4,3.5405,1.1,0.58,,,2
Chamoli,Gopeshwar,UEI-IMD-FL-2004-0064,2004-07-05T12:00:00,positive,Orange,1048.0,34.637,237.43,5.336,14.25,162.3,4.0,1.9727,,1.1,4.2,7.7,14.7,28.2,5.6889,1.1,0.58,,,2
Chamoli,Gopeshwar,UEI-IMD-FL-2004-0064,2004-07-05T18:00:00,positive,Red,1048.0,34.637,237.43,5.336,14.25,162.3,4.0,1.9727,,0.0,0.1,0.7,14.4,28.9,2.4001,0.0,0.58,,,3
Chamoli,Gopeshwar,UEI-IMD-FL-2004-0064,2004-07-06T00:00:00,positive,Red,1048.0,34.637,237.43,5.336,14.25,162.3,4.0,1.9727,,0.1,0.1,0.1,10.6,29.0,1.1902,0.1,0.59,,,3
Chamoli,Gopeshwar,UEI-IMD-FL-2005-0146,2005-06-27T00:00:00,positive,Yellow,1048.0,34.637,237.43,5.336,14.25,162.3,4.0,1.9727,,,,,,,0.0,,0.48,,,1
Chamoli,Gopeshwar,UEI-IMD-FL-2005-0146,2005-06-28T00:00:00,positive,Yellow,1048.0,34.637,237.43,5.336,14.25,162.3,4.0,1.9727,,0.5,0.6,3.3,11.1,11.1,2.7825,0.5,0.49,,,1
Chamoli,Gopeshwar,UEI-IMD-FL-2005-0146,2005-06-29T00:00:00,positive,Orange,1048.0,34.637,237.43,5.336,14.25,162.3,4.0,1.9727,,0.6,3.2,4.6,17.3,28.4,4.1448,0.6,0.49,,,2
Chamoli,Gopeshwar,UEI-IMD-FL-2005-0146,2005-06-29T12:00:00,positive,Orange,1048.0,34.637,237.43,5.336,14.25,162.3,4.0,1.9727,,0.0,0.0,0.8,8.7,31.5,1.4219,0.0,0.5,,,2
Chamoli,Gopeshwar,UEI-IMD-FL-2005-0146,2005-06-29T18:00:00,positive,Red,1048.0,34.637,237.43,5.336,14.25,162.3,4.0,1.9727,,0.0,0.0,0.0,7.7,31.5,0.5363,0.0,0.51,,,3
Chamoli,Gopeshwar,UEI-IMD-FL-2005-0146,2005-06-30T00:00:00,positive,Red,1048.0,34.637,237.43,5.336,14.25,162.3,4.0,1.9727,,0.0,0.0,0.0,3.1,31.5,0.2023,0.0,0.52,,,3
Chamoli,Gopeshwar,UEI-IMD-FL-2005-0149,2005-07-18T00:00:00,positive,Yellow,1048.0,34.637,237.43,5.336,14.25,162.3,4.0,1.9727,,,,,,,0.0,,0.63,,,1
Chamoli,Gopeshwar,UEI-IMD-FL-2005-0149,2005-07-19T00:00:00,positive,Yellow,1048.0,34.637,237.43,5.336,14.25,162.3,4.0,1.9727,,0.0,0.0,0.0,2.5,2.5,0.2756,0.0,0.64,,,1
Chamoli,Gopeshwar,UEI-IMD-FL-2005-0149,2005-07-20T00:00:00,positive,Orange,1048.0,34.637,237.43,5.336,14.25,162.3,4.0,1.9727,,0.0,0.0,0.3,1.8,4.3,0.3167,0.0,0.63,,,2
Chamoli,Gopeshwar,UEI-IMD-FL-2005-0149,2005-07-20T12:00:00,positive,Orange,1048.0,34.637,237.43,5.336,14.25,162.3,4.0,1.9727,,1.6,3.6,4.9,5.8,9.6,3.7371,1.6,0.63,,,2
Chamoli,Gopeshwar,UEI-IMD-FL-2005-0149,2005-07-20T18:00:00,positive,Red,1048.0,34.637,237.43,5.336,14.25,162.3,4.0,1.9727,,0.0,0.0,0.3,5.9,9.9,1.4538,0.0,0.63,,,3
Chamoli,Gopeshwar,UEI-IMD-FL-2005-0149,2005-07-21T00:00:00,positive,Red,1048.0,34.637,237.43,5.336,14.25,162.3,4.0,1.9727,,0.5,1.0,1.8,7.4,11.7,1.9805,0.5,0.63,,,3
Chamoli,Gopeshwar,UEI-IMD-FL-2012-0077,2012-08-01T00:00:00,positive,Yellow,1048.0,34.637,237.43,5.336,14.25,162.3,4.0,1.9727,,,,,,,0.9,,0.63,,,1
Chamoli,Gopeshwar,UEI-IMD-FL-2012-0077,2012-08-02T00:00:00,positive,Yellow,1048.0,34.637,237.43,5.336,14.25,162.3,4.0,1.9727,,0.1,0.6,1.3,10.3,10.3,1.4355,0.1,0.62,,,1
Chamoli,Gopeshwar,UEI-IMD-FL-2012-0077,2012-08-03T00:00:00,positive,Orange,1048.0,34.637,237.43,5.336,14.25,162.3,4.0,1.9727,,1.6,5.3,10.4,15.7,26.0,7.7412,1.6,0.62,,,2
Chamoli,Gopeshwar,UEI-IMD-FL-2012-0077,2012-08-03T12:00:00,positive,Orange,1048.0,34.637,237.43,5.336,14.25,162.3,4.0,1.9727,,6.7,12.5,16.0,29.6,44.2,18.7737,6.7,0.62,,,2
Chamoli,Gopeshwar,UEI-IMD-FL-2012-0077,2012-08-03T18:00:00,positive,Red,1048.0,34.637,237.43,5.336,14.25,162.3,4.0,1.9727,,10.1,27.3,46.3,74.9,90.5,39.3699,10.1,0.64,,,3
Chamoli,Gopeshwar,UEI-IMD-FL-2012-0077,2012-08-04T00:00:00,positive,Red,1048.0,34.637,237.43,5.336,14.25,162.3,4.0,1.9727,,0.3,1.1,9.3,73.8,99.8,17.1103,0.3,0.66,,,3
Chamoli,Gopeshwar,UEI-IMD-FL-2013-0131,2013-06-11T00:00:00,positive,Yellow,1048.0,34.637,237.43,5.336,14.25,162.3,4.0,1.9727,,,,,,,0.4,,0.55,,,1
Chamoli,Gopeshwar,UEI-IMD-FL-2013-0131,2013-06-12T00:00:00,positive,Yellow,1048.0,34.637,237.43,5.336,14.25,162.3,4.0,1.9727,,0.2,0.9,1.7,22.5,22.5,3.2681,0.2,0.57,,,1
Chamoli,Gopeshwar,UEI-IMD-FL-2013-0131,2013-06-13T00:00:00,positive,Orange,1048.0,34.637,237.43,5.336,14.25,162.3,4.0,1.9727,,1.1,2.8,6.9,10.9,33.4,5.7437,1.1,0.57,,,2
Chamoli,Gopeshwar,UEI-IMD-FL-2013-0131,2013-06-13T12:00:00,positive,Orange,1048.0,34.637,237.43,5.336,14.25,162.3,4.0,1.9727,,5.9,26.2,46.2,59.1,83.2,33.6016,5.9,0.59,,,2
Chamoli,Gopeshwar,UEI-IMD-FL-2013-0131,2013-06-13T18:00:00,positive,Red,1048.0,34.637,237.43,5.336,14.25,162.3,4.0,1.9727,,0.0,0.1,6.8,63.5,90.0,14.227,0.0,0.61,,,3
Chamoli,Gopeshwar,UEI-IMD-FL-2013-0131,2013-06-14T00:00:00,positive,Red,1048.0,34.637,237.43,5.336,14.25,162.3,4.0,1.9727,,2.0,5.7,7.3,63.9,97.3,11.499,2.0,0.62,,,3
Chamoli,Gopeshwar,UEI-IMD-FL-2016-0126,2016-05-05T00:00:00,positive,Yellow,1048.0,34.637,237.43,5.336,14.25,162.3,4.0,1.9727,,,,,,,0.0,,0.5,,,1
Chamoli,Gopeshwar,UEI-IMD-FL-2016-0126,2016-05-06T00:00:00,positive,Yellow,1048.0,34.637,237.43,5.336,14.25,162.3,4.0,1.9727,,0.0,0.0,0.0,2.6,2.6,0.281,0.0,0.53,,,1
Chamoli,Gopeshwar,UEI-IMD-FL-2016-0126,2016-05-07T00:00:00,positive,Orange,1048.0,34.637,237.43,5.336,14.25,162.3,4.0,1.9727,,0.0,0.0,0.0,0.6,3.2,0.0596,0.0,0.53,,,2
Chamoli,Gopeshwar,UEI-IMD-FL-2016-0126,2016-05-07T12:00:00,positive,Orange,1048.0,34.637,237.43,5.336,14.25,162.3,4.0,1.9727,,0.2,0.3,0.3,0.3,3.5,0.2507,0.2,0.53,,,2
Chamoli,Gopeshwar,UEI-IMD-FL-2016-0126,2016-05-07T18:00:00,positive,Red,1048.0,34.637,237.43,5.336,14.25,162.3,4.0,1.9727,,0.0,0.0,0.0,0.3,3.5,0.0946,0.0,0.53,,,3
Chamoli,Gopeshwar,UEI-IMD-FL-2016-0126,2016-05-08T00:00:00,positive,Red,1048.0,34.637,237.43,5.336,14.25,162.3,4.0,1.9727,,0.2,0.9,1.0,1.3,4.5,0.7449,0.2,0.53,,,3
Chamoli,Gopeshwar,UEI-IMD-FL-2016-0129,2016-06-30T00:00:00,positive,Yellow,1048.0,34.637,237.43,5.336,14.25,162.3,4.0,1.9727,,,,,,,2.0,,0.5,,,1
Chamoli,Gopeshwar,UEI-IMD-FL-2016-0129,2016-07-01T00:00:00,positive,Yellow,1048.0,34.637,237.43,5.336,14.25,162.3,4.0,1.9727,,1.3,4.6,8.2,19.2,19.2,7.1428,1.3,0.51,,,1
Chamoli,Gopeshwar,UEI-IMD-FL-2016-0129,2016-07-02T00:00:00,positive,Orange,1048.0,34.637,237.43,5.336,14.25,162.3,4.0,1.9727,,2.7,6.8,8.8,24.1,43.3,8.6862,2.7,0.52,,,2
Chamoli,Gopeshwar,UEI-IMD-FL-2016-0129,2016-07-02T12:00:00,positive,Orange,1048.0,34.637,237.43,5.336,14.25,162.3,4.0,1.9727,,1.5,4.9,8.7,26.4,60.1,8.932,1.5,0.55,,,2
Chamoli,Gopeshwar,UEI-IMD-FL-2016-0129,2016-07-02T18:00:00,positive,Red,1048.0,34.637,237.43,5.336,14.25,162.3,4.0,1.9727,,0.0,0.1,1.4,27.0,61.5,3.6706,0.0,0.56,,,3
Chamoli,Gopeshwar,UEI-IMD-FL-2016-0129,2016-07-03T00:00:00,positive,Red,1048.0,34.637,237.43,5.336,14.25,162.3,4.0,1.9727,,0.7,2.0,3.3,21.5,64.8,4.2666,0.7,0.56,,,3
Chamoli,Gopeshwar,UEI-IMD-FL-2017-0120,2017-05-17T00:00:00,positive,Yellow,1048.0,34.637,237.43,5.336,14.25,162.3,4.0,1.9727,,,,,,,0.0,,0.48,,,1
Chamoli,Gopeshwar,UEI-IMD-FL-2017-0120,2017-05-18T00:00:00,positive,Yellow,1048.0,34.637,237.43,5.336,14.25,162.3,4.0,1.9727,,0.0,0.0,0.0,0.9,0.9,0.0821,0.0,0.49,,,1
Chamoli,Gopeshwar,UEI-IMD-FL-2017-0120,2017-05-19T00:00:00,positive,Orange,1048.0,34.637,237.43,5.336,14.25,162.3,4.0,1.9727,,0.0,0.0,0.0,0.6,1.5,0.0437,0.0,0.5,,,2
Chamoli,Gopeshwar,UEI-IMD-FL-2017-0120,2017-05-19T12:00:00,positive,Orange,1048.0,34.637,237.43,5.336,14.25,162.3,4.0,1.9727,,0.7,1.1,1.1,4.7,6.2,3.9443,0.7,0.51,,,2
Chamoli,Gopeshwar,UEI-IMD-FL-2017-0120,2017-05-19T18:00:00,positive,Red,1048.0,34.637,237.43,5.336,14.25,162.3,4.0,1.9727,,0.0,0.0,1.9,6.6,8.1,1.4876,0.0,0.51,,,3
Chamoli,Gopeshwar,UEI-IMD-FL-2017-0120,2017-05-20T00:00:00,positive,Red,1048.0,34.637,237.43,5.336,14.25,162.3,4.0,1.9727,,1.4,3.2,3.2,9.8,11.3,3.119,1.4,0.51,,,3
Chamoli,Gopeshwar,UEI-IMD-FL-2019-0151,2019-06-05T00:00:00,positive,Yellow,1048.0,34.637,237.43,5.336,14.25,162.3,4.0,1.9727,,,,,,,0.0,,0.49,,,1
Chamoli,Gopeshwar,UEI-IMD-FL-2019-0151,2019-06-06T00:00:00,positive,Yellow,1048.0,34.637,237.43,5.336,14.25,162.3,4.0,1.9727,,0.0,0.0,0.0,0.0,0.0,0.0,0.0,0.48,,,1
Chamoli,Gopeshwar,UEI-IMD-FL-2019-0151,2019-06-07T00:00:00,positive,Orange,1048.0,34.637,237.43,5.336,14.25,162.3,4.0,1.9727,,0.0,0.0,0.0,0.0,0.0,0.0,0.0,0.49,,,2
Chamoli,Gopeshwar,UEI-IMD-FL-2019-0151,2019-06-07T12:00:00,positive,Orange,1048.0,34.637,237.43,5.336,14.25,162.3,4.0,1.9727,,0.0,0.0,0.0,0.0,0.0,0.0,0.0,0.49,,,2
Chamoli,Gopeshwar,UEI-IMD-FL-2019-0151,2019-06-07T18:00:00,positive,Red,1048.0,34.637,237.43,5.336,14.25,162.3,4.0,1.9727,,0.0,0.0,0.0,0.0,0.0,0.0,0.0,0.49,,,3
Chamoli,Gopeshwar,UEI-IMD-FL-2019-0151,2019-06-08T00:00:00,positive,Red,1048.0,34.637,237.43,5.336,14.25,162.3,4.0,1.9727,,0.0,0.0,0.0,0.0,0.0,0.0,0.0,0.49,,,3
Chamoli,Gopeshwar,UEI-IMD-FL-2019-0152,2019-08-05T00:00:00,positive,Yellow,1048.0,34.637,237.43,5.336,14.25,162.3,4.0,1.9727,,,,,,,0.9,,0.57,,,1
Chamoli,Gopeshwar,UEI-IMD-FL-2019-0152,2019-08-06T00:00:00,positive,Yellow,1048.0,34.637,237.43,5.336,14.25,162.3,4.0,1.9727,,0.1,0.8,1.4,10.5,10.5,2.7621,0.1,0.58,,,1
Chamoli,Gopeshwar,UEI-IMD-FL-2019-0152,2019-08-07T00:00:00,positive,Orange,1048.0,34.637,237.43,5.336,14.25,162.3,4.0,1.9727,,1.1,4.1,4.4,75.2,85.7,7.0015,1.1,0.58,,,2
Chamoli,Gopeshwar,UEI-IMD-FL-2019-0152,2019-08-07T12:00:00,positive,Orange,1048.0,34.637,237.43,5.336,14.25,162.3,4.0,1.9727,,0.0,0.0,0.0,6.3,87.6,1.2711,0.0,0.58,,,2
Chamoli,Gopeshwar,UEI-IMD-FL-2019-0152,2019-08-07T18:00:00,positive,Red,1048.0,34.637,237.43,5.336,14.25,162.3,4.0,1.9727,,0.0,0.0,0.0,6.3,87.6,0.4794,0.0,0.58,,,3
Chamoli,Gopeshwar,UEI-IMD-FL-2019-0152,2019-08-08T00:00:00,positive,Red,1048.0,34.637,237.43,5.336,14.25,162.3,4.0,1.9727,,0.0,0.0,0.0,1.9,87.6,0.2808,0.0,0.58,,,3
Chamoli,Gopeshwar,UEI-IMD-FL-2019-0156,2019-06-06T00:00:00,positive,Yellow,1048.0,34.637,237.43,5.336,14.25,162.3,4.0,1.9727,,,,,,,0.0,,0.48,,,1
Chamoli,Gopeshwar,UEI-IMD-FL-2019-0156,2019-06-07T00:00:00,positive,Yellow,1048.0,34.637,237.43,5.336,14.25,162.3,4.0,1.9727,,0.0,0.0,0.0,0.0,0.0,0.0,0.0,0.49,,,1
Chamoli,Gopeshwar,UEI-IMD-FL-2019-0156,2019-06-08T00:00:00,positive,Orange,1048.0,34.637,237.43,5.336,14.25,162.3,4.0,1.9727,,0.0,0.0,0.0,0.0,0.0,0.0,0.0,0.49,,,2
Chamoli,Gopeshwar,UEI-IMD-FL-2019-0156,2019-06-08T12:00:00,positive,Orange,1048.0,34.637,237.43,5.336,14.25,162.3,4.0,1.9727,,0.0,0.0,0.0,0.0,0.0,0.0,0.0,0.49,,,2
Chamoli,Gopeshwar,UEI-IMD-FL-2019-0156,2019-06-08T18:00:00,positive,Red,1048.0,34.637,237.43,5.336,14.25,162.3,4.0,1.9727,,0.0,0.0,0.0,0.0,0.0,0.0,0.0,0.49,,,3
Chamoli,Gopeshwar,UEI-IMD-FL-2019-0156,2019-06-09T00:00:00,positive,Red,1048.0,34.637,237.43,5.336,14.25,162.3,4.0,1.9727,,0.0,0.0,0.0,0.0,0.0,0.0,0.0,0.49,,,3
Chamoli,Gopeshwar,UEI-IMD-FL-2020-0140,2020-08-22T00:00:00,positive,Yellow,1048.0,34.637,237.43,5.336,14.25,162.3,4.0,1.9727,,,,,,,0.0,,0.71,754.9,0.02,1
Chamoli,Gopeshwar,UEI-IMD-FL-2020-0140,2020-08-23T00:00:00,positive,Yellow,1048.0,34.637,237.43,5.336,14.25,162.3,4.0,1.9727,,0.3,0.4,2.1,3.2,3.2,1.219,0.3,0.71,754.5,-14.5,1
Chamoli,Gopeshwar,UEI-IMD-FL-2020-0140,2020-08-24T00:00:00,positive,Orange,1048.0,34.637,237.43,5.336,14.25,162.3,4.0,1.9727,,0.0,0.1,0.4,5.3,8.5,0.8157,0.0,0.7,753.7,0.0,2
Chamoli,Gopeshwar,UEI-IMD-FL-2020-0140,2020-08-24T12:00:00,positive,Orange,1048.0,34.637,237.43,5.336,14.25,162.3,4.0,1.9727,,0.5,1.4,1.9,3.9,10.5,1.4789,0.5,0.7,753.81,-0.03,2
Chamoli,Gopeshwar,UEI-IMD-FL-2020-0140,2020-08-24T18:00:00,positive,Red,1048.0,34.637,237.43,5.336,14.25,162.3,4.0,1.9727,,0.1,0.1,0.2,2.6,10.7,0.7428,0.1,0.7,753.55,-0.04,3
Chamoli,Gopeshwar,UEI-IMD-FL-2020-0140,2020-08-25T00:00:00,positive,Red,1048.0,34.637,237.43,5.336,14.25,162.3,4.0,1.9727,,1.4,6.5,8.0,10.2,18.7,8.1641,1.4,0.7,753.58,0.03,3
Chamoli,Joshimath,UEI-IMD-FL-2021-0306,2021-02-04T00:00:00,positive,Yellow,1507.0,30.594,34.87,6.5213,13.75,26.6,13.0,3.1419,1383.0,,,,,,0.0,,0.49,,,1
Chamoli,Joshimath,UEI-IMD-FL-2021-0306,2021-02-05T00:00:00,positive,Yellow,1507.0,30.594,34.87,6.5213,13.75,26.6,13.0,3.1419,1383.0,0.1,2.0,3.3,7.7,7.7,3.1514,0.1,0.49,,,1
Chamoli,Joshimath,UEI-IMD-FL-2021-0306,2021-02-06T00:00:00,positive,Orange,1507.0,30.594,34.87,6.5213,13.75,26.6,13.0,3.1419,1383.0,0.0,0.0,0.0,5.0,12.7,0.2299,0.0,0.5,,,2
Chamoli,Joshimath,UEI-IMD-FL-2021-0306,2021-02-06T12:00:00,positive,Orange,1507.0,30.594,34.87,6.5213,13.75,26.6,13.0,3.1419,1383.0,0.0,0.0,0.0,0.0,12.7,0.0327,0.0,0.5,1372.79,0.0,2
Chamoli,Joshimath,UEI-IMD-FL-2021-0306,2021-02-06T18:00:00,positive,Red,1507.0,30.594,34.87,6.5213,13.75,26.6,13.0,3.1419,1383.0,0.0,0.0,0.0,0.0,12.7,0.0123,0.0,0.5,1372.62,0.0,3
Chamoli,Joshimath,UEI-IMD-FL-2021-0306,2021-02-07T00:00:00,positive,Red,1507.0,30.594,34.87,6.5213,13.75,26.6,13.0,3.1419,1383.0,0.0,0.0,0.0,0.0,12.7,0.0047,0.0,0.5,,,3
Chamoli,Gopeshwar,UEI-IMD-FL-2021-0309,2021-07-08T00:00:00,positive,Yellow,1048.0,34.637,237.43,5.336,14.25,162.3,4.0,1.9727,,,,,,,0.0,,0.53,753.2,0.0,1
Chamoli,Gopeshwar,UEI-IMD-FL-2021-0309,2021-07-09T00:00:00,positive,Yellow,1048.0,34.637,237.43,5.336,14.25,162.3,4.0,1.9727,,0.0,0.1,0.4,2.9,2.9,0.6135,0.0,0.52,753.42,0.02,1
Chamoli,Gopeshwar,UEI-IMD-FL-2021-0309,2021-07-10T00:00:00,positive,Orange,1048.0,34.637,237.43,5.336,14.25,162.3,4.0,1.9727,,0.1,0.8,0.8,2.4,5.3,0.6432,0.1,0.52,753.3,0.0,2
Chamoli,Gopeshwar,UEI-IMD-FL-2021-0309,2021-07-10T12:00:00,positive,Orange,1048.0,34.637,237.43,5.336,14.25,162.3,4.0,1.9727,,0.1,0.4,0.6,1.6,5.9,0.4898,0.1,0.52,753.45,-0.02,2
Chamoli,Gopeshwar,UEI-IMD-FL-2021-0309,2021-07-10T18:00:00,positive,Red,1048.0,34.637,237.43,5.336,14.25,162.3,4.0,1.9727,,0.0,0.0,0.0,1.4,5.9,0.1847,0.0,0.52,753.34,-0.02,3
Chamoli,Gopeshwar,UEI-IMD-FL-2021-0309,2021-07-11T00:00:00,positive,Red,1048.0,34.637,237.43,5.336,14.25,162.3,4.0,1.9727,,1.0,2.5,2.6,3.2,8.5,2.4261,1.0,0.52,753.45,0.02,3
Chamoli,Gopeshwar,UEI-IMD-FL-2021-0312,2021-10-13T00:00:00,positive,Yellow,1048.0,34.637,237.43,5.336,14.25,162.3,4.0,1.9727,,,,,,,0.0,,0.53,752.98,0.0,1
Chamoli,Gopeshwar,UEI-IMD-FL-2021-0312,2021-10-14T00:00:00,positive,Yellow,1048.0,34.637,237.43,5.336,14.25,162.3,4.0,1.9727,,0.0,0.0,0.0,0.0,0.0,0.0,0.0,0.52,752.91,-0.01,1
Chamoli,Gopeshwar,UEI-IMD-FL-2021-0312,2021-10-15T00:00:00,positive,Orange,1048.0,34.637,237.43,5.336,14.25,162.3,4.0,1.9727,,0.0,0.0,0.0,0.0,0.0,0.0,0.0,0.52,752.91,0.01,2
Chamoli,Gopeshwar,UEI-IMD-FL-2021-0312,2021-10-15T12:00:00,positive,Orange,1048.0,34.637,237.43,5.336,14.25,162.3,4.0,1.9727,,0.0,0.0,0.0,0.0,0.0,0.0,0.0,0.52,752.91,0.0,2
Chamoli,Gopeshwar,UEI-IMD-FL-2021-0312,2021-10-15T18:00:00,positive,Red,1048.0,34.637,237.43,5.336,14.25,162.3,4.0,1.9727,,0.0,0.0,0.0,0.0,0.0,0.0,0.0,0.52,752.89,0.0,3
Chamoli,Gopeshwar,UEI-IMD-FL-2021-0312,2021-10-16T00:00:00,positive,Red,1048.0,34.637,237.43,5.336,14.25,162.3,4.0,1.9727,,0.0,0.0,0.0,0.0,0.0,0.0,0.0,0.52,752.88,0.0,3
Chamoli,Gopeshwar,UEI-IMD-FL-2023-0581,2023-07-13T00:00:00,positive,Yellow,1048.0,34.637,237.43,5.336,14.25,162.3,4.0,1.9727,,,,,,,0.2,,0.67,754.65,0.07,1
Chamoli,Gopeshwar,UEI-IMD-FL-2023-0581,2023-07-14T00:00:00,positive,Yellow,1048.0,34.637,237.43,5.336,14.25,162.3,4.0,1.9727,,0.0,0.0,1.1,2.2,2.2,0.5539,0.0,0.68,754.54,0.02,1
Chamoli,Gopeshwar,UEI-IMD-FL-2023-0581,2023-07-15T00:00:00,positive,Orange,1048.0,34.637,237.43,5.336,14.25,162.3,4.0,1.9727,,0.0,0.9,1.9,2.5,4.7,1.2661,0.0,0.68,754.15,0.03,2
Chamoli,Gopeshwar,UEI-IMD-FL-2023-0581,2023-07-15T12:00:00,positive,Orange,1048.0,34.637,237.43,5.336,14.25,162.3,4.0,1.9727,,0.3,1.0,2.3,4.8,7.1,1.8755,0.3,0.67,754.2,-0.01,2
Chamoli,Gopeshwar,UEI-IMD-FL-2023-0581,2023-07-15T18:00:00,positive,Red,1048.0,34.637,237.43,5.336,14.25,162.3,4.0,1.9727,,1.8,2.3,2.8,7.1,9.9,4.241,1.8,0.67,754.05,-0.02,3
Chamoli,Gopeshwar,UEI-IMD-FL-2023-0581,2023-07-16T00:00:00,positive,Red,1048.0,34.637,237.43,5.336,14.25,162.3,4.0,1.9727,,0.0,0.0,5.7,10.9,15.6,3.4265,0.0,0.67,754.1,0.02,3
Chamoli,Gopeshwar,UEI-IMD-FL-2023-0592,2023-08-12T00:00:00,positive,Yellow,1048.0,34.637,237.43,5.336,14.25,162.3,4.0,1.9727,,,,,,,1.6,,0.67,754.75,0.05,1
Chamoli,Gopeshwar,UEI-IMD-FL-2023-0592,2023-08-13T00:00:00,positive,Yellow,1048.0,34.637,237.43,5.336,14.25,162.3,4.0,1.9727,,1.4,4.1,12.9,54.8,54.8,14.9869,1.4,0.67,754.75,0.05,1
Chamoli,Gopeshwar,UEI-IMD-FL-2023-0592,2023-08-14T00:00:00,positive,Orange,1048.0,34.637,237.43,5.336,14.25,162.3,4.0,1.9727,,7.4,26.1,47.0,106.7,161.5,46.9877,7.4,0.7,754.86,0.01,2
Chamoli,Gopeshwar,UEI-IMD-FL-2023-0592,2023-08-14T12:00:00,positive,Orange,1048.0,34.637,237.43,5.336,14.25,162.3,4.0,1.9727,,0.2,0.8,1.1,107.5,180.1,9.6795,0.2,0.71,757.86,-0.06,2
Chamoli,Gopeshwar,UEI-IMD-FL-2023-0592,2023-08-14T18:00:00,positive,Red,1048.0,34.637,237.43,5.336,14.25,162.3,4.0,1.9727,,0.2,0.7,1.5,67.1,181.6,5.3839,0.2,0.71,756.97,-0.14,3
Chamoli,Gopeshwar,UEI-IMD-FL-2023-0592,2023-08-15T00:00:00,positive,Red,1048.0,34.637,237.43,5.336,14.25,162.3,4.0,1.9727,,0.2,0.4,2.1,22.2,183.7,2.7713,0.2,0.71,757.22,0.0,3
Chamoli,Gopeshwar,UEI-IMD-FL-2023-0633,2023-08-23T00:00:00,positive,Yellow,1048.0,34.637,237.43,5.336,14.25,162.3,4.0,1.9727,,,,,,,1.2,,0.69,754.48,0.05,1
Chamoli,Gopeshwar,UEI-IMD-FL-2023-0633,2023-08-24T00:00:00,positive,Yellow,1048.0,34.637,237.43,5.336,14.25,162.3,4.0,1.9727,,0.0,0.1,2.0,16.6,16.6,1.5855,0.0,0.7,755.9,0.05,1
Chamoli,Gopeshwar,UEI-IMD-FL-2023-0633,2023-08-25T00:00:00,positive,Orange,1048.0,34.637,237.43,5.336,14.25,162.3,4.0,1.9727,,0.0,0.3,10.6,22.7,39.3,7.1521,0.0,0.69,754.84,0.02,2
Chamoli,Gopeshwar,UEI-IMD-FL-2023-0633,2023-08-25T12:00:00,positive,Orange,1048.0,34.637,237.43,5.336,14.25,162.3,4.0,1.9727,,0.2,1.3,1.4,20.1,40.7,2.409,0.2,0.69,754.88,-0.02,2
Chamoli,Gopeshwar,UEI-IMD-FL-2023-0633,2023-08-25T18:00:00,positive,Red,1048.0,34.637,237.43,5.336,14.25,162.3,4.0,1.9727,,0.0,0.3,2.3,14.3,43.0,1.8605,0.0,0.69,754.7,-0.02,3
Chamoli,Gopeshwar,UEI-IMD-FL-2023-0633,2023-08-26T00:00:00,positive,Red,1048.0,34.637,237.43,5.336,14.25,162.3,4.0,1.9727,,0.0,0.1,0.8,4.5,43.8,1.1285,0.0,0.69,754.67,0.02,3
Ribhoi,Nongpoh_town_district_HQ,UEI-IMD-FL-2017-0091,2017-06-14T00:00:00,positive,Yellow,606.0,25.057,90.0,5.525,9.5,224.6,3.0,2.1992,,,,,,,0.0,,0.89,,,1
Ribhoi,Nongpoh_town_district_HQ,UEI-IMD-FL-2017-0091,2017-06-15T00:00:00,positive,Yellow,606.0,25.057,90.0,5.525,9.5,224.6,3.0,2.1992,,0.3,0.7,1.4,6.9,6.9,1.3368,0.3,0.87,,,1
Ribhoi,Nongpoh_town_district_HQ,UEI-IMD-FL-2017-0091,2017-06-16T00:00:00,positive,Orange,606.0,25.057,90.0,5.525,9.5,224.6,3.0,2.1992,,0.0,0.7,9.1,14.7,21.6,5.028,0.0,0.86,,,2
Ribhoi,Nongpoh_town_district_HQ,UEI-IMD-FL-2017-0091,2017-06-16T12:00:00,positive,Orange,606.0,25.057,90.0,5.525,9.5,224.6,3.0,2.1992,,0.2,5.7,8.8,34.5,44.3,9.4204,0.2,0.9,,,2
Ribhoi,Nongpoh_town_district_HQ,UEI-IMD-FL-2017-0091,2017-06-16T18:00:00,positive,Red,606.0,25.057,90.0,5.525,9.5,224.6,3.0,2.1992,,1.4,2.4,4.7,36.5,49.0,7.8474,1.4,0.9,,,3
Ribhoi,Nongpoh_town_district_HQ,UEI-IMD-FL-2017-0091,2017-06-17T00:00:00,positive,Red,606.0,25.057,90.0,5.525,9.5,224.6,3.0,2.1992,,2.9,16.3,27.7,55.1,76.7,19.747,2.9,0.94,,,3
Ribhoi,Nongpoh_town_district_HQ,UEI-IMD-FL-2020-0113,2020-09-19T00:00:00,positive,Yellow,606.0,25.057,90.0,5.525,9.5,224.6,3.0,2.1992,,,,,,,0.0,,0.96,,,1
Ribhoi,Nongpoh_town_district_HQ,UEI-IMD-FL-2020-0113,2020-09-20T00:00:00,positive,Yellow,606.0,25.057,90.0,5.525,9.5,224.6,3.0,2.1992,,0.0,0.0,0.0,0.3,0.3,0.0308,0.0,0.95,,,1
Ribhoi,Nongpoh_town_district_HQ,UEI-IMD-FL-2020-0113,2020-09-21T00:00:00,positive,Orange,606.0,25.057,90.0,5.525,9.5,224.6,3.0,2.1992,,0.1,1.2,1.2,1.2,1.5,0.8804,0.1,0.95,,,2
Ribhoi,Nongpoh_town_district_HQ,UEI-IMD-FL-2020-0113,2020-09-21T12:00:00,positive,Orange,606.0,25.057,90.0,5.525,9.5,224.6,3.0,2.1992,,0.0,0.0,1.5,2.7,3.0,0.7121,0.0,0.95,,,2
Ribhoi,Nongpoh_town_district_HQ,UEI-IMD-FL-2020-0113,2020-09-21T18:00:00,positive,Red,606.0,25.057,90.0,5.525,9.5,224.6,3.0,2.1992,,0.0,0.1,0.1,2.8,3.1,0.43,0.0,0.98,,,3
Ribhoi,Nongpoh_town_district_HQ,UEI-IMD-FL-2020-0113,2020-09-22T00:00:00,positive,Red,606.0,25.057,90.0,5.525,9.5,224.6,3.0,2.1992,,0.1,2.8,4.2,5.8,7.3,3.9929,0.1,0.98,,,3
Nilgiris,Ooty_Udhagamandalam_district_HQ,UEI-IMD-FL-1976-0028,1976-10-05T00:00:00,positive,Yellow,2252.0,6.692,145.78,6.2574,2.25,259.8,1.0,2.1889,,,,,,,0.0,,,,,1
Nilgiris,Ooty_Udhagamandalam_district_HQ,UEI-IMD-FL-1976-0028,1976-10-06T00:00:00,positive,Yellow,2252.0,6.692,145.78,6.2574,2.25,259.8,1.0,2.1889,,0.0,0.0,0.0,1.5,1.5,0.1202,0.0,,,,1
Nilgiris,Ooty_Udhagamandalam_district_HQ,UEI-IMD-FL-1976-0028,1976-10-07T00:00:00,positive,Orange,2252.0,6.692,145.78,6.2574,2.25,259.8,1.0,2.1889,,0.0,0.0,0.0,3.6,5.1,0.3712,0.0,,,,2
Nilgiris,Ooty_Udhagamandalam_district_HQ,UEI-IMD-FL-1976-0028,1976-10-07T12:00:00,positive,Orange,2252.0,6.692,145.78,6.2574,2.25,259.8,1.0,2.1889,,0.2,0.6,1.2,1.6,6.4,0.7908,0.2,,,,2
Nilgiris,Ooty_Udhagamandalam_district_HQ,UEI-IMD-FL-1976-0028,1976-10-07T18:00:00,positive,Red,2252.0,6.692,145.78,6.2574,2.25,259.8,1.0,2.1889,,0.0,0.0,0.0,1.3,6.4,0.2982,0.0,,,,3
Nilgiris,Ooty_Udhagamandalam_district_HQ,UEI-IMD-FL-1976-0028,1976-10-08T00:00:00,positive,Red,2252.0,6.692,145.78,6.2574,2.25,259.8,1.0,2.1889,,0.0,0.0,0.0,1.3,6.4,0.1125,0.0,,,,3
Nilgiris,Ooty_Udhagamandalam_district_HQ,UEI-IMD-FL-1978-0055,1978-10-29T00:00:00,positive,Yellow,2252.0,6.692,145.78,6.2574,2.25,259.8,1.0,2.1889,,,,,,,0.0,,,,,1
Nilgiris,Ooty_Udhagamandalam_district_HQ,UEI-IMD-FL-1978-0055,1978-10-30T00:00:00,positive,Yellow,2252.0,6.692,145.78,6.2574,2.25,259.8,1.0,2.1889,,0.0,0.1,0.4,13.4,13.4,1.8555,0.0,,,,1
Nilgiris,Ooty_Udhagamandalam_district_HQ,UEI-IMD-FL-1978-0055,1978-10-31T00:00:00,positive,Orange,2252.0,6.692,145.78,6.2574,2.25,259.8,1.0,2.1889,,0.0,0.0,0.0,5.7,19.1,0.612,0.0,,,,2
Nilgiris,Ooty_Udhagamandalam_district_HQ,UEI-IMD-FL-1978-0055,1978-10-31T12:00:00,positive,Orange,2252.0,6.692,145.78,6.2574,2.25,259.8,1.0,2.1889,,0.5,2.3,3.5,4.5,23.1,2.9778,0.5,,,,2
Nilgiris,Ooty_Udhagamandalam_district_HQ,UEI-IMD-FL-1978-0055,1978-10-31T18:00:00,positive,Red,2252.0,6.692,145.78,6.2574,2.25,259.8,1.0,2.1889,,0.0,0.0,0.7,4.7,23.8,1.1675,0.0,,,,3
Nilgiris,Ooty_Udhagamandalam_district_HQ,UEI-IMD-FL-1978-0055,1978-11-01T00:00:00,positive,Red,2252.0,6.692,145.78,6.2574,2.25,259.8,1.0,2.1889,,0.0,0.1,0.3,5.0,24.1,0.8091,0.0,,,,3
Nilgiris,Ooty_Udhagamandalam_district_HQ,UEI-IMD-FL-1978-0056,1978-11-19T00:00:00,positive,Yellow,2252.0,6.692,145.78,6.2574,2.25,259.8,1.0,2.1889,,,,,,,0.0,,,,,1
Nilgiris,Ooty_Udhagamandalam_district_HQ,UEI-IMD-FL-1978-0056,1978-11-20T00:00:00,positive,Yellow,2252.0,6.692,145.78,6.2574,2.25,259.8,1.0,2.1889,,0.0,0.0,0.0,0.0,0.0,0.0,0.0,,,,1
Nilgiris,Ooty_Udhagamandalam_district_HQ,UEI-IMD-FL-1978-0056,1978-11-21T00:00:00,positive,Orange,2252.0,6.692,145.78,6.2574,2.25,259.8,1.0,2.1889,,0.0,0.0,0.0,0.0,0.0,0.0,0.0,,,,2
Nilgiris,Ooty_Udhagamandalam_district_HQ,UEI-IMD-FL-1978-0056,1978-11-21T12:00:00,positive,Orange,2252.0,6.692,145.78,6.2574,2.25,259.8,1.0,2.1889,,0.0,0.0,0.0,0.0,0.0,0.0,0.0,,,,2
Nilgiris,Ooty_Udhagamandalam_district_HQ,UEI-IMD-FL-1978-0056,1978-11-21T18:00:00,positive,Red,2252.0,6.692,145.78,6.2574,2.25,259.8,1.0,2.1889,,0.0,0.0,0.0,0.0,0.0,0.0,0.0,,,,3
Nilgiris,Ooty_Udhagamandalam_district_HQ,UEI-IMD-FL-1978-0056,1978-11-22T00:00:00,positive,Red,2252.0,6.692,145.78,6.2574,2.25,259.8,1.0,2.1889,,0.0,0.0,0.0,0.0,0.0,0.0,0.0,,,,3
Nilgiris,Ooty_Udhagamandalam_district_HQ,UEI-IMD-FL-1979-0054,1979-11-10T00:00:00,positive,Yellow,2252.0,6.692,145.78,6.2574,2.25,259.8,1.0,2.1889,,,,,,,0.0,,,,,1
Nilgiris,Ooty_Udhagamandalam_district_HQ,UEI-IMD-FL-1979-0054,1979-11-11T00:00:00,positive,Yellow,2252.0,6.692,145.78,6.2574,2.25,259.8,1.0,2.1889,,0.0,0.0,1.1,7.7,7.7,1.6105,0.0,,,,1
Nilgiris,Ooty_Udhagamandalam_district_HQ,UEI-IMD-FL-1979-0054,1979-11-12T00:00:00,positive,Orange,2252.0,6.692,145.78,6.2574,2.25,259.8,1.0,2.1889,,1.2,2.4,5.4,26.2,33.9,8.3594,1.2,,,,2
Nilgiris,Ooty_Udhagamandalam_district_HQ,UEI-IMD-FL-1979-0054,1979-11-12T12:00:00,positive,Orange,2252.0,6.692,145.78,6.2574,2.25,259.8,1.0,2.1889,,0.9,4.2,11.8,38.5,54.6,9.6222,0.9,,,,2
Nilgiris,Ooty_Udhagamandalam_district_HQ,UEI-IMD-FL-1979-0054,1979-11-12T18:00:00,positive,Red,2252.0,6.692,145.78,6.2574,2.25,259.8,1.0,2.1889,,0.7,1.4,2.2,28.3,56.8,5.4904,0.7,,,,3
Nilgiris,Ooty_Udhagamandalam_district_HQ,UEI-IMD-FL-1979-0054,1979-11-13T00:00:00,positive,Red,2252.0,6.692,145.78,6.2574,2.25,259.8,1.0,2.1889,,0.3,1.0,2.2,25.1,59.0,3.4778,0.3,,,,3
Nilgiris,Ooty_Udhagamandalam_district_HQ,UEI-IMD-FL-1989-0051,1989-07-19T00:00:00,positive,Yellow,2252.0,6.692,145.78,6.2574,2.25,259.8,1.0,2.1889,,,,,,,0.0,,,,,1
Nilgiris,Ooty_Udhagamandalam_district_HQ,UEI-IMD-FL-1989-0051,1989-07-20T00:00:00,positive,Yellow,2252.0,6.692,145.78,6.2574,2.25,259.8,1.0,2.1889,,0.0,0.0,0.0,0.6,0.6,0.1668,0.0,,,,1
Nilgiris,Ooty_Udhagamandalam_district_HQ,UEI-IMD-FL-1989-0051,1989-07-21T00:00:00,positive,Orange,2252.0,6.692,145.78,6.2574,2.25,259.8,1.0,2.1889,,0.0,0.0,0.1,1.7,2.3,0.2657,0.0,,,,2
Nilgiris,Ooty_Udhagamandalam_district_HQ,UEI-IMD-FL-1989-0051,1989-07-21T12:00:00,positive,Orange,2252.0,6.692,145.78,6.2574,2.25,259.8,1.0,2.1889,,0.5,1.6,3.1,3.9,6.1,2.6703,0.5,,,,2
Nilgiris,Ooty_Udhagamandalam_district_HQ,UEI-IMD-FL-1989-0051,1989-07-21T18:00:00,positive,Red,2252.0,6.692,145.78,6.2574,2.25,259.8,1.0,2.1889,,0.9,2.7,5.4,9.3,11.5,5.2008,0.9,,,,3
Nilgiris,Ooty_Udhagamandalam_district_HQ,UEI-IMD-FL-1989-0051,1989-07-22T00:00:00,positive,Red,2252.0,6.692,145.78,6.2574,2.25,259.8,1.0,2.1889,,1.4,4.5,8.1,17.3,19.6,7.3797,1.4,,,,3
Nilgiris,Ooty_Udhagamandalam_district_HQ,UEI-IMD-FL-1990-0077,1990-10-15T00:00:00,positive,Yellow,2252.0,6.692,145.78,6.2574,2.25,259.8,1.0,2.1889,,,,,,,0.0,,,,,1
Nilgiris,Ooty_Udhagamandalam_district_HQ,UEI-IMD-FL-1990-0077,1990-10-16T00:00:00,positive,Yellow,2252.0,6.692,145.78,6.2574,2.25,259.8,1.0,2.1889,,0.0,0.0,0.1,1.9,1.9,0.1823,0.0,,,,1
Nilgiris,Ooty_Udhagamandalam_district_HQ,UEI-IMD-FL-1990-0077,1990-10-17T00:00:00,positive,Orange,2252.0,6.692,145.78,6.2574,2.25,259.8,1.0,2.1889,,0.0,0.0,0.0,1.0,2.9,0.0713,0.0,,,,2
Nilgiris,Ooty_Udhagamandalam_district_HQ,UEI-IMD-FL-1990-0077,1990-10-17T12:00:00,positive,Orange,2252.0,6.692,145.78,6.2574,2.25,259.8,1.0,2.1889,,0.4,0.9,1.8,1.9,4.8,1.1138,0.4,,,,2
Nilgiris,Ooty_Udhagamandalam_district_HQ,UEI-IMD-FL-1990-0077,1990-10-17T18:00:00,positive,Red,2252.0,6.692,145.78,6.2574,2.25,259.8,1.0,2.1889,,0.2,0.4,0.4,2.3,5.2,0.7346,0.2,,,,3
Nilgiris,Ooty_Udhagamandalam_district_HQ,UEI-IMD-FL-1990-0077,1990-10-18T00:00:00,positive,Red,2252.0,6.692,145.78,6.2574,2.25,259.8,1.0,2.1889,,0.0,0.0,0.0,2.3,5.2,0.277,0.0,,,,3
Nilgiris,Ooty_Udhagamandalam_district_HQ,UEI-IMD-FL-1991-0093,1991-10-17T00:00:00,positive,Yellow,2252.0,6.692,145.78,6.2574,2.25,259.8,1.0,2.1889,,,,,,,0.0,,,,,1
Nilgiris,Ooty_Udhagamandalam_district_HQ,UEI-IMD-FL-1991-0093,1991-10-18T00:00:00,positive,Yellow,2252.0,6.692,145.78,6.2574,2.25,259.8,1.0,2.1889,,0.0,0.0,0.0,3.6,3.6,0.3156,0.0,,,,1
Nilgiris,Ooty_Udhagamandalam_district_HQ,UEI-IMD-FL-1991-0093,1991-10-19T00:00:00,positive,Orange,2252.0,6.692,145.78,6.2574,2.25,259.8,1.0,2.1889,,0.0,0.0,0.0,0.5,4.1,0.0405,0.0,,,,2
Nilgiris,Ooty_Udhagamandalam_district_HQ,UEI-IMD-FL-1991-0093,1991-10-19T12:00:00,positive,Orange,2252.0,6.692,145.78,6.2574,2.25,259.8,1.0,2.1889,,0.3,1.2,1.5,1.5,5.6,1.1164,0.3,,,,2
Nilgiris,Ooty_Udhagamandalam_district_HQ,UEI-IMD-FL-1991-0093,1991-10-19T18:00:00,positive,Red,2252.0,6.692,145.78,6.2574,2.25,259.8,1.0,2.1889,,0.0,0.0,0.2,1.7,5.8,0.4733,0.0,,,,3
Nilgiris,Ooty_Udhagamandalam_district_HQ,UEI-IMD-FL-1991-0093,1991-10-20T00:00:00,positive,Red,2252.0,6.692,145.78,6.2574,2.25,259.8,1.0,2.1889,,0.0,0.0,0.0,1.7,5.8,0.1785,0.0,,,,3
Nilgiris,Ooty_Udhagamandalam_district_HQ,UEI-IMD-FL-1993-0065,1993-11-04T00:00:00,positive,Yellow,2252.0,6.692,145.78,6.2574,2.25,259.8,1.0,2.1889,,,,,,,0.0,,,,,1
Nilgiris,Ooty_Udhagamandalam_district_HQ,UEI-IMD-FL-1993-0065,1993-11-05T00:00:00,positive,Yellow,2252.0,6.692,145.78,6.2574,2.25,259.8,1.0,2.1889,,0.0,0.0,0.0,3.2,3.2,0.2378,0.0,,,,1
Nilgiris,Ooty_Udhagamandalam_district_HQ,UEI-IMD-FL-1993-0065,1993-11-06T00:00:00,positive,Orange,2252.0,6.692,145.78,6.2574,2.25,259.8,1.0,2.1889,,0.0,0.0,0.0,2.0,5.2,0.2042,0.0,,,,2
Nilgiris,Ooty_Udhagamandalam_district_HQ,UEI-IMD-FL-1993-0065,1993-11-06T12:00:00,positive,Orange,2252.0,6.692,145.78,6.2574,2.25,259.8,1.0,2.1889,,0.3,1.1,2.0,2.8,7.8,1.5684,0.3,,,,2
Nilgiris,Ooty_Udhagamandalam_district_HQ,UEI-IMD-FL-1993-0065,1993-11-06T18:00:00,positive,Red,2252.0,6.692,145.78,6.2574,2.25,259.8,1.0,2.1889,,0.4,1.3,2.1,4.7,9.9,2.2143,0.4,,,,3
Nilgiris,Ooty_Udhagamandalam_district_HQ,UEI-IMD-FL-1993-0065,1993-11-07T00:00:00,positive,Red,2252.0,6.692,145.78,6.2574,2.25,259.8,1.0,2.1889,,0.0,0.0,0.4,5.1,10.3,0.8351,0.0,,,,3
Nilgiris,Ooty_Udhagamandalam_district_HQ,UEI-IMD-FL-1996-0105,1996-12-09T00:00:00,positive,Yellow,2252.0,6.692,145.78,6.2574,2.25,259.8,1.0,2.1889,,,,,,,0.1,,,,,1
Nilgiris,Ooty_Udhagamandalam_district_HQ,UEI-IMD-FL-1996-0105,1996-12-10T00:00:00,positive,Yellow,2252.0,6.692,145.78,6.2574,2.25,259.8,1.0,2.1889,,0.2,1.1,1.7,20.7,20.7,2.7415,0.2,,,,1
Nilgiris,Ooty_Udhagamandalam_district_HQ,UEI-IMD-FL-1996-0105,1996-12-11T00:00:00,positive,Orange,2252.0,6.692,145.78,6.2574,2.25,259.8,1.0,2.1889,,0.3,1.3,2.9,12.7,33.4,3.0798,0.3,,,,2
Nilgiris,Ooty_Udhagamandalam_district_HQ,UEI-IMD-FL-1996-0105,1996-12-11T12:00:00,positive,Orange,2252.0,6.692,145.78,6.2574,2.25,259.8,1.0,2.1889,,0.9,2.9,3.8,10.7,38.5,3.6451,0.9,,,,2
Nilgiris,Ooty_Udhagamandalam_district_HQ,UEI-IMD-FL-1996-0105,1996-12-11T18:00:00,positive,Red,2252.0,6.692,145.78,6.2574,2.25,259.8,1.0,2.1889,,0.0,0.0,0.8,8.8,39.3,1.5601,0.0,,,,3
Nilgiris,Ooty_Udhagamandalam_district_HQ,UEI-IMD-FL-1996-0105,1996-12-12T00:00:00,positive,Red,2252.0,6.692,145.78,6.2574,2.25,259.8,1.0,2.1889,,0.0,0.0,0.0,5.9,39.3,0.5884,0.0,,,,3
Nilgiris,Ooty_Udhagamandalam_district_HQ,UEI-IMD-FL-1998-0096,1998-10-29T00:00:00,positive,Yellow,2252.0,6.692,145.78,6.2574,2.25,259.8,1.0,2.1889,,,,,,,0.0,,,,,1
Nilgiris,Ooty_Udhagamandalam_district_HQ,UEI-IMD-FL-1998-0096,1998-10-30T00:00:00,positive,Yellow,2252.0,6.692,145.78,6.2574,2.25,259.8,1.0,2.1889,,0.0,0.0,0.0,0.0,0.0,0.0,0.0,,,,1
Nilgiris,Ooty_Udhagamandalam_district_HQ,UEI-IMD-FL-1998-0096,1998-10-31T00:00:00,positive,Orange,2252.0,6.692,145.78,6.2574,2.25,259.8,1.0,2.1889,,0.0,0.0,0.0,0.0,0.0,0.0,0.0,,,,2
Nilgiris,Ooty_Udhagamandalam_district_HQ,UEI-IMD-FL-1998-0096,1998-10-31T12:00:00,positive,Orange,2252.0,6.692,145.78,6.2574,2.25,259.8,1.0,2.1889,,0.1,0.3,0.3,0.3,0.3,0.2295,0.1,,,,2
Nilgiris,Ooty_Udhagamandalam_district_HQ,UEI-IMD-FL-1998-0096,1998-10-31T18:00:00,positive,Red,2252.0,6.692,145.78,6.2574,2.25,259.8,1.0,2.1889,,0.0,0.6,1.0,1.3,1.3,0.6777,0.0,,,,3
Nilgiris,Ooty_Udhagamandalam_district_HQ,UEI-IMD-FL-1998-0096,1998-11-01T00:00:00,positive,Red,2252.0,6.692,145.78,6.2574,2.25,259.8,1.0,2.1889,,0.0,0.0,0.0,1.3,1.3,0.2556,0.0,,,,3
Nilgiris,Ooty_Udhagamandalam_district_HQ,UEI-IMD-FL-2005-0138,2005-10-12T00:00:00,positive,Yellow,2252.0,6.692,145.78,6.2574,2.25,259.8,1.0,2.1889,,,,,,,0.0,,0.72,,,1
Nilgiris,Ooty_Udhagamandalam_district_HQ,UEI-IMD-FL-2005-0138,2005-10-13T00:00:00,positive,Yellow,2252.0,6.692,145.78,6.2574,2.25,259.8,1.0,2.1889,,3.6,7.6,9.9,26.5,26.5,12.0671,3.6,0.73,,,1
Nilgiris,Ooty_Udhagamandalam_district_HQ,UEI-IMD-FL-2005-0138,2005-10-14T00:00:00,positive,Orange,2252.0,6.692,145.78,6.2574,2.25,259.8,1.0,2.1889,,0.0,0.0,0.7,26.5,53.0,2.4857,0.0,0.74,,,2
Nilgiris,Ooty_Udhagamandalam_district_HQ,UEI-IMD-FL-2005-0138,2005-10-14T12:00:00,positive,Orange,2252.0,6.692,145.78,6.2574,2.25,259.8,1.0,2.1889,,0.0,0.6,0.7,5.0,53.7,0.8176,0.0,0.74,,,2
Nilgiris,Ooty_Udhagamandalam_district_HQ,UEI-IMD-FL-2005-0138,2005-10-14T18:00:00,positive,Red,2252.0,6.692,145.78,6.2574,2.25,259.8,1.0,2.1889,,0.0,0.0,0.0,1.4,53.7,0.3084,0.0,0.73,,,3
Nilgiris,Ooty_Udhagamandalam_district_HQ,UEI-IMD-FL-2005-0138,2005-10-15T00:00:00,positive,Red,2252.0,6.692,145.78,6.2574,2.25,259.8,1.0,2.1889,,0.0,0.0,0.0,0.7,53.7,0.1163,0.0,0.73,,,3
Nilgiris,Ooty_Udhagamandalam_district_HQ,UEI-IMD-FL-2005-0141,2005-11-21T00:00:00,positive,Yellow,2252.0,6.692,145.78,6.2574,2.25,259.8,1.0,2.1889,,,,,,,0.0,,0.82,,,1
Nilgiris,Ooty_Udhagamandalam_district_HQ,UEI-IMD-FL-2005-0141,2005-11-22T00:00:00,positive,Yellow,2252.0,6.692,145.78,6.2574,2.25,259.8,1.0,2.1889,,0.0,0.9,2.1,12.6,12.6,2.5665,0.0,0.82,,,1
Nilgiris,Ooty_Udhagamandalam_district_HQ,UEI-IMD-FL-2005-0141,2005-11-23T00:00:00,positive,Orange,2252.0,6.692,145.78,6.2574,2.25,259.8,1.0,2.1889,,0.5,1.4,4.7,30.2,42.8,5.6233,0.5,0.83,,,2
Nilgiris,Ooty_Udhagamandalam_district_HQ,UEI-IMD-FL-2005-0141,2005-11-23T12:00:00,positive,Orange,2252.0,6.692,145.78,6.2574,2.25,259.8,1.0,2.1889,,1.0,4.0,11.6,25.6,58.7,9.131,1.0,0.85,,,2
Nilgiris,Ooty_Udhagamandalam_district_HQ,UEI-IMD-FL-2005-0141,2005-11-23T18:00:00,positive,Red,2252.0,6.692,145.78,6.2574,2.25,259.8,1.0,2.1889,,8.8,20.6,26.7,47.3,85.4,30.703,8.8,0.85,,,3
Nilgiris,Ooty_Udhagamandalam_district_HQ,UEI-IMD-FL-2005-0141,2005-11-24T00:00:00,positive,Red,2252.0,6.692,145.78,6.2574,2.25,259.8,1.0,2.1889,,2.1,6.3,23.5,66.1,108.9,22.7039,2.1,0.86,,,3
Nilgiris,Ooty_Udhagamandalam_district_HQ,UEI-IMD-FL-2006-0104,2006-11-06T00:00:00,positive,Yellow,2252.0,6.692,145.78,6.2574,2.25,259.8,1.0,2.1889,,,,,,,0.0,,0.71,,,1
Nilgiris,Ooty_Udhagamandalam_district_HQ,UEI-IMD-FL-2006-0104,2006-11-07T00:00:00,positive,Yellow,2252.0,6.692,145.78,6.2574,2.25,259.8,1.0,2.1889,,0.0,0.0,0.1,19.0,19.0,1.9419,0.0,0.73,,,1
Nilgiris,Ooty_Udhagamandalam_district_HQ,UEI-IMD-FL-2006-0104,2006-11-08T00:00:00,positive,Orange,2252.0,6.692,145.78,6.2574,2.25,259.8,1.0,2.1889,,0.0,0.0,1.1,10.0,29.0,1.3287,0.0,0.73,,,2
Nilgiris,Ooty_Udhagamandalam_district_HQ,UEI-IMD-FL-2006-0104,2006-11-08T12:00:00,positive,Orange,2252.0,6.692,145.78,6.2574,2.25,259.8,1.0,2.1889,,1.3,3.8,6.9,9.8,36.0,4.5835,1.3,0.73,,,2
Nilgiris,Ooty_Udhagamandalam_district_HQ,UEI-IMD-FL-2006-0104,2006-11-08T18:00:00,positive,Red,2252.0,6.692,145.78,6.2574,2.25,259.8,1.0,2.1889,,0.4,1.8,3.1,11.2,39.1,4.3845,0.4,0.73,,,3
Nilgiris,Ooty_Udhagamandalam_district_HQ,UEI-IMD-FL-2006-0104,2006-11-09T00:00:00,positive,Red,2252.0,6.692,145.78,6.2574,2.25,259.8,1.0,2.1889,,0.5,1.6,3.3,13.4,42.4,3.839,0.5,0.73,,,3
Nilgiris,Ooty_Udhagamandalam_district_HQ,UEI-IMD-FL-2009-0071,2009-11-03T00:00:00,positive,Yellow,2252.0,6.692,145.78,6.2574,2.25,259.8,1.0,2.1889,,,,,,,0.0,,0.58,,,1
Nilgiris,Ooty_Udhagamandalam_district_HQ,UEI-IMD-FL-2009-0071,2009-11-04T00:00:00,positive,Yellow,2252.0,6.692,145.78,6.2574,2.25,259.8,1.0,2.1889,,0.0,0.0,0.1,2.5,2.5,0.2932,0.0,0.57,,,1
Nilgiris,Ooty_Udhagamandalam_district_HQ,UEI-IMD-FL-2009-0071,2009-11-05T00:00:00,positive,Orange,2252.0,6.692,145.78,6.2574,2.25,259.8,1.0,2.1889,,0.2,0.4,0.6,12.6,15.1,2.2834,0.2,0.58,,,2
Nilgiris,Ooty_Udhagamandalam_district_HQ,UEI-IMD-FL-2009-0071,2009-11-05T12:00:00,positive,Orange,2252.0,6.692,145.78,6.2574,2.25,259.8,1.0,2.1889,,0.2,0.7,1.7,9.7,17.5,1.4516,0.2,0.58,,,2
Nilgiris,Ooty_Udhagamandalam_district_HQ,UEI-IMD-FL-2009-0071,2009-11-05T18:00:00,positive,Red,2252.0,6.692,145.78,6.2574,2.25,259.8,1.0,2.1889,,0.0,0.4,0.4,3.4,17.9,0.8148,0.0,0.58,,,3
Nilgiris,Ooty_Udhagamandalam_district_HQ,UEI-IMD-FL-2009-0071,2009-11-06T00:00:00,positive,Red,2252.0,6.692,145.78,6.2574,2.25,259.8,1.0,2.1889,,0.1,0.6,0.9,3.7,18.8,0.9728,0.1,0.59,,,3
Nilgiris,Ooty_Udhagamandalam_district_HQ,UEI-IMD-FL-2009-0072,2009-11-13T00:00:00,positive,Yellow,2252.0,6.692,145.78,6.2574,2.25,259.8,1.0,2.1889,,,,,,,0.0,,0.66,,,1
Nilgiris,Ooty_Udhagamandalam_district_HQ,UEI-IMD-FL-2009-0072,2009-11-14T00:00:00,positive,Yellow,2252.0,6.692,145.78,6.2574,2.25,259.8,1.0,2.1889,,0.0,0.0,0.0,1.9,1.9,0.227,0.0,0.66,,,1
Nilgiris,Ooty_Udhagamandalam_district_HQ,UEI-IMD-FL-2009-0072,2009-11-15T00:00:00,positive,Orange,2252.0,6.692,145.78,6.2574,2.25,259.8,1.0,2.1889,,0.8,4.0,7.5,14.1,16.0,6.0358,0.8,0.69,,,2
Nilgiris,Ooty_Udhagamandalam_district_HQ,UEI-IMD-FL-2009-0072,2009-11-15T12:00:00,positive,Orange,2252.0,6.692,145.78,6.2574,2.25,259.8,1.0,2.1889,,0.5,2.6,6.5,18.2,25.9,6.0229,0.5,0.7,,,2
Nilgiris,Ooty_Udhagamandalam_district_HQ,UEI-IMD-FL-2009-0072,2009-11-15T18:00:00,positive,Red,2252.0,6.692,145.78,6.2574,2.25,259.8,1.0,2.1889,,0.3,2.5,5.0,22.4,30.9,5.0052,0.3,0.7,,,3
Nilgiris,Ooty_Udhagamandalam_district_HQ,UEI-IMD-FL-2009-0072,2009-11-16T00:00:00,positive,Red,2252.0,6.692,145.78,6.2574,2.25,259.8,1.0,2.1889,,0.5,1.4,2.4,17.3,33.3,3.7507,0.5,0.71,,,3
Nilgiris,Ooty_Udhagamandalam_district_HQ,UEI-IMD-FL-2011-0086,2011-04-18T00:00:00,positive,Yellow,2252.0,6.692,145.78,6.2574,2.25,259.8,1.0,2.1889,,,,,,,0.0,,0.48,,,1
Nilgiris,Ooty_Udhagamandalam_district_HQ,UEI-IMD-FL-2011-0086,2011-04-19T00:00:00,positive,Yellow,2252.0,6.692,145.78,6.2574,2.25,259.8,1.0,2.1889,,0.0,0.1,0.2,2.1,2.1,0.6918,0.0,0.48,,,1
Nilgiris,Ooty_Udhagamandalam_district_HQ,UEI-IMD-FL-2011-0086,2011-04-20T00:00:00,positive,Orange,2252.0,6.692,145.78,6.2574,2.25,259.8,1.0,2.1889,,0.0,0.0,1.4,7.1,9.2,1.6439,0.0,0.49,,,2
Nilgiris,Ooty_Udhagamandalam_district_HQ,UEI-IMD-FL-2011-0086,2011-04-20T12:00:00,positive,Orange,2252.0,6.692,145.78,6.2574,2.25,259.8,1.0,2.1889,,0.0,0.4,2.8,7.7,12.0,1.7275,0.0,0.49,,,2
Nilgiris,Ooty_Udhagamandalam_district_HQ,UEI-IMD-FL-2011-0086,2011-04-20T18:00:00,positive,Red,2252.0,6.692,145.78,6.2574,2.25,259.8,1.0,2.1889,,0.0,0.0,0.0,4.2,12.0,0.6515,0.0,0.49,,,3
Nilgiris,Ooty_Udhagamandalam_district_HQ,UEI-IMD-FL-2011-0086,2011-04-21T00:00:00,positive,Red,2252.0,6.692,145.78,6.2574,2.25,259.8,1.0,2.1889,,0.0,0.0,0.0,2.8,12.0,0.2457,0.0,0.49,,,3
Nilgiris,Ooty_Udhagamandalam_district_HQ,UEI-IMD-FL-2014-0078,2014-05-03T00:00:00,positive,Yellow,2252.0,6.692,145.78,6.2574,2.25,259.8,1.0,2.1889,,,,,,,0.0,,0.52,,,1
Nilgiris,Ooty_Udhagamandalam_district_HQ,UEI-IMD-FL-2014-0078,2014-05-04T00:00:00,positive,Yellow,2252.0,6.692,145.78,6.2574,2.25,259.8,1.0,2.1889,,0.0,0.0,0.0,1.3,1.3,0.2095,0.0,0.52,,,1
Nilgiris,Ooty_Udhagamandalam_district_HQ,UEI-IMD-FL-2014-0078,2014-05-05T00:00:00,positive,Orange,2252.0,6.692,145.78,6.2574,2.25,259.8,1.0,2.1889,,0.0,0.0,0.7,8.2,9.5,1.6543,0.0,0.52,,,2
Nilgiris,Ooty_Udhagamandalam_district_HQ,UEI-IMD-FL-2014-0078,2014-05-05T12:00:00,positive,Orange,2252.0,6.692,145.78,6.2574,2.25,259.8,1.0,2.1889,,1.4,2.4,4.1,10.4,13.6,3.1189,1.4,0.52,,,2
Nilgiris,Ooty_Udhagamandalam_district_HQ,UEI-IMD-FL-2014-0078,2014-05-05T18:00:00,positive,Red,2252.0,6.692,145.78,6.2574,2.25,259.8,1.0,2.1889,,0.0,0.3,0.5,5.3,14.1,1.3605,0.0,0.51,,,3
Nilgiris,Ooty_Udhagamandalam_district_HQ,UEI-IMD-FL-2014-0078,2014-05-06T00:00:00,positive,Red,2252.0,6.692,145.78,6.2574,2.25,259.8,1.0,2.1889,,0.0,0.0,0.0,4.6,14.1,0.5131,0.0,0.51,,,3
Nilgiris,Ooty_Udhagamandalam_district_HQ,UEI-IMD-FL-2015-0090,2015-06-18T00:00:00,positive,Yellow,2252.0,6.692,145.78,6.2574,2.25,259.8,1.0,2.1889,,,,,,,0.4,,0.58,,,1
Nilgiris,Ooty_Udhagamandalam_district_HQ,UEI-IMD-FL-2015-0090,2015-06-19T00:00:00,positive,Yellow,2252.0,6.692,145.78,6.2574,2.25,259.8,1.0,2.1889,,0.0,0.0,0.7,9.8,9.8,1.079,0.0,0.58,,,1
Nilgiris,Ooty_Udhagamandalam_district_HQ,UEI-IMD-FL-2015-0090,2015-06-20T00:00:00,positive,Orange,2252.0,6.692,145.78,6.2574,2.25,259.8,1.0,2.1889,,0.0,0.0,0.1,3.9,13.7,0.5116,0.0,0.59,,,2
Nilgiris,Ooty_Udhagamandalam_district_HQ,UEI-IMD-FL-2015-0090,2015-06-20T12:00:00,positive,Orange,2252.0,6.692,145.78,6.2574,2.25,259.8,1.0,2.1889,,0.1,0.3,0.7,1.9,14.5,0.5865,0.1,0.59,,,2
Nilgiris,Ooty_Udhagamandalam_district_HQ,UEI-IMD-FL-2015-0090,2015-06-20T18:00:00,positive,Red,2252.0,6.692,145.78,6.2574,2.25,259.8,1.0,2.1889,,0.0,0.1,0.2,1.1,14.7,0.2934,0.0,0.59,,,3
Nilgiris,Ooty_Udhagamandalam_district_HQ,UEI-IMD-FL-2015-0090,2015-06-21T00:00:00,positive,Red,2252.0,6.692,145.78,6.2574,2.25,259.8,1.0,2.1889,,0.2,0.7,0.9,1.9,15.6,0.9247,0.2,0.59,,,3
Nilgiris,Ooty_Udhagamandalam_district_HQ,UEI-IMD-FL-2015-0093,2015-11-08T00:00:00,positive,Yellow,2252.0,6.692,145.78,6.2574,2.25,259.8,1.0,2.1889,,,,,,,0.0,,0.6,,,1
Nilgiris,Ooty_Udhagamandalam_district_HQ,UEI-IMD-FL-2015-0093,2015-11-09T00:00:00,positive,Yellow,2252.0,6.692,145.78,6.2574,2.25,259.8,1.0,2.1889,,0.0,0.0,0.3,6.9,6.9,1.0689,0.0,0.59,,,1
Nilgiris,Ooty_Udhagamandalam_district_HQ,UEI-IMD-FL-2015-0093,2015-11-10T00:00:00,positive,Orange,2252.0,6.692,145.78,6.2574,2.25,259.8,1.0,2.1889,,1.4,3.5,5.7,7.2,14.1,6.1376,1.4,0.64,,,2
Nilgiris,Ooty_Udhagamandalam_district_HQ,UEI-IMD-FL-2015-0093,2015-11-10T12:00:00,positive,Orange,2252.0,6.692,145.78,6.2574,2.25,259.8,1.0,2.1889,,0.1,0.7,3.4,27.8,34.7,5.8764,0.1,0.66,,,2
Nilgiris,Ooty_Udhagamandalam_district_HQ,UEI-IMD-FL-2015-0093,2015-11-10T18:00:00,positive,Red,2252.0,6.692,145.78,6.2574,2.25,259.8,1.0,2.1889,,0.9,3.6,5.1,31.4,39.8,6.1985,0.9,0.66,,,3
Nilgiris,Ooty_Udhagamandalam_district_HQ,UEI-IMD-FL-2015-0093,2015-11-11T00:00:00,positive,Red,2252.0,6.692,145.78,6.2574,2.25,259.8,1.0,2.1889,,0.0,0.0,0.7,26.4,40.5,2.3377,0.0,0.66,,,3
Nilgiris,Ooty_Udhagamandalam_district_HQ,UEI-IMD-FL-2015-0097,2015-11-28T00:00:00,positive,Yellow,2252.0,6.692,145.78,6.2574,2.25,259.8,1.0,2.1889,,,,,,,0.0,,0.63,,,1
Nilgiris,Ooty_Udhagamandalam_district_HQ,UEI-IMD-FL-2015-0097,2015-11-29T00:00:00,positive,Yellow,2252.0,6.692,145.78,6.2574,2.25,259.8,1.0,2.1889,,0.0,0.0,0.0,0.2,0.2,0.0149,0.0,0.62,,,1
Nilgiris,Ooty_Udhagamandalam_district_HQ,UEI-IMD-FL-2015-0097,2015-11-30T00:00:00,positive,Orange,2252.0,6.692,145.78,6.2574,2.25,259.8,1.0,2.1889,,1.7,5.9,6.2,6.2,6.4,5.7088,1.7,0.64,,,2
Nilgiris,Ooty_Udhagamandalam_district_HQ,UEI-IMD-FL-2015-0097,2015-11-30T12:00:00,positive,Orange,2252.0,6.692,145.78,6.2574,2.25,259.8,1.0,2.1889,,0.4,2.0,2.6,11.6,11.8,3.1105,0.4,0.64,,,2
Nilgiris,Ooty_Udhagamandalam_district_HQ,UEI-IMD-FL-2015-0097,2015-11-30T18:00:00,positive,Red,2252.0,6.692,145.78,6.2574,2.25,259.8,1.0,2.1889,,0.2,0.2,0.6,12.2,12.4,1.7875,0.2,0.64,,,3
Nilgiris,Ooty_Udhagamandalam_district_HQ,UEI-IMD-FL-2015-0097,2015-12-01T00:00:00,positive,Red,2252.0,6.692,145.78,6.2574,2.25,259.8,1.0,2.1889,,1.2,6.4,9.2,15.2,21.6,7.0674,1.2,0.64,,,3
Nilgiris,Ooty_Udhagamandalam_district_HQ,UEI-IMD-FL-2015-0098,2015-12-05T00:00:00,positive,Yellow,2252.0,6.692,145.78,6.2574,2.25,259.8,1.0,2.1889,,,,,,,0.0,,0.62,,,1
Nilgiris,Ooty_Udhagamandalam_district_HQ,UEI-IMD-FL-2015-0098,2015-12-06T00:00:00,positive,Yellow,2252.0,6.692,145.78,6.2574,2.25,259.8,1.0,2.1889,,0.1,1.4,6.4,9.3,9.3,3.8024,0.1,0.63,,,1
Nilgiris,Ooty_Udhagamandalam_district_HQ,UEI-IMD-FL-2015-0098,2015-12-07T00:00:00,positive,Orange,2252.0,6.692,145.78,6.2574,2.25,259.8,1.0,2.1889,,0.0,0.0,0.0,9.0,18.3,1.057,0.0,0.63,,,2
Nilgiris,Ooty_Udhagamandalam_district_HQ,UEI-IMD-FL-2015-0098,2015-12-07T12:00:00,positive,Orange,2252.0,6.692,145.78,6.2574,2.25,259.8,1.0,2.1889,,0.5,1.9,3.2,5.4,22.6,2.8576,0.5,0.63,,,2
Nilgiris,Ooty_Udhagamandalam_district_HQ,UEI-IMD-FL-2015-0098,2015-12-07T18:00:00,positive,Red,2252.0,6.692,145.78,6.2574,2.25,259.8,1.0,2.1889,,0.0,0.2,1.4,5.7,24.0,1.5425,0.0,0.63,,,3
Nilgiris,Ooty_Udhagamandalam_district_HQ,UEI-IMD-FL-2015-0098,2015-12-08T00:00:00,positive,Red,2252.0,6.692,145.78,6.2574,2.25,259.8,1.0,2.1889,,0.2,0.2,0.2,5.9,24.2,1.7517,0.2,0.63,,,3
Sikkim/Mangan,Mangan_district_HQ,UEI-IMD-FL-1980-0051,1980-08-19T00:00:00,positive,Yellow,884.0,49.411,290.26,6.854,25.25,167.3,37.0,2.6124,,,,,,,0.5,,,,,1
Sikkim/Mangan,Mangan_district_HQ,UEI-IMD-FL-1980-0051,1980-08-20T00:00:00,positive,Yellow,884.0,49.411,290.26,6.854,25.25,167.3,37.0,2.6124,,2.3,7.7,14.1,24.2,24.2,11.7157,2.3,,,,1
Sikkim/Mangan,Mangan_district_HQ,UEI-IMD-FL-1980-0051,1980-08-21T00:00:00,positive,Orange,884.0,49.411,290.26,6.854,25.25,167.3,37.0,2.6124,,0.0,0.5,6.8,25.6,49.8,4.8601,0.0,,,,2
Sikkim/Mangan,Mangan_district_HQ,UEI-IMD-FL-1980-0051,1980-08-21T12:00:00,positive,Orange,884.0,49.411,290.26,6.854,25.25,167.3,37.0,2.6124,,0.3,2.6,6.0,13.6,56.2,4.2525,0.3,,,,2
Sikkim/Mangan,Mangan_district_HQ,UEI-IMD-FL-1980-0051,1980-08-21T18:00:00,positive,Red,884.0,49.411,290.26,6.854,25.25,167.3,37.0,2.6124,,1.0,2.4,2.8,16.0,59.0,4.3491,1.0,,,,3
Sikkim/Mangan,Mangan_district_HQ,UEI-IMD-FL-1980-0051,1980-08-22T00:00:00,positive,Red,884.0,49.411,290.26,6.854,25.25,167.3,37.0,2.6124,,0.0,0.0,3.0,12.2,62.0,2.6634,0.0,,,,3
Sikkim/Mangan,Mangan_district_HQ,UEI-IMD-FL-1983-0086,1983-09-09T00:00:00,positive,Yellow,884.0,49.411,290.26,6.854,25.25,167.3,37.0,2.6124,,,,,,,0.2,,,,,1
Sikkim/Mangan,Mangan_district_HQ,UEI-IMD-FL-1983-0086,1983-09-10T00:00:00,positive,Yellow,884.0,49.411,290.26,6.854,25.25,167.3,37.0,2.6124,,2.4,7.8,14.3,34.7,34.7,13.1196,2.4,,,,1
Sikkim/Mangan,Mangan_district_HQ,UEI-IMD-FL-1983-0086,1983-09-11T00:00:00,positive,Orange,884.0,49.411,290.26,6.854,25.25,167.3,37.0,2.6124,,0.8,4.1,12.4,40.9,75.6,12.0054,0.8,,,,2
Sikkim/Mangan,Mangan_district_HQ,UEI-IMD-FL-1983-0086,1983-09-11T12:00:00,positive,Orange,884.0,49.411,290.26,6.854,25.25,167.3,37.0,2.6124,,0.0,0.7,8.5,43.0,90.3,7.2266,0.0,,,,2
Sikkim/Mangan,Mangan_district_HQ,UEI-IMD-FL-1983-0086,1983-09-11T18:00:00,positive,Red,884.0,49.411,290.26,6.854,25.25,167.3,37.0,2.6124,,0.9,2.0,2.4,29.5,92.7,5.1459,0.9,,,,3
Sikkim/Mangan,Mangan_district_HQ,UEI-IMD-FL-1983-0086,1983-09-12T00:00:00,positive,Red,884.0,49.411,290.26,6.854,25.25,167.3,37.0,2.6124,,0.5,0.9,2.2,19.3,94.9,3.5258,0.5,,,,3
Sikkim/Mangan,Mangan_district_HQ,UEI-IMD-FL-1991-0092,1991-09-13T00:00:00,positive,Yellow,884.0,49.411,290.26,6.854,25.25,167.3,37.0,2.6124,,,,,,,6.3,,,,,1
Sikkim/Mangan,Mangan_district_HQ,UEI-IMD-FL-1991-0092,1991-09-14T00:00:00,positive,Yellow,884.0,49.411,290.26,6.854,25.25,167.3,37.0,2.6124,,0.0,0.0,0.1,17.2,17.2,1.0458,0.0,,,,1
Sikkim/Mangan,Mangan_district_HQ,UEI-IMD-FL-1991-0092,1991-09-15T00:00:00,positive,Orange,884.0,49.411,290.26,6.854,25.25,167.3,37.0,2.6124,,0.0,0.1,0.3,4.7,21.9,0.6122,0.0,,,,2
Sikkim/Mangan,Mangan_district_HQ,UEI-IMD-FL-1991-0092,1991-09-15T12:00:00,positive,Orange,884.0,49.411,290.26,6.854,25.25,167.3,37.0,2.6124,,0.3,0.7,3.5,6.0,26.9,2.3809,0.3,,,,2
Sikkim/Mangan,Mangan_district_HQ,UEI-IMD-FL-1991-0092,1991-09-15T18:00:00,positive,Red,884.0,49.411,290.26,6.854,25.25,167.3,37.0,2.6124,,0.8,2.6,3.8,9.1,30.7,3.9903,0.8,,,,3
Sikkim/Mangan,Mangan_district_HQ,UEI-IMD-FL-1991-0092,1991-09-16T00:00:00,positive,Red,884.0,49.411,290.26,6.854,25.25,167.3,37.0,2.6124,,0.3,1.3,3.9,12.7,34.6,3.5201,0.3,,,,3
Sikkim/Mangan,Mangan_district_HQ,UEI-IMD-FL-1993-0063,1993-08-10T00:00:00,positive,Yellow,884.0,49.411,290.26,6.854,25.25,167.3,37.0,2.6124,,,,,,,1.1,,,,,1
Sikkim/Mangan,Mangan_district_HQ,UEI-IMD-FL-1993-0063,1993-08-11T00:00:00,positive,Yellow,884.0,49.411,290.26,6.854,25.25,167.3,37.0,2.6124,,1.6,6.9,18.2,43.0,43.0,13.5635,1.6,,,,1
Sikkim/Mangan,Mangan_district_HQ,UEI-IMD-FL-1993-0063,1993-08-12T00:00:00,positive,Orange,884.0,49.411,290.26,6.854,25.25,167.3,37.0,2.6124,,0.4,1.0,3.1,19.0,62.0,3.6206,0.4,,,,2
Sikkim/Mangan,Mangan_district_HQ,UEI-IMD-FL-1993-0063,1993-08-12T12:00:00,positive,Orange,884.0,49.411,290.26,6.854,25.25,167.3,37.0,2.6124,,0.7,2.4,10.6,22.1,79.5,8.7979,0.7,,,,2
Sikkim/Mangan,Mangan_district_HQ,UEI-IMD-FL-1993-0063,1993-08-12T18:00:00,positive,Red,884.0,49.411,290.26,6.854,25.25,167.3,37.0,2.6124,,0.0,0.3,1.6,22.2,81.1,3.8429,0.0,,,,3
Sikkim/Mangan,Mangan_district_HQ,UEI-IMD-FL-1993-0063,1993-08-13T00:00:00,positive,Red,884.0,49.411,290.26,6.854,25.25,167.3,37.0,2.6124,,0.0,0.0,1.1,20.2,82.2,1.94,0.0,,,,3
Sikkim/Mangan,Mangan_district_HQ,UEI-IMD-FL-1998-0092,1998-05-10T00:00:00,positive,Yellow,884.0,49.411,290.26,6.854,25.25,167.3,37.0,2.6124,,,,,,,2.2,,,,,1
Sikkim/Mangan,Mangan_district_HQ,UEI-IMD-FL-1998-0092,1998-05-11T00:00:00,positive,Yellow,884.0,49.411,290.26,6.854,25.25,167.3,37.0,2.6124,,0.4,0.7,1.5,10.5,10.5,2.1734,0.4,,,,1
Sikkim/Mangan,Mangan_district_HQ,UEI-IMD-FL-1998-0092,1998-05-12T00:00:00,positive,Orange,884.0,49.411,290.26,6.854,25.25,167.3,37.0,2.6124,,0.2,0.6,0.9,5.5,16.0,1.4138,0.2,,,,2
Sikkim/Mangan,Mangan_district_HQ,UEI-IMD-FL-1998-0092,1998-05-12T12:00:00,positive,Orange,884.0,49.411,290.26,6.854,25.25,167.3,37.0,2.6124,,0.1,0.2,0.6,3.8,16.8,0.6407,0.1,,,,2
Sikkim/Mangan,Mangan_district_HQ,UEI-IMD-FL-1998-0092,1998-05-12T18:00:00,positive,Red,884.0,49.411,290.26,6.854,25.25,167.3,37.0,2.6124,,0.2,0.4,0.5,2.2,17.3,0.7453,0.2,,,,3
Sikkim/Mangan,Mangan_district_HQ,UEI-IMD-FL-1998-0092,1998-05-13T00:00:00,positive,Red,884.0,49.411,290.26,6.854,25.25,167.3,37.0,2.6124,,0.3,1.3,1.9,3.2,19.2,1.6975,0.3,,,,3
Sikkim/Mangan,Mangan_district_HQ,UEI-IMD-FL-1998-0093,1998-06-17T00:00:00,positive,Yellow,884.0,49.411,290.26,6.854,25.25,167.3,37.0,2.6124,,,,,,,1.7,,,,,1
Sikkim/Mangan,Mangan_district_HQ,UEI-IMD-FL-1998-0093,1998-06-18T00:00:00,positive,Yellow,884.0,49.411,290.26,6.854,25.25,167.3,37.0,2.6124,,1.1,3.0,10.0,34.8,34.8,9.5537,1.1,,,,1
Sikkim/Mangan,Mangan_district_HQ,UEI-IMD-FL-1998-0093,1998-06-19T00:00:00,positive,Orange,884.0,49.411,290.26,6.854,25.25,167.3,37.0,2.6124,,7.2,16.7,26.1,50.3,85.1,26.917,7.2,,,,2
Sikkim/Mangan,Mangan_district_HQ,UEI-IMD-FL-1998-0093,1998-06-19T12:00:00,positive,Orange,884.0,49.411,290.26,6.854,25.25,167.3,37.0,2.6124,,1.3,4.1,9.7,76.3,125.7,16.2442,1.3,,,,2
Sikkim/Mangan,Mangan_district_HQ,UEI-IMD-FL-1998-0093,1998-06-19T18:00:00,positive,Red,884.0,49.411,290.26,6.854,25.25,167.3,37.0,2.6124,,1.8,4.7,8.7,75.4,134.4,12.8721,1.8,,,,3
Sikkim/Mangan,Mangan_district_HQ,UEI-IMD-FL-1998-0093,1998-06-20T00:00:00,positive,Red,884.0,49.411,290.26,6.854,25.25,167.3,37.0,2.6124,,3.5,12.0,21.1,70.4,155.5,19.9263,3.5,,,,3
Sikkim/Mangan,Mangan_district_HQ,UEI-IMD-FL-1998-0094,1998-07-05T00:00:00,positive,Yellow,884.0,49.411,290.26,6.854,25.25,167.3,37.0,2.6124,,,,,,,0.1,,,,,1
Sikkim/Mangan,Mangan_district_HQ,UEI-IMD-FL-1998-0094,1998-07-06T00:00:00,positive,Yellow,884.0,49.411,290.26,6.854,25.25,167.3,37.0,2.6124,,0.0,0.0,0.3,21.4,21.4,2.3525,0.0,,,,1
Sikkim/Mangan,Mangan_district_HQ,UEI-IMD-FL-1998-0094,1998-07-07T00:00:00,positive,Orange,884.0,49.411,290.26,6.854,25.25,167.3,37.0,2.6124,,0.6,1.8,6.8,20.1,41.5,6.6282,0.6,,,,2
Sikkim/Mangan,Mangan_district_HQ,UEI-IMD-FL-1998-0094,1998-07-07T12:00:00,positive,Orange,884.0,49.411,290.26,6.854,25.25,167.3,37.0,2.6124,,2.1,4.8,16.1,37.0,62.2,11.7951,2.1,,,,2
Sikkim/Mangan,Mangan_district_HQ,UEI-IMD-FL-1998-0094,1998-07-07T18:00:00,positive,Red,884.0,49.411,290.26,6.854,25.25,167.3,37.0,2.6124,,0.2,0.7,2.7,30.2,64.9,6.0301,0.2,,,,3
Sikkim/Mangan,Mangan_district_HQ,UEI-IMD-FL-1998-0094,1998-07-08T00:00:00,positive,Red,884.0,49.411,290.26,6.854,25.25,167.3,37.0,2.6124,,0.1,0.9,2.2,25.6,67.1,3.228,0.1,,,,3
Sikkim/Mangan,Mangan_district_HQ,UEI-IMD-FL-2007-0122,2007-07-13T00:00:00,positive,Yellow,884.0,49.411,290.26,6.854,25.25,167.3,37.0,2.6124,,,,,,,5.6,,0.65,,,1
Sikkim/Mangan,Mangan_district_HQ,UEI-IMD-FL-2007-0122,2007-07-14T00:00:00,positive,Yellow,884.0,49.411,290.26,6.854,25.25,167.3,37.0,2.6124,,0.6,4.7,12.8,86.3,86.3,11.5481,0.6,0.67,,,1
Sikkim/Mangan,Mangan_district_HQ,UEI-IMD-FL-2007-0122,2007-07-15T00:00:00,positive,Orange,884.0,49.411,290.26,6.854,25.25,167.3,37.0,2.6124,,0.5,2.0,5.5,23.1,109.4,6.069,0.5,0.67,,,2
Sikkim/Mangan,Mangan_district_HQ,UEI-IMD-FL-2007-0122,2007-07-15T12:00:00,positive,Orange,884.0,49.411,290.26,6.854,25.25,167.3,37.0,2.6124,,0.6,2.5,4.4,20.8,115.5,4.29,0.6,0.67,,,2
Sikkim/Mangan,Mangan_district_HQ,UEI-IMD-FL-2007-0122,2007-07-15T18:00:00,positive,Red,884.0,49.411,290.26,6.854,25.25,167.3,37.0,2.6124,,0.5,2.5,5.2,16.8,120.7,4.7959,0.5,0.67,,,3
Sikkim/Mangan,Mangan_district_HQ,UEI-IMD-FL-2007-0122,2007-07-16T00:00:00,positive,Red,884.0,49.411,290.26,6.854,25.25,167.3,37.0,2.6124,,0.3,1.1,2.6,13.9,123.3,3.873,0.3,0.68,,,3
Sikkim/Mangan,Mangan_district_HQ,UEI-IMD-FL-2010-0119,2010-08-20T00:00:00,positive,Yellow,884.0,49.411,290.26,6.854,25.25,167.3,37.0,2.6124,,,,,,,0.2,,0.89,,,1
Sikkim/Mangan,Mangan_district_HQ,UEI-IMD-FL-2010-0119,2010-08-21T00:00:00,positive,Yellow,884.0,49.411,290.26,6.854,25.25,167.3,37.0,2.6124,,3.5,9.1,14.9,37.2,37.2,15.856,3.5,0.89,,,1
Sikkim/Mangan,Mangan_district_HQ,UEI-IMD-FL-2010-0119,2010-08-22T00:00:00,positive,Orange,884.0,49.411,290.26,6.854,25.25,167.3,37.0,2.6124,,2.2,6.6,13.6,53.6,90.8,14.3753,2.2,0.9,,,2
Sikkim/Mangan,Mangan_district_HQ,UEI-IMD-FL-2010-0119,2010-08-22T12:00:00,positive,Orange,884.0,49.411,290.26,6.854,25.25,167.3,37.0,2.6124,,0.7,2.2,7.8,44.3,109.1,9.2406,0.7,0.9,,,2
Sikkim/Mangan,Mangan_district_HQ,UEI-IMD-FL-2010-0119,2010-08-22T18:00:00,positive,Red,884.0,49.411,290.26,6.854,25.25,167.3,37.0,2.6124,,1.7,4.5,7.1,39.0,116.2,9.9374,1.7,0.9,,,3
Sikkim/Mangan,Mangan_district_HQ,UEI-IMD-FL-2010-0119,2010-08-23T00:00:00,positive,Red,884.0,49.411,290.26,6.854,25.25,167.3,37.0,2.6124,,6.2,17.0,27.9,53.3,144.1,25.545,6.2,0.9,,,3
Sikkim/Mangan,Mangan_district_HQ,UEI-IMD-FL-2011-0085,2011-08-26T00:00:00,positive,Yellow,884.0,49.411,290.26,6.854,25.25,167.3,37.0,2.6124,,,,,,,0.0,,0.92,,,1
Sikkim/Mangan,Mangan_district_HQ,UEI-IMD-FL-2011-0085,2011-08-27T00:00:00,positive,Yellow,884.0,49.411,290.26,6.854,25.25,167.3,37.0,2.6124,,0.0,0.0,0.4,13.7,13.7,1.642,0.0,0.91,,,1
Sikkim/Mangan,Mangan_district_HQ,UEI-IMD-FL-2011-0085,2011-08-28T00:00:00,positive,Orange,884.0,49.411,290.26,6.854,25.25,167.3,37.0,2.6124,,0.0,0.0,0.0,6.6,20.3,0.5773,0.0,0.91,,,2
Sikkim/Mangan,Mangan_district_HQ,UEI-IMD-FL-2011-0085,2011-08-28T12:00:00,positive,Orange,884.0,49.411,290.26,6.854,25.25,167.3,37.0,2.6124,,1.0,5.8,7.0,7.4,27.5,5.0637,1.0,0.9,,,2
Sikkim/Mangan,Mangan_district_HQ,UEI-IMD-FL-2011-0085,2011-08-28T18:00:00,positive,Red,884.0,49.411,290.26,6.854,25.25,167.3,37.0,2.6124,,0.0,0.0,0.3,7.5,27.8,1.9098,0.0,0.9,,,3
Sikkim/Mangan,Mangan_district_HQ,UEI-IMD-FL-2011-0085,2011-08-29T00:00:00,positive,Red,884.0,49.411,290.26,6.854,25.25,167.3,37.0,2.6124,,0.1,0.5,0.9,8.4,28.7,1.2579,0.1,0.9,,,3
Sikkim/Mangan,Lachen,UEI-IMD-FL-2012-0072,2012-09-18T00:00:00,positive,Yellow,2967.0,16.885,36.96,7.3359,7.125,463.1,15.0,2.5251,,,,,,,0.2,,0.87,,,1
Sikkim/Mangan,Lachen,UEI-IMD-FL-2012-0072,2012-09-19T00:00:00,positive,Yellow,2967.0,16.885,36.96,7.3359,7.125,463.1,15.0,2.5251,,0.5,1.8,5.8,16.0,16.0,5.8081,0.5,0.86,,,1
Sikkim/Mangan,Lachen,UEI-IMD-FL-2012-0072,2012-09-20T00:00:00,positive,Orange,2967.0,16.885,36.96,7.3359,7.125,463.1,15.0,2.5251,,4.8,13.5,22.0,44.0,60.0,21.5768,4.8,0.86,,,2
Sikkim/Mangan,Lachen,UEI-IMD-FL-2012-0072,2012-09-20T12:00:00,positive,Orange,2967.0,16.885,36.96,7.3359,7.125,463.1,15.0,2.5251,,0.3,2.1,9.8,67.9,97.4,13.6955,0.3,0.86,,,2
Sikkim/Mangan,Lachen,UEI-IMD-FL-2012-0072,2012-09-20T18:00:00,positive,Red,2967.0,16.885,36.96,7.3359,7.125,463.1,15.0,2.5251,,1.9,4.8,6.6,66.0,104.0,11.3323,1.9,0.86,,,3
Sikkim/Mangan,Lachen,UEI-IMD-FL-2012-0072,2012-09-21T00:00:00,positive,Red,2967.0,16.885,36.96,7.3359,7.125,463.1,15.0,2.5251,,1.3,5.1,12.8,56.8,116.8,12.1709,1.3,0.86,,,3
Sikkim/Mangan,Mangan_district_HQ,UEI-IMD-FL-2015-0082,2015-06-28T00:00:00,positive,Yellow,884.0,49.411,290.26,6.854,25.25,167.3,37.0,2.6124,,,,,,,3.8,,0.7,,,1
Sikkim/Mangan,Mangan_district_HQ,UEI-IMD-FL-2015-0082,2015-06-29T00:00:00,positive,Yellow,884.0,49.411,290.26,6.854,25.25,167.3,37.0,2.6124,,2.8,9.2,25.1,87.5,87.5,22.6314,2.8,0.71,,,1
Sikkim/Mangan,Mangan_district_HQ,UEI-IMD-FL-2015-0082,2015-06-30T00:00:00,positive,Orange,884.0,49.411,290.26,6.854,25.25,167.3,37.0,2.6124,,1.1,3.1,7.2,34.6,122.1,7.9886,1.1,0.72,,,2
Sikkim/Mangan,Mangan_district_HQ,UEI-IMD-FL-2015-0082,2015-06-30T12:00:00,positive,Orange,884.0,49.411,290.26,6.854,25.25,167.3,37.0,2.6124,,0.2,0.9,8.8,30.9,140.9,7.8119,0.2,0.72,,,2
Sikkim/Mangan,Mangan_district_HQ,UEI-IMD-FL-2015-0082,2015-06-30T18:00:00,positive,Red,884.0,49.411,290.26,6.854,25.25,167.3,37.0,2.6124,,2.6,7.4,9.3,35.3,150.2,11.4819,2.6,0.72,,,3
Sikkim/Mangan,Mangan_district_HQ,UEI-IMD-FL-2015-0082,2015-07-01T00:00:00,positive,Red,884.0,49.411,290.26,6.854,25.25,167.3,37.0,2.6124,,1.6,8.4,20.6,48.7,170.8,15.9179,1.6,0.72,,,3
Sikkim/Mangan,Mangan_district_HQ,UEI-IMD-FL-2017-0103,2017-09-17T00:00:00,positive,Yellow,884.0,49.411,290.26,6.854,25.25,167.3,37.0,2.6124,,,,,,,0.0,,0.93,,,1
Sikkim/Mangan,Mangan_district_HQ,UEI-IMD-FL-2017-0103,2017-09-18T00:00:00,positive,Yellow,884.0,49.411,290.26,6.854,25.25,167.3,37.0,2.6124,,0.1,0.6,0.6,2.5,2.5,0.5652,0.1,0.93,,,1
Sikkim/Mangan,Mangan_district_HQ,UEI-IMD-FL-2017-0103,2017-09-19T00:00:00,positive,Orange,884.0,49.411,290.26,6.854,25.25,167.3,37.0,2.6124,,0.0,0.1,1.2,9.2,11.7,1.3611,0.0,0.93,,,2
Sikkim/Mangan,Mangan_district_HQ,UEI-IMD-FL-2017-0103,2017-09-19T12:00:00,positive,Orange,884.0,49.411,290.26,6.854,25.25,167.3,37.0,2.6124,,0.0,0.5,0.5,3.9,12.8,0.6456,0.0,0.93,,,2
Sikkim/Mangan,Mangan_district_HQ,UEI-IMD-FL-2017-0103,2017-09-19T18:00:00,positive,Red,884.0,49.411,290.26,6.854,25.25,167.3,37.0,2.6124,,1.1,2.3,2.8,5.1,15.6,2.3427,1.1,0.93,,,3
Sikkim/Mangan,Mangan_district_HQ,UEI-IMD-FL-2017-0103,2017-09-20T00:00:00,positive,Red,884.0,49.411,290.26,6.854,25.25,167.3,37.0,2.6124,,0.2,0.4,0.6,4.5,16.2,1.2424,0.2,0.93,,,3
Sikkim/Mangan,Mangan_district_HQ,UEI-IMD-FL-2020-0125,2020-05-21T00:00:00,positive,Yellow,884.0,49.411,290.26,6.854,25.25,167.3,37.0,2.6124,,,,,,,0.3,,0.73,,,1
Sikkim/Mangan,Mangan_district_HQ,UEI-IMD-FL-2020-0125,2020-05-22T00:00:00,positive,Yellow,884.0,49.411,290.26,6.854,25.25,167.3,37.0,2.6124,,0.6,2.1,6.3,26.3,26.3,6.6532,0.6,0.76,,,1
Sikkim/Mangan,Mangan_district_HQ,UEI-IMD-FL-2020-0125,2020-05-23T00:00:00,positive,Orange,884.0,49.411,290.26,6.854,25.25,167.3,37.0,2.6124,,1.3,1.5,1.6,4.9,31.2,1.745,1.3,0.76,,,2
Sikkim/Mangan,Mangan_district_HQ,UEI-IMD-FL-2020-0125,2020-05-23T12:00:00,positive,Orange,884.0,49.411,290.26,6.854,25.25,167.3,37.0,2.6124,,8.7,24.3,29.5,40.0,69.1,29.4993,8.7,0.75,,,2
Sikkim/Mangan,Mangan_district_HQ,UEI-IMD-FL-2020-0125,2020-05-23T18:00:00,positive,Red,884.0,49.411,290.26,6.854,25.25,167.3,37.0,2.6124,,1.4,2.6,18.3,57.8,87.4,20.1716,1.4,0.77,,,3
Sikkim/Mangan,Mangan_district_HQ,UEI-IMD-FL-2020-0125,2020-05-24T00:00:00,positive,Red,884.0,49.411,290.26,6.854,25.25,167.3,37.0,2.6124,,2.4,9.8,19.6,75.8,107.0,19.1011,2.4,0.77,,,3
Sikkim/Mangan,Mangan_district_HQ,UEI-IMD-FL-2020-0127,2020-06-24T00:00:00,positive,Yellow,884.0,49.411,290.26,6.854,25.25,167.3,37.0,2.6124,,,,,,,4.5,,0.9,,,1
Sikkim/Mangan,Mangan_district_HQ,UEI-IMD-FL-2020-0127,2020-06-25T00:00:00,positive,Yellow,884.0,49.411,290.26,6.854,25.25,167.3,37.0,2.6124,,3.0,13.8,43.8,130.0,130.0,36.7017,3.0,0.93,,,1
Sikkim/Mangan,Mangan_district_HQ,UEI-IMD-FL-2020-0127,2020-06-26T00:00:00,positive,Orange,884.0,49.411,290.26,6.854,25.25,167.3,37.0,2.6124,,0.8,10.2,22.0,97.8,227.8,23.5163,0.8,0.95,,,2
Sikkim/Mangan,Mangan_district_HQ,UEI-IMD-FL-2020-0127,2020-06-26T12:00:00,positive,Orange,884.0,49.411,290.26,6.854,25.25,167.3,37.0,2.6124,,2.0,8.0,16.6,80.7,253.5,17.1956,2.0,0.95,,,2
Sikkim/Mangan,Mangan_district_HQ,UEI-IMD-FL-2020-0127,2020-06-26T18:00:00,positive,Red,884.0,49.411,290.26,6.854,25.25,167.3,37.0,2.6124,,0.6,2.4,13.3,61.0,266.8,13.794,0.6,0.95,,,3
Sikkim/Mangan,Mangan_district_HQ,UEI-IMD-FL-2020-0127,2020-06-27T00:00:00,positive,Red,884.0,49.411,290.26,6.854,25.25,167.3,37.0,2.6124,,1.6,2.3,8.2,47.2,275.0,11.4916,1.6,0.95,,,3
Sikkim/Mangan,Mangan_district_HQ,UEI-IMD-FL-2022-0826,2022-05-01T00:00:00,positive,Yellow,884.0,49.411,290.26,6.854,25.25,167.3,37.0,2.6124,,,,,,,0.1,,0.77,,,1
Sikkim/Mangan,Mangan_district_HQ,UEI-IMD-FL-2022-0826,2022-05-02T00:00:00,positive,Yellow,884.0,49.411,290.26,6.854,25.25,167.3,37.0,2.6124,,1.1,5.3,6.5,8.5,8.5,6.027,1.1,0.77,,,1
Sikkim/Mangan,Mangan_district_HQ,UEI-IMD-FL-2022-0826,2022-05-03T00:00:00,positive,Orange,884.0,49.411,290.26,6.854,25.25,167.3,37.0,2.6124,,0.0,0.0,2.0,35.8,44.3,6.4471,0.0,0.77,,,2
Sikkim/Mangan,Mangan_district_HQ,UEI-IMD-FL-2022-0826,2022-05-03T12:00:00,positive,Orange,884.0,49.411,290.26,6.854,25.25,167.3,37.0,2.6124,,0.2,0.9,0.9,23.0,45.2,2.0928,0.2,0.77,,,2
Sikkim/Mangan,Mangan_district_HQ,UEI-IMD-FL-2022-0826,2022-05-03T18:00:00,positive,Red,884.0,49.411,290.26,6.854,25.25,167.3,37.0,2.6124,,0.2,0.3,1.5,4.4,46.7,1.3578,0.2,0.77,,,3
Sikkim/Mangan,Mangan_district_HQ,UEI-IMD-FL-2022-0826,2022-05-04T00:00:00,positive,Red,884.0,49.411,290.26,6.854,25.25,167.3,37.0,2.6124,,0.0,0.0,0.0,2.4,46.7,0.5121,0.0,0.77,,,3
Sikkim/Mangan,Mangan_district_HQ,UEI-IMD-FL-2022-0828,2022-05-08T00:00:00,positive,Yellow,884.0,49.411,290.26,6.854,25.25,167.3,37.0,2.6124,,,,,,,0.3,,0.78,,,1
Sikkim/Mangan,Mangan_district_HQ,UEI-IMD-FL-2022-0828,2022-05-09T00:00:00,positive,Yellow,884.0,49.411,290.26,6.854,25.25,167.3,37.0,2.6124,,0.0,0.0,4.5,11.8,11.8,3.4692,0.0,0.77,,,1
Sikkim/Mangan,Mangan_district_HQ,UEI-IMD-FL-2022-0828,2022-05-10T00:00:00,positive,Orange,884.0,49.411,290.26,6.854,25.25,167.3,37.0,2.6124,,0.0,0.3,0.3,3.0,14.8,0.582,0.0,0.77,,,2
Sikkim/Mangan,Mangan_district_HQ,UEI-IMD-FL-2022-0828,2022-05-10T12:00:00,positive,Orange,884.0,49.411,290.26,6.854,25.25,167.3,37.0,2.6124,,1.8,2.5,2.6,4.0,17.4,5.7599,1.8,0.77,,,2
Sikkim/Mangan,Mangan_district_HQ,UEI-IMD-FL-2022-0828,2022-05-10T18:00:00,positive,Red,884.0,49.411,290.26,6.854,25.25,167.3,37.0,2.6124,,0.0,1.5,6.2,9.1,23.6,3.6689,0.0,0.77,,,3
Sikkim/Mangan,Mangan_district_HQ,UEI-IMD-FL-2022-0828,2022-05-11T00:00:00,positive,Red,884.0,49.411,290.26,6.854,25.25,167.3,37.0,2.6124,,0.0,0.1,0.1,8.9,23.7,1.456,0.0,0.78,,,3
Sikkim/Mangan,Mangan_district_HQ,UEI-IMD-FL-2023-0539,2023-06-14T00:00:00,positive,Yellow,884.0,49.411,290.26,6.854,25.25,167.3,37.0,2.6124,,,,,,,1.2,,0.74,,,1
Sikkim/Mangan,Mangan_district_HQ,UEI-IMD-FL-2023-0539,2023-06-15T00:00:00,positive,Yellow,884.0,49.411,290.26,6.854,25.25,167.3,37.0,2.6124,,1.2,2.7,9.4,84.2,84.2,17.5746,1.2,0.76,,,1
Sikkim/Mangan,Mangan_district_HQ,UEI-IMD-FL-2023-0539,2023-06-16T00:00:00,positive,Orange,884.0,49.411,290.26,6.854,25.25,167.3,37.0,2.6124,,1.4,4.7,15.3,103.2,187.4,16.3057,1.4,0.78,,,2
Sikkim/Mangan,Mangan_district_HQ,UEI-IMD-FL-2023-0539,2023-06-16T12:00:00,positive,Orange,884.0,49.411,290.26,6.854,25.25,167.3,37.0,2.6124,,11.6,34.3,55.8,98.5,248.7,50.6051,11.6,0.8,,,2
Sikkim/Mangan,Mangan_district_HQ,UEI-IMD-FL-2023-0539,2023-06-16T18:00:00,positive,Red,884.0,49.411,290.26,6.854,25.25,167.3,37.0,2.6124,,3.2,11.0,40.1,116.7,288.8,39.5841,3.2,0.8,,,3
Sikkim/Mangan,Mangan_district_HQ,UEI-IMD-FL-2023-0539,2023-06-17T00:00:00,positive,Red,884.0,49.411,290.26,6.854,25.25,167.3,37.0,2.6124,,0.3,6.6,17.5,118.9,306.3,22.4226,0.3,0.8,,,3
Darjeeling/Kalimpong,Darjeeling_town_district_HQ,UEI-IMD-FL-1971-0003,1971-05-29T00:00:00,positive,Yellow,2123.0,21.586,299.37,5.3997,7.875,450.5,2.0,1.4521,,,,,,,0.0,,,,,1
Darjeeling/Kalimpong,Darjeeling_town_district_HQ,UEI-IMD-FL-1971-0003,1971-05-30T00:00:00,positive,Yellow,2123.0,21.586,299.37,5.3997,7.875,450.5,2.0,1.4521,,0.0,0.0,0.0,2.7,2.7,0.2516,0.0,,,,1
Darjeeling/Kalimpong,Darjeeling_town_district_HQ,UEI-IMD-FL-1971-0003,1971-05-31T00:00:00,positive,Orange,2123.0,21.586,299.37,5.3997,7.875,450.5,2.0,1.4521,,0.4,2.3,4.4,17.4,20.1,4.5682,0.4,,,,2
Darjeeling/Kalimpong,Darjeeling_town_district_HQ,UEI-IMD-FL-1971-0003,1971-05-31T12:00:00,positive,Orange,2123.0,21.586,299.37,5.3997,7.875,450.5,2.0,1.4521,,0.4,1.8,10.8,24.1,35.5,7.6552,0.4,,,,2
Darjeeling/Kalimpong,Darjeeling_town_district_HQ,UEI-IMD-FL-1971-0003,1971-05-31T18:00:00,positive,Red,2123.0,21.586,299.37,5.3997,7.875,450.5,2.0,1.4521,,1.2,1.9,3.2,23.0,38.7,5.7805,1.2,,,,3
Darjeeling/Kalimpong,Darjeeling_town_district_HQ,UEI-IMD-FL-1971-0003,1971-06-01T00:00:00,positive,Red,2123.0,21.586,299.37,5.3997,7.875,450.5,2.0,1.4521,,0.2,1.0,4.0,22.6,42.7,3.9631,0.2,,,,3
Darjeeling/Kalimpong,Darjeeling_town_district_HQ,UEI-IMD-FL-1971-0005,1971-06-28T00:00:00,positive,Yellow,2123.0,21.586,299.37,5.3997,7.875,450.5,2.0,1.4521,,,,,,,1.2,,,,,1
Darjeeling/Kalimpong,Darjeeling_town_district_HQ,UEI-IMD-FL-1971-0005,1971-06-29T00:00:00,positive,Yellow,2123.0,21.586,299.37,5.3997,7.875,450.5,2.0,1.4521,,1.0,3.2,6.2,25.8,25.8,6.8377,1.0,,,,1
Darjeeling/Kalimpong,Darjeeling_town_district_HQ,UEI-IMD-FL-1971-0005,1971-06-30T00:00:00,positive,Orange,2123.0,21.586,299.37,5.3997,7.875,450.5,2.0,1.4521,,0.7,2.2,6.4,22.8,48.6,6.3623,0.7,,,,2
Darjeeling/Kalimpong,Darjeeling_town_district_HQ,UEI-IMD-FL-1971-0005,1971-06-30T12:00:00,positive,Orange,2123.0,21.586,299.37,5.3997,7.875,450.5,2.0,1.4521,,1.8,7.2,14.3,28.8,66.2,11.1175,1.8,,,,2
Darjeeling/Kalimpong,Darjeeling_town_district_HQ,UEI-IMD-FL-1971-0005,1971-06-30T18:00:00,positive,Red,2123.0,21.586,299.37,5.3997,7.875,450.5,2.0,1.4521,,5.4,10.9,15.7,39.7,81.9,22.2335,5.4,,,,3
Darjeeling/Kalimpong,Darjeeling_town_district_HQ,UEI-IMD-FL-1971-0005,1971-07-01T00:00:00,positive,Red,2123.0,21.586,299.37,5.3997,7.875,450.5,2.0,1.4521,,7.7,22.3,41.6,74.9,123.5,37.9856,7.7,,,,3
Darjeeling/Kalimpong,Darjeeling_town_district_HQ,UEI-IMD-FL-1971-0007,1971-07-29T00:00:00,positive,Yellow,2123.0,21.586,299.37,5.3997,7.875,450.5,2.0,1.4521,,,,,,,0.2,,,,,1
Darjeeling/Kalimpong,Darjeeling_town_district_HQ,UEI-IMD-FL-1971-0007,1971-07-30T00:00:00,positive,Yellow,2123.0,21.586,299.37,5.3997,7.875,450.5,2.0,1.4521,,0.9,4.0,9.0,21.1,21.1,7.5713,0.9,,,,1
Darjeeling/Kalimpong,Darjeeling_town_district_HQ,UEI-IMD-FL-1971-0007,1971-07-31T00:00:00,positive,Orange,2123.0,21.586,299.37,5.3997,7.875,450.5,2.0,1.4521,,2.3,7.3,13.1,34.3,55.4,13.7193,2.3,,,,2
Darjeeling/Kalimpong,Darjeeling_town_district_HQ,UEI-IMD-FL-1971-0007,1971-07-31T12:00:00,positive,Orange,2123.0,21.586,299.37,5.3997,7.875,450.5,2.0,1.4521,,1.7,4.6,12.7,50.6,82.5,12.8757,1.7,,,,2
Darjeeling/Kalimpong,Darjeeling_town_district_HQ,UEI-IMD-FL-1971-0007,1971-07-31T18:00:00,positive,Red,2123.0,21.586,299.37,5.3997,7.875,450.5,2.0,1.4521,,1.0,2.4,5.3,45.5,87.8,8.643,1.0,,,,3
Darjeeling/Kalimpong,Darjeeling_town_district_HQ,UEI-IMD-FL-1971-0007,1971-08-01T00:00:00,positive,Red,2123.0,21.586,299.37,5.3997,7.875,450.5,2.0,1.4521,,0.3,1.0,3.5,35.9,91.3,5.2744,0.3,,,,3
Darjeeling/Kalimpong,Darjeeling_town_district_HQ,UEI-IMD-FL-1971-0010,1971-08-29T00:00:00,positive,Yellow,2123.0,21.586,299.37,5.3997,7.875,450.5,2.0,1.4521,,,,,,,0.0,,,,,1
Darjeeling/Kalimpong,Darjeeling_town_district_HQ,UEI-IMD-FL-1971-0010,1971-08-30T00:00:00,positive,Yellow,2123.0,21.586,299.37,5.3997,7.875,450.5,2.0,1.4521,,0.0,0.0,0.7,7.4,7.4,1.5963,0.0,,,,1
Darjeeling/Kalimpong,Darjeeling_town_district_HQ,UEI-IMD-FL-1971-0010,1971-08-31T00:00:00,positive,Orange,2123.0,21.586,299.37,5.3997,7.875,450.5,2.0,1.4521,,0.0,0.0,0.2,12.0,19.4,0.9346,0.0,,,,2
Darjeeling/Kalimpong,Darjeeling_town_district_HQ,UEI-IMD-FL-1971-0010,1971-08-31T12:00:00,positive,Orange,2123.0,21.586,299.37,5.3997,7.875,450.5,2.0,1.4521,,0.2,0.5,1.8,3.7,22.6,1.4281,0.2,,,,2
Darjeeling/Kalimpong,Darjeeling_town_district_HQ,UEI-IMD-FL-1971-0010,1971-08-31T18:00:00,positive,Red,2123.0,21.586,299.37,5.3997,7.875,450.5,2.0,1.4521,,0.0,0.0,0.0,3.4,22.6,0.5386,0.0,,,,3
Darjeeling/Kalimpong,Darjeeling_town_district_HQ,UEI-IMD-FL-1971-0010,1971-09-01T00:00:00,positive,Red,2123.0,21.586,299.37,5.3997,7.875,450.5,2.0,1.4521,,0.1,0.3,0.4,3.6,23.0,0.474,0.1,,,,3
Darjeeling/Kalimpong,Darjeeling_town_district_HQ,UEI-IMD-FL-1973-0009,1973-07-19T00:00:00,positive,Yellow,2123.0,21.586,299.37,5.3997,7.875,450.5,2.0,1.4521,,,,,,,0.0,,,,,1
Darjeeling/Kalimpong,Darjeeling_town_district_HQ,UEI-IMD-FL-1973-0009,1973-07-20T00:00:00,positive,Yellow,2123.0,21.586,299.37,5.3997,7.875,450.5,2.0,1.4521,,0.1,0.1,1.5,17.6,17.6,2.6633,0.1,,,,1
Darjeeling/Kalimpong,Darjeeling_town_district_HQ,UEI-IMD-FL-1973-0009,1973-07-21T00:00:00,positive,Orange,2123.0,21.586,299.37,5.3997,7.875,450.5,2.0,1.4521,,0.0,0.0,0.0,15.6,33.2,1.1184,0.0,,,,2
Darjeeling/Kalimpong,Darjeeling_town_district_HQ,UEI-IMD-FL-1973-0009,1973-07-21T12:00:00,positive,Orange,2123.0,21.586,299.37,5.3997,7.875,450.5,2.0,1.4521,,0.3,0.8,1.6,3.8,35.1,1.7975,0.3,,,,2
Darjeeling/Kalimpong,Darjeeling_town_district_HQ,UEI-IMD-FL-1973-0009,1973-07-21T18:00:00,positive,Red,2123.0,21.586,299.37,5.3997,7.875,450.5,2.0,1.4521,,0.0,0.0,1.8,3.7,36.9,1.2182,0.0,,,,3
Darjeeling/Kalimpong,Darjeeling_town_district_HQ,UEI-IMD-FL-1973-0009,1973-07-22T00:00:00,positive,Red,2123.0,21.586,299.37,5.3997,7.875,450.5,2.0,1.4521,,0.1,0.5,0.9,4.6,37.8,1.1049,0.1,,,,3
Darjeeling/Kalimpong,Darjeeling_town_district_HQ,UEI-IMD-FL-1973-0017,1973-10-05T00:00:00,positive,Yellow,2123.0,21.586,299.37,5.3997,7.875,450.5,2.0,1.4521,,,,,,,0.0,,,,,1
Darjeeling/Kalimpong,Darjeeling_town_district_HQ,UEI-IMD-FL-1973-0017,1973-10-06T00:00:00,positive,Yellow,2123.0,21.586,299.37,5.3997,7.875,450.5,2.0,1.4521,,0.0,0.0,0.2,3.3,3.3,0.435,0.0,,,,1
Darjeeling/Kalimpong,Darjeeling_town_district_HQ,UEI-IMD-FL-1973-0017,1973-10-07T00:00:00,positive,Orange,2123.0,21.586,299.37,5.3997,7.875,450.5,2.0,1.4521,,0.0,0.1,0.8,14.4,17.7,1.8843,0.0,,,,2
Darjeeling/Kalimpong,Darjeeling_town_district_HQ,UEI-IMD-FL-1973-0017,1973-10-07T12:00:00,positive,Orange,2123.0,21.586,299.37,5.3997,7.875,450.5,2.0,1.4521,,1.4,4.0,12.7,17.5,31.3,7.3458,1.4,,,,2
Darjeeling/Kalimpong,Darjeeling_town_district_HQ,UEI-IMD-FL-1973-0017,1973-10-07T18:00:00,positive,Red,2123.0,21.586,299.37,5.3997,7.875,450.5,2.0,1.4521,,0.0,0.0,0.1,14.5,31.4,3.6705,0.0,,,,3
Darjeeling/Kalimpong,Darjeeling_town_district_HQ,UEI-IMD-FL-1973-0017,1973-10-08T00:00:00,positive,Red,2123.0,21.586,299.37,5.3997,7.875,450.5,2.0,1.4521,,0.0,0.0,1.1,14.8,32.5,1.4809,0.0,,,,3
Darjeeling/Kalimpong,Darjeeling_town_district_HQ,UEI-IMD-FL-1974-0002,1974-06-28T00:00:00,positive,Yellow,2123.0,21.586,299.37,5.3997,7.875,450.5,2.0,1.4521,,,,,,,0.1,,,,,1
Darjeeling/Kalimpong,Darjeeling_town_district_HQ,UEI-IMD-FL-1974-0002,1974-06-29T00:00:00,positive,Yellow,2123.0,21.586,299.37,5.3997,7.875,450.5,2.0,1.4521,,0.9,2.3,5.6,22.5,22.5,6.026,0.9,,,,1
Darjeeling/Kalimpong,Darjeeling_town_district_HQ,UEI-IMD-FL-1974-0002,1974-06-30T00:00:00,positive,Orange,2123.0,21.586,299.37,5.3997,7.875,450.5,2.0,1.4521,,3.5,7.1,10.3,30.3,52.8,15.3882,3.5,,,,2
Darjeeling/Kalimpong,Darjeeling_town_district_HQ,UEI-IMD-FL-1974-0002,1974-06-30T12:00:00,positive,Orange,2123.0,21.586,299.37,5.3997,7.875,450.5,2.0,1.4521,,1.2,5.4,11.1,70.8,108.1,18.0282,1.2,,,,2
Darjeeling/Kalimpong,Darjeeling_town_district_HQ,UEI-IMD-FL-1974-0002,1974-06-30T18:00:00,positive,Red,2123.0,21.586,299.37,5.3997,7.875,450.5,2.0,1.4521,,2.7,5.9,10.4,76.0,118.5,17.258,2.7,,,,3
Darjeeling/Kalimpong,Darjeeling_town_district_HQ,UEI-IMD-FL-1974-0002,1974-07-01T00:00:00,positive,Red,2123.0,21.586,299.37,5.3997,7.875,450.5,2.0,1.4521,,7.3,18.3,30.3,96.0,148.8,31.8145,7.3,,,,3
Darjeeling/Kalimpong,Darjeeling_town_district_HQ,UEI-IMD-FL-1975-0004,1975-07-19T00:00:00,positive,Yellow,2123.0,21.586,299.37,5.3997,7.875,450.5,2.0,1.4521,,,,,,,1.8,,,,,1
Darjeeling/Kalimpong,Darjeeling_town_district_HQ,UEI-IMD-FL-1975-0004,1975-07-20T00:00:00,positive,Yellow,2123.0,21.586,299.37,5.3997,7.875,450.5,2.0,1.4521,,0.4,0.8,1.2,15.2,15.2,2.1727,0.4,,,,1
Darjeeling/Kalimpong,Darjeeling_town_district_HQ,UEI-IMD-FL-1975-0004,1975-07-21T00:00:00,positive,Orange,2123.0,21.586,299.37,5.3997,7.875,450.5,2.0,1.4521,,3.6,8.9,14.9,28.8,44.0,13.9318,3.6,,,,2
Darjeeling/Kalimpong,Darjeeling_town_district_HQ,UEI-IMD-FL-1975-0004,1975-07-21T12:00:00,positive,Orange,2123.0,21.586,299.37,5.3997,7.875,450.5,2.0,1.4521,,1.2,4.4,11.8,46.6,71.3,12.8448,1.2,,,,2
Darjeeling/Kalimpong,Darjeeling_town_district_HQ,UEI-IMD-FL-1975-0004,1975-07-21T18:00:00,positive,Red,2123.0,21.586,299.37,5.3997,7.875,450.5,2.0,1.4521,,1.2,3.8,8.1,50.3,79.4,10.0432,1.2,,,,3
Darjeeling/Kalimpong,Darjeeling_town_district_HQ,UEI-IMD-FL-1975-0004,1975-07-22T00:00:00,positive,Red,2123.0,21.586,299.37,5.3997,7.875,450.5,2.0,1.4521,,0.7,2.0,5.6,41.0,85.0,6.8337,0.7,,,,3
Darjeeling/Kalimpong,Darjeeling_town_district_HQ,UEI-IMD-FL-1976-0003,1976-06-19T00:00:00,positive,Yellow,2123.0,21.586,299.37,5.3997,7.875,450.5,2.0,1.4521,,,,,,,0.0,,,,,1
Darjeeling/Kalimpong,Darjeeling_town_district_HQ,UEI-IMD-FL-1976-0003,1976-06-20T00:00:00,positive,Yellow,2123.0,21.586,299.37,5.3997,7.875,450.5,2.0,1.4521,,0.0,0.0,0.1,7.9,7.9,0.914,0.0,,,,1
Darjeeling/Kalimpong,Darjeeling_town_district_HQ,UEI-IMD-FL-1976-0003,1976-06-21T00:00:00,positive,Orange,2123.0,21.586,299.37,5.3997,7.875,450.5,2.0,1.4521,,0.0,0.0,0.1,11.6,19.5,1.5557,0.0,,,,2
Darjeeling/Kalimpong,Darjeeling_town_district_HQ,UEI-IMD-FL-1976-0003,1976-06-21T12:00:00,positive,Orange,2123.0,21.586,299.37,5.3997,7.875,450.5,2.0,1.4521,,4.0,5.9,7.1,13.0,27.6,8.0133,4.0,,,,2
Darjeeling/Kalimpong,Darjeeling_town_district_HQ,UEI-IMD-FL-1976-0003,1976-06-21T18:00:00,positive,Red,2123.0,21.586,299.37,5.3997,7.875,450.5,2.0,1.4521,,4.0,11.0,18.1,26.3,45.7,17.4856,4.0,,,,3
Darjeeling/Kalimpong,Darjeeling_town_district_HQ,UEI-IMD-FL-1976-0003,1976-06-22T00:00:00,positive,Red,2123.0,21.586,299.37,5.3997,7.875,450.5,2.0,1.4521,,0.5,1.4,6.0,32.2,51.7,8.8424,0.5,,,,3
Darjeeling/Kalimpong,Darjeeling_town_district_HQ,UEI-IMD-FL-1976-0005,1976-08-12T00:00:00,positive,Yellow,2123.0,21.586,299.37,5.3997,7.875,450.5,2.0,1.4521,,,,,,,2.2,,,,,1
Darjeeling/Kalimpong,Darjeeling_town_district_HQ,UEI-IMD-FL-1976-0005,1976-08-13T00:00:00,positive,Yellow,2123.0,21.586,299.37,5.3997,7.875,450.5,2.0,1.4521,,4.1,7.7,9.9,39.7,39.7,13.0083,4.1,,,,1
Darjeeling/Kalimpong,Darjeeling_town_district_HQ,UEI-IMD-FL-1976-0005,1976-08-14T00:00:00,positive,Orange,2123.0,21.586,299.37,5.3997,7.875,450.5,2.0,1.4521,,0.8,2.3,3.9,23.0,62.7,5.036,0.8,,,,2
Darjeeling/Kalimpong,Darjeeling_town_district_HQ,UEI-IMD-FL-1976-0005,1976-08-14T12:00:00,positive,Orange,2123.0,21.586,299.37,5.3997,7.875,450.5,2.0,1.4521,,0.5,2.2,5.3,18.1,73.4,4.7761,0.5,,,,2
Darjeeling/Kalimpong,Darjeeling_town_district_HQ,UEI-IMD-FL-1976-0005,1976-08-14T18:00:00,positive,Red,2123.0,21.586,299.37,5.3997,7.875,450.5,2.0,1.4521,,0.2,1.0,1.2,15.8,74.6,2.6581,0.2,,,,3
Darjeeling/Kalimpong,Darjeeling_town_district_HQ,UEI-IMD-FL-1976-0005,1976-08-15T00:00:00,positive,Red,2123.0,21.586,299.37,5.3997,7.875,450.5,2.0,1.4521,,0.1,0.3,0.6,12.5,75.2,1.3177,0.1,,,,3
Darjeeling/Kalimpong,Darjeeling_town_district_HQ,UEI-IMD-FL-1980-0060,1980-08-29T00:00:00,positive,Yellow,2123.0,21.586,299.37,5.3997,7.875,450.5,2.0,1.4521,,,,,,,0.0,,,,,1
Darjeeling/Kalimpong,Darjeeling_town_district_HQ,UEI-IMD-FL-1980-0060,1980-08-30T00:00:00,positive,Yellow,2123.0,21.586,299.37,5.3997,7.875,450.5,2.0,1.4521,,0.7,1.9,3.0,6.5,6.5,2.6657,0.7,,,,1
Darjeeling/Kalimpong,Darjeeling_town_district_HQ,UEI-IMD-FL-1980-0060,1980-08-31T00:00:00,positive,Orange,2123.0,21.586,299.37,5.3997,7.875,450.5,2.0,1.4521,,0.6,2.5,4.7,15.7,22.2,4.8092,0.6,,,,2
Darjeeling/Kalimpong,Darjeeling_town_district_HQ,UEI-IMD-FL-1980-0060,1980-08-31T12:00:00,positive,Orange,2123.0,21.586,299.37,5.3997,7.875,450.5,2.0,1.4521,,1.1,2.8,7.3,22.5,35.6,7.0911,1.1,,,,2
Darjeeling/Kalimpong,Darjeeling_town_district_HQ,UEI-IMD-FL-1980-0060,1980-08-31T18:00:00,positive,Red,2123.0,21.586,299.37,5.3997,7.875,450.5,2.0,1.4521,,0.1,0.2,1.4,19.5,37.0,2.9648,0.1,,,,3
Darjeeling/Kalimpong,Darjeeling_town_district_HQ,UEI-IMD-FL-1980-0060,1980-09-01T00:00:00,positive,Red,2123.0,21.586,299.37,5.3997,7.875,450.5,2.0,1.4521,,0.0,0.0,0.1,14.9,37.1,1.1704,0.0,,,,3
Darjeeling/Kalimpong,Darjeeling_town_district_HQ,UEI-IMD-FL-1983-0102,1983-07-11T00:00:00,positive,Yellow,2123.0,21.586,299.37,5.3997,7.875,450.5,2.0,1.4521,,,,,,,0.0,,,,,1
Darjeeling/Kalimpong,Darjeeling_town_district_HQ,UEI-IMD-FL-1983-0102,1983-07-12T00:00:00,positive,Yellow,2123.0,21.586,299.37,5.3997,7.875,450.5,2.0,1.4521,,0.0,0.1,1.1,8.5,8.5,1.2115,0.0,,,,1
Darjeeling/Kalimpong,Darjeeling_town_district_HQ,UEI-IMD-FL-1983-0102,1983-07-13T00:00:00,positive,Orange,2123.0,21.586,299.37,5.3997,7.875,450.5,2.0,1.4521,,0.3,1.1,2.9,6.7,15.2,2.3941,0.3,,,,2
Darjeeling/Kalimpong,Darjeeling_town_district_HQ,UEI-IMD-FL-1983-0102,1983-07-13T12:00:00,positive,Orange,2123.0,21.586,299.37,5.3997,7.875,450.5,2.0,1.4521,,1.3,4.4,6.3,11.5,22.3,5.509,1.3,,,,2
Darjeeling/Kalimpong,Darjeeling_town_district_HQ,UEI-IMD-FL-1983-0102,1983-07-13T18:00:00,positive,Red,2123.0,21.586,299.37,5.3997,7.875,450.5,2.0,1.4521,,0.5,0.9,2.9,12.9,25.2,3.7481,0.5,,,,3
Darjeeling/Kalimpong,Darjeeling_town_district_HQ,UEI-IMD-FL-1983-0102,1983-07-14T00:00:00,positive,Red,2123.0,21.586,299.37,5.3997,7.875,450.5,2.0,1.4521,,0.3,1.0,2.3,12.3,27.5,2.7173,0.3,,,,3
Darjeeling/Kalimpong,Darjeeling_town_district_HQ,UEI-IMD-FL-1984-0101,1984-07-19T00:00:00,positive,Yellow,2123.0,21.586,299.37,5.3997,7.875,450.5,2.0,1.4521,,,,,,,0.0,,,,,1
Darjeeling/Kalimpong,Darjeeling_town_district_HQ,UEI-IMD-FL-1984-0101,1984-07-20T00:00:00,positive,Yellow,2123.0,21.586,299.37,5.3997,7.875,450.5,2.0,1.4521,,0.2,0.5,2.1,11.6,11.6,2.5003,0.2,,,,1
Darjeeling/Kalimpong,Darjeeling_town_district_HQ,UEI-IMD-FL-1984-0101,1984-07-21T00:00:00,positive,Orange,2123.0,21.586,299.37,5.3997,7.875,450.5,2.0,1.4521,,0.7,2.4,5.1,17.7,29.3,4.9802,0.7,,,,2
Darjeeling/Kalimpong,Darjeeling_town_district_HQ,UEI-IMD-FL-1984-0101,1984-07-21T12:00:00,positive,Orange,2123.0,21.586,299.37,5.3997,7.875,450.5,2.0,1.4521,,0.5,2.5,6.9,20.0,40.1,5.7329,0.5,,,,2
Darjeeling/Kalimpong,Darjeeling_town_district_HQ,UEI-IMD-FL-1984-0101,1984-07-21T18:00:00,positive,Red,2123.0,21.586,299.37,5.3997,7.875,450.5,2.0,1.4521,,0.4,1.1,2.1,18.0,42.2,3.8465,0.4,,,,3
Darjeeling/Kalimpong,Darjeeling_town_district_HQ,UEI-IMD-FL-1984-0101,1984-07-22T00:00:00,positive,Red,2123.0,21.586,299.37,5.3997,7.875,450.5,2.0,1.4521,,0.1,0.6,2.9,15.8,45.1,3.1579,0.1,,,,3
Darjeeling/Kalimpong,Darjeeling_town_district_HQ,UEI-IMD-FL-1987-0040,1987-08-07T00:00:00,positive,Yellow,2123.0,21.586,299.37,5.3997,7.875,450.5,2.0,1.4521,,,,,,,0.6,,,,,1
Darjeeling/Kalimpong,Darjeeling_town_district_HQ,UEI-IMD-FL-1987-0040,1987-08-08T00:00:00,positive,Yellow,2123.0,21.586,299.37,5.3997,7.875,450.5,2.0,1.4521,,0.6,1.9,4.1,21.5,21.5,5.1073,0.6,,,,1
Darjeeling/Kalimpong,Darjeeling_town_district_HQ,UEI-IMD-FL-1987-0040,1987-08-09T00:00:00,positive,Orange,2123.0,21.586,299.37,5.3997,7.875,450.5,2.0,1.4521,,1.8,4.6,8.1,33.2,54.7,10.0959,1.8,,,,2
Darjeeling/Kalimpong,Darjeeling_town_district_HQ,UEI-IMD-FL-1987-0040,1987-08-09T12:00:00,positive,Orange,2123.0,21.586,299.37,5.3997,7.875,450.5,2.0,1.4521,,3.2,9.5,17.4,50.8,88.4,19.2417,3.2,,,,2
Darjeeling/Kalimpong,Darjeeling_town_district_HQ,UEI-IMD-FL-1987-0040,1987-08-09T18:00:00,positive,Red,2123.0,21.586,299.37,5.3997,7.875,450.5,2.0,1.4521,,7.8,21.8,35.2,77.0,123.6,35.5386,7.8,,,,3
Darjeeling/Kalimpong,Darjeeling_town_district_HQ,UEI-IMD-FL-1987-0040,1987-08-10T00:00:00,positive,Red,2123.0,21.586,299.37,5.3997,7.875,450.5,2.0,1.4521,,4.1,11.9,27.0,95.9,150.6,30.5205,4.1,,,,3
Darjeeling/Kalimpong,Darjeeling_town_district_HQ,UEI-IMD-FL-1989-0054,1989-07-24T00:00:00,positive,Yellow,2123.0,21.586,299.37,5.3997,7.875,450.5,2.0,1.4521,,,,,,,0.0,,,,,1
Darjeeling/Kalimpong,Darjeeling_town_district_HQ,UEI-IMD-FL-1989-0054,1989-07-25T00:00:00,positive,Yellow,2123.0,21.586,299.37,5.3997,7.875,450.5,2.0,1.4521,,0.0,0.5,1.1,4.5,4.5,0.8923,0.0,,,,1
Darjeeling/Kalimpong,Darjeeling_town_district_HQ,UEI-IMD-FL-1989-0054,1989-07-26T00:00:00,positive,Orange,2123.0,21.586,299.37,5.3997,7.875,450.5,2.0,1.4521,,0.0,0.2,1.3,14.1,18.6,2.484,0.0,,,,2
Darjeeling/Kalimpong,Darjeeling_town_district_HQ,UEI-IMD-FL-1989-0054,1989-07-26T12:00:00,positive,Orange,2123.0,21.586,299.37,5.3997,7.875,450.5,2.0,1.4521,,1.2,3.8,5.4,14.4,26.2,4.8803,1.2,,,,2
Darjeeling/Kalimpong,Darjeeling_town_district_HQ,UEI-IMD-FL-1989-0054,1989-07-26T18:00:00,positive,Red,2123.0,21.586,299.37,5.3997,7.875,450.5,2.0,1.4521,,1.9,4.4,6.1,15.0,32.3,7.9299,1.9,,,,3
Darjeeling/Kalimpong,Darjeeling_town_district_HQ,UEI-IMD-FL-1989-0054,1989-07-27T00:00:00,positive,Red,2123.0,21.586,299.37,5.3997,7.875,450.5,2.0,1.4521,,1.2,5.0,13.3,27.0,45.6,10.7503,1.2,,,,3
Darjeeling/Kalimpong,Darjeeling_town_district_HQ,UEI-IMD-FL-1990-0085,1990-07-07T00:00:00,positive,Yellow,2123.0,21.586,299.37,5.3997,7.875,450.5,2.0,1.4521,,,,,,,0.1,,,,,1
Darjeeling/Kalimpong,Darjeeling_town_district_HQ,UEI-IMD-FL-1990-0085,1990-07-08T00:00:00,positive,Yellow,2123.0,21.586,299.37,5.3997,7.875,450.5,2.0,1.4521,,0.3,1.1,4.1,16.3,16.3,4.3417,0.3,,,,1
Darjeeling/Kalimpong,Darjeeling_town_district_HQ,UEI-IMD-FL-1990-0085,1990-07-09T00:00:00,positive,Orange,2123.0,21.586,299.37,5.3997,7.875,450.5,2.0,1.4521,,0.1,1.3,5.8,25.0,41.3,5.8771,0.1,,,,2
Darjeeling/Kalimpong,Darjeeling_town_district_HQ,UEI-IMD-FL-1990-0085,1990-07-09T12:00:00,positive,Orange,2123.0,21.586,299.37,5.3997,7.875,450.5,2.0,1.4521,,0.4,2.3,6.1,23.3,48.6,4.7,0.4,,,,2
Darjeeling/Kalimpong,Darjeeling_town_district_HQ,UEI-IMD-FL-1990-0085,1990-07-09T18:00:00,positive,Red,2123.0,21.586,299.37,5.3997,7.875,450.5,2.0,1.4521,,0.4,0.7,1.2,14.3,49.8,2.8595,0.4,,,,3
Darjeeling/Kalimpong,Darjeeling_town_district_HQ,UEI-IMD-FL-1990-0085,1990-07-10T00:00:00,positive,Red,2123.0,21.586,299.37,5.3997,7.875,450.5,2.0,1.4521,,0.0,0.0,0.4,8.9,50.2,1.0784,0.0,,,,3
Darjeeling/Kalimpong,Darjeeling_town_district_HQ,UEI-IMD-FL-1990-0091,1990-07-26T00:00:00,positive,Yellow,2123.0,21.586,299.37,5.3997,7.875,450.5,2.0,1.4521,,,,,,,1.4,,,,,1
Darjeeling/Kalimpong,Darjeeling_town_district_HQ,UEI-IMD-FL-1990-0091,1990-07-27T00:00:00,positive,Yellow,2123.0,21.586,299.37,5.3997,7.875,450.5,2.0,1.4521,,7.9,20.2,28.8,55.1,55.1,29.367,7.9,,,,1
Darjeeling/Kalimpong,Darjeeling_town_district_HQ,UEI-IMD-FL-1990-0091,1990-07-28T00:00:00,positive,Orange,2123.0,21.586,299.37,5.3997,7.875,450.5,2.0,1.4521,,1.0,2.9,6.2,63.7,118.8,8.8163,1.0,,,,2
Darjeeling/Kalimpong,Darjeeling_town_district_HQ,UEI-IMD-FL-1990-0091,1990-07-28T12:00:00,positive,Orange,2123.0,21.586,299.37,5.3997,7.875,450.5,2.0,1.4521,,0.1,1.2,3.3,23.3,128.7,4.4689,0.1,,,,2
Darjeeling/Kalimpong,Darjeeling_town_district_HQ,UEI-IMD-FL-1990-0091,1990-07-28T18:00:00,positive,Red,2123.0,21.586,299.37,5.3997,7.875,450.5,2.0,1.4521,,1.0,2.8,4.4,20.5,133.1,4.6502,1.0,,,,3
Darjeeling/Kalimpong,Darjeeling_town_district_HQ,UEI-IMD-FL-1990-0091,1990-07-29T00:00:00,positive,Red,2123.0,21.586,299.37,5.3997,7.875,450.5,2.0,1.4521,,1.1,1.8,2.8,17.1,135.9,5.01,1.1,,,,3
Darjeeling/Kalimpong,Darjeeling_town_district_HQ,UEI-IMD-FL-1991-0120,1991-06-02T00:00:00,positive,Yellow,2123.0,21.586,299.37,5.3997,7.875,450.5,2.0,1.4521,,,,,,,0.0,,,,,1
Darjeeling/Kalimpong,Darjeeling_town_district_HQ,UEI-IMD-FL-1991-0120,1991-06-03T00:00:00,positive,Yellow,2123.0,21.586,299.37,5.3997,7.875,450.5,2.0,1.4521,,0.0,0.2,1.1,14.6,14.6,2.6539,0.0,,,,1
Darjeeling/Kalimpong,Darjeeling_town_district_HQ,UEI-IMD-FL-1991-0120,1991-06-04T00:00:00,positive,Orange,2123.0,21.586,299.37,5.3997,7.875,450.5,2.0,1.4521,,0.0,0.0,0.0,15.0,29.6,1.4613,0.0,,,,2
Darjeeling/Kalimpong,Darjeeling_town_district_HQ,UEI-IMD-FL-1991-0120,1991-06-04T12:00:00,positive,Orange,2123.0,21.586,299.37,5.3997,7.875,450.5,2.0,1.4521,,0.5,1.9,3.3,5.4,33.3,3.5263,0.5,,,,2
Darjeeling/Kalimpong,Darjeeling_town_district_HQ,UEI-IMD-FL-1991-0120,1991-06-04T18:00:00,positive,Red,2123.0,21.586,299.37,5.3997,7.875,450.5,2.0,1.4521,,0.4,0.9,2.8,6.5,36.1,3.1328,0.4,,,,3
Darjeeling/Kalimpong,Darjeeling_town_district_HQ,UEI-IMD-FL-1991-0120,1991-06-05T00:00:00,positive,Red,2123.0,21.586,299.37,5.3997,7.875,450.5,2.0,1.4521,,0.2,0.7,2.3,8.8,38.4,2.4587,0.2,,,,3
Darjeeling/Kalimpong,Darjeeling_town_district_HQ,UEI-IMD-FL-1991-0124,1991-09-03T00:00:00,positive,Yellow,2123.0,21.586,299.37,5.3997,7.875,450.5,2.0,1.4521,,,,,,,1.2,,,,,1
Darjeeling/Kalimpong,Darjeeling_town_district_HQ,UEI-IMD-FL-1991-0124,1991-09-04T00:00:00,positive,Yellow,2123.0,21.586,299.37,5.3997,7.875,450.5,2.0,1.4521,,0.5,2.0,4.6,21.8,21.8,4.5864,0.5,,,,1
Darjeeling/Kalimpong,Darjeeling_town_district_HQ,UEI-IMD-FL-1991-0124,1991-09-05T00:00:00,positive,Orange,2123.0,21.586,299.37,5.3997,7.875,450.5,2.0,1.4521,,0.0,0.0,0.1,10.3,32.1,0.7832,0.0,,,,2
Darjeeling/Kalimpong,Darjeeling_town_district_HQ,UEI-IMD-FL-1991-0124,1991-09-05T12:00:00,positive,Orange,2123.0,21.586,299.37,5.3997,7.875,450.5,2.0,1.4521,,0.1,2.1,6.4,7.5,38.9,3.6769,0.1,,,,2
Darjeeling/Kalimpong,Darjeeling_town_district_HQ,UEI-IMD-FL-1991-0124,1991-09-05T18:00:00,positive,Red,2123.0,21.586,299.37,5.3997,7.875,450.5,2.0,1.4521,,0.5,0.7,0.8,7.7,39.7,2.1868,0.5,,,,3
Darjeeling/Kalimpong,Darjeeling_town_district_HQ,UEI-IMD-FL-1991-0124,1991-09-06T00:00:00,positive,Red,2123.0,21.586,299.37,5.3997,7.875,450.5,2.0,1.4521,,0.0,0.0,0.2,7.8,39.9,0.8247,0.0,,,,3
Darjeeling/Kalimpong,Darjeeling_town_district_HQ,UEI-IMD-FL-1992-0082,1992-07-09T00:00:00,positive,Yellow,2123.0,21.586,299.37,5.3997,7.875,450.5,2.0,1.4521,,,,,,,2.0,,,,,1
Darjeeling/Kalimpong,Darjeeling_town_district_HQ,UEI-IMD-FL-1992-0082,1992-07-10T00:00:00,positive,Yellow,2123.0,21.586,299.37,5.3997,7.875,450.5,2.0,1.4521,,0.5,2.5,6.2,19.3,19.3,5.3316,0.5,,,,1
Darjeeling/Kalimpong,Darjeeling_town_district_HQ,UEI-IMD-FL-1992-0082,1992-07-11T00:00:00,positive,Orange,2123.0,21.586,299.37,5.3997,7.875,450.5,2.0,1.4521,,1.4,4.1,6.4,16.5,35.8,6.3485,1.4,,,,2
Darjeeling/Kalimpong,Darjeeling_town_district_HQ,UEI-IMD-FL-1992-0082,1992-07-11T12:00:00,positive,Orange,2123.0,21.586,299.37,5.3997,7.875,450.5,2.0,1.4521,,1.6,5.2,8.6,21.9,50.1,8.6184,1.6,,,,2
Darjeeling/Kalimpong,Darjeeling_town_district_HQ,UEI-IMD-FL-1992-0082,1992-07-11T18:00:00,positive,Red,2123.0,21.586,299.37,5.3997,7.875,450.5,2.0,1.4521,,2.5,3.9,7.1,27.8,57.2,12.5232,2.5,,,,3
Darjeeling/Kalimpong,Darjeeling_town_district_HQ,UEI-IMD-FL-1992-0082,1992-07-12T00:00:00,positive,Red,2123.0,21.586,299.37,5.3997,7.875,450.5,2.0,1.4521,,1.0,4.9,17.4,38.8,74.6,12.2407,1.0,,,,3
Darjeeling/Kalimpong,Darjeeling_town_district_HQ,UEI-IMD-FL-1993-0072,1993-06-28T00:00:00,positive,Yellow,2123.0,21.586,299.37,5.3997,7.875,450.5,2.0,1.4521,,,,,,,0.0,,,,,1
Darjeeling/Kalimpong,Darjeeling_town_district_HQ,UEI-IMD-FL-1993-0072,1993-06-29T00:00:00,positive,Yellow,2123.0,21.586,299.37,5.3997,7.875,450.5,2.0,1.4521,,0.1,0.2,1.2,10.6,10.6,1.9977,0.1,,,,1
Darjeeling/Kalimpong,Darjeeling_town_district_HQ,UEI-IMD-FL-1993-0072,1993-06-30T00:00:00,positive,Orange,2123.0,21.586,299.37,5.3997,7.875,450.5,2.0,1.4521,,0.6,2.2,5.5,16.1,26.7,5.4461,0.6,,,,2
Darjeeling/Kalimpong,Darjeeling_town_district_HQ,UEI-IMD-FL-1993-0072,1993-06-30T12:00:00,positive,Orange,2123.0,21.586,299.37,5.3997,7.875,450.5,2.0,1.4521,,0.3,0.8,5.2,22.8,38.7,5.4136,0.3,,,,2
Darjeeling/Kalimpong,Darjeeling_town_district_HQ,UEI-IMD-FL-1993-0072,1993-06-30T18:00:00,positive,Red,2123.0,21.586,299.37,5.3997,7.875,450.5,2.0,1.4521,,0.2,1.4,3.8,21.3,42.5,4.4208,0.2,,,,3
Darjeeling/Kalimpong,Darjeeling_town_district_HQ,UEI-IMD-FL-1993-0072,1993-07-01T00:00:00,positive,Red,2123.0,21.586,299.37,5.3997,7.875,450.5,2.0,1.4521,,9.3,27.0,38.5,54.3,81.0,36.0052,9.3,,,,3
Darjeeling/Kalimpong,Darjeeling_town_district_HQ,UEI-IMD-FL-1993-0082,1993-08-05T00:00:00,positive,Yellow,2123.0,21.586,299.37,5.3997,7.875,450.5,2.0,1.4521,,,,,,,0.2,,,,,1
Darjeeling/Kalimpong,Darjeeling_town_district_HQ,UEI-IMD-FL-1993-0082,1993-08-06T00:00:00,positive,Yellow,2123.0,21.586,299.37,5.3997,7.875,450.5,2.0,1.4521,,11.3,32.1,48.6,67.6,67.6,45.225,11.3,,,,1
Darjeeling/Kalimpong,Darjeeling_town_district_HQ,UEI-IMD-FL-1993-0082,1993-08-07T00:00:00,positive,Orange,2123.0,21.586,299.37,5.3997,7.875,450.5,2.0,1.4521,,0.2,1.1,6.2,78.1,145.7,8.5563,0.2,,,,2
Darjeeling/Kalimpong,Darjeeling_town_district_HQ,UEI-IMD-FL-1993-0082,1993-08-07T12:00:00,positive,Orange,2123.0,21.586,299.37,5.3997,7.875,450.5,2.0,1.4521,,1.6,3.9,8.7,26.5,155.0,7.8159,1.6,,,,2
Darjeeling/Kalimpong,Darjeeling_town_district_HQ,UEI-IMD-FL-1993-0082,1993-08-07T18:00:00,positive,Red,2123.0,21.586,299.37,5.3997,7.875,450.5,2.0,1.4521,,2.2,5.6,10.2,25.7,165.2,10.9647,2.2,,,,3
Darjeeling/Kalimpong,Darjeeling_town_district_HQ,UEI-IMD-FL-1993-0082,1993-08-08T00:00:00,positive,Red,2123.0,21.586,299.37,5.3997,7.875,450.5,2.0,1.4521,,1.3,4.5,10.6,30.1,175.8,10.3059,1.3,,,,3
Darjeeling/Kalimpong,Darjeeling_town_district_HQ,UEI-IMD-FL-1995-0136,1995-07-02T00:00:00,positive,Yellow,2123.0,21.586,299.37,5.3997,7.875,450.5,2.0,1.4521,,,,,,,0.0,,,,,1
Darjeeling/Kalimpong,Darjeeling_town_district_HQ,UEI-IMD-FL-1995-0136,1995-07-03T00:00:00,positive,Yellow,2123.0,21.586,299.37,5.3997,7.875,450.5,2.0,1.4521,,0.0,0.0,0.0,5.0,5.0,0.6201,0.0,,,,1
Darjeeling/Kalimpong,Darjeeling_town_district_HQ,UEI-IMD-FL-1995-0136,1995-07-04T00:00:00,positive,Orange,2123.0,21.586,299.37,5.3997,7.875,450.5,2.0,1.4521,,0.5,1.7,6.8,16.1,21.1,6.1443,0.5,,,,2
Darjeeling/Kalimpong,Darjeeling_town_district_HQ,UEI-IMD-FL-1995-0136,1995-07-04T12:00:00,positive,Orange,2123.0,21.586,299.37,5.3997,7.875,450.5,2.0,1.4521,,1.5,5.7,9.7,28.1,36.4,9.3093,1.5,,,,2
Darjeeling/Kalimpong,Darjeeling_town_district_HQ,UEI-IMD-FL-1995-0136,1995-07-04T18:00:00,positive,Red,2123.0,21.586,299.37,5.3997,7.875,450.5,2.0,1.4521,,0.9,3.9,8.2,30.3,44.6,8.537,0.9,,,,3
Darjeeling/Kalimpong,Darjeeling_town_district_HQ,UEI-IMD-FL-1995-0136,1995-07-05T00:00:00,positive,Red,2123.0,21.586,299.37,5.3997,7.875,450.5,2.0,1.4521,,0.4,0.7,2.3,25.8,46.9,4.3997,0.4,,,,3
Darjeeling/Kalimpong,Darjeeling_town_district_HQ,UEI-IMD-FL-1997-0120,1997-06-25T00:00:00,positive,Yellow,2123.0,21.586,299.37,5.3997,7.875,450.5,2.0,1.4521,,,,,,,0.0,,,,,1
Darjeeling/Kalimpong,Darjeeling_town_district_HQ,UEI-IMD-FL-1997-0120,1997-06-26T00:00:00,positive,Yellow,2123.0,21.586,299.37,5.3997,7.875,450.5,2.0,1.4521,,0.0,0.0,0.0,6.2,6.2,0.6032,0.0,,,,1
Darjeeling/Kalimpong,Darjeeling_town_district_HQ,UEI-IMD-FL-1997-0120,1997-06-27T00:00:00,positive,Orange,2123.0,21.586,299.37,5.3997,7.875,450.5,2.0,1.4521,,0.0,0.0,0.1,3.2,9.4,0.3006,0.0,,,,2
Darjeeling/Kalimpong,Darjeeling_town_district_HQ,UEI-IMD-FL-1997-0120,1997-06-27T12:00:00,positive,Orange,2123.0,21.586,299.37,5.3997,7.875,450.5,2.0,1.4521,,0.2,1.0,2.4,5.0,13.6,2.0554,0.2,,,,2
Darjeeling/Kalimpong,Darjeeling_town_district_HQ,UEI-IMD-FL-1997-0120,1997-06-27T18:00:00,positive,Red,2123.0,21.586,299.37,5.3997,7.875,450.5,2.0,1.4521,,0.0,0.0,0.5,4.8,14.1,0.9161,0.0,,,,3
Darjeeling/Kalimpong,Darjeeling_town_district_HQ,UEI-IMD-FL-1997-0120,1997-06-28T00:00:00,positive,Red,2123.0,21.586,299.37,5.3997,7.875,450.5,2.0,1.4521,,0.3,0.6,1.0,5.7,15.1,1.1948,0.3,,,,3
Darjeeling/Kalimpong,Darjeeling_town_district_HQ,UEI-IMD-FL-1997-0124,1997-07-09T00:00:00,positive,Yellow,2123.0,21.586,299.37,5.3997,7.875,450.5,2.0,1.4521,,,,,,,6.1,,,,,1
Darjeeling/Kalimpong,Darjeeling_town_district_HQ,UEI-IMD-FL-1997-0124,1997-07-10T00:00:00,positive,Yellow,2123.0,21.586,299.37,5.3997,7.875,450.5,2.0,1.4521,,0.0,0.0,0.9,33.6,33.6,2.2751,0.0,,,,1
Darjeeling/Kalimpong,Darjeeling_town_district_HQ,UEI-IMD-FL-1997-0124,1997-07-11T00:00:00,positive,Orange,2123.0,21.586,299.37,5.3997,7.875,450.5,2.0,1.4521,,0.0,0.2,1.6,13.6,47.2,2.2848,0.0,,,,2
Darjeeling/Kalimpong,Darjeeling_town_district_HQ,UEI-IMD-FL-1997-0124,1997-07-11T12:00:00,positive,Orange,2123.0,21.586,299.37,5.3997,7.875,450.5,2.0,1.4521,,1.3,5.6,12.5,20.7,63.6,8.9819,1.3,,,,2
Darjeeling/Kalimpong,Darjeeling_town_district_HQ,UEI-IMD-FL-1997-0124,1997-07-11T18:00:00,positive,Red,2123.0,21.586,299.37,5.3997,7.875,450.5,2.0,1.4521,,0.4,1.0,2.3,20.3,65.9,4.9548,0.4,,,,3
Darjeeling/Kalimpong,Darjeeling_town_district_HQ,UEI-IMD-FL-1997-0124,1997-07-12T00:00:00,positive,Red,2123.0,21.586,299.37,5.3997,7.875,450.5,2.0,1.4521,,0.6,1.5,3.1,21.8,69.0,4.302,0.6,,,,3
Darjeeling/Kalimpong,Darjeeling_town_district_HQ,UEI-IMD-FL-1997-0131,1997-08-03T00:00:00,positive,Yellow,2123.0,21.586,299.37,5.3997,7.875,450.5,2.0,1.4521,,,,,,,0.0,,,,,1
Darjeeling/Kalimpong,Darjeeling_town_district_HQ,UEI-IMD-FL-1997-0131,1997-08-04T00:00:00,positive,Yellow,2123.0,21.586,299.37,5.3997,7.875,450.5,2.0,1.4521,,0.2,1.3,3.9,14.6,14.6,4.1101,0.2,,,,1
Darjeeling/Kalimpong,Darjeeling_town_district_HQ,UEI-IMD-FL-1997-0131,1997-08-05T00:00:00,positive,Orange,2123.0,21.586,299.37,5.3997,7.875,450.5,2.0,1.4521,,0.3,0.5,0.7,7.3,21.9,1.8286,0.3,,,,2
Darjeeling/Kalimpong,Darjeeling_town_district_HQ,UEI-IMD-FL-1997-0131,1997-08-05T12:00:00,positive,Orange,2123.0,21.586,299.37,5.3997,7.875,450.5,2.0,1.4521,,0.0,0.2,3.5,13.0,31.7,3.2777,0.0,,,,2
Darjeeling/Kalimpong,Darjeeling_town_district_HQ,UEI-IMD-FL-1997-0131,1997-08-05T18:00:00,positive,Red,2123.0,21.586,299.37,5.3997,7.875,450.5,2.0,1.4521,,0.0,0.0,0.0,10.5,31.7,1.3362,0.0,,,,3
Darjeeling/Kalimpong,Darjeeling_town_district_HQ,UEI-IMD-FL-1997-0131,1997-08-06T00:00:00,positive,Red,2123.0,21.586,299.37,5.3997,7.875,450.5,2.0,1.4521,,0.0,0.8,1.7,11.5,33.4,1.42,0.0,,,,3
Darjeeling/Kalimpong,Darjeeling_town_district_HQ,UEI-IMD-FL-1997-0132,1997-08-07T00:00:00,positive,Yellow,2123.0,21.586,299.37,5.3997,7.875,450.5,2.0,1.4521,,,,,,,0.0,,,,,1
Darjeeling/Kalimpong,Darjeeling_town_district_HQ,UEI-IMD-FL-1997-0132,1997-08-08T00:00:00,positive,Yellow,2123.0,21.586,299.37,5.3997,7.875,450.5,2.0,1.4521,,0.2,0.7,1.8,14.1,14.1,2.411,0.2,,,,1
Darjeeling/Kalimpong,Darjeeling_town_district_HQ,UEI-IMD-FL-1997-0132,1997-08-09T00:00:00,positive,Orange,2123.0,21.586,299.37,5.3997,7.875,450.5,2.0,1.4521,,1.9,5.0,8.3,15.7,29.8,8.4347,1.9,,,,2
Darjeeling/Kalimpong,Darjeeling_town_district_HQ,UEI-IMD-FL-1997-0132,1997-08-09T12:00:00,positive,Orange,2123.0,21.586,299.37,5.3997,7.875,450.5,2.0,1.4521,,0.4,1.9,6.3,26.9,45.1,6.2719,0.4,,,,2
Darjeeling/Kalimpong,Darjeeling_town_district_HQ,UEI-IMD-FL-1997-0132,1997-08-09T18:00:00,positive,Red,2123.0,21.586,299.37,5.3997,7.875,450.5,2.0,1.4521,,1.0,3.4,4.2,27.8,49.3,5.7061,1.0,,,,3
Darjeeling/Kalimpong,Darjeeling_town_district_HQ,UEI-IMD-FL-1997-0132,1997-08-10T00:00:00,positive,Red,2123.0,21.586,299.37,5.3997,7.875,450.5,2.0,1.4521,,2.0,4.5,7.7,27.2,57.0,9.7867,2.0,,,,3
Darjeeling/Kalimpong,Darjeeling_town_district_HQ,UEI-IMD-FL-1998-0110,1998-07-04T00:00:00,positive,Yellow,2123.0,21.586,299.37,5.3997,7.875,450.5,2.0,1.4521,,,,,,,0.0,,,,,1
Darjeeling/Kalimpong,Darjeeling_town_district_HQ,UEI-IMD-FL-1998-0110,1998-07-05T00:00:00,positive,Yellow,2123.0,21.586,299.37,5.3997,7.875,450.5,2.0,1.4521,,0.0,0.0,0.0,5.6,5.6,0.5633,0.0,,,,1
Darjeeling/Kalimpong,Darjeeling_town_district_HQ,UEI-IMD-FL-1998-0110,1998-07-06T00:00:00,positive,Orange,2123.0,21.586,299.37,5.3997,7.875,450.5,2.0,1.4521,,0.0,0.0,0.0,15.5,21.1,1.7043,0.0,,,,2
Darjeeling/Kalimpong,Darjeeling_town_district_HQ,UEI-IMD-FL-1998-0110,1998-07-06T12:00:00,positive,Orange,2123.0,21.586,299.37,5.3997,7.875,450.5,2.0,1.4521,,0.9,4.9,10.4,16.9,34.2,7.6129,0.9,,,,2
Darjeeling/Kalimpong,Darjeeling_town_district_HQ,UEI-IMD-FL-1998-0110,1998-07-06T18:00:00,positive,Red,2123.0,21.586,299.37,5.3997,7.875,450.5,2.0,1.4521,,0.6,1.5,3.8,16.9,38.0,5.645,0.6,,,,3
Darjeeling/Kalimpong,Darjeeling_town_district_HQ,UEI-IMD-FL-1998-0110,1998-07-07T00:00:00,positive,Red,2123.0,21.586,299.37,5.3997,7.875,450.5,2.0,1.4521,,0.7,2.4,4.4,21.3,42.4,4.7819,0.7,,,,3
Darjeeling/Kalimpong,Darjeeling_town_district_HQ,UEI-IMD-FL-1998-0115,1998-08-02T00:00:00,positive,Yellow,2123.0,21.586,299.37,5.3997,7.875,450.5,2.0,1.4521,,,,,,,1.1,,,,,1
Darjeeling/Kalimpong,Darjeeling_town_district_HQ,UEI-IMD-FL-1998-0115,1998-08-03T00:00:00,positive,Yellow,2123.0,21.586,299.37,5.3997,7.875,450.5,2.0,1.4521,,1.1,2.8,7.2,41.3,41.3,9.9123,1.1,,,,1
Darjeeling/Kalimpong,Darjeeling_town_district_HQ,UEI-IMD-FL-1998-0115,1998-08-04T00:00:00,positive,Orange,2123.0,21.586,299.37,5.3997,7.875,450.5,2.0,1.4521,,0.6,2.5,5.4,27.3,68.6,6.1043,0.6,,,,2
Darjeeling/Kalimpong,Darjeeling_town_district_HQ,UEI-IMD-FL-1998-0115,1998-08-04T12:00:00,positive,Orange,2123.0,21.586,299.37,5.3997,7.875,450.5,2.0,1.4521,,0.4,2.0,5.9,23.2,78.9,5.7967,0.4,,,,2
Darjeeling/Kalimpong,Darjeeling_town_district_HQ,UEI-IMD-FL-1998-0115,1998-08-04T18:00:00,positive,Red,2123.0,21.586,299.37,5.3997,7.875,450.5,2.0,1.4521,,0.1,1.2,3.6,19.3,82.5,3.9622,0.1,,,,3
Darjeeling/Kalimpong,Darjeeling_town_district_HQ,UEI-IMD-FL-1998-0115,1998-08-05T00:00:00,positive,Red,2123.0,21.586,299.37,5.3997,7.875,450.5,2.0,1.4521,,3.3,7.6,8.7,22.6,91.2,11.6529,3.3,,,,3
Darjeeling/Kalimpong,Darjeeling_town_district_HQ,UEI-IMD-FL-1998-0116,1998-08-11T00:00:00,positive,Yellow,2123.0,21.586,299.37,5.3997,7.875,450.5,2.0,1.4521,,,,,,,0.9,,,,,1
Darjeeling/Kalimpong,Darjeeling_town_district_HQ,UEI-IMD-FL-1998-0116,1998-08-12T00:00:00,positive,Yellow,2123.0,21.586,299.37,5.3997,7.875,450.5,2.0,1.4521,,0.7,3.2,8.1,34.1,34.1,8.8783,0.7,,,,1
Darjeeling/Kalimpong,Darjeeling_town_district_HQ,UEI-IMD-FL-1998-0116,1998-08-13T00:00:00,positive,Orange,2123.0,21.586,299.37,5.3997,7.875,450.5,2.0,1.4521,,1.2,2.2,2.2,21.0,55.1,4.8691,1.2,,,,2
Darjeeling/Kalimpong,Darjeeling_town_district_HQ,UEI-IMD-FL-1998-0116,1998-08-13T12:00:00,positive,Orange,2123.0,21.586,299.37,5.3997,7.875,450.5,2.0,1.4521,,2.3,11.1,23.9,47.9,99.9,20.1822,2.3,,,,2
Darjeeling/Kalimpong,Darjeeling_town_district_HQ,UEI-IMD-FL-1998-0116,1998-08-13T18:00:00,positive,Red,2123.0,21.586,299.37,5.3997,7.875,450.5,2.0,1.4521,,0.3,1.3,4.1,51.1,104.0,9.5046,0.3,,,,3
Darjeeling/Kalimpong,Darjeeling_town_district_HQ,UEI-IMD-FL-1998-0116,1998-08-14T00:00:00,positive,Red,2123.0,21.586,299.37,5.3997,7.875,450.5,2.0,1.4521,,2.2,6.8,8.0,56.9,112.0,10.3569,2.2,,,,3
Darjeeling/Kalimpong,Darjeeling_town_district_HQ,UEI-IMD-FL-1999-0080,1999-06-22T00:00:00,positive,Yellow,2123.0,21.586,299.37,5.3997,7.875,450.5,2.0,1.4521,,,,,,,0.3,,,,,1
Darjeeling/Kalimpong,Darjeeling_town_district_HQ,UEI-IMD-FL-1999-0080,1999-06-23T00:00:00,positive,Yellow,2123.0,21.586,299.37,5.3997,7.875,450.5,2.0,1.4521,,0.0,0.0,0.2,14.0,14.0,1.3813,0.0,,,,1
Darjeeling/Kalimpong,Darjeeling_town_district_HQ,UEI-IMD-FL-1999-0080,1999-06-24T00:00:00,positive,Orange,2123.0,21.586,299.37,5.3997,7.875,450.5,2.0,1.4521,,8.5,23.3,36.7,47.1,61.1,32.9897,8.5,,,,2
Darjeeling/Kalimpong,Darjeeling_town_district_HQ,UEI-IMD-FL-1999-0080,1999-06-24T12:00:00,positive,Orange,2123.0,21.586,299.37,5.3997,7.875,450.5,2.0,1.4521,,0.0,0.1,2.7,77.9,96.9,11.5144,0.0,,,,2
Darjeeling/Kalimpong,Darjeeling_town_district_HQ,UEI-IMD-FL-1999-0080,1999-06-24T18:00:00,positive,Red,2123.0,21.586,299.37,5.3997,7.875,450.5,2.0,1.4521,,1.6,2.6,3.2,75.7,100.1,9.938,1.6,,,,3
Darjeeling/Kalimpong,Darjeeling_town_district_HQ,UEI-IMD-FL-1999-0080,1999-06-25T00:00:00,positive,Red,2123.0,21.586,299.37,5.3997,7.875,450.5,2.0,1.4521,,0.6,3.0,9.7,48.7,109.8,7.7791,0.6,,,,3
Darjeeling/Kalimpong,Darjeeling_town_district_HQ,UEI-IMD-FL-1999-0081,1999-06-25T00:00:00,positive,Yellow,2123.0,21.586,299.37,5.3997,7.875,450.5,2.0,1.4521,,,,,,,0.3,,,,,1
Darjeeling/Kalimpong,Darjeeling_town_district_HQ,UEI-IMD-FL-1999-0081,1999-06-26T00:00:00,positive,Yellow,2123.0,21.586,299.37,5.3997,7.875,450.5,2.0,1.4521,,0.2,0.6,1.5,12.7,12.7,2.5045,0.2,,,,1
Darjeeling/Kalimpong,Darjeeling_town_district_HQ,UEI-IMD-FL-1999-0081,1999-06-27T00:00:00,positive,Orange,2123.0,21.586,299.37,5.3997,7.875,450.5,2.0,1.4521,,3.7,7.5,8.7,22.8,35.5,12.6313,3.7,,,,2
Darjeeling/Kalimpong,Darjeeling_town_district_HQ,UEI-IMD-FL-1999-0081,1999-06-27T12:00:00,positive,Orange,2123.0,21.586,299.37,5.3997,7.875,450.5,2.0,1.4521,,0.3,2.3,12.0,63.0,85.5,15.5658,0.3,,,,2
Darjeeling/Kalimpong,Darjeeling_town_district_HQ,UEI-IMD-FL-1999-0081,1999-06-27T18:00:00,positive,Red,2123.0,21.586,299.37,5.3997,7.875,450.5,2.0,1.4521,,0.5,1.3,3.4,62.1,88.9,8.1625,0.5,,,,3
Darjeeling/Kalimpong,Darjeeling_town_district_HQ,UEI-IMD-FL-1999-0081,1999-06-28T00:00:00,positive,Red,2123.0,21.586,299.37,5.3997,7.875,450.5,2.0,1.4521,,5.9,13.1,16.1,69.5,105.0,20.4065,5.9,,,,3
Darjeeling/Kalimpong,Darjeeling_town_district_HQ,UEI-IMD-FL-1999-0083,1999-06-30T00:00:00,positive,Yellow,2123.0,21.586,299.37,5.3997,7.875,450.5,2.0,1.4521,,,,,,,0.0,,,,,1
Darjeeling/Kalimpong,Darjeeling_town_district_HQ,UEI-IMD-FL-1999-0083,1999-07-01T00:00:00,positive,Yellow,2123.0,21.586,299.37,5.3997,7.875,450.5,2.0,1.4521,,0.3,0.3,0.3,13.1,13.1,1.774,0.3,,,,1
Darjeeling/Kalimpong,Darjeeling_town_district_HQ,UEI-IMD-FL-1999-0083,1999-07-02T00:00:00,positive,Orange,2123.0,21.586,299.37,5.3997,7.875,450.5,2.0,1.4521,,0.7,1.2,1.4,9.7,22.8,3.2116,0.7,,,,2
Darjeeling/Kalimpong,Darjeeling_town_district_HQ,UEI-IMD-FL-1999-0083,1999-07-02T12:00:00,positive,Orange,2123.0,21.586,299.37,5.3997,7.875,450.5,2.0,1.4521,,1.5,6.1,10.7,20.8,42.0,9.0196,1.5,,,,2
Darjeeling/Kalimpong,Darjeeling_town_district_HQ,UEI-IMD-FL-1999-0083,1999-07-02T18:00:00,positive,Red,2123.0,21.586,299.37,5.3997,7.875,450.5,2.0,1.4521,,2.0,4.6,6.0,26.6,48.0,10.7581,2.0,,,,3
Darjeeling/Kalimpong,Darjeeling_town_district_HQ,UEI-IMD-FL-1999-0083,1999-07-03T00:00:00,positive,Red,2123.0,21.586,299.37,5.3997,7.875,450.5,2.0,1.4521,,6.9,17.1,24.7,49.9,72.7,26.6192,6.9,,,,3
Darjeeling/Kalimpong,Darjeeling_town_district_HQ,UEI-IMD-FL-1999-0086,1999-08-12T00:00:00,positive,Yellow,2123.0,21.586,299.37,5.3997,7.875,450.5,2.0,1.4521,,,,,,,5.8,,,,,1
Darjeeling/Kalimpong,Darjeeling_town_district_HQ,UEI-IMD-FL-1999-0086,1999-08-13T00:00:00,positive,Yellow,2123.0,21.586,299.37,5.3997,7.875,450.5,2.0,1.4521,,1.6,3.9,6.3,47.2,47.2,9.8228,1.6,,,,1
Darjeeling/Kalimpong,Darjeeling_town_district_HQ,UEI-IMD-FL-1999-0086,1999-08-14T00:00:00,positive,Orange,2123.0,21.586,299.37,5.3997,7.875,450.5,2.0,1.4521,,0.0,0.0,0.5,46.1,93.3,3.6815,0.0,,,,2
Darjeeling/Kalimpong,Darjeeling_town_district_HQ,UEI-IMD-FL-1999-0086,1999-08-14T12:00:00,positive,Orange,2123.0,21.586,299.37,5.3997,7.875,450.5,2.0,1.4521,,2.9,8.8,14.8,23.8,108.6,12.2304,2.9,,,,2
Darjeeling/Kalimpong,Darjeeling_town_district_HQ,UEI-IMD-FL-1999-0086,1999-08-14T18:00:00,positive,Red,2123.0,21.586,299.37,5.3997,7.875,450.5,2.0,1.4521,,1.3,5.5,12.9,28.7,121.5,11.8142,1.3,,,,3
Darjeeling/Kalimpong,Darjeeling_town_district_HQ,UEI-IMD-FL-1999-0086,1999-08-15T00:00:00,positive,Red,2123.0,21.586,299.37,5.3997,7.875,450.5,2.0,1.4521,,0.0,0.0,0.9,29.1,122.4,4.4557,0.0,,,,3
Darjeeling/Kalimpong,Darjeeling_town_district_HQ,UEI-IMD-FL-1999-0090,1999-08-23T00:00:00,positive,Yellow,2123.0,21.586,299.37,5.3997,7.875,450.5,2.0,1.4521,,,,,,,4.2,,,,,1
Darjeeling/Kalimpong,Darjeeling_town_district_HQ,UEI-IMD-FL-1999-0090,1999-08-24T00:00:00,positive,Yellow,2123.0,21.586,299.37,5.3997,7.875,450.5,2.0,1.4521,,1.8,5.8,14.0,61.0,61.0,14.3287,1.8,,,,1
Darjeeling/Kalimpong,Darjeeling_town_district_HQ,UEI-IMD-FL-1999-0090,1999-08-25T00:00:00,positive,Orange,2123.0,21.586,299.37,5.3997,7.875,450.5,2.0,1.4521,,6.4,15.0,18.6,72.3,133.3,24.144,6.4,,,,2
Darjeeling/Kalimpong,Darjeeling_town_district_HQ,UEI-IMD-FL-1999-0090,1999-08-25T12:00:00,positive,Orange,2123.0,21.586,299.37,5.3997,7.875,450.5,2.0,1.4521,,1.4,6.2,18.6,80.6,188.7,21.2213,1.4,,,,2
Darjeeling/Kalimpong,Darjeeling_town_district_HQ,UEI-IMD-FL-1999-0090,1999-08-25T18:00:00,positive,Red,2123.0,21.586,299.37,5.3997,7.875,450.5,2.0,1.4521,,1.2,4.0,7.6,81.6,196.3,13.2168,1.2,,,,3
Darjeeling/Kalimpong,Darjeeling_town_district_HQ,UEI-IMD-FL-1999-0090,1999-08-26T00:00:00,positive,Red,2123.0,21.586,299.37,5.3997,7.875,450.5,2.0,1.4521,,1.1,4.3,9.3,72.3,205.6,10.914,1.1,,,,3
Darjeeling/Kalimpong,Darjeeling_town_district_HQ,UEI-IMD-FL-1999-0093,1999-09-19T00:00:00,positive,Yellow,2123.0,21.586,299.37,5.3997,7.875,450.5,2.0,1.4521,,,,,,,0.0,,,,,1
Darjeeling/Kalimpong,Darjeeling_town_district_HQ,UEI-IMD-FL-1999-0093,1999-09-20T00:00:00,positive,Yellow,2123.0,21.586,299.37,5.3997,7.875,450.5,2.0,1.4521,,0.0,0.0,0.0,5.0,5.0,0.5069,0.0,,,,1
Darjeeling/Kalimpong,Darjeeling_town_district_HQ,UEI-IMD-FL-1999-0093,1999-09-21T00:00:00,positive,Orange,2123.0,21.586,299.37,5.3997,7.875,450.5,2.0,1.4521,,0.0,0.0,0.7,10.5,15.5,1.1497,0.0,,,,2
Darjeeling/Kalimpong,Darjeeling_town_district_HQ,UEI-IMD-FL-1999-0093,1999-09-21T12:00:00,positive,Orange,2123.0,21.586,299.37,5.3997,7.875,450.5,2.0,1.4521,,0.2,1.2,9.0,11.9,25.6,4.8254,0.2,,,,2
Darjeeling/Kalimpong,Darjeeling_town_district_HQ,UEI-IMD-FL-1999-0093,1999-09-21T18:00:00,positive,Red,2123.0,21.586,299.37,5.3997,7.875,450.5,2.0,1.4521,,0.0,0.0,0.1,10.9,25.7,1.8199,0.0,,,,3
Darjeeling/Kalimpong,Darjeeling_town_district_HQ,UEI-IMD-FL-1999-0093,1999-09-22T00:00:00,positive,Red,2123.0,21.586,299.37,5.3997,7.875,450.5,2.0,1.4521,,0.0,0.0,0.0,10.2,25.7,0.6864,0.0,,,,3
Darjeeling/Kalimpong,Darjeeling_town_district_HQ,UEI-IMD-FL-2001-0106,2001-07-25T00:00:00,positive,Yellow,2123.0,21.586,299.37,5.3997,7.875,450.5,2.0,1.4521,,,,,,,0.6,,0.61,,,1
Darjeeling/Kalimpong,Darjeeling_town_district_HQ,UEI-IMD-FL-2001-0106,2001-07-26T00:00:00,positive,Yellow,2123.0,21.586,299.37,5.3997,7.875,450.5,2.0,1.4521,,5.2,12.1,16.8,32.6,32.6,19.3624,5.2,0.61,,,1
Darjeeling/Kalimpong,Darjeeling_town_district_HQ,UEI-IMD-FL-2001-0106,2001-07-27T00:00:00,positive,Orange,2123.0,21.586,299.37,5.3997,7.875,450.5,2.0,1.4521,,1.2,4.1,8.2,92.6,125.2,11.0086,1.2,0.61,,,2
Darjeeling/Kalimpong,Darjeeling_town_district_HQ,UEI-IMD-FL-2001-0106,2001-07-27T12:00:00,positive,Orange,2123.0,21.586,299.37,5.3997,7.875,450.5,2.0,1.4521,,0.9,2.6,11.4,41.3,154.5,12.0369,0.9,0.61,,,2
Darjeeling/Kalimpong,Darjeeling_town_district_HQ,UEI-IMD-FL-2001-0106,2001-07-27T18:00:00,positive,Red,2123.0,21.586,299.37,5.3997,7.875,450.5,2.0,1.4521,,1.0,2.6,5.1,42.6,159.6,8.3587,1.0,0.61,,,3
Darjeeling/Kalimpong,Darjeeling_town_district_HQ,UEI-IMD-FL-2001-0106,2001-07-28T00:00:00,positive,Red,2123.0,21.586,299.37,5.3997,7.875,450.5,2.0,1.4521,,0.0,0.4,2.5,36.9,162.1,3.9362,0.0,0.61,,,3
Darjeeling/Kalimpong,Darjeeling_town_district_HQ,UEI-IMD-FL-2001-0109,2001-09-28T00:00:00,positive,Yellow,2123.0,21.586,299.37,5.3997,7.875,450.5,2.0,1.4521,,,,,,,0.0,,0.8,,,1
Darjeeling/Kalimpong,Darjeeling_town_district_HQ,UEI-IMD-FL-2001-0109,2001-09-29T00:00:00,positive,Yellow,2123.0,21.586,299.37,5.3997,7.875,450.5,2.0,1.4521,,0.2,0.4,2.4,14.8,14.8,2.4087,0.2,0.79,,,1
Darjeeling/Kalimpong,Darjeeling_town_district_HQ,UEI-IMD-FL-2001-0109,2001-09-30T00:00:00,positive,Orange,2123.0,21.586,299.37,5.3997,7.875,450.5,2.0,1.4521,,0.0,0.0,2.3,13.8,28.6,2.8655,0.0,0.78,,,2
Darjeeling/Kalimpong,Darjeeling_town_district_HQ,UEI-IMD-FL-2001-0109,2001-09-30T12:00:00,positive,Orange,2123.0,21.586,299.37,5.3997,7.875,450.5,2.0,1.4521,,2.2,4.3,6.7,15.2,36.2,7.1816,2.2,0.78,,,2
Darjeeling/Kalimpong,Darjeeling_town_district_HQ,UEI-IMD-FL-2001-0109,2001-09-30T18:00:00,positive,Red,2123.0,21.586,299.37,5.3997,7.875,450.5,2.0,1.4521,,0.2,0.6,4.7,14.6,40.9,4.0802,0.2,0.78,,,3
Darjeeling/Kalimpong,Darjeeling_town_district_HQ,UEI-IMD-FL-2001-0109,2001-10-01T00:00:00,positive,Red,2123.0,21.586,299.37,5.3997,7.875,450.5,2.0,1.4521,,0.2,0.6,0.8,13.1,41.7,2.2649,0.2,0.78,,,3
Darjeeling/Kalimpong,Darjeeling_town_district_HQ,UEI-IMD-FL-2002-0066,2002-07-19T00:00:00,positive,Yellow,2123.0,21.586,299.37,5.3997,7.875,450.5,2.0,1.4521,,,,,,,7.7,,0.72,,,1
Darjeeling/Kalimpong,Darjeeling_town_district_HQ,UEI-IMD-FL-2002-0066,2002-07-20T00:00:00,positive,Yellow,2123.0,21.586,299.37,5.3997,7.875,450.5,2.0,1.4521,,6.6,18.1,31.2,125.4,125.4,33.5599,6.6,0.75,,,1
Darjeeling/Kalimpong,Darjeeling_town_district_HQ,UEI-IMD-FL-2002-0066,2002-07-21T00:00:00,positive,Orange,2123.0,21.586,299.37,5.3997,7.875,450.5,2.0,1.4521,,5.3,13.0,22.7,105.6,231.0,27.421,5.3,0.76,,,2
Darjeeling/Kalimpong,Darjeeling_town_district_HQ,UEI-IMD-FL-2002-0066,2002-07-21T12:00:00,positive,Orange,2123.0,21.586,299.37,5.3997,7.875,450.5,2.0,1.4521,,4.1,14.3,25.7,90.9,278.2,26.6771,4.1,0.76,,,2
Darjeeling/Kalimpong,Darjeeling_town_district_HQ,UEI-IMD-FL-2002-0066,2002-07-21T18:00:00,positive,Red,2123.0,21.586,299.37,5.3997,7.875,450.5,2.0,1.4521,,4.0,9.3,17.7,87.6,295.9,24.3601,4.0,0.77,,,3
Darjeeling/Kalimpong,Darjeeling_town_district_HQ,UEI-IMD-FL-2002-0066,2002-07-22T00:00:00,positive,Red,2123.0,21.586,299.37,5.3997,7.875,450.5,2.0,1.4521,,5.2,15.1,28.5,93.4,324.4,29.6303,5.2,0.77,,,3
Darjeeling/Kalimpong,Darjeeling_town_district_HQ,UEI-IMD-FL-2003-0106,2003-07-04T00:00:00,positive,Yellow,2123.0,21.586,299.37,5.3997,7.875,450.5,2.0,1.4521,,,,,,,0.5,,0.66,,,1
Darjeeling/Kalimpong,Darjeeling_town_district_HQ,UEI-IMD-FL-2003-0106,2003-07-05T00:00:00,positive,Yellow,2123.0,21.586,299.37,5.3997,7.875,450.5,2.0,1.4521,,0.9,3.8,10.3,43.3,43.3,10.7842,0.9,0.7,,,1
Darjeeling/Kalimpong,Darjeeling_town_district_HQ,UEI-IMD-FL-2003-0106,2003-07-06T00:00:00,positive,Orange,2123.0,21.586,299.37,5.3997,7.875,450.5,2.0,1.4521,,0.6,1.8,3.6,24.9,68.2,5.7233,0.6,0.7,,,2
Darjeeling/Kalimpong,Darjeeling_town_district_HQ,UEI-IMD-FL-2003-0106,2003-07-06T12:00:00,positive,Orange,2123.0,21.586,299.37,5.3997,7.875,450.5,2.0,1.4521,,1.3,5.1,11.1,26.2,83.2,9.2649,1.3,0.71,,,2
Darjeeling/Kalimpong,Darjeeling_town_district_HQ,UEI-IMD-FL-2003-0106,2003-07-06T18:00:00,positive,Red,2123.0,21.586,299.37,5.3997,7.875,450.5,2.0,1.4521,,1.6,5.4,9.7,28.3,92.9,10.4197,1.6,0.71,,,3
Darjeeling/Kalimpong,Darjeeling_town_district_HQ,UEI-IMD-FL-2003-0106,2003-07-07T00:00:00,positive,Red,2123.0,21.586,299.37,5.3997,7.875,450.5,2.0,1.4521,,0.5,1.5,4.5,29.2,97.4,6.4913,0.5,0.72,,,3
Darjeeling/Kalimpong,Darjeeling_town_district_HQ,UEI-IMD-FL-2004-0073,2004-09-28T00:00:00,positive,Yellow,2123.0,21.586,299.37,5.3997,7.875,450.5,2.0,1.4521,,,,,,,0.9,,0.83,,,1
Darjeeling/Kalimpong,Darjeeling_town_district_HQ,UEI-IMD-FL-2004-0073,2004-09-29T00:00:00,positive,Yellow,2123.0,21.586,299.37,5.3997,7.875,450.5,2.0,1.4521,,3.1,7.8,11.7,29.6,29.6,13.1195,3.1,0.83,,,1
Darjeeling/Kalimpong,Darjeeling_town_district_HQ,UEI-IMD-FL-2004-0073,2004-09-30T00:00:00,positive,Orange,2123.0,21.586,299.37,5.3997,7.875,450.5,2.0,1.4521,,0.6,1.8,3.0,45.5,75.1,4.4513,0.6,0.83,,,2
Darjeeling/Kalimpong,Darjeeling_town_district_HQ,UEI-IMD-FL-2004-0073,2004-09-30T12:00:00,positive,Orange,2123.0,21.586,299.37,5.3997,7.875,450.5,2.0,1.4521,,0.3,1.3,5.4,14.2,84.3,4.24,0.3,0.83,,,2
Darjeeling/Kalimpong,Darjeeling_town_district_HQ,UEI-IMD-FL-2004-0073,2004-09-30T18:00:00,positive,Red,2123.0,21.586,299.37,5.3997,7.875,450.5,2.0,1.4521,,0.2,0.2,0.2,12.4,84.5,1.9691,0.2,0.83,,,3
Darjeeling/Kalimpong,Darjeeling_town_district_HQ,UEI-IMD-FL-2004-0073,2004-10-01T00:00:00,positive,Red,2123.0,21.586,299.37,5.3997,7.875,450.5,2.0,1.4521,,1.0,3.2,4.6,14.0,89.1,4.3502,1.0,0.83,,,3
Darjeeling/Kalimpong,Darjeeling_town_district_HQ,UEI-IMD-FL-2005-0160,2005-04-07T00:00:00,positive,Yellow,2123.0,21.586,299.37,5.3997,7.875,450.5,2.0,1.4521,,,,,,,0.8,,0.41,,,1
Darjeeling/Kalimpong,Darjeeling_town_district_HQ,UEI-IMD-FL-2005-0160,2005-04-08T00:00:00,positive,Yellow,2123.0,21.586,299.37,5.3997,7.875,450.5,2.0,1.4521,,0.4,1.2,2.2,21.7,21.7,3.5326,0.4,0.41,,,1
Darjeeling/Kalimpong,Darjeeling_town_district_HQ,UEI-IMD-FL-2005-0160,2005-04-09T00:00:00,positive,Orange,2123.0,21.586,299.37,5.3997,7.875,450.5,2.0,1.4521,,0.4,1.1,2.1,11.2,32.9,2.9679,0.4,0.41,,,2
Darjeeling/Kalimpong,Darjeeling_town_district_HQ,UEI-IMD-FL-2005-0160,2005-04-09T12:00:00,positive,Orange,2123.0,21.586,299.37,5.3997,7.875,450.5,2.0,1.4521,,0.1,4.5,11.3,19.2,46.0,6.8482,0.1,0.41,,,2
Darjeeling/Kalimpong,Darjeeling_town_district_HQ,UEI-IMD-FL-2005-0160,2005-04-09T18:00:00,positive,Red,2123.0,21.586,299.37,5.3997,7.875,450.5,2.0,1.4521,,0.0,0.0,1.6,16.8,47.6,3.264,0.0,0.41,,,3
Darjeeling/Kalimpong,Darjeeling_town_district_HQ,UEI-IMD-FL-2005-0160,2005-04-10T00:00:00,positive,Red,2123.0,21.586,299.37,5.3997,7.875,450.5,2.0,1.4521,,0.0,0.0,0.0,14.7,47.6,1.231,0.0,0.41,,,3
Darjeeling/Kalimpong,Darjeeling_town_district_HQ,UEI-IMD-FL-2005-0162,2005-07-02T00:00:00,positive,Yellow,2123.0,21.586,299.37,5.3997,7.875,450.5,2.0,1.4521,,,,,,,0.3,,0.54,,,1
Darjeeling/Kalimpong,Darjeeling_town_district_HQ,UEI-IMD-FL-2005-0162,2005-07-03T00:00:00,positive,Yellow,2123.0,21.586,299.37,5.3997,7.875,450.5,2.0,1.4521,,0.1,0.3,1.0,9.4,9.4,1.5978,0.1,0.55,,,1
Darjeeling/Kalimpong,Darjeeling_town_district_HQ,UEI-IMD-FL-2005-0162,2005-07-04T00:00:00,positive,Orange,2123.0,21.586,299.37,5.3997,7.875,450.5,2.0,1.4521,,0.5,3.5,5.8,15.9,25.3,5.0143,0.5,0.55,,,2
Darjeeling/Kalimpong,Darjeeling_town_district_HQ,UEI-IMD-FL-2005-0162,2005-07-04T12:00:00,positive,Orange,2123.0,21.586,299.37,5.3997,7.875,450.5,2.0,1.4521,,0.7,2.7,6.7,19.8,37.1,5.998,0.7,0.55,,,2
Darjeeling/Kalimpong,Darjeeling_town_district_HQ,UEI-IMD-FL-2005-0162,2005-07-04T18:00:00,positive,Red,2123.0,21.586,299.37,5.3997,7.875,450.5,2.0,1.4521,,0.0,0.1,1.6,19.2,38.7,2.8459,0.0,0.56,,,3
Darjeeling/Kalimpong,Darjeeling_town_district_HQ,UEI-IMD-FL-2005-0162,2005-07-05T00:00:00,positive,Red,2123.0,21.586,299.37,5.3997,7.875,450.5,2.0,1.4521,,0.0,0.0,0.0,13.4,38.7,1.2733,0.0,0.57,,,3
Darjeeling/Kalimpong,Darjeeling_town_district_HQ,UEI-IMD-FL-2005-0163,2005-07-06T00:00:00,positive,Yellow,2123.0,21.586,299.37,5.3997,7.875,450.5,2.0,1.4521,,,,,,,0.2,,0.59,,,1
Darjeeling/Kalimpong,Darjeeling_town_district_HQ,UEI-IMD-FL-2005-0163,2005-07-07T00:00:00,positive,Yellow,2123.0,21.586,299.37,5.3997,7.875,450.5,2.0,1.4521,,0.0,0.0,0.0,3.4,3.4,0.2495,0.0,0.58,,,1
Darjeeling/Kalimpong,Darjeeling_town_district_HQ,UEI-IMD-FL-2005-0163,2005-07-08T00:00:00,positive,Orange,2123.0,21.586,299.37,5.3997,7.875,450.5,2.0,1.4521,,0.6,3.1,11.3,20.0,23.4,7.8161,0.6,0.59,,,2
Darjeeling/Kalimpong,Darjeeling_town_district_HQ,UEI-IMD-FL-2005-0163,2005-07-08T12:00:00,positive,Orange,2123.0,21.586,299.37,5.3997,7.875,450.5,2.0,1.4521,,1.8,7.6,9.8,28.4,34.3,9.2326,1.8,0.59,,,2
Darjeeling/Kalimpong,Darjeeling_town_district_HQ,UEI-IMD-FL-2005-0163,2005-07-08T18:00:00,positive,Red,2123.0,21.586,299.37,5.3997,7.875,450.5,2.0,1.4521,,2.6,6.3,10.3,32.5,44.6,12.7425,2.6,0.59,,,3
Darjeeling/Kalimpong,Darjeeling_town_district_HQ,UEI-IMD-FL-2005-0163,2005-07-09T00:00:00,positive,Red,2123.0,21.586,299.37,5.3997,7.875,450.5,2.0,1.4521,,2.9,8.7,17.0,38.2,61.6,16.1957,2.9,0.6,,,3
Darjeeling/Kalimpong,Darjeeling_town_district_HQ,UEI-IMD-FL-2005-0165,2005-08-11T00:00:00,positive,Yellow,2123.0,21.586,299.37,5.3997,7.875,450.5,2.0,1.4521,,,,,,,2.1,,0.87,,,1
Darjeeling/Kalimpong,Darjeeling_town_district_HQ,UEI-IMD-FL-2005-0165,2005-08-12T00:00:00,positive,Yellow,2123.0,21.586,299.37,5.3997,7.875,450.5,2.0,1.4521,,0.0,0.0,0.5,12.9,12.9,0.8101,0.0,0.87,,,1
Darjeeling/Kalimpong,Darjeeling_town_district_HQ,UEI-IMD-FL-2005-0165,2005-08-13T00:00:00,positive,Orange,2123.0,21.586,299.37,5.3997,7.875,450.5,2.0,1.4521,,0.2,0.5,1.1,7.2,20.1,1.1812,0.2,0.88,,,2
Darjeeling/Kalimpong,Darjeeling_town_district_HQ,UEI-IMD-FL-2005-0165,2005-08-13T12:00:00,positive,Orange,2123.0,21.586,299.37,5.3997,7.875,450.5,2.0,1.4521,,0.0,0.9,3.5,6.0,24.9,2.215,0.0,0.88,,,2
Darjeeling/Kalimpong,Darjeeling_town_district_HQ,UEI-IMD-FL-2005-0165,2005-08-13T18:00:00,positive,Red,2123.0,21.586,299.37,5.3997,7.875,450.5,2.0,1.4521,,0.0,0.4,0.5,6.4,25.4,1.1549,0.0,0.88,,,3
Darjeeling/Kalimpong,Darjeeling_town_district_HQ,UEI-IMD-FL-2005-0165,2005-08-14T00:00:00,positive,Red,2123.0,21.586,299.37,5.3997,7.875,450.5,2.0,1.4521,,0.0,0.3,0.7,6.0,26.1,0.8286,0.0,0.88,,,3
Darjeeling/Kalimpong,Darjeeling_town_district_HQ,UEI-IMD-FL-2005-0166,2005-08-13T00:00:00,positive,Yellow,2123.0,21.586,299.37,5.3997,7.875,450.5,2.0,1.4521,,,,,,,0.1,,0.88,,,1
Darjeeling/Kalimpong,Darjeeling_town_district_HQ,UEI-IMD-FL-2005-0166,2005-08-14T00:00:00,positive,Yellow,2123.0,21.586,299.37,5.3997,7.875,450.5,2.0,1.4521,,0.0,0.3,0.7,6.0,6.0,0.8067,0.0,0.88,,,1
Darjeeling/Kalimpong,Darjeeling_town_district_HQ,UEI-IMD-FL-2005-0166,2005-08-15T00:00:00,positive,Orange,2123.0,21.586,299.37,5.3997,7.875,450.5,2.0,1.4521,,0.9,3.2,4.5,11.2,17.2,4.6883,0.9,0.91,,,2
Darjeeling/Kalimpong,Darjeeling_town_district_HQ,UEI-IMD-FL-2005-0166,2005-08-15T12:00:00,positive,Orange,2123.0,21.586,299.37,5.3997,7.875,450.5,2.0,1.4521,,0.1,0.7,2.4,18.9,28.9,3.8876,0.1,0.91,,,2
Darjeeling/Kalimpong,Darjeeling_town_district_HQ,UEI-IMD-FL-2005-0166,2005-08-15T18:00:00,positive,Red,2123.0,21.586,299.37,5.3997,7.875,450.5,2.0,1.4521,,0.8,1.8,2.3,18.5,31.2,3.8185,0.8,0.91,,,3
Darjeeling/Kalimpong,Darjeeling_town_district_HQ,UEI-IMD-FL-2005-0166,2005-08-16T00:00:00,positive,Red,2123.0,21.586,299.37,5.3997,7.875,450.5,2.0,1.4521,,0.4,1.4,3.8,17.8,35.0,3.6132,0.4,0.91,,,3
Darjeeling/Kalimpong,Darjeeling_town_district_HQ,UEI-IMD-FL-2006-0107,2006-08-27T00:00:00,positive,Yellow,2123.0,21.586,299.37,5.3997,7.875,450.5,2.0,1.4521,,,,,,,0.6,,0.71,,,1
Darjeeling/Kalimpong,Darjeeling_town_district_HQ,UEI-IMD-FL-2006-0107,2006-08-28T00:00:00,positive,Yellow,2123.0,21.586,299.37,5.3997,7.875,450.5,2.0,1.4521,,0.0,0.0,0.0,5.6,5.6,0.3492,0.0,0.72,,,1
Darjeeling/Kalimpong,Darjeeling_town_district_HQ,UEI-IMD-FL-2006-0107,2006-08-29T00:00:00,positive,Orange,2123.0,21.586,299.37,5.3997,7.875,450.5,2.0,1.4521,,0.0,0.0,0.0,2.1,7.7,0.3452,0.0,0.72,,,2
Darjeeling/Kalimpong,Darjeeling_town_district_HQ,UEI-IMD-FL-2006-0107,2006-08-29T12:00:00,positive,Orange,2123.0,21.586,299.37,5.3997,7.875,450.5,2.0,1.4521,,0.4,2.3,3.6,5.7,11.9,2.7297,0.4,0.72,,,2
Darjeeling/Kalimpong,Darjeeling_town_district_HQ,UEI-IMD-FL-2006-0107,2006-08-29T18:00:00,positive,Red,2123.0,21.586,299.37,5.3997,7.875,450.5,2.0,1.4521,,0.1,0.5,1.2,5.4,13.1,1.5306,0.1,0.72,,,3
Darjeeling/Kalimpong,Darjeeling_town_district_HQ,UEI-IMD-FL-2006-0107,2006-08-30T00:00:00,positive,Red,2123.0,21.586,299.37,5.3997,7.875,450.5,2.0,1.4521,,0.2,0.5,0.8,6.2,13.9,1.3911,0.2,0.72,,,3
Darjeeling/Kalimpong,Darjeeling_town_district_HQ,UEI-IMD-FL-2007-0143,2007-09-04T00:00:00,positive,Yellow,2123.0,21.586,299.37,5.3997,7.875,450.5,2.0,1.4521,,,,,,,3.3,,0.89,,,1
Darjeeling/Kalimpong,Darjeeling_town_district_HQ,UEI-IMD-FL-2007-0143,2007-09-05T00:00:00,positive,Yellow,2123.0,21.586,299.37,5.3997,7.875,450.5,2.0,1.4521,,6.3,15.1,23.8,56.6,56.6,26.6343,6.3,0.9,,,1
Darjeeling/Kalimpong,Darjeeling_town_district_HQ,UEI-IMD-FL-2007-0143,2007-09-06T00:00:00,positive,Orange,2123.0,21.586,299.37,5.3997,7.875,450.5,2.0,1.4521,,0.0,0.0,1.0,92.6,149.2,6.5641,0.0,0.93,,,2
Darjeeling/Kalimpong,Darjeeling_town_district_HQ,UEI-IMD-FL-2007-0143,2007-09-06T12:00:00,positive,Orange,2123.0,21.586,299.37,5.3997,7.875,450.5,2.0,1.4521,,3.6,9.9,17.0,28.6,170.8,18.4084,3.6,0.93,,,2
Darjeeling/Kalimpong,Darjeeling_town_district_HQ,UEI-IMD-FL-2007-0143,2007-09-06T18:00:00,positive,Red,2123.0,21.586,299.37,5.3997,7.875,450.5,2.0,1.4521,,5.1,16.3,32.6,55.2,203.4,29.3614,5.1,0.93,,,3
Darjeeling/Kalimpong,Darjeeling_town_district_HQ,UEI-IMD-FL-2007-0143,2007-09-07T00:00:00,positive,Red,2123.0,21.586,299.37,5.3997,7.875,450.5,2.0,1.4521,,9.0,28.6,50.5,104.7,253.9,47.298,9.0,0.93,,,3
Darjeeling/Kalimpong,Darjeeling_town_district_HQ,UEI-IMD-FL-2009-0083,2009-05-23T00:00:00,positive,Yellow,2123.0,21.586,299.37,5.3997,7.875,450.5,2.0,1.4521,,,,,,,0.6,,0.44,,,1
Darjeeling/Kalimpong,Darjeeling_town_district_HQ,UEI-IMD-FL-2009-0083,2009-05-24T00:00:00,positive,Yellow,2123.0,21.586,299.37,5.3997,7.875,450.5,2.0,1.4521,,0.0,0.0,0.2,11.6,11.6,1.0225,0.0,0.44,,,1
Darjeeling/Kalimpong,Darjeeling_town_district_HQ,UEI-IMD-FL-2009-0083,2009-05-25T00:00:00,positive,Orange,2123.0,21.586,299.37,5.3997,7.875,450.5,2.0,1.4521,,0.7,2.0,2.2,7.5,19.1,2.5779,0.7,0.44,,,2
Darjeeling/Kalimpong,Darjeeling_town_district_HQ,UEI-IMD-FL-2009-0083,2009-05-25T12:00:00,positive,Orange,2123.0,21.586,299.37,5.3997,7.875,450.5,2.0,1.4521,,1.6,4.3,7.2,16.6,32.2,8.3342,1.6,0.44,,,2
Darjeeling/Kalimpong,Darjeeling_town_district_HQ,UEI-IMD-FL-2009-0083,2009-05-25T18:00:00,positive,Red,2123.0,21.586,299.37,5.3997,7.875,450.5,2.0,1.4521,,2.4,8.1,13.3,28.6,45.5,13.2422,2.4,0.46,,,3
Darjeeling/Kalimpong,Darjeeling_town_district_HQ,UEI-IMD-FL-2009-0083,2009-05-26T00:00:00,positive,Red,2123.0,21.586,299.37,5.3997,7.875,450.5,2.0,1.4521,,6.4,15.6,23.9,50.3,69.4,25.9204,6.4,0.48,,,3
Darjeeling/Kalimpong,Darjeeling_town_district_HQ,UEI-IMD-FL-2009-0084,2009-08-17T00:00:00,positive,Yellow,2123.0,21.586,299.37,5.3997,7.875,450.5,2.0,1.4521,,,,,,,9.2,,0.83,,,1
Darjeeling/Kalimpong,Darjeeling_town_district_HQ,UEI-IMD-FL-2009-0084,2009-08-18T00:00:00,positive,Yellow,2123.0,21.586,299.37,5.3997,7.875,450.5,2.0,1.4521,,0.4,1.4,3.3,65.1,65.1,5.4188,0.4,0.85,,,1
Darjeeling/Kalimpong,Darjeeling_town_district_HQ,UEI-IMD-FL-2009-0084,2009-08-19T00:00:00,positive,Orange,2123.0,21.586,299.37,5.3997,7.875,450.5,2.0,1.4521,,1.3,2.9,4.2,28.7,93.8,6.6554,1.3,0.86,,,2
Darjeeling/Kalimpong,Darjeeling_town_district_HQ,UEI-IMD-FL-2009-0084,2009-08-19T12:00:00,positive,Orange,2123.0,21.586,299.37,5.3997,7.875,450.5,2.0,1.4521,,0.4,1.5,5.4,30.7,117.9,8.3665,0.4,0.87,,,2
Darjeeling/Kalimpong,Darjeeling_town_district_HQ,UEI-IMD-FL-2009-0084,2009-08-19T18:00:00,positive,Red,2123.0,21.586,299.37,5.3997,7.875,450.5,2.0,1.4521,,0.6,2.8,6.3,34.6,124.2,6.9022,0.6,0.9,,,3
Darjeeling/Kalimpong,Darjeeling_town_district_HQ,UEI-IMD-FL-2009-0084,2009-08-20T00:00:00,positive,Red,2123.0,21.586,299.37,5.3997,7.875,450.5,2.0,1.4521,,2.3,4.1,6.3,36.7,130.5,10.1381,2.3,0.92,,,3
Darjeeling/Kalimpong,Kalimpong_town_district_HQ,UEI-IMD-FL-2010-0142,2010-06-12T00:00:00,positive,Yellow,1184.0,10.639,284.97,5.7391,4.0,391.2,1.0,2.1892,,,,,,,0.2,,0.56,,,1
Darjeeling/Kalimpong,Kalimpong_town_district_HQ,UEI-IMD-FL-2010-0142,2010-06-13T00:00:00,positive,Yellow,1184.0,10.639,284.97,5.7391,4.0,391.2,1.0,2.1892,,0.0,0.4,1.3,38.7,38.7,6.3321,0.0,0.56,,,1
Darjeeling/Kalimpong,Kalimpong_town_district_HQ,UEI-IMD-FL-2010-0142,2010-06-14T00:00:00,positive,Orange,1184.0,10.639,284.97,5.7391,4.0,391.2,1.0,2.1892,,0.0,0.6,1.5,15.1,53.8,2.5441,0.0,0.57,,,2
Darjeeling/Kalimpong,Kalimpong_town_district_HQ,UEI-IMD-FL-2010-0142,2010-06-14T12:00:00,positive,Orange,1184.0,10.639,284.97,5.7391,4.0,391.2,1.0,2.1892,,1.2,4.1,6.5,12.8,61.3,5.5195,1.2,0.57,,,2
Darjeeling/Kalimpong,Kalimpong_town_district_HQ,UEI-IMD-FL-2010-0142,2010-06-14T18:00:00,positive,Red,1184.0,10.639,284.97,5.7391,4.0,391.2,1.0,2.1892,,0.1,0.4,1.5,10.5,62.8,2.7165,0.1,0.58,,,3
Darjeeling/Kalimpong,Kalimpong_town_district_HQ,UEI-IMD-FL-2010-0142,2010-06-15T00:00:00,positive,Red,1184.0,10.639,284.97,5.7391,4.0,391.2,1.0,2.1892,,0.0,0.1,0.5,9.5,63.3,1.1934,0.0,0.58,,,3
Darjeeling/Kalimpong,Darjeeling_town_district_HQ,UEI-IMD-FL-2011-0100,2011-06-13T00:00:00,positive,Yellow,2123.0,21.586,299.37,5.3997,7.875,450.5,2.0,1.4521,,,,,,,0.0,,0.54,,,1
Darjeeling/Kalimpong,Darjeeling_town_district_HQ,UEI-IMD-FL-2011-0100,2011-06-14T00:00:00,positive,Yellow,2123.0,21.586,299.37,5.3997,7.875,450.5,2.0,1.4521,,0.0,0.0,0.5,7.4,7.4,0.8305,0.0,0.53,,,1
Darjeeling/Kalimpong,Darjeeling_town_district_HQ,UEI-IMD-FL-2011-0100,2011-06-15T00:00:00,positive,Orange,2123.0,21.586,299.37,5.3997,7.875,450.5,2.0,1.4521,,0.0,0.0,0.0,6.4,13.8,1.1145,0.0,0.53,,,2
Darjeeling/Kalimpong,Darjeeling_town_district_HQ,UEI-IMD-FL-2011-0100,2011-06-15T12:00:00,positive,Orange,2123.0,21.586,299.37,5.3997,7.875,450.5,2.0,1.4521,,1.0,4.9,7.5,11.5,21.5,5.5073,1.0,0.53,,,2
Darjeeling/Kalimpong,Darjeeling_town_district_HQ,UEI-IMD-FL-2011-0100,2011-06-15T18:00:00,positive,Red,2123.0,21.586,299.37,5.3997,7.875,450.5,2.0,1.4521,,0.0,0.0,1.7,9.4,23.2,2.6121,0.0,0.54,,,3
Darjeeling/Kalimpong,Darjeeling_town_district_HQ,UEI-IMD-FL-2011-0100,2011-06-16T00:00:00,positive,Red,2123.0,21.586,299.37,5.3997,7.875,450.5,2.0,1.4521,,0.0,0.2,0.6,10.0,23.8,1.3011,0.0,0.54,,,3
Darjeeling/Kalimpong,Darjeeling_town_district_HQ,UEI-IMD-FL-2015-0105,2015-06-28T00:00:00,positive,Yellow,2123.0,21.586,299.37,5.3997,7.875,450.5,2.0,1.4521,,,,,,,3.2,,0.74,,,1
Darjeeling/Kalimpong,Darjeeling_town_district_HQ,UEI-IMD-FL-2015-0105,2015-06-29T00:00:00,positive,Yellow,2123.0,21.586,299.37,5.3997,7.875,450.5,2.0,1.4521,,1.2,3.5,8.9,44.4,44.4,9.3176,1.2,0.74,,,1
Darjeeling/Kalimpong,Darjeeling_town_district_HQ,UEI-IMD-FL-2015-0105,2015-06-30T00:00:00,positive,Orange,2123.0,21.586,299.37,5.3997,7.875,450.5,2.0,1.4521,,0.5,1.3,3.0,15.9,60.3,3.683,0.5,0.75,,,2
Darjeeling/Kalimpong,Darjeeling_town_district_HQ,UEI-IMD-FL-2015-0105,2015-06-30T12:00:00,positive,Orange,2123.0,21.586,299.37,5.3997,7.875,450.5,2.0,1.4521,,0.7,1.5,5.6,16.9,70.4,5.0014,0.7,0.76,,,2
Darjeeling/Kalimpong,Darjeeling_town_district_HQ,UEI-IMD-FL-2015-0105,2015-06-30T18:00:00,positive,Red,2123.0,21.586,299.37,5.3997,7.875,450.5,2.0,1.4521,,3.0,6.1,9.2,22.3,79.6,12.4152,3.0,0.76,,,3
Darjeeling/Kalimpong,Darjeeling_town_district_HQ,UEI-IMD-FL-2015-0105,2015-07-01T00:00:00,positive,Red,2123.0,21.586,299.37,5.3997,7.875,450.5,2.0,1.4521,,0.4,2.3,9.2,28.5,88.8,7.5748,0.4,0.77,,,3
Darjeeling/Kalimpong,Darjeeling_town_district_HQ,UEI-IMD-FL-2016-0132,2016-07-17T00:00:00,positive,Yellow,2123.0,21.586,299.37,5.3997,7.875,450.5,2.0,1.4521,,,,,,,13.6,,0.91,,,1
Darjeeling/Kalimpong,Darjeeling_town_district_HQ,UEI-IMD-FL-2016-0132,2016-07-18T00:00:00,positive,Yellow,2123.0,21.586,299.37,5.3997,7.875,450.5,2.0,1.4521,,3.4,11.3,24.4,183.4,183.4,30.05,3.4,0.92,,,1
Darjeeling/Kalimpong,Darjeeling_town_district_HQ,UEI-IMD-FL-2016-0132,2016-07-19T00:00:00,positive,Orange,2123.0,21.586,299.37,5.3997,7.875,450.5,2.0,1.4521,,1.6,4.8,8.2,38.4,221.8,9.3109,1.6,0.92,,,2
Darjeeling/Kalimpong,Darjeeling_town_district_HQ,UEI-IMD-FL-2016-0132,2016-07-19T12:00:00,positive,Orange,2123.0,21.586,299.37,5.3997,7.875,450.5,2.0,1.4521,,2.6,9.4,20.0,41.9,250.0,16.8191,2.6,0.93,,,2
Darjeeling/Kalimpong,Darjeeling_town_district_HQ,UEI-IMD-FL-2016-0132,2016-07-19T18:00:00,positive,Red,2123.0,21.586,299.37,5.3997,7.875,450.5,2.0,1.4521,,1.3,2.8,6.8,43.2,256.8,10.7079,1.3,0.93,,,3
Darjeeling/Kalimpong,Darjeeling_town_district_HQ,UEI-IMD-FL-2016-0132,2016-07-20T00:00:00,positive,Red,2123.0,21.586,299.37,5.3997,7.875,450.5,2.0,1.4521,,1.1,2.9,6.3,41.3,263.1,8.8313,1.1,0.93,,,3
Darjeeling/Kalimpong,Darjeeling_town_district_HQ,UEI-IMD-FL-2016-0133,2016-07-21T00:00:00,positive,Yellow,2123.0,21.586,299.37,5.3997,7.875,450.5,2.0,1.4521,,,,,,,3.0,,0.95,,,1
Darjeeling/Kalimpong,Darjeeling_town_district_HQ,UEI-IMD-FL-2016-0133,2016-07-22T00:00:00,positive,Yellow,2123.0,21.586,299.37,5.3997,7.875,450.5,2.0,1.4521,,3.5,11.5,25.9,83.3,83.3,24.4651,3.5,0.96,,,1
Darjeeling/Kalimpong,Darjeeling_town_district_HQ,UEI-IMD-FL-2016-0133,2016-07-23T00:00:00,positive,Orange,2123.0,21.586,299.37,5.3997,7.875,450.5,2.0,1.4521,,9.6,24.1,41.7,92.9,176.2,43.0632,9.6,0.96,,,2
Darjeeling/Kalimpong,Darjeeling_town_district_HQ,UEI-IMD-FL-2016-0133,2016-07-23T12:00:00,positive,Orange,2123.0,21.586,299.37,5.3997,7.875,450.5,2.0,1.4521,,2.8,5.9,17.9,141.3,254.4,29.7498,2.8,0.96,,,2
Darjeeling/Kalimpong,Darjeeling_town_district_HQ,UEI-IMD-FL-2016-0133,2016-07-23T18:00:00,positive,Red,2123.0,21.586,299.37,5.3997,7.875,450.5,2.0,1.4521,,4.0,8.3,14.5,134.4,268.9,24.7205,4.0,0.96,,,3
Darjeeling/Kalimpong,Darjeeling_town_district_HQ,UEI-IMD-FL-2016-0133,2016-07-24T00:00:00,positive,Red,2123.0,21.586,299.37,5.3997,7.875,450.5,2.0,1.4521,,1.6,3.6,10.7,103.4,279.6,14.9585,1.6,0.97,,,3
Darjeeling/Kalimpong,Darjeeling_town_district_HQ,UEI-IMD-FL-2017-0123,2017-08-05T00:00:00,positive,Yellow,2123.0,21.586,299.37,5.3997,7.875,450.5,2.0,1.4521,,,,,,,0.0,,0.89,,,1
Darjeeling/Kalimpong,Darjeeling_town_district_HQ,UEI-IMD-FL-2017-0123,2017-08-06T00:00:00,positive,Yellow,2123.0,21.586,299.37,5.3997,7.875,450.5,2.0,1.4521,,0.0,0.0,0.0,5.4,5.4,0.4613,0.0,0.89,,,1
Darjeeling/Kalimpong,Darjeeling_town_district_HQ,UEI-IMD-FL-2017-0123,2017-08-07T00:00:00,positive,Orange,2123.0,21.586,299.37,5.3997,7.875,450.5,2.0,1.4521,,1.2,1.5,2.5,6.2,11.6,4.4313,1.2,0.9,,,2
Darjeeling/Kalimpong,Darjeeling_town_district_HQ,UEI-IMD-FL-2017-0123,2017-08-07T12:00:00,positive,Orange,2123.0,21.586,299.37,5.3997,7.875,450.5,2.0,1.4521,,0.1,0.3,1.3,12.7,19.2,2.2179,0.1,0.9,,,2
Darjeeling/Kalimpong,Darjeeling_town_district_HQ,UEI-IMD-FL-2017-0123,2017-08-07T18:00:00,positive,Red,2123.0,21.586,299.37,5.3997,7.875,450.5,2.0,1.4521,,0.3,0.5,0.7,10.8,19.9,1.2773,0.3,0.9,,,3
Darjeeling/Kalimpong,Darjeeling_town_district_HQ,UEI-IMD-FL-2017-0123,2017-08-08T00:00:00,positive,Red,2123.0,21.586,299.37,5.3997,7.875,450.5,2.0,1.4521,,0.8,1.0,1.1,9.4,21.0,2.9585,0.8,0.91,,,3
Darjeeling/Kalimpong,Darjeeling_town_district_HQ,UEI-IMD-FL-2019-0158,2019-09-04T00:00:00,positive,Yellow,2123.0,21.586,299.37,5.3997,7.875,450.5,2.0,1.4521,,,,,,,0.2,,0.9,,,1
Darjeeling/Kalimpong,Darjeeling_town_district_HQ,UEI-IMD-FL-2019-0158,2019-09-05T00:00:00,positive,Yellow,2123.0,21.586,299.37,5.3997,7.875,450.5,2.0,1.4521,,0.2,0.7,1.0,15.9,15.9,1.387,0.2,0.9,,,1
Darjeeling/Kalimpong,Darjeeling_town_district_HQ,UEI-IMD-FL-2019-0158,2019-09-06T00:00:00,positive,Orange,2123.0,21.586,299.37,5.3997,7.875,450.5,2.0,1.4521,,0.1,1.3,4.8,14.2,30.1,3.5903,0.1,0.89,,,2
Darjeeling/Kalimpong,Darjeeling_town_district_HQ,UEI-IMD-FL-2019-0158,2019-09-06T12:00:00,positive,Orange,2123.0,21.586,299.37,5.3997,7.875,450.5,2.0,1.4521,,0.2,1.5,2.3,10.4,33.1,2.5344,0.2,0.89,,,2
Darjeeling/Kalimpong,Darjeeling_town_district_HQ,UEI-IMD-FL-2019-0158,2019-09-06T18:00:00,positive,Red,2123.0,21.586,299.37,5.3997,7.875,450.5,2.0,1.4521,,0.3,1.2,3.1,10.9,36.2,2.746,0.3,0.89,,,3
Darjeeling/Kalimpong,Darjeeling_town_district_HQ,UEI-IMD-FL-2019-0158,2019-09-07T00:00:00,positive,Red,2123.0,21.586,299.37,5.3997,7.875,450.5,2.0,1.4521,,0.0,0.0,1.0,7.1,37.2,1.4454,0.0,0.9,,,3
Darjeeling/Kalimpong,Darjeeling_town_district_HQ,UEI-IMD-FL-2020-0141,2020-03-11T00:00:00,positive,Yellow,2123.0,21.586,299.37,5.3997,7.875,450.5,2.0,1.4521,,,,,,,0.0,,0.54,,,1
Darjeeling/Kalimpong,Darjeeling_town_district_HQ,UEI-IMD-FL-2020-0141,2020-03-12T00:00:00,positive,Yellow,2123.0,21.586,299.37,5.3997,7.875,450.5,2.0,1.4521,,0.0,0.0,0.0,1.2,1.2,0.0886,0.0,0.53,,,1
Darjeeling/Kalimpong,Darjeeling_town_district_HQ,UEI-IMD-FL-2020-0141,2020-03-13T00:00:00,positive,Orange,2123.0,21.586,299.37,5.3997,7.875,450.5,2.0,1.4521,,0.0,0.1,0.1,0.5,1.7,0.139,0.0,0.53,,,2
Darjeeling/Kalimpong,Darjeeling_town_district_HQ,UEI-IMD-FL-2020-0141,2020-03-13T12:00:00,positive,Orange,2123.0,21.586,299.37,5.3997,7.875,450.5,2.0,1.4521,,0.3,1.5,1.7,2.2,3.5,1.7304,0.3,0.52,,,2
Darjeeling/Kalimpong,Darjeeling_town_district_HQ,UEI-IMD-FL-2020-0141,2020-03-13T18:00:00,positive,Red,2123.0,21.586,299.37,5.3997,7.875,450.5,2.0,1.4521,,0.0,0.0,0.5,2.4,4.0,0.6526,0.0,0.53,,,3
Darjeeling/Kalimpong,Darjeeling_town_district_HQ,UEI-IMD-FL-2020-0141,2020-03-14T00:00:00,positive,Red,2123.0,21.586,299.37,5.3997,7.875,450.5,2.0,1.4521,,0.0,0.0,0.0,2.3,4.0,0.2461,0.0,0.54,,,3
Darjeeling/Kalimpong,Darjeeling_town_district_HQ,UEI-IMD-FL-2021-0318,2021-10-16T00:00:00,positive,Yellow,2123.0,21.586,299.37,5.3997,7.875,450.5,2.0,1.4521,,,,,,,0.0,,0.85,,,1
Darjeeling/Kalimpong,Darjeeling_town_district_HQ,UEI-IMD-FL-2021-0318,2021-10-17T00:00:00,positive,Yellow,2123.0,21.586,299.37,5.3997,7.875,450.5,2.0,1.4521,,0.0,0.0,0.4,2.9,2.9,1.2138,0.0,0.85,,,1
Darjeeling/Kalimpong,Darjeeling_town_district_HQ,UEI-IMD-FL-2021-0318,2021-10-18T00:00:00,positive,Orange,2123.0,21.586,299.37,5.3997,7.875,450.5,2.0,1.4521,,1.3,1.3,1.9,6.6,9.5,1.9861,1.3,0.86,,,2
Darjeeling/Kalimpong,Darjeeling_town_district_HQ,UEI-IMD-FL-2021-0318,2021-10-18T12:00:00,positive,Orange,2123.0,21.586,299.37,5.3997,7.875,450.5,2.0,1.4521,,0.1,0.9,1.8,9.2,16.8,3.4817,0.1,0.87,,,2
Darjeeling/Kalimpong,Darjeeling_town_district_HQ,UEI-IMD-FL-2021-0318,2021-10-18T18:00:00,positive,Red,2123.0,21.586,299.37,5.3997,7.875,450.5,2.0,1.4521,,8.5,18.0,23.2,32.4,40.0,23.9209,8.5,0.88,,,3
Darjeeling/Kalimpong,Darjeeling_town_district_HQ,UEI-IMD-FL-2021-0318,2021-10-19T00:00:00,positive,Red,2123.0,21.586,299.37,5.3997,7.875,450.5,2.0,1.4521,,4.4,13.2,35.6,66.1,75.6,31.4751,4.4,0.91,,,3
Kullu,Kullu_town_district_HQ,UEI-IMD-FL-1969-0004,1969-07-30T00:00:00,positive,Yellow,1229.0,4.737,112.97,9.9666,2.875,163.3,61.0,3.6515,,,,,,,0.2,,,,,1
Kullu,Kullu_town_district_HQ,UEI-IMD-FL-1969-0004,1969-07-31T00:00:00,positive,Yellow,1229.0,4.737,112.97,9.9666,2.875,163.3,61.0,3.6515,,0.0,0.2,0.2,0.7,0.7,0.1783,0.0,,,,1
Kullu,Kullu_town_district_HQ,UEI-IMD-FL-1969-0004,1969-08-01T00:00:00,positive,Orange,1229.0,4.737,112.97,9.9666,2.875,163.3,61.0,3.6515,,0.1,0.2,0.2,2.6,3.3,0.4575,0.1,,,,2
Kullu,Kullu_town_district_HQ,UEI-IMD-FL-1969-0004,1969-08-01T12:00:00,positive,Orange,1229.0,4.737,112.97,9.9666,2.875,163.3,61.0,3.6515,,0.8,1.4,2.0,3.0,5.6,1.6422,0.8,,,,2
Kullu,Kullu_town_district_HQ,UEI-IMD-FL-1969-0004,1969-08-01T18:00:00,positive,Red,1229.0,4.737,112.97,9.9666,2.875,163.3,61.0,3.6515,,0.1,0.3,0.4,2.9,6.0,1.138,0.1,,,,3
Kullu,Kullu_town_district_HQ,UEI-IMD-FL-1969-0004,1969-08-02T00:00:00,positive,Red,1229.0,4.737,112.97,9.9666,2.875,163.3,61.0,3.6515,,0.0,0.4,1.2,3.9,7.2,1.031,0.0,,,,3
Kullu,Manali,UEI-IMD-FL-1982-0012,1982-04-12T00:00:00,positive,Yellow,1896.0,6.593,261.96,6.6054,1.75,96.4,2.0,3.1675,,,,,,,0.0,,,,,1
Kullu,Manali,UEI-IMD-FL-1982-0012,1982-04-13T00:00:00,positive,Yellow,1896.0,6.593,261.96,6.6054,1.75,96.4,2.0,3.1675,,0.0,0.0,0.0,0.0,0.0,0.0,0.0,,,,1
Kullu,Manali,UEI-IMD-FL-1982-0012,1982-04-14T00:00:00,positive,Orange,1896.0,6.593,261.96,6.6054,1.75,96.4,2.0,3.1675,,0.0,0.0,0.0,0.0,0.0,0.0,0.0,,,,2
Kullu,Manali,UEI-IMD-FL-1982-0012,1982-04-14T12:00:00,positive,Orange,1896.0,6.593,261.96,6.6054,1.75,96.4,2.0,3.1675,,0.0,0.0,0.0,0.0,0.0,0.0,0.0,,,,2
Kullu,Manali,UEI-IMD-FL-1982-0012,1982-04-14T18:00:00,positive,Red,1896.0,6.593,261.96,6.6054,1.75,96.4,2.0,3.1675,,0.0,0.0,0.0,0.0,0.0,0.0,0.0,,,,3
Kullu,Manali,UEI-IMD-FL-1982-0012,1982-04-15T00:00:00,positive,Red,1896.0,6.593,261.96,6.6054,1.75,96.4,2.0,3.1675,,0.0,0.0,0.0,0.0,0.0,0.0,0.0,,,,3
Kullu,Kullu_town_district_HQ,UEI-IMD-FL-1983-0033,1983-09-02T00:00:00,positive,Yellow,1229.0,4.737,112.97,9.9666,2.875,163.3,61.0,3.6515,,,,,,,2.2,,,,,1
Kullu,Kullu_town_district_HQ,UEI-IMD-FL-1983-0033,1983-09-03T00:00:00,positive,Yellow,1229.0,4.737,112.97,9.9666,2.875,163.3,61.0,3.6515,,0.2,1.7,3.9,11.5,11.5,2.5588,0.2,,,,1
Kullu,Kullu_town_district_HQ,UEI-IMD-FL-1983-0033,1983-09-04T00:00:00,positive,Orange,1229.0,4.737,112.97,9.9666,2.875,163.3,61.0,3.6515,,0.0,0.0,0.0,7.9,19.4,0.5627,0.0,,,,2
Kullu,Kullu_town_district_HQ,UEI-IMD-FL-1983-0033,1983-09-04T12:00:00,positive,Orange,1229.0,4.737,112.97,9.9666,2.875,163.3,61.0,3.6515,,0.5,1.9,3.8,5.2,24.6,2.5456,0.5,,,,2
Kullu,Kullu_town_district_HQ,UEI-IMD-FL-1983-0033,1983-09-04T18:00:00,positive,Red,1229.0,4.737,112.97,9.9666,2.875,163.3,61.0,3.6515,,0.1,0.1,0.1,5.3,24.7,1.2451,0.1,,,,3
Kullu,Kullu_town_district_HQ,UEI-IMD-FL-1983-0033,1983-09-05T00:00:00,positive,Red,1229.0,4.737,112.97,9.9666,2.875,163.3,61.0,3.6515,,4.5,11.4,14.3,19.6,39.0,14.6967,4.5,,,,3
Kullu,Kullu_town_district_HQ,UEI-IMD-FL-1985-0016,1985-07-11T00:00:00,positive,Yellow,1229.0,4.737,112.97,9.9666,2.875,163.3,61.0,3.6515,,,,,,,0.0,,,,,1
Kullu,Kullu_town_district_HQ,UEI-IMD-FL-1985-0016,1985-07-12T00:00:00,positive,Yellow,1229.0,4.737,112.97,9.9666,2.875,163.3,61.0,3.6515,,1.0,6.2,6.8,12.1,12.1,6.1641,1.0,,,,1
Kullu,Kullu_town_district_HQ,UEI-IMD-FL-1985-0016,1985-07-13T00:00:00,positive,Orange,1229.0,4.737,112.97,9.9666,2.875,163.3,61.0,3.6515,,0.9,2.5,6.4,14.6,26.7,4.4963,0.9,,,,2
Kullu,Kullu_town_district_HQ,UEI-IMD-FL-1985-0016,1985-07-13T12:00:00,positive,Orange,1229.0,4.737,112.97,9.9666,2.875,163.3,61.0,3.6515,,1.2,2.8,4.7,15.6,35.8,5.2948,1.2,,,,2
Kullu,Kullu_town_district_HQ,UEI-IMD-FL-1985-0016,1985-07-13T18:00:00,positive,Red,1229.0,4.737,112.97,9.9666,2.875,163.3,61.0,3.6515,,0.0,0.3,1.3,16.8,37.1,2.4482,0.0,,,,3
Kullu,Kullu_town_district_HQ,UEI-IMD-FL-1985-0016,1985-07-14T00:00:00,positive,Red,1229.0,4.737,112.97,9.9666,2.875,163.3,61.0,3.6515,,0.7,3.3,5.1,15.5,42.2,4.8559,0.7,,,,3
Kullu,Kullu_town_district_HQ,UEI-IMD-FL-1988-0024,1988-09-19T00:00:00,positive,Yellow,1229.0,4.737,112.97,9.9666,2.875,163.3,61.0,3.6515,,,,,,,0.0,,,,,1
Kullu,Kullu_town_district_HQ,UEI-IMD-FL-1988-0024,1988-09-20T00:00:00,positive,Yellow,1229.0,4.737,112.97,9.9666,2.875,163.3,61.0,3.6515,,0.0,0.0,0.0,2.8,2.8,0.223,0.0,,,,1
Kullu,Kullu_town_district_HQ,UEI-IMD-FL-1988-0024,1988-09-21T00:00:00,positive,Orange,1229.0,4.737,112.97,9.9666,2.875,163.3,61.0,3.6515,,0.0,0.0,0.0,0.5,3.3,0.0515,0.0,,,,2
Kullu,Kullu_town_district_HQ,UEI-IMD-FL-1988-0024,1988-09-21T12:00:00,positive,Orange,1229.0,4.737,112.97,9.9666,2.875,163.3,61.0,3.6515,,0.2,1.4,2.5,2.5,5.8,1.4939,0.2,,,,2
Kullu,Kullu_town_district_HQ,UEI-IMD-FL-1988-0024,1988-09-21T18:00:00,positive,Red,1229.0,4.737,112.97,9.9666,2.875,163.3,61.0,3.6515,,0.0,0.0,0.0,2.5,5.8,0.5634,0.0,,,,3
Kullu,Kullu_town_district_HQ,UEI-IMD-FL-1988-0024,1988-09-22T00:00:00,positive,Red,1229.0,4.737,112.97,9.9666,2.875,163.3,61.0,3.6515,,0.0,0.0,0.0,2.5,5.8,0.2125,0.0,,,,3
Kullu,Kullu_town_district_HQ,UEI-IMD-FL-1989-0012,1989-07-22T00:00:00,positive,Yellow,1229.0,4.737,112.97,9.9666,2.875,163.3,61.0,3.6515,,,,,,,0.2,,,,,1
Kullu,Kullu_town_district_HQ,UEI-IMD-FL-1989-0012,1989-07-23T00:00:00,positive,Yellow,1229.0,4.737,112.97,9.9666,2.875,163.3,61.0,3.6515,,0.0,0.0,0.0,5.3,5.3,0.2933,0.0,,,,1
Kullu,Kullu_town_district_HQ,UEI-IMD-FL-1989-0012,1989-07-24T00:00:00,positive,Orange,1229.0,4.737,112.97,9.9666,2.875,163.3,61.0,3.6515,,0.0,0.0,0.0,8.1,13.4,0.4846,0.0,,,,2
Kullu,Kullu_town_district_HQ,UEI-IMD-FL-1989-0012,1989-07-24T12:00:00,positive,Orange,1229.0,4.737,112.97,9.9666,2.875,163.3,61.0,3.6515,,0.2,0.2,0.2,0.2,13.6,0.2389,0.2,,,,2
Kullu,Kullu_town_district_HQ,UEI-IMD-FL-1989-0012,1989-07-24T18:00:00,positive,Red,1229.0,4.737,112.97,9.9666,2.875,163.3,61.0,3.6515,,0.0,0.0,0.0,0.2,13.6,0.0901,0.0,,,,3
Kullu,Kullu_town_district_HQ,UEI-IMD-FL-1989-0012,1989-07-25T00:00:00,positive,Red,1229.0,4.737,112.97,9.9666,2.875,163.3,61.0,3.6515,,0.1,0.2,0.2,0.4,13.8,0.1912,0.1,,,,3
Kullu,Kullu_town_district_HQ,UEI-IMD-FL-1992-0019,1992-08-14T00:00:00,positive,Yellow,1229.0,4.737,112.97,9.9666,2.875,163.3,61.0,3.6515,,,,,,,0.0,,,,,1
Kullu,Kullu_town_district_HQ,UEI-IMD-FL-1992-0019,1992-08-15T00:00:00,positive,Yellow,1229.0,4.737,112.97,9.9666,2.875,163.3,61.0,3.6515,,2.8,7.2,9.6,12.6,12.6,9.1438,2.8,,,,1
Kullu,Kullu_town_district_HQ,UEI-IMD-FL-1992-0019,1992-08-16T00:00:00,positive,Orange,1229.0,4.737,112.97,9.9666,2.875,163.3,61.0,3.6515,,6.0,17.2,24.2,32.6,45.2,24.4915,6.0,,,,2
Kullu,Kullu_town_district_HQ,UEI-IMD-FL-1992-0019,1992-08-16T12:00:00,positive,Orange,1229.0,4.737,112.97,9.9666,2.875,163.3,61.0,3.6515,,1.3,5.7,20.0,96.8,116.1,24.8204,1.3,,,,2
Kullu,Kullu_town_district_HQ,UEI-IMD-FL-1992-0019,1992-08-16T18:00:00,positive,Red,1229.0,4.737,112.97,9.9666,2.875,163.3,61.0,3.6515,,0.0,0.0,1.8,96.9,117.9,9.8838,0.0,,,,3
Kullu,Kullu_town_district_HQ,UEI-IMD-FL-1992-0019,1992-08-17T00:00:00,positive,Red,1229.0,4.737,112.97,9.9666,2.875,163.3,61.0,3.6515,,0.4,1.9,3.4,76.1,121.3,6.319,0.4,,,,3
Kullu,Kullu_town_district_HQ,UEI-IMD-FL-1992-0020,1992-08-17T00:00:00,positive,Yellow,1229.0,4.737,112.97,9.9666,2.875,163.3,61.0,3.6515,,,,,,,0.6,,,,,1
Kullu,Kullu_town_district_HQ,UEI-IMD-FL-1992-0020,1992-08-18T00:00:00,positive,Yellow,1229.0,4.737,112.97,9.9666,2.875,163.3,61.0,3.6515,,0.4,3.4,4.6,16.0,16.0,4.3694,0.4,,,,1
Kullu,Kullu_town_district_HQ,UEI-IMD-FL-1992-0020,1992-08-19T00:00:00,positive,Orange,1229.0,4.737,112.97,9.9666,2.875,163.3,61.0,3.6515,,2.1,4.8,9.7,24.9,40.9,9.2782,2.1,,,,2
Kullu,Kullu_town_district_HQ,UEI-IMD-FL-1992-0020,1992-08-19T12:00:00,positive,Orange,1229.0,4.737,112.97,9.9666,2.875,163.3,61.0,3.6515,,0.1,1.5,4.1,26.0,54.9,5.4335,0.1,,,,2
Kullu,Kullu_town_district_HQ,UEI-IMD-FL-1992-0020,1992-08-19T18:00:00,positive,Red,1229.0,4.737,112.97,9.9666,2.875,163.3,61.0,3.6515,,0.0,0.0,0.3,24.0,55.2,2.0936,0.0,,,,3
Kullu,Kullu_town_district_HQ,UEI-IMD-FL-1992-0020,1992-08-20T00:00:00,positive,Red,1229.0,4.737,112.97,9.9666,2.875,163.3,61.0,3.6515,,1.3,3.3,4.8,19.1,60.0,5.1938,1.3,,,,3
Kullu,Kullu_town_district_HQ,UEI-IMD-FL-1993-0016,1993-07-05T00:00:00,positive,Yellow,1229.0,4.737,112.97,9.9666,2.875,163.3,61.0,3.6515,,,,,,,0.3,,,,,1
Kullu,Kullu_town_district_HQ,UEI-IMD-FL-1993-0016,1993-07-06T00:00:00,positive,Yellow,1229.0,4.737,112.97,9.9666,2.875,163.3,61.0,3.6515,,0.6,2.2,4.3,5.7,5.7,2.7723,0.6,,,,1
Kullu,Kullu_town_district_HQ,UEI-IMD-FL-1993-0016,1993-07-07T00:00:00,positive,Orange,1229.0,4.737,112.97,9.9666,2.875,163.3,61.0,3.6515,,0.5,0.5,6.3,7.1,12.8,3.2928,0.5,,,,2
Kullu,Kullu_town_district_HQ,UEI-IMD-FL-1993-0016,1993-07-07T12:00:00,positive,Orange,1229.0,4.737,112.97,9.9666,2.875,163.3,61.0,3.6515,,0.0,3.1,8.8,16.0,22.4,5.3399,0.0,,,,2
Kullu,Kullu_town_district_HQ,UEI-IMD-FL-1993-0016,1993-07-07T18:00:00,positive,Red,1229.0,4.737,112.97,9.9666,2.875,163.3,61.0,3.6515,,1.2,1.4,3.1,19.0,25.5,5.055,1.2,,,,3
Kullu,Kullu_town_district_HQ,UEI-IMD-FL-1993-0016,1993-07-08T00:00:00,positive,Red,1229.0,4.737,112.97,9.9666,2.875,163.3,61.0,3.6515,,1.8,6.2,12.6,25.3,38.1,10.7008,1.8,,,,3
Kullu,Kullu_town_district_HQ,UEI-IMD-FL-1994-0021,1994-07-08T00:00:00,positive,Yellow,1229.0,4.737,112.97,9.9666,2.875,163.3,61.0,3.6515,,,,,,,1.3,,,,,1
Kullu,Kullu_town_district_HQ,UEI-IMD-FL-1994-0021,1994-07-09T00:00:00,positive,Yellow,1229.0,4.737,112.97,9.9666,2.875,163.3,61.0,3.6515,,0.1,0.3,0.9,13.6,13.6,1.7123,0.1,,,,1
Kullu,Kullu_town_district_HQ,UEI-IMD-FL-1994-0021,1994-07-10T00:00:00,positive,Orange,1229.0,4.737,112.97,9.9666,2.875,163.3,61.0,3.6515,,3.2,7.9,10.8,16.5,30.1,9.1228,3.2,,,,2
Kullu,Kullu_town_district_HQ,UEI-IMD-FL-1994-0021,1994-07-10T12:00:00,positive,Orange,1229.0,4.737,112.97,9.9666,2.875,163.3,61.0,3.6515,,0.2,3.1,7.2,21.2,40.1,5.6444,0.2,,,,2
Kullu,Kullu_town_district_HQ,UEI-IMD-FL-1994-0021,1994-07-10T18:00:00,positive,Red,1229.0,4.737,112.97,9.9666,2.875,163.3,61.0,3.6515,,0.0,0.0,0.0,20.8,40.1,2.1288,0.0,,,,3
Kullu,Kullu_town_district_HQ,UEI-IMD-FL-1994-0021,1994-07-11T00:00:00,positive,Red,1229.0,4.737,112.97,9.9666,2.875,163.3,61.0,3.6515,,1.5,2.7,2.8,12.8,42.9,4.5676,1.5,,,,3
Kullu,Kullu_town_district_HQ,UEI-IMD-FL-1994-0022,1994-07-12T00:00:00,positive,Yellow,1229.0,4.737,112.97,9.9666,2.875,163.3,61.0,3.6515,,,,,,,2.1,,,,,1
Kullu,Kullu_town_district_HQ,UEI-IMD-FL-1994-0022,1994-07-13T00:00:00,positive,Yellow,1229.0,4.737,112.97,9.9666,2.875,163.3,61.0,3.6515,,2.1,8.8,12.6,28.4,28.4,10.1527,2.1,,,,1
Kullu,Kullu_town_district_HQ,UEI-IMD-FL-1994-0022,1994-07-14T00:00:00,positive,Orange,1229.0,4.737,112.97,9.9666,2.875,163.3,61.0,3.6515,,0.1,3.3,4.0,12.3,40.7,3.3696,0.1,,,,2
Kullu,Kullu_town_district_HQ,UEI-IMD-FL-1994-0022,1994-07-14T12:00:00,positive,Orange,1229.0,4.737,112.97,9.9666,2.875,163.3,61.0,3.6515,,0.1,1.1,1.8,5.8,42.5,1.5727,0.1,,,,2
Kullu,Kullu_town_district_HQ,UEI-IMD-FL-1994-0022,1994-07-14T18:00:00,positive,Red,1229.0,4.737,112.97,9.9666,2.875,163.3,61.0,3.6515,,0.0,0.0,0.0,5.8,42.5,0.5931,0.0,,,,3
Kullu,Kullu_town_district_HQ,UEI-IMD-FL-1994-0022,1994-07-15T00:00:00,positive,Red,1229.0,4.737,112.97,9.9666,2.875,163.3,61.0,3.6515,,0.6,0.6,0.6,2.4,43.1,1.3337,0.6,,,,3
Kullu,Kullu_town_district_HQ,UEI-IMD-FL-1994-0027,1994-08-07T00:00:00,positive,Yellow,1229.0,4.737,112.97,9.9666,2.875,163.3,61.0,3.6515,,,,,,,4.3,,,,,1
Kullu,Kullu_town_district_HQ,UEI-IMD-FL-1994-0027,1994-08-08T00:00:00,positive,Yellow,1229.0,4.737,112.97,9.9666,2.875,163.3,61.0,3.6515,,1.6,8.0,23.5,56.4,56.4,17.0697,1.6,,,,1
Kullu,Kullu_town_district_HQ,UEI-IMD-FL-1994-0027,1994-08-09T00:00:00,positive,Orange,1229.0,4.737,112.97,9.9666,2.875,163.3,61.0,3.6515,,1.8,4.5,6.3,18.2,74.6,7.5202,1.8,,,,2
Kullu,Kullu_town_district_HQ,UEI-IMD-FL-1994-0027,1994-08-09T12:00:00,positive,Orange,1229.0,4.737,112.97,9.9666,2.875,163.3,61.0,3.6515,,2.7,5.9,8.5,27.3,94.5,10.8851,2.7,,,,2
Kullu,Kullu_town_district_HQ,UEI-IMD-FL-1994-0027,1994-08-09T18:00:00,positive,Red,1229.0,4.737,112.97,9.9666,2.875,163.3,61.0,3.6515,,0.0,0.3,3.2,29.4,97.7,5.0758,0.0,,,,3
Kullu,Kullu_town_district_HQ,UEI-IMD-FL-1994-0027,1994-08-10T00:00:00,positive,Red,1229.0,4.737,112.97,9.9666,2.875,163.3,61.0,3.6515,,7.6,14.1,17.0,40.1,114.7,25.1589,7.6,,,,3
Kullu,Kullu_town_district_HQ,UEI-IMD-FL-1994-0028,1994-08-08T00:00:00,positive,Yellow,1229.0,4.737,112.97,9.9666,2.875,163.3,61.0,3.6515,,,,,,,1.2,,,,,1
Kullu,Kullu_town_district_HQ,UEI-IMD-FL-1994-0028,1994-08-09T00:00:00,positive,Yellow,1229.0,4.737,112.97,9.9666,2.875,163.3,61.0,3.6515,,1.8,4.5,6.3,18.2,18.2,7.1991,1.8,,,,1
Kullu,Kullu_town_district_HQ,UEI-IMD-FL-1994-0028,1994-08-10T00:00:00,positive,Orange,1229.0,4.737,112.97,9.9666,2.875,163.3,61.0,3.6515,,7.6,14.1,17.0,40.1,58.3,25.1524,7.6,,,,2
Kullu,Kullu_town_district_HQ,UEI-IMD-FL-1994-0028,1994-08-10T12:00:00,positive,Orange,1229.0,4.737,112.97,9.9666,2.875,163.3,61.0,3.6515,,7.0,25.5,45.3,123.8,161.9,46.7039,7.0,,,,2
Kullu,Kullu_town_district_HQ,UEI-IMD-FL-1994-0028,1994-08-10T18:00:00,positive,Red,1229.0,4.737,112.97,9.9666,2.875,163.3,61.0,3.6515,,0.0,0.9,12.5,133.1,174.4,21.9582,0.0,,,,3
Kullu,Kullu_town_district_HQ,UEI-IMD-FL-1994-0028,1994-08-11T00:00:00,positive,Red,1229.0,4.737,112.97,9.9666,2.875,163.3,61.0,3.6515,,0.2,2.0,3.2,119.3,177.6,9.8723,0.2,,,,3
Kullu,Kullu_town_district_HQ,UEI-IMD-FL-1994-0030,1994-08-20T00:00:00,positive,Yellow,1229.0,4.737,112.97,9.9666,2.875,163.3,61.0,3.6515,,,,,,,0.2,,,,,1
Kullu,Kullu_town_district_HQ,UEI-IMD-FL-1994-0030,1994-08-21T00:00:00,positive,Yellow,1229.0,4.737,112.97,9.9666,2.875,163.3,61.0,3.6515,,3.6,12.4,21.0,23.5,23.5,16.6321,3.6,,,,1
Kullu,Kullu_town_district_HQ,UEI-IMD-FL-1994-0030,1994-08-22T00:00:00,positive,Orange,1229.0,4.737,112.97,9.9666,2.875,163.3,61.0,3.6515,,1.5,5.0,10.5,34.3,57.8,9.3651,1.5,,,,2
Kullu,Kullu_town_district_HQ,UEI-IMD-FL-1994-0030,1994-08-22T12:00:00,positive,Orange,1229.0,4.737,112.97,9.9666,2.875,163.3,61.0,3.6515,,0.7,1.6,3.1,26.5,71.2,5.9863,0.7,,,,2
Kullu,Kullu_town_district_HQ,UEI-IMD-FL-1994-0030,1994-08-22T18:00:00,positive,Red,1229.0,4.737,112.97,9.9666,2.875,163.3,61.0,3.6515,,5.9,14.1,18.6,42.5,89.8,21.1703,5.9,,,,3
Kullu,Kullu_town_district_HQ,UEI-IMD-FL-1994-0030,1994-08-23T00:00:00,positive,Red,1229.0,4.737,112.97,9.9666,2.875,163.3,61.0,3.6515,,15.9,48.5,81.8,113.8,171.6,70.8455,15.9,,,,3
Kullu,Kullu_town_district_HQ,UEI-IMD-FL-1995-0028,1995-07-02T00:00:00,positive,Yellow,1229.0,4.737,112.97,9.9666,2.875,163.3,61.0,3.6515,,,,,,,0.3,,,,,1
Kullu,Kullu_town_district_HQ,UEI-IMD-FL-1995-0028,1995-07-03T00:00:00,positive,Yellow,1229.0,4.737,112.97,9.9666,2.875,163.3,61.0,3.6515,,3.3,8.3,11.5,19.4,19.4,11.4501,3.3,,,,1
Kullu,Kullu_town_district_HQ,UEI-IMD-FL-1995-0028,1995-07-04T00:00:00,positive,Orange,1229.0,4.737,112.97,9.9666,2.875,163.3,61.0,3.6515,,1.3,3.4,4.8,20.9,40.3,5.1157,1.3,,,,2
Kullu,Kullu_town_district_HQ,UEI-IMD-FL-1995-0028,1995-07-04T12:00:00,positive,Orange,1229.0,4.737,112.97,9.9666,2.875,163.3,61.0,3.6515,,1.7,3.2,5.1,12.1,47.1,4.1991,1.7,,,,2
Kullu,Kullu_town_district_HQ,UEI-IMD-FL-1995-0028,1995-07-04T18:00:00,positive,Red,1229.0,4.737,112.97,9.9666,2.875,163.3,61.0,3.6515,,0.3,0.3,0.5,12.1,47.6,2.5352,0.3,,,,3
Kullu,Kullu_town_district_HQ,UEI-IMD-FL-1995-0028,1995-07-05T00:00:00,positive,Red,1229.0,4.737,112.97,9.9666,2.875,163.3,61.0,3.6515,,2.1,4.4,6.7,14.0,54.3,7.6898,2.1,,,,3
Kullu,Kullu_town_district_HQ,UEI-IMD-FL-1995-0030,1995-07-15T00:00:00,positive,Yellow,1229.0,4.737,112.97,9.9666,2.875,163.3,61.0,3.6515,,,,,,,1.6,,,,,1
Kullu,Kullu_town_district_HQ,UEI-IMD-FL-1995-0030,1995-07-16T00:00:00,positive,Yellow,1229.0,4.737,112.97,9.9666,2.875,163.3,61.0,3.6515,,0.3,1.5,2.1,22.9,22.9,3.2293,0.3,,,,1
Kullu,Kullu_town_district_HQ,UEI-IMD-FL-1995-0030,1995-07-17T00:00:00,positive,Orange,1229.0,4.737,112.97,9.9666,2.875,163.3,61.0,3.6515,,1.8,5.0,6.9,16.9,39.8,7.5783,1.8,,,,2
Kullu,Kullu_town_district_HQ,UEI-IMD-FL-1995-0030,1995-07-17T12:00:00,positive,Orange,1229.0,4.737,112.97,9.9666,2.875,163.3,61.0,3.6515,,0.6,2.2,5.0,32.8,65.5,8.1921,0.6,,,,2
Kullu,Kullu_town_district_HQ,UEI-IMD-FL-1995-0030,1995-07-17T18:00:00,positive,Red,1229.0,4.737,112.97,9.9666,2.875,163.3,61.0,3.6515,,0.7,1.0,1.0,33.6,66.5,5.0014,0.7,,,,3
Kullu,Kullu_town_district_HQ,UEI-IMD-FL-1995-0030,1995-07-18T00:00:00,positive,Red,1229.0,4.737,112.97,9.9666,2.875,163.3,61.0,3.6515,,1.3,2.9,4.7,31.4,71.2,5.5163,1.3,,,,3
Kullu,Kullu_town_district_HQ,UEI-IMD-FL-1995-0031,1995-07-25T00:00:00,positive,Yellow,1229.0,4.737,112.97,9.9666,2.875,163.3,61.0,3.6515,,,,,,,0.0,,,,,1
Kullu,Kullu_town_district_HQ,UEI-IMD-FL-1995-0031,1995-07-26T00:00:00,positive,Yellow,1229.0,4.737,112.97,9.9666,2.875,163.3,61.0,3.6515,,0.0,0.0,0.7,6.4,6.4,0.906,0.0,,,,1
Kullu,Kullu_town_district_HQ,UEI-IMD-FL-1995-0031,1995-07-27T00:00:00,positive,Orange,1229.0,4.737,112.97,9.9666,2.875,163.3,61.0,3.6515,,0.4,3.4,8.9,32.1,38.5,8.1144,0.4,,,,2
Kullu,Kullu_town_district_HQ,UEI-IMD-FL-1995-0031,1995-07-27T12:00:00,positive,Orange,1229.0,4.737,112.97,9.9666,2.875,163.3,61.0,3.6515,,2.6,10.8,17.9,39.2,59.7,14.8594,2.6,,,,2
Kullu,Kullu_town_district_HQ,UEI-IMD-FL-1995-0031,1995-07-27T18:00:00,positive,Red,1229.0,4.737,112.97,9.9666,2.875,163.3,61.0,3.6515,,1.6,6.2,13.1,43.2,72.8,13.6058,1.6,,,,3
Kullu,Kullu_town_district_HQ,UEI-IMD-FL-1995-0031,1995-07-28T00:00:00,positive,Red,1229.0,4.737,112.97,9.9666,2.875,163.3,61.0,3.6515,,2.2,5.5,9.3,43.6,82.1,13.342,2.2,,,,3
Kullu,Kullu_town_district_HQ,UEI-IMD-FL-1995-0032,1995-07-30T00:00:00,positive,Yellow,1229.0,4.737,112.97,9.9666,2.875,163.3,61.0,3.6515,,,,,,,0.0,,,,,1
Kullu,Kullu_town_district_HQ,UEI-IMD-FL-1995-0032,1995-07-31T00:00:00,positive,Yellow,1229.0,4.737,112.97,9.9666,2.875,163.3,61.0,3.6515,,0.1,0.6,1.6,8.0,8.0,1.468,0.1,,,,1
Kullu,Kullu_town_district_HQ,UEI-IMD-FL-1995-0032,1995-08-01T00:00:00,positive,Orange,1229.0,4.737,112.97,9.9666,2.875,163.3,61.0,3.6515,,0.0,0.1,1.3,7.4,15.4,1.3323,0.0,,,,2
Kullu,Kullu_town_district_HQ,UEI-IMD-FL-1995-0032,1995-08-01T12:00:00,positive,Orange,1229.0,4.737,112.97,9.9666,2.875,163.3,61.0,3.6515,,0.3,3.0,5.9,8.4,21.9,4.1192,0.3,,,,2
Kullu,Kullu_town_district_HQ,UEI-IMD-FL-1995-0032,1995-08-01T18:00:00,positive,Red,1229.0,4.737,112.97,9.9666,2.875,163.3,61.0,3.6515,,0.4,1.8,3.0,10.8,24.9,3.7293,0.4,,,,3
Kullu,Kullu_town_district_HQ,UEI-IMD-FL-1995-0032,1995-08-02T00:00:00,positive,Red,1229.0,4.737,112.97,9.9666,2.875,163.3,61.0,3.6515,,8.7,19.5,25.3,34.8,50.2,27.9046,8.7,,,,3
Kullu,Kullu_town_district_HQ,UEI-IMD-FL-1996-0029,1996-03-14T00:00:00,positive,Yellow,1229.0,4.737,112.97,9.9666,2.875,163.3,61.0,3.6515,,,,,,,0.0,,,,,1
Kullu,Kullu_town_district_HQ,UEI-IMD-FL-1996-0029,1996-03-15T00:00:00,positive,Yellow,1229.0,4.737,112.97,9.9666,2.875,163.3,61.0,3.6515,,0.7,1.5,1.6,2.0,2.0,1.6764,0.7,,,,1
Kullu,Kullu_town_district_HQ,UEI-IMD-FL-1996-0029,1996-03-16T00:00:00,positive,Orange,1229.0,4.737,112.97,9.9666,2.875,163.3,61.0,3.6515,,0.6,1.7,3.2,11.7,13.7,3.6062,0.6,,,,2
Kullu,Kullu_town_district_HQ,UEI-IMD-FL-1996-0029,1996-03-16T12:00:00,positive,Orange,1229.0,4.737,112.97,9.9666,2.875,163.3,61.0,3.6515,,2.0,4.8,9.7,23.6,31.2,9.9165,2.0,,,,2
Kullu,Kullu_town_district_HQ,UEI-IMD-FL-1996-0029,1996-03-16T18:00:00,positive,Red,1229.0,4.737,112.97,9.9666,2.875,163.3,61.0,3.6515,,1.0,2.6,6.8,27.5,38.0,7.5503,1.0,,,,3
Kullu,Kullu_town_district_HQ,UEI-IMD-FL-1996-0029,1996-03-17T00:00:00,positive,Red,1229.0,4.737,112.97,9.9666,2.875,163.3,61.0,3.6515,,0.3,0.5,2.0,26.3,40.0,3.7733,0.3,,,,3
Kullu,Kullu_town_district_HQ,UEI-IMD-FL-1996-0033,1996-07-11T00:00:00,positive,Yellow,1229.0,4.737,112.97,9.9666,2.875,163.3,61.0,3.6515,,,,,,,2.2,,,,,1
Kullu,Kullu_town_district_HQ,UEI-IMD-FL-1996-0033,1996-07-12T00:00:00,positive,Yellow,1229.0,4.737,112.97,9.9666,2.875,163.3,61.0,3.6515,,0.2,0.4,1.1,14.9,14.9,2.2056,0.2,,,,1
Kullu,Kullu_town_district_HQ,UEI-IMD-FL-1996-0033,1996-07-13T00:00:00,positive,Orange,1229.0,4.737,112.97,9.9666,2.875,163.3,61.0,3.6515,,1.5,3.1,5.1,22.4,37.3,8.3145,1.5,,,,2
Kullu,Kullu_town_district_HQ,UEI-IMD-FL-1996-0033,1996-07-13T12:00:00,positive,Orange,1229.0,4.737,112.97,9.9666,2.875,163.3,61.0,3.6515,,0.1,1.2,2.9,28.9,50.9,4.3441,0.1,,,,2
Kullu,Kullu_town_district_HQ,UEI-IMD-FL-1996-0033,1996-07-13T18:00:00,positive,Red,1229.0,4.737,112.97,9.9666,2.875,163.3,61.0,3.6515,,0.1,0.1,0.1,18.8,51.0,1.9234,0.1,,,,3
Kullu,Kullu_town_district_HQ,UEI-IMD-FL-1996-0033,1996-07-14T00:00:00,positive,Red,1229.0,4.737,112.97,9.9666,2.875,163.3,61.0,3.6515,,0.1,0.3,0.9,14.6,51.9,1.1294,0.1,,,,3
Kullu,Kullu_town_district_HQ,UEI-IMD-FL-1996-0036,1996-08-12T00:00:00,positive,Yellow,1229.0,4.737,112.97,9.9666,2.875,163.3,61.0,3.6515,,,,,,,0.4,,,,,1
Kullu,Kullu_town_district_HQ,UEI-IMD-FL-1996-0036,1996-08-13T00:00:00,positive,Yellow,1229.0,4.737,112.97,9.9666,2.875,163.3,61.0,3.6515,,8.0,19.9,27.3,43.0,43.0,29.5771,8.0,,,,1
Kullu,Kullu_town_district_HQ,UEI-IMD-FL-1996-0036,1996-08-14T00:00:00,positive,Orange,1229.0,4.737,112.97,9.9666,2.875,163.3,61.0,3.6515,,2.4,6.8,14.2,70.2,113.2,15.4887,2.4,,,,2
Kullu,Kullu_town_district_HQ,UEI-IMD-FL-1996-0036,1996-08-14T12:00:00,positive,Orange,1229.0,4.737,112.97,9.9666,2.875,163.3,61.0,3.6515,,1.0,3.2,9.5,54.4,144.1,11.9109,1.0,,,,2
Kullu,Kullu_town_district_HQ,UEI-IMD-FL-1996-0036,1996-08-14T18:00:00,positive,Red,1229.0,4.737,112.97,9.9666,2.875,163.3,61.0,3.6515,,0.2,0.8,1.9,47.0,146.0,5.6573,0.2,,,,3
Kullu,Kullu_town_district_HQ,UEI-IMD-FL-1996-0036,1996-08-15T00:00:00,positive,Red,1229.0,4.737,112.97,9.9666,2.875,163.3,61.0,3.6515,,0.8,4.8,8.3,41.1,154.3,7.4987,0.8,,,,3
Kullu,Kullu_town_district_HQ,UEI-IMD-FL-1997-0028,1997-08-26T00:00:00,positive,Yellow,1229.0,4.737,112.97,9.9666,2.875,163.3,61.0,3.6515,,,,,,,1.3,,,,,1
Kullu,Kullu_town_district_HQ,UEI-IMD-FL-1997-0028,1997-08-27T00:00:00,positive,Yellow,1229.0,4.737,112.97,9.9666,2.875,163.3,61.0,3.6515,,0.2,0.9,2.0,10.7,10.7,1.9347,0.2,,,,1
Kullu,Kullu_town_district_HQ,UEI-IMD-FL-1997-0028,1997-08-28T00:00:00,positive,Orange,1229.0,4.737,112.97,9.9666,2.875,163.3,61.0,3.6515,,1.1,2.6,3.8,15.2,25.9,4.852,1.1,,,,2
Kullu,Kullu_town_district_HQ,UEI-IMD-FL-1997-0028,1997-08-28T12:00:00,positive,Orange,1229.0,4.737,112.97,9.9666,2.875,163.3,61.0,3.6515,,0.1,0.4,1.5,13.4,32.1,2.2718,0.1,,,,2
Kullu,Kullu_town_district_HQ,UEI-IMD-FL-1997-0028,1997-08-28T18:00:00,positive,Red,1229.0,4.737,112.97,9.9666,2.875,163.3,61.0,3.6515,,0.0,0.0,0.0,10.0,32.1,0.8568,0.0,,,,3
Kullu,Kullu_town_district_HQ,UEI-IMD-FL-1997-0028,1997-08-29T00:00:00,positive,Red,1229.0,4.737,112.97,9.9666,2.875,163.3,61.0,3.6515,,0.0,0.0,0.0,6.2,32.1,0.3231,0.0,,,,3
Kullu,Kullu_town_district_HQ,UEI-IMD-FL-1998-0030,1998-03-02T00:00:00,positive,Yellow,1229.0,4.737,112.97,9.9666,2.875,163.3,61.0,3.6515,,,,,,,0.0,,,,,1
Kullu,Kullu_town_district_HQ,UEI-IMD-FL-1998-0030,1998-03-03T00:00:00,positive,Yellow,1229.0,4.737,112.97,9.9666,2.875,163.3,61.0,3.6515,,0.3,0.3,0.3,0.3,0.3,0.455,0.3,,,,1
Kullu,Kullu_town_district_HQ,UEI-IMD-FL-1998-0030,1998-03-04T00:00:00,positive,Orange,1229.0,4.737,112.97,9.9666,2.875,163.3,61.0,3.6515,,1.3,2.6,4.3,20.5,20.8,6.1643,1.3,,,,2
Kullu,Kullu_town_district_HQ,UEI-IMD-FL-1998-0030,1998-03-04T12:00:00,positive,Orange,1229.0,4.737,112.97,9.9666,2.875,163.3,61.0,3.6515,,0.8,2.6,3.8,21.4,31.9,6.1582,0.8,,,,2
Kullu,Kullu_town_district_HQ,UEI-IMD-FL-1998-0030,1998-03-04T18:00:00,positive,Red,1229.0,4.737,112.97,9.9666,2.875,163.3,61.0,3.6515,,2.0,5.2,11.2,26.6,43.1,9.8857,2.0,,,,3
Kullu,Kullu_town_district_HQ,UEI-IMD-FL-1998-0030,1998-03-05T00:00:00,positive,Red,1229.0,4.737,112.97,9.9666,2.875,163.3,61.0,3.6515,,2.2,6.1,9.8,32.1,52.9,11.1498,2.2,,,,3
Kullu,Kullu_town_district_HQ,UEI-IMD-FL-1998-0031,1998-03-11T00:00:00,positive,Yellow,1229.0,4.737,112.97,9.9666,2.875,163.3,61.0,3.6515,,,,,,,0.0,,,,,1
Kullu,Kullu_town_district_HQ,UEI-IMD-FL-1998-0031,1998-03-12T00:00:00,positive,Yellow,1229.0,4.737,112.97,9.9666,2.875,163.3,61.0,3.6515,,1.2,2.5,5.8,12.1,12.1,6.4475,1.2,,,,1
Kullu,Kullu_town_district_HQ,UEI-IMD-FL-1998-0031,1998-03-13T00:00:00,positive,Orange,1229.0,4.737,112.97,9.9666,2.875,163.3,61.0,3.6515,,0.8,3.2,7.1,21.2,33.3,6.3895,0.8,,,,2
Kullu,Kullu_town_district_HQ,UEI-IMD-FL-1998-0031,1998-03-13T12:00:00,positive,Orange,1229.0,4.737,112.97,9.9666,2.875,163.3,61.0,3.6515,,1.2,2.4,3.8,17.2,38.6,4.4752,1.2,,,,2
Kullu,Kullu_town_district_HQ,UEI-IMD-FL-1998-0031,1998-03-13T18:00:00,positive,Red,1229.0,4.737,112.97,9.9666,2.875,163.3,61.0,3.6515,,0.0,0.0,0.8,13.2,39.4,1.6878,0.0,,,,3
Kullu,Kullu_town_district_HQ,UEI-IMD-FL-1998-0031,1998-03-14T00:00:00,positive,Red,1229.0,4.737,112.97,9.9666,2.875,163.3,61.0,3.6515,,0.0,0.0,0.0,6.1,39.4,0.6366,0.0,,,,3
Kullu,Kullu_town_district_HQ,UEI-IMD-FL-1998-0035,1998-10-17T00:00:00,positive,Yellow,1229.0,4.737,112.97,9.9666,2.875,163.3,61.0,3.6515,,,,,,,6.8,,,,,1
Kullu,Kullu_town_district_HQ,UEI-IMD-FL-1998-0035,1998-10-18T00:00:00,positive,Yellow,1229.0,4.737,112.97,9.9666,2.875,163.3,61.0,3.6515,,0.6,1.0,1.6,71.4,71.4,6.7906,0.6,,,,1
Kullu,Kullu_town_district_HQ,UEI-IMD-FL-1998-0035,1998-10-19T00:00:00,positive,Orange,1229.0,4.737,112.97,9.9666,2.875,163.3,61.0,3.6515,,0.0,0.0,0.0,2.8,74.2,0.2133,0.0,,,,2
Kullu,Kullu_town_district_HQ,UEI-IMD-FL-1998-0035,1998-10-19T12:00:00,positive,Orange,1229.0,4.737,112.97,9.9666,2.875,163.3,61.0,3.6515,,0.0,0.0,0.0,0.0,74.2,0.0303,0.0,,,,2
Kullu,Kullu_town_district_HQ,UEI-IMD-FL-1998-0035,1998-10-19T18:00:00,positive,Red,1229.0,4.737,112.97,9.9666,2.875,163.3,61.0,3.6515,,0.0,0.0,0.0,0.0,74.2,0.0114,0.0,,,,3
Kullu,Kullu_town_district_HQ,UEI-IMD-FL-1998-0035,1998-10-20T00:00:00,positive,Red,1229.0,4.737,112.97,9.9666,2.875,163.3,61.0,3.6515,,0.0,0.0,0.0,0.0,74.2,0.0043,0.0,,,,3
Kullu,Kullu_town_district_HQ,UEI-IMD-FL-1999-0017,1999-08-07T00:00:00,positive,Yellow,1229.0,4.737,112.97,9.9666,2.875,163.3,61.0,3.6515,,,,,,,3.8,,,,,1
Kullu,Kullu_town_district_HQ,UEI-IMD-FL-1999-0017,1999-08-08T00:00:00,positive,Yellow,1229.0,4.737,112.97,9.9666,2.875,163.3,61.0,3.6515,,0.2,0.9,1.7,36.1,36.1,2.7192,0.2,,,,1
Kullu,Kullu_town_district_HQ,UEI-IMD-FL-1999-0017,1999-08-09T00:00:00,positive,Orange,1229.0,4.737,112.97,9.9666,2.875,163.3,61.0,3.6515,,0.2,0.8,1.1,5.7,41.8,1.4252,0.2,,,,2
Kullu,Kullu_town_district_HQ,UEI-IMD-FL-1999-0017,1999-08-09T12:00:00,positive,Orange,1229.0,4.737,112.97,9.9666,2.875,163.3,61.0,3.6515,,0.6,5.2,7.0,9.1,49.2,7.4207,0.6,,,,2
Kullu,Kullu_town_district_HQ,UEI-IMD-FL-1999-0017,1999-08-09T18:00:00,positive,Red,1229.0,4.737,112.97,9.9666,2.875,163.3,61.0,3.6515,,0.0,0.0,3.7,12.2,52.9,3.2137,0.0,,,,3
Kullu,Kullu_town_district_HQ,UEI-IMD-FL-1999-0017,1999-08-10T00:00:00,positive,Red,1229.0,4.737,112.97,9.9666,2.875,163.3,61.0,3.6515,,3.6,11.4,16.7,27.8,69.6,15.5304,3.6,,,,3
Kullu,Kullu_town_district_HQ,UEI-IMD-FL-1999-0020,1999-09-10T00:00:00,positive,Yellow,1229.0,4.737,112.97,9.9666,2.875,163.3,61.0,3.6515,,,,,,,0.1,,,,,1
Kullu,Kullu_town_district_HQ,UEI-IMD-FL-1999-0020,1999-09-11T00:00:00,positive,Yellow,1229.0,4.737,112.97,9.9666,2.875,163.3,61.0,3.6515,,0.0,0.0,0.4,3.7,3.7,0.5128,0.0,,,,1
Kullu,Kullu_town_district_HQ,UEI-IMD-FL-1999-0020,1999-09-12T00:00:00,positive,Orange,1229.0,4.737,112.97,9.9666,2.875,163.3,61.0,3.6515,,0.1,0.3,0.3,2.9,6.6,0.4394,0.1,,,,2
Kullu,Kullu_town_district_HQ,UEI-IMD-FL-1999-0020,1999-09-12T12:00:00,positive,Orange,1229.0,4.737,112.97,9.9666,2.875,163.3,61.0,3.6515,,0.3,2.2,2.9,3.2,9.5,1.9533,0.3,,,,2
Kullu,Kullu_town_district_HQ,UEI-IMD-FL-1999-0020,1999-09-12T18:00:00,positive,Red,1229.0,4.737,112.97,9.9666,2.875,163.3,61.0,3.6515,,0.0,0.0,0.0,3.2,9.5,0.7367,0.0,,,,3
Kullu,Kullu_town_district_HQ,UEI-IMD-FL-1999-0020,1999-09-13T00:00:00,positive,Red,1229.0,4.737,112.97,9.9666,2.875,163.3,61.0,3.6515,,0.0,0.0,0.0,2.9,9.5,0.4778,0.0,,,,3
Kullu,Kullu_town_district_HQ,UEI-IMD-FL-2000-0030,2000-07-24T00:00:00,positive,Yellow,1229.0,4.737,112.97,9.9666,2.875,163.3,61.0,3.6515,,,,,,,0.0,,,,,1
Kullu,Kullu_town_district_HQ,UEI-IMD-FL-2000-0030,2000-07-25T00:00:00,positive,Yellow,1229.0,4.737,112.97,9.9666,2.875,163.3,61.0,3.6515,,0.0,0.7,2.6,20.0,20.0,3.3065,0.0,,,,1
Kullu,Kullu_town_district_HQ,UEI-IMD-FL-2000-0030,2000-07-26T00:00:00,positive,Orange,1229.0,4.737,112.97,9.9666,2.875,163.3,61.0,3.6515,,0.5,1.1,2.1,13.9,33.9,3.0131,0.5,,,,2
Kullu,Kullu_town_district_HQ,UEI-IMD-FL-2000-0030,2000-07-26T12:00:00,positive,Orange,1229.0,4.737,112.97,9.9666,2.875,163.3,61.0,3.6515,,0.9,4.6,6.5,11.1,42.8,5.2401,0.9,,,,2
Kullu,Kullu_town_district_HQ,UEI-IMD-FL-2000-0030,2000-07-26T18:00:00,positive,Red,1229.0,4.737,112.97,9.9666,2.875,163.3,61.0,3.6515,,0.0,0.0,0.4,11.4,43.2,2.065,0.0,,,,3
Kullu,Kullu_town_district_HQ,UEI-IMD-FL-2000-0030,2000-07-27T00:00:00,positive,Red,1229.0,4.737,112.97,9.9666,2.875,163.3,61.0,3.6515,,0.4,1.1,1.3,10.6,44.5,1.8965,0.4,,,,3
Kullu,Manali,UEI-IMD-FL-2000-0031,2000-08-25T00:00:00,positive,Yellow,1896.0,6.593,261.96,6.6054,1.75,96.4,2.0,3.1675,,,,,,,0.0,,,,,1
Kullu,Manali,UEI-IMD-FL-2000-0031,2000-08-26T00:00:00,positive,Yellow,1896.0,6.593,261.96,6.6054,1.75,96.4,2.0,3.1675,,0.1,0.1,0.1,0.2,0.2,0.1971,0.1,,,,1
Kullu,Manali,UEI-IMD-FL-2000-0031,2000-08-27T00:00:00,positive,Orange,1896.0,6.593,261.96,6.6054,1.75,96.4,2.0,3.1675,,0.3,0.5,0.7,0.8,1.0,0.9789,0.3,,,,2
Kullu,Manali,UEI-IMD-FL-2000-0031,2000-08-27T12:00:00,positive,Orange,1896.0,6.593,261.96,6.6054,1.75,96.4,2.0,3.1675,,0.3,1.2,1.4,2.6,2.9,1.1164,0.3,,,,2
Kullu,Manali,UEI-IMD-FL-2000-0031,2000-08-27T18:00:00,positive,Red,1896.0,6.593,261.96,6.6054,1.75,96.4,2.0,3.1675,,0.0,0.0,0.0,2.6,2.9,0.621,0.0,,,,3
Kullu,Manali,UEI-IMD-FL-2000-0031,2000-08-28T00:00:00,positive,Red,1896.0,6.593,261.96,6.6054,1.75,96.4,2.0,3.1675,,0.0,0.2,0.9,2.8,3.8,0.5946,0.0,,,,3
Kullu,Kullu_town_district_HQ,UEI-IMD-FL-2001-0020,2001-05-29T00:00:00,positive,Yellow,1229.0,4.737,112.97,9.9666,2.875,163.3,61.0,3.6515,,,,,,,0.0,,0.55,,,1
Kullu,Kullu_town_district_HQ,UEI-IMD-FL-2001-0020,2001-05-30T00:00:00,positive,Yellow,1229.0,4.737,112.97,9.9666,2.875,163.3,61.0,3.6515,,0.4,0.6,0.6,1.8,1.8,0.5536,0.4,0.54,,,1
Kullu,Kullu_town_district_HQ,UEI-IMD-FL-2001-0020,2001-05-31T00:00:00,positive,Orange,1229.0,4.737,112.97,9.9666,2.875,163.3,61.0,3.6515,,0.0,0.0,0.0,1.5,3.3,0.1224,0.0,0.54,,,2
Kullu,Kullu_town_district_HQ,UEI-IMD-FL-2001-0020,2001-05-31T12:00:00,positive,Orange,1229.0,4.737,112.97,9.9666,2.875,163.3,61.0,3.6515,,0.4,0.6,2.0,2.0,5.3,1.1797,0.4,0.54,,,2
Kullu,Kullu_town_district_HQ,UEI-IMD-FL-2001-0020,2001-05-31T18:00:00,positive,Red,1229.0,4.737,112.97,9.9666,2.875,163.3,61.0,3.6515,,0.0,0.0,0.4,2.4,5.7,0.6381,0.0,0.53,,,3
Kullu,Kullu_town_district_HQ,UEI-IMD-FL-2001-0020,2001-06-01T00:00:00,positive,Red,1229.0,4.737,112.97,9.9666,2.875,163.3,61.0,3.6515,,0.0,0.0,0.0,2.4,5.7,0.2406,0.0,0.53,,,3
Kullu,Kullu_town_district_HQ,UEI-IMD-FL-2001-0021,2001-06-09T00:00:00,positive,Yellow,1229.0,4.737,112.97,9.9666,2.875,163.3,61.0,3.6515,,,,,,,0.0,,0.57,,,1
Kullu,Kullu_town_district_HQ,UEI-IMD-FL-2001-0021,2001-06-10T00:00:00,positive,Yellow,1229.0,4.737,112.97,9.9666,2.875,163.3,61.0,3.6515,,0.0,0.0,0.0,3.1,3.1,0.215,0.0,0.57,,,1
Kullu,Kullu_town_district_HQ,UEI-IMD-FL-2001-0021,2001-06-11T00:00:00,positive,Orange,1229.0,4.737,112.97,9.9666,2.875,163.3,61.0,3.6515,,0.0,0.0,0.0,0.0,3.1,0.0043,0.0,0.57,,,2
Kullu,Kullu_town_district_HQ,UEI-IMD-FL-2001-0021,2001-06-11T12:00:00,positive,Orange,1229.0,4.737,112.97,9.9666,2.875,163.3,61.0,3.6515,,0.0,0.0,0.2,0.2,3.3,0.105,0.0,0.56,,,2
Kullu,Kullu_town_district_HQ,UEI-IMD-FL-2001-0021,2001-06-11T18:00:00,positive,Red,1229.0,4.737,112.97,9.9666,2.875,163.3,61.0,3.6515,,0.0,0.0,0.0,0.2,3.3,0.0396,0.0,0.56,,,3
Kullu,Kullu_town_district_HQ,UEI-IMD-FL-2001-0021,2001-06-12T00:00:00,positive,Red,1229.0,4.737,112.97,9.9666,2.875,163.3,61.0,3.6515,,0.0,2.7,3.9,4.1,7.2,2.4753,0.0,0.56,,,3
Kullu,Kullu_town_district_HQ,UEI-IMD-FL-2001-0022,2001-06-10T00:00:00,positive,Yellow,1229.0,4.737,112.97,9.9666,2.875,163.3,61.0,3.6515,,,,,,,0.0,,0.57,,,1
Kullu,Kullu_town_district_HQ,UEI-IMD-FL-2001-0022,2001-06-11T00:00:00,positive,Yellow,1229.0,4.737,112.97,9.9666,2.875,163.3,61.0,3.6515,,0.0,0.0,0.0,0.0,0.0,0.0,0.0,0.57,,,1
Kullu,Kullu_town_district_HQ,UEI-IMD-FL-2001-0022,2001-06-12T00:00:00,positive,Orange,1229.0,4.737,112.97,9.9666,2.875,163.3,61.0,3.6515,,0.0,2.7,3.9,4.1,4.1,2.4753,0.0,0.56,,,2
Kullu,Kullu_town_district_HQ,UEI-IMD-FL-2001-0022,2001-06-12T12:00:00,positive,Orange,1229.0,4.737,112.97,9.9666,2.875,163.3,61.0,3.6515,,0.1,0.2,0.2,4.9,5.1,0.6484,0.1,0.56,,,2
Kullu,Kullu_town_district_HQ,UEI-IMD-FL-2001-0022,2001-06-12T18:00:00,positive,Red,1229.0,4.737,112.97,9.9666,2.875,163.3,61.0,3.6515,,0.0,0.0,0.0,4.9,5.1,0.3445,0.0,0.56,,,3
Kullu,Kullu_town_district_HQ,UEI-IMD-FL-2001-0022,2001-06-13T00:00:00,positive,Red,1229.0,4.737,112.97,9.9666,2.875,163.3,61.0,3.6515,,0.1,0.8,5.8,6.8,10.9,3.0491,0.1,0.57,,,3
Kullu,Kullu_town_district_HQ,UEI-IMD-FL-2001-0028,2001-08-11T00:00:00,positive,Yellow,1229.0,4.737,112.97,9.9666,2.875,163.3,61.0,3.6515,,,,,,,0.3,,0.84,,,1
Kullu,Kullu_town_district_HQ,UEI-IMD-FL-2001-0028,2001-08-12T00:00:00,positive,Yellow,1229.0,4.737,112.97,9.9666,2.875,163.3,61.0,3.6515,,1.5,2.9,3.2,8.3,8.3,4.0043,1.5,0.83,,,1
Kullu,Kullu_town_district_HQ,UEI-IMD-FL-2001-0028,2001-08-13T00:00:00,positive,Orange,1229.0,4.737,112.97,9.9666,2.875,163.3,61.0,3.6515,,1.6,5.2,8.2,11.3,19.6,7.0972,1.6,0.83,,,2
Kullu,Kullu_town_district_HQ,UEI-IMD-FL-2001-0028,2001-08-13T12:00:00,positive,Orange,1229.0,4.737,112.97,9.9666,2.875,163.3,61.0,3.6515,,0.3,1.6,4.1,25.5,36.5,6.0498,0.3,0.83,,,2
Kullu,Kullu_town_district_HQ,UEI-IMD-FL-2001-0028,2001-08-13T18:00:00,positive,Red,1229.0,4.737,112.97,9.9666,2.875,163.3,61.0,3.6515,,1.3,2.7,3.1,28.2,39.6,6.2484,1.3,0.84,,,3
Kullu,Kullu_town_district_HQ,UEI-IMD-FL-2001-0028,2001-08-14T00:00:00,positive,Red,1229.0,4.737,112.97,9.9666,2.875,163.3,61.0,3.6515,,8.0,23.9,35.9,55.9,75.5,31.4319,8.0,0.85,,,3
Kullu,Kullu_town_district_HQ,UEI-IMD-FL-2001-0029,2001-08-19T00:00:00,positive,Yellow,1229.0,4.737,112.97,9.9666,2.875,163.3,61.0,3.6515,,,,,,,0.0,,0.88,,,1
Kullu,Kullu_town_district_HQ,UEI-IMD-FL-2001-0029,2001-08-20T00:00:00,positive,Yellow,1229.0,4.737,112.97,9.9666,2.875,163.3,61.0,3.6515,,0.7,2.0,3.0,5.6,5.6,3.6053,0.7,0.88,,,1
Kullu,Kullu_town_district_HQ,UEI-IMD-FL-2001-0029,2001-08-21T00:00:00,positive,Orange,1229.0,4.737,112.97,9.9666,2.875,163.3,61.0,3.6515,,0.0,0.0,0.4,23.0,28.6,1.6559,0.0,0.87,,,2
Kullu,Kullu_town_district_HQ,UEI-IMD-FL-2001-0029,2001-08-21T12:00:00,positive,Orange,1229.0,4.737,112.97,9.9666,2.875,163.3,61.0,3.6515,,0.1,2.5,4.1,5.6,33.0,2.9015,0.1,0.86,,,2
Kullu,Kullu_town_district_HQ,UEI-IMD-FL-2001-0029,2001-08-21T18:00:00,positive,Red,1229.0,4.737,112.97,9.9666,2.875,163.3,61.0,3.6515,,0.0,0.0,0.3,5.1,33.3,1.1387,0.0,0.86,,,3
Kullu,Kullu_town_district_HQ,UEI-IMD-FL-2001-0029,2001-08-22T00:00:00,positive,Red,1229.0,4.737,112.97,9.9666,2.875,163.3,61.0,3.6515,,0.0,0.0,0.1,4.8,33.4,0.4738,0.0,0.86,,,3
Kullu,Kullu_town_district_HQ,UEI-IMD-FL-2003-0028,2003-07-13T00:00:00,positive,Yellow,1229.0,4.737,112.97,9.9666,2.875,163.3,61.0,3.6515,,,,,,,0.3,,0.69,,,1
Kullu,Kullu_town_district_HQ,UEI-IMD-FL-2003-0028,2003-07-14T00:00:00,positive,Yellow,1229.0,4.737,112.97,9.9666,2.875,163.3,61.0,3.6515,,0.0,0.2,1.2,4.8,4.8,0.8675,0.0,0.68,,,1
Kullu,Kullu_town_district_HQ,UEI-IMD-FL-2003-0028,2003-07-15T00:00:00,positive,Orange,1229.0,4.737,112.97,9.9666,2.875,163.3,61.0,3.6515,,0.1,0.5,0.5,2.0,6.8,0.6216,0.1,0.68,,,2
Kullu,Kullu_town_district_HQ,UEI-IMD-FL-2003-0028,2003-07-15T12:00:00,positive,Orange,1229.0,4.737,112.97,9.9666,2.875,163.3,61.0,3.6515,,0.2,0.2,1.9,2.8,9.1,1.3913,0.2,0.68,,,2
Kullu,Kullu_town_district_HQ,UEI-IMD-FL-2003-0028,2003-07-15T18:00:00,positive,Red,1229.0,4.737,112.97,9.9666,2.875,163.3,61.0,3.6515,,0.0,0.1,0.4,3.2,9.5,0.5861,0.0,0.68,,,3
Kullu,Kullu_town_district_HQ,UEI-IMD-FL-2003-0028,2003-07-16T00:00:00,positive,Red,1229.0,4.737,112.97,9.9666,2.875,163.3,61.0,3.6515,,0.1,0.1,1.7,4.4,11.2,1.4786,0.1,0.69,,,3
Kullu,Manali,UEI-IMD-FL-2003-0030,2003-07-21T00:00:00,positive,Yellow,1896.0,6.593,261.96,6.6054,1.75,96.4,2.0,3.1675,,,,,,,1.5,,0.77,,,1
Kullu,Manali,UEI-IMD-FL-2003-0030,2003-07-22T00:00:00,positive,Yellow,1896.0,6.593,261.96,6.6054,1.75,96.4,2.0,3.1675,,0.2,0.6,0.6,24.4,24.4,1.9312,0.2,0.78,,,1
Kullu,Manali,UEI-IMD-FL-2003-0030,2003-07-23T00:00:00,positive,Orange,1896.0,6.593,261.96,6.6054,1.75,96.4,2.0,3.1675,,0.0,0.0,0.0,7.0,31.4,0.5847,0.0,0.77,,,2
Kullu,Manali,UEI-IMD-FL-2003-0030,2003-07-23T12:00:00,positive,Orange,1896.0,6.593,261.96,6.6054,1.75,96.4,2.0,3.1675,,0.4,3.5,6.6,7.1,38.0,3.9891,0.4,0.77,,,2
Kullu,Manali,UEI-IMD-FL-2003-0030,2003-07-23T18:00:00,positive,Red,1896.0,6.593,261.96,6.6054,1.75,96.4,2.0,3.1675,,0.0,0.0,0.0,6.6,38.0,1.5045,0.0,0.77,,,3
Kullu,Manali,UEI-IMD-FL-2003-0030,2003-07-24T00:00:00,positive,Red,1896.0,6.593,261.96,6.6054,1.75,96.4,2.0,3.1675,,0.1,0.8,1.3,7.9,39.3,1.5415,0.1,0.77,,,3
Kullu,Kullu_town_district_HQ,UEI-IMD-FL-2004-0022,2004-08-04T00:00:00,positive,Yellow,1229.0,4.737,112.97,9.9666,2.875,163.3,61.0,3.6515,,,,,,,0.3,,0.78,,,1
Kullu,Kullu_town_district_HQ,UEI-IMD-FL-2004-0022,2004-08-05T00:00:00,positive,Yellow,1229.0,4.737,112.97,9.9666,2.875,163.3,61.0,3.6515,,0.3,2.1,3.1,6.1,6.1,2.6387,0.3,0.78,,,1
Kullu,Kullu_town_district_HQ,UEI-IMD-FL-2004-0022,2004-08-06T00:00:00,positive,Orange,1229.0,4.737,112.97,9.9666,2.875,163.3,61.0,3.6515,,2.4,6.7,11.4,17.3,23.4,10.1023,2.4,0.77,,,2
Kullu,Kullu_town_district_HQ,UEI-IMD-FL-2004-0022,2004-08-06T12:00:00,positive,Orange,1229.0,4.737,112.97,9.9666,2.875,163.3,61.0,3.6515,,0.8,3.1,12.8,44.6,54.3,12.3758,0.8,0.78,,,2
Kullu,Kullu_town_district_HQ,UEI-IMD-FL-2004-0022,2004-08-06T18:00:00,positive,Red,1229.0,4.737,112.97,9.9666,2.875,163.3,61.0,3.6515,,0.3,0.3,1.2,43.5,55.5,5.5157,0.3,0.78,,,3
Kullu,Kullu_town_district_HQ,UEI-IMD-FL-2004-0022,2004-08-07T00:00:00,positive,Red,1229.0,4.737,112.97,9.9666,2.875,163.3,61.0,3.6515,,0.5,2.1,4.9,37.0,60.4,5.0225,0.5,0.79,,,3
Kullu,Kullu_town_district_HQ,UEI-IMD-FL-2004-0023,2004-08-09T00:00:00,positive,Yellow,1229.0,4.737,112.97,9.9666,2.875,163.3,61.0,3.6515,,,,,,,0.0,,0.8,,,1
Kullu,Kullu_town_district_HQ,UEI-IMD-FL-2004-0023,2004-08-10T00:00:00,positive,Yellow,1229.0,4.737,112.97,9.9666,2.875,163.3,61.0,3.6515,,0.0,0.2,1.4,4.3,4.3,0.9325,0.0,0.79,,,1
Kullu,Kullu_town_district_HQ,UEI-IMD-FL-2004-0023,2004-08-11T00:00:00,positive,Orange,1229.0,4.737,112.97,9.9666,2.875,163.3,61.0,3.6515,,0.0,0.0,0.2,4.4,8.7,0.5239,0.0,0.78,,,2
Kullu,Kullu_town_district_HQ,UEI-IMD-FL-2004-0023,2004-08-11T12:00:00,positive,Orange,1229.0,4.737,112.97,9.9666,2.875,163.3,61.0,3.6515,,0.3,1.6,3.8,4.6,12.5,2.3425,0.3,0.79,,,2
Kullu,Kullu_town_district_HQ,UEI-IMD-FL-2004-0023,2004-08-11T18:00:00,positive,Red,1229.0,4.737,112.97,9.9666,2.875,163.3,61.0,3.6515,,0.0,0.0,0.1,4.1,12.6,0.8835,0.0,0.8,,,3
Kullu,Kullu_town_district_HQ,UEI-IMD-FL-2004-0023,2004-08-12T00:00:00,positive,Red,1229.0,4.737,112.97,9.9666,2.875,163.3,61.0,3.6515,,0.0,0.1,0.6,4.5,13.2,0.64,0.0,0.8,,,3
Kullu,Kullu_town_district_HQ,UEI-IMD-FL-2005-0028,2005-03-12T00:00:00,positive,Yellow,1229.0,4.737,112.97,9.9666,2.875,163.3,61.0,3.6515,,,,,,,0.0,,0.7,,,1
Kullu,Kullu_town_district_HQ,UEI-IMD-FL-2005-0028,2005-03-13T00:00:00,positive,Yellow,1229.0,4.737,112.97,9.9666,2.875,163.3,61.0,3.6515,,0.0,0.0,0.0,0.0,0.0,0.0,0.0,0.7,,,1
Kullu,Kullu_town_district_HQ,UEI-IMD-FL-2005-0028,2005-03-14T00:00:00,positive,Orange,1229.0,4.737,112.97,9.9666,2.875,163.3,61.0,3.6515,,0.0,0.0,0.0,0.0,0.0,0.0,0.0,0.69,,,2
Kullu,Kullu_town_district_HQ,UEI-IMD-FL-2005-0028,2005-03-14T12:00:00,positive,Orange,1229.0,4.737,112.97,9.9666,2.875,163.3,61.0,3.6515,,0.1,0.2,0.2,0.2,0.2,0.1573,0.1,0.69,,,2
Kullu,Kullu_town_district_HQ,UEI-IMD-FL-2005-0028,2005-03-14T18:00:00,positive,Red,1229.0,4.737,112.97,9.9666,2.875,163.3,61.0,3.6515,,0.0,0.0,0.0,0.2,0.2,0.0593,0.0,0.69,,,3
Kullu,Kullu_town_district_HQ,UEI-IMD-FL-2005-0028,2005-03-15T00:00:00,positive,Red,1229.0,4.737,112.97,9.9666,2.875,163.3,61.0,3.6515,,0.0,0.0,0.0,0.2,0.2,0.0224,0.0,0.69,,,3
Kullu,Kullu_town_district_HQ,UEI-IMD-FL-2005-0029,2005-06-23T00:00:00,positive,Yellow,1229.0,4.737,112.97,9.9666,2.875,163.3,61.0,3.6515,,,,,,,0.0,,0.52,,,1
Kullu,Kullu_town_district_HQ,UEI-IMD-FL-2005-0029,2005-06-24T00:00:00,positive,Yellow,1229.0,4.737,112.97,9.9666,2.875,163.3,61.0,3.6515,,0.0,0.0,0.0,0.0,0.0,0.0,0.0,0.51,,,1
Kullu,Kullu_town_district_HQ,UEI-IMD-FL-2005-0029,2005-06-25T00:00:00,positive,Orange,1229.0,4.737,112.97,9.9666,2.875,163.3,61.0,3.6515,,0.1,0.1,0.6,0.6,0.6,0.5225,0.1,0.51,,,2
Kullu,Kullu_town_district_HQ,UEI-IMD-FL-2005-0029,2005-06-25T12:00:00,positive,Orange,1229.0,4.737,112.97,9.9666,2.875,163.3,61.0,3.6515,,1.1,1.7,2.5,3.5,3.5,2.2426,1.1,0.52,,,2
Kullu,Kullu_town_district_HQ,UEI-IMD-FL-2005-0029,2005-06-25T18:00:00,positive,Red,1229.0,4.737,112.97,9.9666,2.875,163.3,61.0,3.6515,,0.0,0.0,0.4,3.9,3.9,0.8458,0.0,0.56,,,3
Kullu,Kullu_town_district_HQ,UEI-IMD-FL-2005-0029,2005-06-26T00:00:00,positive,Red,1229.0,4.737,112.97,9.9666,2.875,163.3,61.0,3.6515,,0.0,0.5,3.1,6.4,7.0,1.8767,0.0,0.56,,,3
Kullu,Kullu_town_district_HQ,UEI-IMD-FL-2005-0030,2005-06-23T00:00:00,positive,Yellow,1229.0,4.737,112.97,9.9666,2.875,163.3,61.0,3.6515,,,,,,,0.0,,0.52,,,1
Kullu,Kullu_town_district_HQ,UEI-IMD-FL-2005-0030,2005-06-24T00:00:00,positive,Yellow,1229.0,4.737,112.97,9.9666,2.875,163.3,61.0,3.6515,,0.0,0.0,0.0,0.0,0.0,0.0,0.0,0.51,,,1
Kullu,Kullu_town_district_HQ,UEI-IMD-FL-2005-0030,2005-06-25T00:00:00,positive,Orange,1229.0,4.737,112.97,9.9666,2.875,163.3,61.0,3.6515,,0.1,0.1,0.6,0.6,0.6,0.5225,0.1,0.51,,,2
Kullu,Kullu_town_district_HQ,UEI-IMD-FL-2005-0030,2005-06-25T12:00:00,positive,Orange,1229.0,4.737,112.97,9.9666,2.875,163.3,61.0,3.6515,,1.1,1.7,2.5,3.5,3.5,2.2426,1.1,0.52,,,2
Kullu,Kullu_town_district_HQ,UEI-IMD-FL-2005-0030,2005-06-25T18:00:00,positive,Red,1229.0,4.737,112.97,9.9666,2.875,163.3,61.0,3.6515,,0.0,0.0,0.4,3.9,3.9,0.8458,0.0,0.56,,,3
Kullu,Kullu_town_district_HQ,UEI-IMD-FL-2005-0030,2005-06-26T00:00:00,positive,Red,1229.0,4.737,112.97,9.9666,2.875,163.3,61.0,3.6515,,0.0,0.5,3.1,6.4,7.0,1.8767,0.0,0.56,,,3
Kullu,Kullu_town_district_HQ,UEI-IMD-FL-2005-0037,2005-08-03T00:00:00,positive,Yellow,1229.0,4.737,112.97,9.9666,2.875,163.3,61.0,3.6515,,,,,,,1.2,,0.75,,,1
Kullu,Kullu_town_district_HQ,UEI-IMD-FL-2005-0037,2005-08-04T00:00:00,positive,Yellow,1229.0,4.737,112.97,9.9666,2.875,163.3,61.0,3.6515,,1.0,2.5,3.7,12.9,12.9,4.1422,1.0,0.75,,,1
Kullu,Kullu_town_district_HQ,UEI-IMD-FL-2005-0037,2005-08-05T00:00:00,positive,Orange,1229.0,4.737,112.97,9.9666,2.875,163.3,61.0,3.6515,,1.2,3.6,6.5,20.9,33.8,5.9952,1.2,0.75,,,2
Kullu,Kullu_town_district_HQ,UEI-IMD-FL-2005-0037,2005-08-05T12:00:00,positive,Orange,1229.0,4.737,112.97,9.9666,2.875,163.3,61.0,3.6515,,3.2,7.8,9.4,23.7,48.8,9.5383,3.2,0.76,,,2
Kullu,Kullu_town_district_HQ,UEI-IMD-FL-2005-0037,2005-08-05T18:00:00,positive,Red,1229.0,4.737,112.97,9.9666,2.875,163.3,61.0,3.6515,,0.0,0.0,1.9,23.4,50.7,4.0202,0.0,0.78,,,3
Kullu,Kullu_town_district_HQ,UEI-IMD-FL-2005-0037,2005-08-06T00:00:00,positive,Red,1229.0,4.737,112.97,9.9666,2.875,163.3,61.0,3.6515,,1.0,1.4,1.6,18.5,52.3,3.5518,1.0,0.78,,,3
Kullu,Kullu_town_district_HQ,UEI-IMD-FL-2006-0030,2006-07-30T00:00:00,positive,Yellow,1229.0,4.737,112.97,9.9666,2.875,163.3,61.0,3.6515,,,,,,,0.3,,0.88,,,1
Kullu,Kullu_town_district_HQ,UEI-IMD-FL-2006-0030,2006-07-31T00:00:00,positive,Yellow,1229.0,4.737,112.97,9.9666,2.875,163.3,61.0,3.6515,,0.0,0.0,0.4,2.3,2.3,0.3478,0.0,0.88,,,1
Kullu,Kullu_town_district_HQ,UEI-IMD-FL-2006-0030,2006-08-01T00:00:00,positive,Orange,1229.0,4.737,112.97,9.9666,2.875,163.3,61.0,3.6515,,1.1,3.3,4.5,5.4,7.7,4.5072,1.1,0.88,,,2
Kullu,Kullu_town_district_HQ,UEI-IMD-FL-2006-0030,2006-08-01T12:00:00,positive,Orange,1229.0,4.737,112.97,9.9666,2.875,163.3,61.0,3.6515,,0.0,0.3,0.3,11.6,14.7,1.9839,0.0,0.88,,,2
Kullu,Kullu_town_district_HQ,UEI-IMD-FL-2006-0030,2006-08-01T18:00:00,positive,Red,1229.0,4.737,112.97,9.9666,2.875,163.3,61.0,3.6515,,0.0,0.0,0.0,11.5,14.7,0.7482,0.0,0.88,,,3
Kullu,Kullu_town_district_HQ,UEI-IMD-FL-2006-0030,2006-08-02T00:00:00,positive,Red,1229.0,4.737,112.97,9.9666,2.875,163.3,61.0,3.6515,,0.6,3.4,4.3,11.3,19.0,3.4989,0.6,0.88,,,3
Kullu,Kullu_town_district_HQ,UEI-IMD-FL-2007-0036,2007-02-26T00:00:00,positive,Yellow,1229.0,4.737,112.97,9.9666,2.875,163.3,61.0,3.6515,,,,,,,0.0,,0.71,,,1
Kullu,Kullu_town_district_HQ,UEI-IMD-FL-2007-0036,2007-02-27T00:00:00,positive,Yellow,1229.0,4.737,112.97,9.9666,2.875,163.3,61.0,3.6515,,1.1,2.6,3.4,3.8,3.8,3.3627,1.1,0.7,,,1
Kullu,Kullu_town_district_HQ,UEI-IMD-FL-2007-0036,2007-02-28T00:00:00,positive,Orange,1229.0,4.737,112.97,9.9666,2.875,163.3,61.0,3.6515,,3.6,10.4,21.8,58.4,62.2,20.8219,3.6,0.71,,,2
Kullu,Kullu_town_district_HQ,UEI-IMD-FL-2007-0036,2007-02-28T12:00:00,positive,Orange,1229.0,4.737,112.97,9.9666,2.875,163.3,61.0,3.6515,,1.5,5.4,11.5,59.2,86.0,13.1376,1.5,0.71,,,2
Kullu,Kullu_town_district_HQ,UEI-IMD-FL-2007-0036,2007-02-28T18:00:00,positive,Red,1229.0,4.737,112.97,9.9666,2.875,163.3,61.0,3.6515,,0.7,2.4,6.1,51.7,92.1,8.1764,0.7,0.72,,,3
Kullu,Kullu_town_district_HQ,UEI-IMD-FL-2007-0036,2007-03-01T00:00:00,positive,Red,1229.0,4.737,112.97,9.9666,2.875,163.3,61.0,3.6515,,0.0,0.1,0.9,30.8,93.0,3.3383,0.0,0.72,,,3
Kullu,Kullu_town_district_HQ,UEI-IMD-FL-2007-0037,2007-03-10T00:00:00,positive,Yellow,1229.0,4.737,112.97,9.9666,2.875,163.3,61.0,3.6515,,,,,,,1.2,,0.7,,,1
Kullu,Kullu_town_district_HQ,UEI-IMD-FL-2007-0037,2007-03-11T00:00:00,positive,Yellow,1229.0,4.737,112.97,9.9666,2.875,163.3,61.0,3.6515,,0.0,0.0,0.0,8.0,8.0,0.3302,0.0,0.7,,,1
Kullu,Kullu_town_district_HQ,UEI-IMD-FL-2007-0037,2007-03-12T00:00:00,positive,Orange,1229.0,4.737,112.97,9.9666,2.875,163.3,61.0,3.6515,,2.3,9.8,16.5,27.0,35.0,14.0262,2.3,0.71,,,2
Kullu,Kullu_town_district_HQ,UEI-IMD-FL-2007-0037,2007-03-12T12:00:00,positive,Orange,1229.0,4.737,112.97,9.9666,2.875,163.3,61.0,3.6515,,1.9,5.5,12.0,47.5,58.4,13.0378,1.9,0.72,,,2
Kullu,Kullu_town_district_HQ,UEI-IMD-FL-2007-0037,2007-03-12T18:00:00,positive,Red,1229.0,4.737,112.97,9.9666,2.875,163.3,61.0,3.6515,,1.2,3.5,9.3,49.2,67.7,11.0511,1.2,0.73,,,3
Kullu,Kullu_town_district_HQ,UEI-IMD-FL-2007-0037,2007-03-13T00:00:00,positive,Red,1229.0,4.737,112.97,9.9666,2.875,163.3,61.0,3.6515,,0.3,2.3,5.3,38.0,73.0,6.3803,0.3,0.73,,,3
Kullu,Kullu_town_district_HQ,UEI-IMD-FL-2007-0042,2007-07-09T00:00:00,positive,Yellow,1229.0,4.737,112.97,9.9666,2.875,163.3,61.0,3.6515,,,,,,,0.2,,0.69,,,1
Kullu,Kullu_town_district_HQ,UEI-IMD-FL-2007-0042,2007-07-10T00:00:00,positive,Yellow,1229.0,4.737,112.97,9.9666,2.875,163.3,61.0,3.6515,,0.2,1.1,1.1,1.3,1.3,0.8243,0.2,0.68,,,1
Kullu,Kullu_town_district_HQ,UEI-IMD-FL-2007-0042,2007-07-11T00:00:00,positive,Orange,1229.0,4.737,112.97,9.9666,2.875,163.3,61.0,3.6515,,0.0,1.1,1.6,6.0,7.3,1.6484,0.0,0.67,,,2
Kullu,Kullu_town_district_HQ,UEI-IMD-FL-2007-0042,2007-07-11T12:00:00,positive,Orange,1229.0,4.737,112.97,9.9666,2.875,163.3,61.0,3.6515,,0.0,1.3,2.1,4.4,10.1,1.4842,0.0,0.67,,,2
Kullu,Kullu_town_district_HQ,UEI-IMD-FL-2007-0042,2007-07-11T18:00:00,positive,Red,1229.0,4.737,112.97,9.9666,2.875,163.3,61.0,3.6515,,0.0,0.0,0.0,4.4,10.1,0.5598,0.0,0.68,,,3
Kullu,Kullu_town_district_HQ,UEI-IMD-FL-2007-0042,2007-07-12T00:00:00,positive,Red,1229.0,4.737,112.97,9.9666,2.875,163.3,61.0,3.6515,,0.6,1.8,2.1,4.9,12.2,2.0424,0.6,0.68,,,3
Kullu,Kullu_town_district_HQ,UEI-IMD-FL-2008-0036,2008-06-06T00:00:00,positive,Yellow,1229.0,4.737,112.97,9.9666,2.875,163.3,61.0,3.6515,,,,,,,0.5,,0.61,,,1
Kullu,Kullu_town_district_HQ,UEI-IMD-FL-2008-0036,2008-06-07T00:00:00,positive,Yellow,1229.0,4.737,112.97,9.9666,2.875,163.3,61.0,3.6515,,0.0,0.0,0.3,5.9,5.9,0.7179,0.0,0.6,,,1
Kullu,Kullu_town_district_HQ,UEI-IMD-FL-2008-0036,2008-06-08T00:00:00,positive,Orange,1229.0,4.737,112.97,9.9666,2.875,163.3,61.0,3.6515,,0.1,0.4,2.7,7.1,13.0,1.6892,0.1,0.6,,,2
Kullu,Kullu_town_district_HQ,UEI-IMD-FL-2008-0036,2008-06-08T12:00:00,positive,Orange,1229.0,4.737,112.97,9.9666,2.875,163.3,61.0,3.6515,,0.6,1.9,3.6,6.4,16.7,2.5478,0.6,0.6,,,2
Kullu,Kullu_town_district_HQ,UEI-IMD-FL-2008-0036,2008-06-08T18:00:00,positive,Red,1229.0,4.737,112.97,9.9666,2.875,163.3,61.0,3.6515,,0.0,0.0,0.4,6.8,17.1,1.5497,0.0,0.61,,,3
Kullu,Kullu_town_district_HQ,UEI-IMD-FL-2008-0036,2008-06-09T00:00:00,positive,Red,1229.0,4.737,112.97,9.9666,2.875,163.3,61.0,3.6515,,0.0,0.0,1.1,5.2,18.2,0.8585,0.0,0.62,,,3
Kullu,Kullu_town_district_HQ,UEI-IMD-FL-2008-0038,2008-06-24T00:00:00,positive,Yellow,1229.0,4.737,112.97,9.9666,2.875,163.3,61.0,3.6515,,,,,,,0.0,,0.79,,,1
Kullu,Kullu_town_district_HQ,UEI-IMD-FL-2008-0038,2008-06-25T00:00:00,positive,Yellow,1229.0,4.737,112.97,9.9666,2.875,163.3,61.0,3.6515,,0.0,0.0,0.2,1.4,1.4,0.1818,0.0,0.8,,,1
Kullu,Kullu_town_district_HQ,UEI-IMD-FL-2008-0038,2008-06-26T00:00:00,positive,Orange,1229.0,4.737,112.97,9.9666,2.875,163.3,61.0,3.6515,,0.0,0.0,0.0,3.6,5.0,0.2807,0.0,0.8,,,2
Kullu,Kullu_town_district_HQ,UEI-IMD-FL-2008-0038,2008-06-26T12:00:00,positive,Orange,1229.0,4.737,112.97,9.9666,2.875,163.3,61.0,3.6515,,1.9,4.4,5.7,6.0,11.0,4.1181,1.9,0.81,,,2
Kullu,Kullu_town_district_HQ,UEI-IMD-FL-2008-0038,2008-06-26T18:00:00,positive,Red,1229.0,4.737,112.97,9.9666,2.875,163.3,61.0,3.6515,,0.0,0.0,0.0,6.0,11.0,1.5531,0.0,0.84,,,3
Kullu,Kullu_town_district_HQ,UEI-IMD-FL-2008-0038,2008-06-27T00:00:00,positive,Red,1229.0,4.737,112.97,9.9666,2.875,163.3,61.0,3.6515,,0.6,2.7,2.9,8.9,13.9,3.044,0.6,0.85,,,3
Kullu,Manali,UEI-IMD-FL-2008-0040,2008-07-10T00:00:00,positive,Yellow,1896.0,6.593,261.96,6.6054,1.75,96.4,2.0,3.1675,,,,,,,0.3,,0.87,,,1
Kullu,Manali,UEI-IMD-FL-2008-0040,2008-07-11T00:00:00,positive,Yellow,1896.0,6.593,261.96,6.6054,1.75,96.4,2.0,3.1675,,0.2,0.7,2.0,8.8,8.8,1.6943,0.2,0.87,,,1
Kullu,Manali,UEI-IMD-FL-2008-0040,2008-07-12T00:00:00,positive,Orange,1896.0,6.593,261.96,6.6054,1.75,96.4,2.0,3.1675,,0.0,0.2,1.5,7.9,16.7,1.3871,0.0,0.89,,,2
Kullu,Manali,UEI-IMD-FL-2008-0040,2008-07-12T12:00:00,positive,Orange,1896.0,6.593,261.96,6.6054,1.75,96.4,2.0,3.1675,,0.3,2.4,4.7,9.0,23.0,3.4418,0.3,0.91,,,2
Kullu,Manali,UEI-IMD-FL-2008-0040,2008-07-12T18:00:00,positive,Red,1896.0,6.593,261.96,6.6054,1.75,96.4,2.0,3.1675,,0.0,0.5,0.8,8.6,23.8,1.7312,0.0,0.93,,,3
Kullu,Manali,UEI-IMD-FL-2008-0040,2008-07-13T00:00:00,positive,Red,1896.0,6.593,261.96,6.6054,1.75,96.4,2.0,3.1675,,0.3,1.1,1.8,8.9,25.6,2.1845,0.3,0.93,,,3
Kullu,Kullu_town_district_HQ,UEI-IMD-FL-2008-0042,2008-07-28T00:00:00,positive,Yellow,1229.0,4.737,112.97,9.9666,2.875,163.3,61.0,3.6515,,,,,,,1.1,,0.87,,,1
Kullu,Kullu_town_district_HQ,UEI-IMD-FL-2008-0042,2008-07-29T00:00:00,positive,Yellow,1229.0,4.737,112.97,9.9666,2.875,163.3,61.0,3.6515,,0.6,1.4,2.4,13.3,13.3,2.6203,0.6,0.88,,,1
Kullu,Kullu_town_district_HQ,UEI-IMD-FL-2008-0042,2008-07-30T00:00:00,positive,Orange,1229.0,4.737,112.97,9.9666,2.875,163.3,61.0,3.6515,,0.8,3.0,5.4,10.7,24.0,4.2277,0.8,0.88,,,2
Kullu,Kullu_town_district_HQ,UEI-IMD-FL-2008-0042,2008-07-30T12:00:00,positive,Orange,1229.0,4.737,112.97,9.9666,2.875,163.3,61.0,3.6515,,1.0,3.6,6.8,15.4,33.9,6.0054,1.0,0.89,,,2
Kullu,Kullu_town_district_HQ,UEI-IMD-FL-2008-0042,2008-07-30T18:00:00,positive,Red,1229.0,4.737,112.97,9.9666,2.875,163.3,61.0,3.6515,,0.9,1.9,3.4,18.7,37.3,5.6032,0.9,0.9,,,3
Kullu,Kullu_town_district_HQ,UEI-IMD-FL-2008-0042,2008-07-31T00:00:00,positive,Red,1229.0,4.737,112.97,9.9666,2.875,163.3,61.0,3.6515,,18.0,46.3,61.5,74.8,98.8,62.5683,18.0,0.91,,,3
Kullu,Manali,UEI-IMD-FL-2008-0044,2008-08-11T00:00:00,positive,Yellow,1896.0,6.593,261.96,6.6054,1.75,96.4,2.0,3.1675,,,,,,,0.0,,0.97,,,1
Kullu,Manali,UEI-IMD-FL-2008-0044,2008-08-12T00:00:00,positive,Yellow,1896.0,6.593,261.96,6.6054,1.75,96.4,2.0,3.1675,,0.1,1.1,2.1,8.4,8.4,2.0168,0.1,0.98,,,1
Kullu,Manali,UEI-IMD-FL-2008-0044,2008-08-13T00:00:00,positive,Orange,1896.0,6.593,261.96,6.6054,1.75,96.4,2.0,3.1675,,0.3,1.1,1.4,7.4,15.8,1.8219,0.3,0.99,,,2
Kullu,Manali,UEI-IMD-FL-2008-0044,2008-08-13T12:00:00,positive,Orange,1896.0,6.593,261.96,6.6054,1.75,96.4,2.0,3.1675,,1.2,3.7,6.2,11.6,24.9,6.1059,1.2,1.0,,,2
Kullu,Manali,UEI-IMD-FL-2008-0044,2008-08-13T18:00:00,positive,Red,1896.0,6.593,261.96,6.6054,1.75,96.4,2.0,3.1675,,0.3,1.2,4.8,15.3,29.7,4.5419,0.3,1.0,,,3
Kullu,Manali,UEI-IMD-FL-2008-0044,2008-08-14T00:00:00,positive,Red,1896.0,6.593,261.96,6.6054,1.75,96.4,2.0,3.1675,,0.6,2.0,3.8,17.7,33.5,4.176,0.6,1.0,,,3
Kullu,Kullu_town_district_HQ,UEI-IMD-FL-2010-0043,2010-09-09T00:00:00,positive,Yellow,1229.0,4.737,112.97,9.9666,2.875,163.3,61.0,3.6515,,,,,,,1.8,,0.95,,,1
Kullu,Kullu_town_district_HQ,UEI-IMD-FL-2010-0043,2010-09-10T00:00:00,positive,Yellow,1229.0,4.737,112.97,9.9666,2.875,163.3,61.0,3.6515,,0.0,0.0,0.0,6.0,6.0,0.2835,0.0,0.95,,,1
Kullu,Kullu_town_district_HQ,UEI-IMD-FL-2010-0043,2010-09-11T00:00:00,positive,Orange,1229.0,4.737,112.97,9.9666,2.875,163.3,61.0,3.6515,,0.0,0.2,0.2,7.3,13.3,0.7934,0.0,0.95,,,2
Kullu,Kullu_town_district_HQ,UEI-IMD-FL-2010-0043,2010-09-11T12:00:00,positive,Orange,1229.0,4.737,112.97,9.9666,2.875,163.3,61.0,3.6515,,0.3,2.0,5.4,6.7,19.8,3.6606,0.3,0.95,,,2
Kullu,Kullu_town_district_HQ,UEI-IMD-FL-2010-0043,2010-09-11T18:00:00,positive,Red,1229.0,4.737,112.97,9.9666,2.875,163.3,61.0,3.6515,,0.0,0.0,3.2,9.9,23.0,2.8318,0.0,0.95,,,3
Kullu,Kullu_town_district_HQ,UEI-IMD-FL-2010-0043,2010-09-12T00:00:00,positive,Red,1229.0,4.737,112.97,9.9666,2.875,163.3,61.0,3.6515,,0.5,2.6,7.5,17.2,30.5,5.717,0.5,0.95,,,3
Kullu,Kullu_town_district_HQ,UEI-IMD-FL-2011-0022,2011-07-17T00:00:00,positive,Yellow,1229.0,4.737,112.97,9.9666,2.875,163.3,61.0,3.6515,,,,,,,0.1,,0.81,,,1
Kullu,Kullu_town_district_HQ,UEI-IMD-FL-2011-0022,2011-07-18T00:00:00,positive,Yellow,1229.0,4.737,112.97,9.9666,2.875,163.3,61.0,3.6515,,0.4,1.4,2.9,11.7,11.7,2.5878,0.4,0.8,,,1
Kullu,Kullu_town_district_HQ,UEI-IMD-FL-2011-0022,2011-07-19T00:00:00,positive,Orange,1229.0,4.737,112.97,9.9666,2.875,163.3,61.0,3.6515,,0.0,0.2,0.4,10.1,21.8,1.0832,0.0,0.79,,,2
Kullu,Kullu_town_district_HQ,UEI-IMD-FL-2011-0022,2011-07-19T12:00:00,positive,Orange,1229.0,4.737,112.97,9.9666,2.875,163.3,61.0,3.6515,,0.5,2.5,3.0,3.5,24.8,2.5044,0.5,0.79,,,2
Kullu,Kullu_town_district_HQ,UEI-IMD-FL-2011-0022,2011-07-19T18:00:00,positive,Red,1229.0,4.737,112.97,9.9666,2.875,163.3,61.0,3.6515,,0.0,0.0,0.4,3.8,25.2,0.9889,0.0,0.79,,,3
Kullu,Kullu_town_district_HQ,UEI-IMD-FL-2011-0022,2011-07-20T00:00:00,positive,Red,1229.0,4.737,112.97,9.9666,2.875,163.3,61.0,3.6515,,0.8,1.8,2.6,6.0,27.8,3.0184,0.8,0.79,,,3
Kullu,Kullu_town_district_HQ,UEI-IMD-FL-2011-0024,2011-08-09T00:00:00,positive,Yellow,1229.0,4.737,112.97,9.9666,2.875,163.3,61.0,3.6515,,,,,,,0.4,,0.87,,,1
Kullu,Kullu_town_district_HQ,UEI-IMD-FL-2011-0024,2011-08-10T00:00:00,positive,Yellow,1229.0,4.737,112.97,9.9666,2.875,163.3,61.0,3.6515,,0.0,0.3,1.7,4.6,4.6,1.0058,0.0,0.87,,,1
Kullu,Kullu_town_district_HQ,UEI-IMD-FL-2011-0024,2011-08-11T00:00:00,positive,Orange,1229.0,4.737,112.97,9.9666,2.875,163.3,61.0,3.6515,,1.3,1.7,1.7,13.5,18.1,2.7703,1.3,0.88,,,2
Kullu,Kullu_town_district_HQ,UEI-IMD-FL-2011-0024,2011-08-11T12:00:00,positive,Orange,1229.0,4.737,112.97,9.9666,2.875,163.3,61.0,3.6515,,0.0,0.2,5.0,7.4,23.8,3.0475,0.0,0.88,,,2
Kullu,Kullu_town_district_HQ,UEI-IMD-FL-2011-0024,2011-08-11T18:00:00,positive,Red,1229.0,4.737,112.97,9.9666,2.875,163.3,61.0,3.6515,,0.0,0.0,0.8,8.2,24.6,1.4835,0.0,0.88,,,3
Kullu,Kullu_town_district_HQ,UEI-IMD-FL-2011-0024,2011-08-12T00:00:00,positive,Red,1229.0,4.737,112.97,9.9666,2.875,163.3,61.0,3.6515,,0.0,0.0,0.0,6.5,24.6,0.5595,0.0,0.88,,,3
Kullu,Kullu_town_district_HQ,UEI-IMD-FL-2011-0026,2011-09-09T00:00:00,positive,Yellow,1229.0,4.737,112.97,9.9666,2.875,163.3,61.0,3.6515,,,,,,,0.0,,0.96,,,1
Kullu,Kullu_town_district_HQ,UEI-IMD-FL-2011-0026,2011-09-10T00:00:00,positive,Yellow,1229.0,4.737,112.97,9.9666,2.875,163.3,61.0,3.6515,,0.4,0.6,1.0,13.4,13.4,2.0169,0.4,0.96,,,1
Kullu,Kullu_town_district_HQ,UEI-IMD-FL-2011-0026,2011-09-11T00:00:00,positive,Orange,1229.0,4.737,112.97,9.9666,2.875,163.3,61.0,3.6515,,0.0,0.0,0.0,9.1,22.5,0.6582,0.0,0.96,,,2
Kullu,Kullu_town_district_HQ,UEI-IMD-FL-2011-0026,2011-09-11T12:00:00,positive,Orange,1229.0,4.737,112.97,9.9666,2.875,163.3,61.0,3.6515,,0.0,1.6,3.2,3.2,25.7,1.924,0.0,0.96,,,2
Kullu,Kullu_town_district_HQ,UEI-IMD-FL-2011-0026,2011-09-11T18:00:00,positive,Red,1229.0,4.737,112.97,9.9666,2.875,163.3,61.0,3.6515,,0.0,0.0,0.0,3.2,25.7,0.7256,0.0,0.96,,,3
Kullu,Kullu_town_district_HQ,UEI-IMD-FL-2011-0026,2011-09-12T00:00:00,positive,Red,1229.0,4.737,112.97,9.9666,2.875,163.3,61.0,3.6515,,0.1,0.1,0.1,3.3,25.8,0.5587,0.1,0.96,,,3
Kullu,Kullu_town_district_HQ,UEI-IMD-FL-2013-0035,2013-07-21T00:00:00,positive,Yellow,1229.0,4.737,112.97,9.9666,2.875,163.3,61.0,3.6515,,,,,,,5.1,,0.91,,,1
Kullu,Kullu_town_district_HQ,UEI-IMD-FL-2013-0035,2013-07-22T00:00:00,positive,Yellow,1229.0,4.737,112.97,9.9666,2.875,163.3,61.0,3.6515,,0.0,0.4,2.0,45.7,45.7,2.8519,0.0,0.91,,,1
Kullu,Kullu_town_district_HQ,UEI-IMD-FL-2013-0035,2013-07-23T00:00:00,positive,Orange,1229.0,4.737,112.97,9.9666,2.875,163.3,61.0,3.6515,,0.6,1.2,3.5,9.6,55.3,3.8125,0.6,0.91,,,2
Kullu,Kullu_town_district_HQ,UEI-IMD-FL-2013-0035,2013-07-23T12:00:00,positive,Orange,1229.0,4.737,112.97,9.9666,2.875,163.3,61.0,3.6515,,0.2,3.7,9.7,14.8,66.6,5.9074,0.2,0.9,,,2
Kullu,Kullu_town_district_HQ,UEI-IMD-FL-2013-0035,2013-07-23T18:00:00,positive,Red,1229.0,4.737,112.97,9.9666,2.875,163.3,61.0,3.6515,,0.1,0.1,0.1,14.9,66.7,2.613,0.1,0.9,,,3
Kullu,Kullu_town_district_HQ,UEI-IMD-FL-2013-0035,2013-07-24T00:00:00,positive,Red,1229.0,4.737,112.97,9.9666,2.875,163.3,61.0,3.6515,,2.5,8.1,11.7,23.1,78.4,10.1985,2.5,0.9,,,3
Kullu,Kullu_town_district_HQ,UEI-IMD-FL-2013-0037,2013-08-10T00:00:00,positive,Yellow,1229.0,4.737,112.97,9.9666,2.875,163.3,61.0,3.6515,,,,,,,2.4,,0.97,,,1
Kullu,Kullu_town_district_HQ,UEI-IMD-FL-2013-0037,2013-08-11T00:00:00,positive,Yellow,1229.0,4.737,112.97,9.9666,2.875,163.3,61.0,3.6515,,1.9,5.3,9.1,25.1,25.1,8.8479,1.9,0.96,,,1
Kullu,Kullu_town_district_HQ,UEI-IMD-FL-2013-0037,2013-08-12T00:00:00,positive,Orange,1229.0,4.737,112.97,9.9666,2.875,163.3,61.0,3.6515,,0.4,1.0,2.9,30.6,55.7,3.1693,0.4,0.97,,,2
Kullu,Kullu_town_district_HQ,UEI-IMD-FL-2013-0037,2013-08-12T12:00:00,positive,Orange,1229.0,4.737,112.97,9.9666,2.875,163.3,61.0,3.6515,,2.5,9.6,15.0,20.6,73.1,11.2465,2.5,0.97,,,2
Kullu,Kullu_town_district_HQ,UEI-IMD-FL-2013-0037,2013-08-12T18:00:00,positive,Red,1229.0,4.737,112.97,9.9666,2.875,163.3,61.0,3.6515,,0.0,0.0,0.7,21.0,73.8,4.2416,0.0,0.97,,,3
Kullu,Kullu_town_district_HQ,UEI-IMD-FL-2013-0037,2013-08-13T00:00:00,positive,Red,1229.0,4.737,112.97,9.9666,2.875,163.3,61.0,3.6515,,1.2,3.2,5.4,23.5,79.2,5.8903,1.2,0.97,,,3
Kullu,Kullu_town_district_HQ,UEI-IMD-FL-2014-0016,2014-07-12T00:00:00,positive,Yellow,1229.0,4.737,112.97,9.9666,2.875,163.3,61.0,3.6515,,,,,,,0.1,,0.6,,,1
Kullu,Kullu_town_district_HQ,UEI-IMD-FL-2014-0016,2014-07-13T00:00:00,positive,Yellow,1229.0,4.737,112.97,9.9666,2.875,163.3,61.0,3.6515,,0.0,0.0,0.2,3.2,3.2,0.7651,0.0,0.61,,,1
Kullu,Kullu_town_district_HQ,UEI-IMD-FL-2014-0016,2014-07-14T00:00:00,positive,Orange,1229.0,4.737,112.97,9.9666,2.875,163.3,61.0,3.6515,,1.4,4.7,7.7,13.3,16.5,6.6235,1.4,0.61,,,2
Kullu,Kullu_town_district_HQ,UEI-IMD-FL-2014-0016,2014-07-14T12:00:00,positive,Orange,1229.0,4.737,112.97,9.9666,2.875,163.3,61.0,3.6515,,0.1,1.0,2.8,14.1,22.4,2.7681,0.1,0.61,,,2
Kullu,Kullu_town_district_HQ,UEI-IMD-FL-2014-0016,2014-07-14T18:00:00,positive,Red,1229.0,4.737,112.97,9.9666,2.875,163.3,61.0,3.6515,,0.1,0.1,0.1,13.7,22.5,1.429,0.1,0.62,,,3
Kullu,Kullu_town_district_HQ,UEI-IMD-FL-2014-0016,2014-07-15T00:00:00,positive,Red,1229.0,4.737,112.97,9.9666,2.875,163.3,61.0,3.6515,,1.4,3.8,5.0,11.0,27.5,4.6714,1.4,0.62,,,3
Kullu,Kullu_town_district_HQ,UEI-IMD-FL-2014-0017,2014-07-20T00:00:00,positive,Yellow,1229.0,4.737,112.97,9.9666,2.875,163.3,61.0,3.6515,,,,,,,0.2,,0.69,,,1
Kullu,Kullu_town_district_HQ,UEI-IMD-FL-2014-0017,2014-07-21T00:00:00,positive,Yellow,1229.0,4.737,112.97,9.9666,2.875,163.3,61.0,3.6515,,0.2,0.6,0.8,6.6,6.6,1.1738,0.2,0.68,,,1
Kullu,Kullu_town_district_HQ,UEI-IMD-FL-2014-0017,2014-07-22T00:00:00,positive,Orange,1229.0,4.737,112.97,9.9666,2.875,163.3,61.0,3.6515,,0.0,0.0,0.0,4.9,11.5,0.5382,0.0,0.67,,,2
Kullu,Kullu_town_district_HQ,UEI-IMD-FL-2014-0017,2014-07-22T12:00:00,positive,Orange,1229.0,4.737,112.97,9.9666,2.875,163.3,61.0,3.6515,,0.0,1.9,6.7,7.2,18.2,3.4168,0.0,0.67,,,2
Kullu,Kullu_town_district_HQ,UEI-IMD-FL-2014-0017,2014-07-22T18:00:00,positive,Red,1229.0,4.737,112.97,9.9666,2.875,163.3,61.0,3.6515,,0.0,0.0,0.0,6.7,18.2,1.2886,0.0,0.67,,,3
Kullu,Kullu_town_district_HQ,UEI-IMD-FL-2014-0017,2014-07-23T00:00:00,positive,Red,1229.0,4.737,112.97,9.9666,2.875,163.3,61.0,3.6515,,0.0,0.2,0.4,7.1,18.6,0.7132,0.0,0.67,,,3
Kullu,Kullu_town_district_HQ,UEI-IMD-FL-2015-0020,2015-07-07T00:00:00,positive,Yellow,1229.0,4.737,112.97,9.9666,2.875,163.3,61.0,3.6515,,,,,,,4.2,,0.71,,,1
Kullu,Kullu_town_district_HQ,UEI-IMD-FL-2015-0020,2015-07-08T00:00:00,positive,Yellow,1229.0,4.737,112.97,9.9666,2.875,163.3,61.0,3.6515,,0.2,0.7,1.6,22.8,22.8,1.9096,0.2,0.72,,,1
Kullu,Kullu_town_district_HQ,UEI-IMD-FL-2015-0020,2015-07-09T00:00:00,positive,Orange,1229.0,4.737,112.97,9.9666,2.875,163.3,61.0,3.6515,,0.6,1.6,3.1,14.4,37.2,3.4392,0.6,0.74,,,2
Kullu,Kullu_town_district_HQ,UEI-IMD-FL-2015-0020,2015-07-09T12:00:00,positive,Orange,1229.0,4.737,112.97,9.9666,2.875,163.3,61.0,3.6515,,0.0,3.8,9.2,14.2,47.0,5.7219,0.0,0.74,,,2
Kullu,Kullu_town_district_HQ,UEI-IMD-FL-2015-0020,2015-07-09T18:00:00,positive,Red,1229.0,4.737,112.97,9.9666,2.875,163.3,61.0,3.6515,,0.0,0.6,0.8,13.7,47.8,2.5482,0.0,0.75,,,3
Kullu,Kullu_town_district_HQ,UEI-IMD-FL-2015-0020,2015-07-10T00:00:00,positive,Red,1229.0,4.737,112.97,9.9666,2.875,163.3,61.0,3.6515,,0.3,2.1,3.5,14.1,51.3,3.5468,0.3,0.75,,,3
Kullu,Kullu_town_district_HQ,UEI-IMD-FL-2016-0040,2016-06-12T00:00:00,positive,Yellow,1229.0,4.737,112.97,9.9666,2.875,163.3,61.0,3.6515,,,,,,,0.0,,0.63,,,1
Kullu,Kullu_town_district_HQ,UEI-IMD-FL-2016-0040,2016-06-13T00:00:00,positive,Yellow,1229.0,4.737,112.97,9.9666,2.875,163.3,61.0,3.6515,,0.0,0.0,0.0,1.6,1.6,0.1476,0.0,0.62,,,1
Kullu,Kullu_town_district_HQ,UEI-IMD-FL-2016-0040,2016-06-14T00:00:00,positive,Orange,1229.0,4.737,112.97,9.9666,2.875,163.3,61.0,3.6515,,0.0,0.0,0.0,1.4,3.0,0.1148,0.0,0.62,,,2
Kullu,Kullu_town_district_HQ,UEI-IMD-FL-2016-0040,2016-06-14T12:00:00,positive,Orange,1229.0,4.737,112.97,9.9666,2.875,163.3,61.0,3.6515,,0.0,0.1,0.3,0.3,3.3,0.1821,0.0,0.62,,,2
Kullu,Kullu_town_district_HQ,UEI-IMD-FL-2016-0040,2016-06-14T18:00:00,positive,Red,1229.0,4.737,112.97,9.9666,2.875,163.3,61.0,3.6515,,0.0,0.0,0.0,0.3,3.3,0.0687,0.0,0.62,,,3
Kullu,Kullu_town_district_HQ,UEI-IMD-FL-2016-0040,2016-06-15T00:00:00,positive,Red,1229.0,4.737,112.97,9.9666,2.875,163.3,61.0,3.6515,,1.0,1.2,1.7,2.0,5.0,1.2501,1.0,0.62,,,3
Kullu,Kullu_town_district_HQ,UEI-IMD-FL-2016-0043,2016-07-20T00:00:00,positive,Yellow,1229.0,4.737,112.97,9.9666,2.875,163.3,61.0,3.6515,,,,,,,0.0,,0.73,,,1
Kullu,Kullu_town_district_HQ,UEI-IMD-FL-2016-0043,2016-07-21T00:00:00,positive,Yellow,1229.0,4.737,112.97,9.9666,2.875,163.3,61.0,3.6515,,0.2,0.6,0.7,0.9,0.9,0.8028,0.2,0.73,,,1
Kullu,Kullu_town_district_HQ,UEI-IMD-FL-2016-0043,2016-07-22T00:00:00,positive,Orange,1229.0,4.737,112.97,9.9666,2.875,163.3,61.0,3.6515,,0.4,1.9,4.2,14.3,15.2,4.0872,0.4,0.73,,,2
Kullu,Kullu_town_district_HQ,UEI-IMD-FL-2016-0043,2016-07-22T12:00:00,positive,Orange,1229.0,4.737,112.97,9.9666,2.875,163.3,61.0,3.6515,,0.2,0.2,0.3,7.3,16.7,0.8963,0.2,0.73,,,2
Kullu,Kullu_town_district_HQ,UEI-IMD-FL-2016-0043,2016-07-22T18:00:00,positive,Red,1229.0,4.737,112.97,9.9666,2.875,163.3,61.0,3.6515,,0.0,0.0,0.0,5.7,16.7,0.3381,0.0,0.72,,,3
Kullu,Kullu_town_district_HQ,UEI-IMD-FL-2016-0043,2016-07-23T00:00:00,positive,Red,1229.0,4.737,112.97,9.9666,2.875,163.3,61.0,3.6515,,0.0,0.3,0.9,2.4,17.6,0.6249,0.0,0.73,,,3
Kullu,Kullu_town_district_HQ,UEI-IMD-FL-2016-0044,2016-07-29T00:00:00,positive,Yellow,1229.0,4.737,112.97,9.9666,2.875,163.3,61.0,3.6515,,,,,,,0.0,,0.76,,,1
Kullu,Kullu_town_district_HQ,UEI-IMD-FL-2016-0044,2016-07-30T00:00:00,positive,Yellow,1229.0,4.737,112.97,9.9666,2.875,163.3,61.0,3.6515,,0.4,1.2,2.1,8.9,8.9,2.3603,0.4,0.78,,,1
Kullu,Kullu_town_district_HQ,UEI-IMD-FL-2016-0044,2016-07-31T00:00:00,positive,Orange,1229.0,4.737,112.97,9.9666,2.875,163.3,61.0,3.6515,,0.2,0.9,2.2,16.5,25.4,2.4416,0.2,0.79,,,2
Kullu,Kullu_town_district_HQ,UEI-IMD-FL-2016-0044,2016-07-31T12:00:00,positive,Orange,1229.0,4.737,112.97,9.9666,2.875,163.3,61.0,3.6515,,0.2,0.8,3.4,6.6,29.1,2.2492,0.2,0.8,,,2
Kullu,Kullu_town_district_HQ,UEI-IMD-FL-2016-0044,2016-07-31T18:00:00,positive,Red,1229.0,4.737,112.97,9.9666,2.875,163.3,61.0,3.6515,,0.0,0.0,0.1,6.0,29.2,0.9483,0.0,0.81,,,3
Kullu,Kullu_town_district_HQ,UEI-IMD-FL-2016-0044,2016-08-01T00:00:00,positive,Red,1229.0,4.737,112.97,9.9666,2.875,163.3,61.0,3.6515,,0.0,0.2,0.9,4.7,30.1,0.7702,0.0,0.82,,,3
Kullu,Kullu_town_district_HQ,UEI-IMD-FL-2016-0045,2016-08-02T00:00:00,positive,Yellow,1229.0,4.737,112.97,9.9666,2.875,163.3,61.0,3.6515,,,,,,,4.7,,0.84,,,1
Kullu,Kullu_town_district_HQ,UEI-IMD-FL-2016-0045,2016-08-03T00:00:00,positive,Yellow,1229.0,4.737,112.97,9.9666,2.875,163.3,61.0,3.6515,,1.4,4.1,5.5,26.6,26.6,5.8733,1.4,0.85,,,1
Kullu,Kullu_town_district_HQ,UEI-IMD-FL-2016-0045,2016-08-04T00:00:00,positive,Orange,1229.0,4.737,112.97,9.9666,2.875,163.3,61.0,3.6515,,0.9,2.4,2.7,13.0,39.6,2.8069,0.9,0.84,,,2
Kullu,Kullu_town_district_HQ,UEI-IMD-FL-2016-0045,2016-08-04T12:00:00,positive,Orange,1229.0,4.737,112.97,9.9666,2.875,163.3,61.0,3.6515,,0.0,0.3,0.3,3.6,40.5,0.6386,0.0,0.84,,,2
Kullu,Kullu_town_district_HQ,UEI-IMD-FL-2016-0045,2016-08-04T18:00:00,positive,Red,1229.0,4.737,112.97,9.9666,2.875,163.3,61.0,3.6515,,0.0,0.0,0.0,3.6,40.5,0.2409,0.0,0.84,,,3
Kullu,Kullu_town_district_HQ,UEI-IMD-FL-2016-0045,2016-08-05T00:00:00,positive,Red,1229.0,4.737,112.97,9.9666,2.875,163.3,61.0,3.6515,,0.0,0.1,0.1,1.0,40.6,0.1631,0.0,0.84,,,3
Kullu,Kullu_town_district_HQ,UEI-IMD-FL-2016-0046,2016-08-07T00:00:00,positive,Yellow,1229.0,4.737,112.97,9.9666,2.875,163.3,61.0,3.6515,,,,,,,8.5,,0.87,,,1
Kullu,Kullu_town_district_HQ,UEI-IMD-FL-2016-0046,2016-08-08T00:00:00,positive,Yellow,1229.0,4.737,112.97,9.9666,2.875,163.3,61.0,3.6515,,0.0,0.3,1.7,40.2,40.2,2.33,0.0,0.87,,,1
Kullu,Kullu_town_district_HQ,UEI-IMD-FL-2016-0046,2016-08-09T00:00:00,positive,Orange,1229.0,4.737,112.97,9.9666,2.875,163.3,61.0,3.6515,,0.6,1.8,2.2,6.8,47.0,2.9738,0.6,0.87,,,2
Kullu,Kullu_town_district_HQ,UEI-IMD-FL-2016-0046,2016-08-09T12:00:00,positive,Orange,1229.0,4.737,112.97,9.9666,2.875,163.3,61.0,3.6515,,0.4,2.3,5.9,12.1,56.9,4.3952,0.4,0.87,,,2
Kullu,Kullu_town_district_HQ,UEI-IMD-FL-2016-0046,2016-08-09T18:00:00,positive,Red,1229.0,4.737,112.97,9.9666,2.875,163.3,61.0,3.6515,,0.0,0.0,0.1,12.2,57.0,2.8576,0.0,0.87,,,3
Kullu,Kullu_town_district_HQ,UEI-IMD-FL-2016-0046,2016-08-10T00:00:00,positive,Red,1229.0,4.737,112.97,9.9666,2.875,163.3,61.0,3.6515,,0.0,0.0,3.3,13.3,60.3,2.0409,0.0,0.87,,,3
Kullu,Kullu_town_district_HQ,UEI-IMD-FL-2017-0026,2017-07-13T00:00:00,positive,Yellow,1229.0,4.737,112.97,9.9666,2.875,163.3,61.0,3.6515,,,,,,,2.3,,0.74,,,1
Kullu,Kullu_town_district_HQ,UEI-IMD-FL-2017-0026,2017-07-14T00:00:00,positive,Yellow,1229.0,4.737,112.97,9.9666,2.875,163.3,61.0,3.6515,,0.0,0.0,0.2,14.3,14.3,0.8002,0.0,0.74,,,1
Kullu,Kullu_town_district_HQ,UEI-IMD-FL-2017-0026,2017-07-15T00:00:00,positive,Orange,1229.0,4.737,112.97,9.9666,2.875,163.3,61.0,3.6515,,0.0,0.0,0.0,0.8,15.1,0.0919,0.0,0.73,,,2
Kullu,Kullu_town_district_HQ,UEI-IMD-FL-2017-0026,2017-07-15T12:00:00,positive,Orange,1229.0,4.737,112.97,9.9666,2.875,163.3,61.0,3.6515,,0.1,0.8,1.6,1.7,16.7,1.0468,0.1,0.73,,,2
Kullu,Kullu_town_district_HQ,UEI-IMD-FL-2017-0026,2017-07-15T18:00:00,positive,Red,1229.0,4.737,112.97,9.9666,2.875,163.3,61.0,3.6515,,0.1,0.2,0.3,1.9,17.0,0.652,0.1,0.73,,,3
Kullu,Kullu_town_district_HQ,UEI-IMD-FL-2017-0026,2017-07-16T00:00:00,positive,Red,1229.0,4.737,112.97,9.9666,2.875,163.3,61.0,3.6515,,0.3,0.4,0.6,2.5,17.6,1.4175,0.3,0.74,,,3
Kullu,Kullu_town_district_HQ,UEI-IMD-FL-2017-0029,2018-06-05T00:00:00,positive,Yellow,1229.0,4.737,112.97,9.9666,2.875,163.3,61.0,3.6515,,,,,,,1.1,,0.55,,,1
Kullu,Kullu_town_district_HQ,UEI-IMD-FL-2017-0029,2018-06-06T00:00:00,positive,Yellow,1229.0,4.737,112.97,9.9666,2.875,163.3,61.0,3.6515,,2.1,4.0,12.0,16.2,16.2,12.6602,2.1,0.56,,,1
Kullu,Kullu_town_district_HQ,UEI-IMD-FL-2017-0029,2018-06-07T00:00:00,positive,Orange,1229.0,4.737,112.97,9.9666,2.875,163.3,61.0,3.6515,,0.0,0.0,0.0,7.9,24.1,0.4416,0.0,0.56,,,2
Kullu,Kullu_town_district_HQ,UEI-IMD-FL-2017-0029,2018-06-07T12:00:00,positive,Orange,1229.0,4.737,112.97,9.9666,2.875,163.3,61.0,3.6515,,0.0,0.0,0.1,0.2,24.2,0.115,0.0,0.56,,,2
Kullu,Kullu_town_district_HQ,UEI-IMD-FL-2017-0029,2018-06-07T18:00:00,positive,Red,1229.0,4.737,112.97,9.9666,2.875,163.3,61.0,3.6515,,0.0,0.0,0.2,0.3,24.4,0.1321,0.0,0.56,,,3
Kullu,Kullu_town_district_HQ,UEI-IMD-FL-2017-0029,2018-06-08T00:00:00,positive,Red,1229.0,4.737,112.97,9.9666,2.875,163.3,61.0,3.6515,,0.0,0.0,0.0,0.3,24.4,0.0498,0.0,0.56,,,3
Kullu,Kullu_town_district_HQ,UEI-IMD-FL-2020-0029,2020-06-21T00:00:00,positive,Yellow,1229.0,4.737,112.97,9.9666,2.875,163.3,61.0,3.6515,,,,,,,0.0,,0.69,,,1
Kullu,Kullu_town_district_HQ,UEI-IMD-FL-2020-0029,2020-06-22T00:00:00,positive,Yellow,1229.0,4.737,112.97,9.9666,2.875,163.3,61.0,3.6515,,0.0,0.0,0.0,0.6,0.6,0.0447,0.0,0.68,,,1
Kullu,Kullu_town_district_HQ,UEI-IMD-FL-2020-0029,2020-06-23T00:00:00,positive,Orange,1229.0,4.737,112.97,9.9666,2.875,163.3,61.0,3.6515,,0.0,0.0,0.0,0.6,1.2,0.0777,0.0,0.68,,,2
Kullu,Kullu_town_district_HQ,UEI-IMD-FL-2020-0029,2020-06-23T12:00:00,positive,Orange,1229.0,4.737,112.97,9.9666,2.875,163.3,61.0,3.6515,,0.1,0.4,1.2,1.4,2.4,0.934,0.1,0.67,,,2
Kullu,Kullu_town_district_HQ,UEI-IMD-FL-2020-0029,2020-06-23T18:00:00,positive,Red,1229.0,4.737,112.97,9.9666,2.875,163.3,61.0,3.6515,,0.0,0.0,0.3,1.5,2.7,0.3522,0.0,0.68,,,3
Kullu,Kullu_town_district_HQ,UEI-IMD-FL-2020-0029,2020-06-24T00:00:00,positive,Red,1229.0,4.737,112.97,9.9666,2.875,163.3,61.0,3.6515,,0.1,0.9,0.9,2.4,3.6,0.7633,0.1,0.69,,,3
Kullu,Kullu_town_district_HQ,UEI-IMD-FL-2021-0046,2021-09-17T00:00:00,positive,Yellow,1229.0,4.737,112.97,9.9666,2.875,163.3,61.0,3.6515,,,,,,,0.0,,0.94,,,1
Kullu,Kullu_town_district_HQ,UEI-IMD-FL-2021-0046,2021-09-18T00:00:00,positive,Yellow,1229.0,4.737,112.97,9.9666,2.875,163.3,61.0,3.6515,,0.0,0.0,0.0,1.4,1.4,0.1301,0.0,0.93,,,1
Kullu,Kullu_town_district_HQ,UEI-IMD-FL-2021-0046,2021-09-19T00:00:00,positive,Orange,1229.0,4.737,112.97,9.9666,2.875,163.3,61.0,3.6515,,0.0,0.0,0.0,0.0,1.4,0.0026,0.0,0.93,,,2
Kullu,Kullu_town_district_HQ,UEI-IMD-FL-2021-0046,2021-09-19T12:00:00,positive,Orange,1229.0,4.737,112.97,9.9666,2.875,163.3,61.0,3.6515,,0.2,0.6,0.7,0.7,2.1,0.5007,0.2,0.92,,,2
Kullu,Kullu_town_district_HQ,UEI-IMD-FL-2021-0046,2021-09-19T18:00:00,positive,Red,1229.0,4.737,112.97,9.9666,2.875,163.3,61.0,3.6515,,0.0,0.0,0.0,0.7,2.1,0.3889,0.0,0.92,,,3
Kullu,Kullu_town_district_HQ,UEI-IMD-FL-2021-0046,2021-09-20T00:00:00,positive,Red,1229.0,4.737,112.97,9.9666,2.875,163.3,61.0,3.6515,,0.0,0.2,3.8,4.5,5.9,2.0269,0.0,0.92,,,3
Kullu,Kullu_town_district_HQ,UEI-IMD-FL-2022-0454,2022-07-03T00:00:00,positive,Yellow,1229.0,4.737,112.97,9.9666,2.875,163.3,61.0,3.6515,,,,,,,0.0,,0.67,,,1
Kullu,Kullu_town_district_HQ,UEI-IMD-FL-2022-0454,2022-07-04T00:00:00,positive,Yellow,1229.0,4.737,112.97,9.9666,2.875,163.3,61.0,3.6515,,0.0,0.0,0.2,3.0,3.0,0.2766,0.0,0.71,,,1
Kullu,Kullu_town_district_HQ,UEI-IMD-FL-2022-0454,2022-07-05T00:00:00,positive,Orange,1229.0,4.737,112.97,9.9666,2.875,163.3,61.0,3.6515,,0.0,0.0,0.0,0.2,3.2,0.0246,0.0,0.71,,,2
Kullu,Kullu_town_district_HQ,UEI-IMD-FL-2022-0454,2022-07-05T12:00:00,positive,Orange,1229.0,4.737,112.97,9.9666,2.875,163.3,61.0,3.6515,,0.7,1.5,2.0,2.0,5.2,1.3942,0.7,0.71,,,2
Kullu,Kullu_town_district_HQ,UEI-IMD-FL-2022-0454,2022-07-05T18:00:00,positive,Red,1229.0,4.737,112.97,9.9666,2.875,163.3,61.0,3.6515,,0.2,0.2,0.2,2.2,5.4,1.5958,0.2,0.72,,,3
Kullu,Kullu_town_district_HQ,UEI-IMD-FL-2022-0454,2022-07-06T00:00:00,positive,Red,1229.0,4.737,112.97,9.9666,2.875,163.3,61.0,3.6515,,0.0,0.0,1.1,3.3,6.5,0.6906,0.0,0.73,,,3
Kullu,Kullu_town_district_HQ,UEI-IMD-FL-2022-0455,2022-07-03T00:00:00,positive,Yellow,1229.0,4.737,112.97,9.9666,2.875,163.3,61.0,3.6515,,,,,,,0.0,,0.67,,,1
Kullu,Kullu_town_district_HQ,UEI-IMD-FL-2022-0455,2022-07-04T00:00:00,positive,Yellow,1229.0,4.737,112.97,9.9666,2.875,163.3,61.0,3.6515,,0.0,0.0,0.2,3.0,3.0,0.2766,0.0,0.71,,,1
Kullu,Kullu_town_district_HQ,UEI-IMD-FL-2022-0455,2022-07-05T00:00:00,positive,Orange,1229.0,4.737,112.97,9.9666,2.875,163.3,61.0,3.6515,,0.0,0.0,0.0,0.2,3.2,0.0246,0.0,0.71,,,2
Kullu,Kullu_town_district_HQ,UEI-IMD-FL-2022-0455,2022-07-05T12:00:00,positive,Orange,1229.0,4.737,112.97,9.9666,2.875,163.3,61.0,3.6515,,0.7,1.5,2.0,2.0,5.2,1.3942,0.7,0.71,,,2
Kullu,Kullu_town_district_HQ,UEI-IMD-FL-2022-0455,2022-07-05T18:00:00,positive,Red,1229.0,4.737,112.97,9.9666,2.875,163.3,61.0,3.6515,,0.2,0.2,0.2,2.2,5.4,1.5958,0.2,0.72,,,3
Kullu,Kullu_town_district_HQ,UEI-IMD-FL-2022-0455,2022-07-06T00:00:00,positive,Red,1229.0,4.737,112.97,9.9666,2.875,163.3,61.0,3.6515,,0.0,0.0,1.1,3.3,6.5,0.6906,0.0,0.73,,,3
Kullu,Kullu_town_district_HQ,UEI-IMD-FL-2022-0457,2022-07-11T00:00:00,positive,Yellow,1229.0,4.737,112.97,9.9666,2.875,163.3,61.0,3.6515,,,,,,,1.7,,0.82,,,1
Kullu,Kullu_town_district_HQ,UEI-IMD-FL-2022-0457,2022-07-12T00:00:00,positive,Yellow,1229.0,4.737,112.97,9.9666,2.875,163.3,61.0,3.6515,,0.1,0.6,2.1,4.9,4.9,1.2926,0.1,0.82,,,1
Kullu,Kullu_town_district_HQ,UEI-IMD-FL-2022-0457,2022-07-13T00:00:00,positive,Orange,1229.0,4.737,112.97,9.9666,2.875,163.3,61.0,3.6515,,0.1,3.0,5.9,8.4,13.3,4.1603,0.1,0.83,,,2
Kullu,Kullu_town_district_HQ,UEI-IMD-FL-2022-0457,2022-07-13T12:00:00,positive,Orange,1229.0,4.737,112.97,9.9666,2.875,163.3,61.0,3.6515,,0.0,0.1,0.8,9.4,15.5,1.1901,0.0,0.84,,,2
Kullu,Kullu_town_district_HQ,UEI-IMD-FL-2022-0457,2022-07-13T18:00:00,positive,Red,1229.0,4.737,112.97,9.9666,2.875,163.3,61.0,3.6515,,0.0,0.1,0.3,8.4,15.8,0.6068,0.0,0.84,,,3
Kullu,Kullu_town_district_HQ,UEI-IMD-FL-2022-0457,2022-07-14T00:00:00,positive,Red,1229.0,4.737,112.97,9.9666,2.875,163.3,61.0,3.6515,,0.0,0.0,0.0,2.5,15.8,0.9289,0.0,0.84,,,3
Kullu,Kullu_town_district_HQ,UEI-IMD-FL-2022-0459,2022-07-25T00:00:00,positive,Yellow,1229.0,4.737,112.97,9.9666,2.875,163.3,61.0,3.6515,,,,,,,0.1,,0.9,,,1
Kullu,Kullu_town_district_HQ,UEI-IMD-FL-2022-0459,2022-07-26T00:00:00,positive,Yellow,1229.0,4.737,112.97,9.9666,2.875,163.3,61.0,3.6515,,0.0,0.1,1.1,5.8,5.8,1.0442,0.0,0.9,,,1
Kullu,Kullu_town_district_HQ,UEI-IMD-FL-2022-0459,2022-07-27T00:00:00,positive,Orange,1229.0,4.737,112.97,9.9666,2.875,163.3,61.0,3.6515,,1.2,5.2,6.3,6.5,12.3,4.8744,1.2,0.91,,,2
Kullu,Kullu_town_district_HQ,UEI-IMD-FL-2022-0459,2022-07-27T12:00:00,positive,Orange,1229.0,4.737,112.97,9.9666,2.875,163.3,61.0,3.6515,,0.1,0.8,6.7,35.4,41.4,9.4685,0.1,0.92,,,2
Kullu,Kullu_town_district_HQ,UEI-IMD-FL-2022-0459,2022-07-27T18:00:00,positive,Red,1229.0,4.737,112.97,9.9666,2.875,163.3,61.0,3.6515,,0.2,1.8,3.7,39.1,45.1,5.951,0.2,0.92,,,3
Kullu,Kullu_town_district_HQ,UEI-IMD-FL-2022-0459,2022-07-28T00:00:00,positive,Red,1229.0,4.737,112.97,9.9666,2.875,163.3,61.0,3.6515,,0.3,0.7,1.1,33.9,46.2,2.9741,0.3,0.93,,,3
Kullu,Kullu_town_district_HQ,UEI-IMD-FL-2022-0462,2022-08-05T00:00:00,positive,Yellow,1229.0,4.737,112.97,9.9666,2.875,163.3,61.0,3.6515,,,,,,,0.2,,0.95,,,1
Kullu,Kullu_town_district_HQ,UEI-IMD-FL-2022-0462,2022-08-06T00:00:00,positive,Yellow,1229.0,4.737,112.97,9.9666,2.875,163.3,61.0,3.6515,,0.0,0.2,0.4,7.5,7.5,1.1968,0.0,0.98,,,1
Kullu,Kullu_town_district_HQ,UEI-IMD-FL-2022-0462,2022-08-07T00:00:00,positive,Orange,1229.0,4.737,112.97,9.9666,2.875,163.3,61.0,3.6515,,0.0,0.0,0.0,1.5,9.0,0.0705,0.0,0.98,,,2
Kullu,Kullu_town_district_HQ,UEI-IMD-FL-2022-0462,2022-08-07T12:00:00,positive,Orange,1229.0,4.737,112.97,9.9666,2.875,163.3,61.0,3.6515,,0.2,0.3,0.6,0.6,9.6,1.0757,0.2,0.97,,,2
Kullu,Kullu_town_district_HQ,UEI-IMD-FL-2022-0462,2022-08-07T18:00:00,positive,Red,1229.0,4.737,112.97,9.9666,2.875,163.3,61.0,3.6515,,0.0,0.0,0.7,1.3,10.3,0.4057,0.0,0.97,,,3
Kullu,Kullu_town_district_HQ,UEI-IMD-FL-2022-0462,2022-08-08T00:00:00,positive,Red,1229.0,4.737,112.97,9.9666,2.875,163.3,61.0,3.6515,,2.3,4.1,6.1,7.4,16.4,5.658,2.3,0.97,,,3
Kullu,Kullu_town_district_HQ,UEI-IMD-FL-2022-0463,2022-08-08T00:00:00,positive,Yellow,1229.0,4.737,112.97,9.9666,2.875,163.3,61.0,3.6515,,,,,,,1.4,,0.97,,,1
Kullu,Kullu_town_district_HQ,UEI-IMD-FL-2022-0463,2022-08-09T00:00:00,positive,Yellow,1229.0,4.737,112.97,9.9666,2.875,163.3,61.0,3.6515,,2.1,9.3,9.4,22.3,22.3,9.4884,2.1,0.97,,,1
Kullu,Kullu_town_district_HQ,UEI-IMD-FL-2022-0463,2022-08-10T00:00:00,positive,Orange,1229.0,4.737,112.97,9.9666,2.875,163.3,61.0,3.6515,,0.0,0.0,0.0,2.4,24.7,0.213,0.0,0.96,,,2
Kullu,Kullu_town_district_HQ,UEI-IMD-FL-2022-0463,2022-08-10T12:00:00,positive,Orange,1229.0,4.737,112.97,9.9666,2.875,163.3,61.0,3.6515,,0.0,0.2,0.2,0.2,24.9,0.164,0.0,0.96,,,2
Kullu,Kullu_town_district_HQ,UEI-IMD-FL-2022-0463,2022-08-10T18:00:00,positive,Red,1229.0,4.737,112.97,9.9666,2.875,163.3,61.0,3.6515,,0.0,0.0,0.0,0.2,24.9,0.0618,0.0,0.96,,,3
Kullu,Kullu_town_district_HQ,UEI-IMD-FL-2022-0463,2022-08-11T00:00:00,positive,Red,1229.0,4.737,112.97,9.9666,2.875,163.3,61.0,3.6515,,4.9,17.4,20.2,20.4,45.1,19.2708,4.9,0.96,,,3
Kullu,Kullu_town_district_HQ,UEI-IMD-FL-2023-0286,2023-06-21T00:00:00,positive,Yellow,1229.0,4.737,112.97,9.9666,2.875,163.3,61.0,3.6515,,,,,,,0.0,,0.75,,,1
Kullu,Kullu_town_district_HQ,UEI-IMD-FL-2023-0286,2023-06-22T00:00:00,positive,Yellow,1229.0,4.737,112.97,9.9666,2.875,163.3,61.0,3.6515,,0.0,0.0,0.0,0.2,0.2,0.0117,0.0,0.75,,,1
Kullu,Kullu_town_district_HQ,UEI-IMD-FL-2023-0286,2023-06-23T00:00:00,positive,Orange,1229.0,4.737,112.97,9.9666,2.875,163.3,61.0,3.6515,,0.0,0.0,0.0,0.7,0.9,0.0518,0.0,0.75,,,2
Kullu,Kullu_town_district_HQ,UEI-IMD-FL-2023-0286,2023-06-23T12:00:00,positive,Orange,1229.0,4.737,112.97,9.9666,2.875,163.3,61.0,3.6515,,0.0,0.0,0.7,0.9,1.8,0.3833,0.0,0.74,,,2
Kullu,Kullu_town_district_HQ,UEI-IMD-FL-2023-0286,2023-06-23T18:00:00,positive,Red,1229.0,4.737,112.97,9.9666,2.875,163.3,61.0,3.6515,,0.1,0.1,0.1,1.0,1.9,0.2295,0.1,0.75,,,3
Kullu,Kullu_town_district_HQ,UEI-IMD-FL-2023-0286,2023-06-24T00:00:00,positive,Red,1229.0,4.737,112.97,9.9666,2.875,163.3,61.0,3.6515,,0.1,0.1,0.1,1.1,2.0,0.4716,0.1,0.75,,,3
Kullu,Kullu_town_district_HQ,UEI-IMD-FL-2023-0297,2023-07-06T00:00:00,positive,Yellow,1229.0,4.737,112.97,9.9666,2.875,163.3,61.0,3.6515,,,,,,,0.0,,0.8,,,1
Kullu,Kullu_town_district_HQ,UEI-IMD-FL-2023-0297,2023-07-07T00:00:00,positive,Yellow,1229.0,4.737,112.97,9.9666,2.875,163.3,61.0,3.6515,,0.0,5.9,5.9,6.3,6.3,4.2138,0.0,0.79,,,1
Kullu,Kullu_town_district_HQ,UEI-IMD-FL-2023-0297,2023-07-08T00:00:00,positive,Orange,1229.0,4.737,112.97,9.9666,2.875,163.3,61.0,3.6515,,0.0,0.9,8.7,13.8,20.1,5.5203,0.0,0.8,,,2
Kullu,Kullu_town_district_HQ,UEI-IMD-FL-2023-0297,2023-07-08T12:00:00,positive,Orange,1229.0,4.737,112.97,9.9666,2.875,163.3,61.0,3.6515,,1.9,6.6,11.4,26.2,32.6,10.1288,1.9,0.82,,,2
Kullu,Kullu_town_district_HQ,UEI-IMD-FL-2023-0297,2023-07-08T18:00:00,positive,Red,1229.0,4.737,112.97,9.9666,2.875,163.3,61.0,3.6515,,5.7,11.6,19.8,41.0,52.4,19.7492,5.7,0.85,,,3
Kullu,Kullu_town_district_HQ,UEI-IMD-FL-2023-0297,2023-07-09T00:00:00,positive,Red,1229.0,4.737,112.97,9.9666,2.875,163.3,61.0,3.6515,,4.4,11.7,27.6,59.9,80.0,26.0602,4.4,0.88,,,3
Kullu,Kullu_town_district_HQ,UEI-IMD-FL-2023-0303,2023-07-13T00:00:00,positive,Yellow,1229.0,4.737,112.97,9.9666,2.875,163.3,61.0,3.6515,,,,,,,0.0,,0.94,,,1
Kullu,Kullu_town_district_HQ,UEI-IMD-FL-2023-0303,2023-07-14T00:00:00,positive,Yellow,1229.0,4.737,112.97,9.9666,2.875,163.3,61.0,3.6515,,0.0,0.0,0.0,2.8,2.8,0.2877,0.0,0.93,,,1
Kullu,Kullu_town_district_HQ,UEI-IMD-FL-2023-0303,2023-07-15T00:00:00,positive,Orange,1229.0,4.737,112.97,9.9666,2.875,163.3,61.0,3.6515,,0.0,0.1,0.1,1.0,3.8,0.1649,0.0,0.94,,,2
Kullu,Kullu_town_district_HQ,UEI-IMD-FL-2023-0303,2023-07-15T12:00:00,positive,Orange,1229.0,4.737,112.97,9.9666,2.875,163.3,61.0,3.6515,,0.2,0.7,0.9,1.2,4.8,0.7568,0.2,0.94,,,2
Kullu,Kullu_town_district_HQ,UEI-IMD-FL-2023-0303,2023-07-15T18:00:00,positive,Red,1229.0,4.737,112.97,9.9666,2.875,163.3,61.0,3.6515,,0.0,0.0,0.1,1.2,4.9,0.2854,0.0,0.94,,,3
Kullu,Kullu_town_district_HQ,UEI-IMD-FL-2023-0303,2023-07-16T00:00:00,positive,Red,1229.0,4.737,112.97,9.9666,2.875,163.3,61.0,3.6515,,2.2,2.2,2.6,3.7,7.5,5.4786,2.2,0.94,,,3
Dhemaji,Dhemaji_town_district_HQ,UEI-IMD-FL-1996-0014,1996-06-05T00:00:00,positive,Yellow,105.0,3.265,253.53,6.9285,1.0,124.0,1.0,1.6962,,,,,,,0.5,,,,,1
Dhemaji,Dhemaji_town_district_HQ,UEI-IMD-FL-1996-0014,1996-06-06T00:00:00,positive,Yellow,105.0,3.265,253.53,6.9285,1.0,124.0,1.0,1.6962,,0.0,0.0,0.1,4.8,4.8,0.6467,0.0,,,,1
Dhemaji,Dhemaji_town_district_HQ,UEI-IMD-FL-1996-0014,1996-06-07T00:00:00,positive,Orange,105.0,3.265,253.53,6.9285,1.0,124.0,1.0,1.6962,,0.0,0.0,0.0,5.1,9.9,0.2884,0.0,,,,2
Dhemaji,Dhemaji_town_district_HQ,UEI-IMD-FL-1996-0014,1996-06-07T12:00:00,positive,Orange,105.0,3.265,253.53,6.9285,1.0,124.0,1.0,1.6962,,0.1,0.2,0.3,0.5,10.4,0.4724,0.1,,,,2
Dhemaji,Dhemaji_town_district_HQ,UEI-IMD-FL-1996-0014,1996-06-07T18:00:00,positive,Red,105.0,3.265,253.53,6.9285,1.0,124.0,1.0,1.6962,,0.0,0.0,0.3,0.8,10.7,0.2225,0.0,,,,3
Dhemaji,Dhemaji_town_district_HQ,UEI-IMD-FL-1996-0014,1996-06-08T00:00:00,positive,Red,105.0,3.265,253.53,6.9285,1.0,124.0,1.0,1.6962,,0.0,0.0,0.0,0.8,10.7,0.0839,0.0,,,,3
Dhemaji,Dhemaji_town_district_HQ,UEI-IMD-FL-1998-0017,1998-08-23T00:00:00,positive,Yellow,105.0,3.265,253.53,6.9285,1.0,124.0,1.0,1.6962,,,,,,,0.1,,,,,1
Dhemaji,Dhemaji_town_district_HQ,UEI-IMD-FL-1998-0017,1998-08-24T00:00:00,positive,Yellow,105.0,3.265,253.53,6.9285,1.0,124.0,1.0,1.6962,,0.2,0.6,0.6,3.5,3.5,1.1223,0.2,,,,1
Dhemaji,Dhemaji_town_district_HQ,UEI-IMD-FL-1998-0017,1998-08-25T00:00:00,positive,Orange,105.0,3.265,253.53,6.9285,1.0,124.0,1.0,1.6962,,0.3,1.0,1.9,11.7,15.2,3.0815,0.3,,,,2
Dhemaji,Dhemaji_town_district_HQ,UEI-IMD-FL-1998-0017,1998-08-25T12:00:00,positive,Orange,105.0,3.265,253.53,6.9285,1.0,124.0,1.0,1.6962,,0.3,2.4,4.8,13.6,22.3,3.8132,0.3,,,,2
Dhemaji,Dhemaji_town_district_HQ,UEI-IMD-FL-1998-0017,1998-08-25T18:00:00,positive,Red,105.0,3.265,253.53,6.9285,1.0,124.0,1.0,1.6962,,0.8,1.1,1.7,10.7,24.0,3.8172,0.8,,,,3
Dhemaji,Dhemaji_town_district_HQ,UEI-IMD-FL-1998-0017,1998-08-26T00:00:00,positive,Red,105.0,3.265,253.53,6.9285,1.0,124.0,1.0,1.6962,,0.3,0.9,3.0,11.8,27.0,2.8898,0.3,,,,3
Dhemaji,Dhemaji_town_district_HQ,UEI-IMD-FL-2000-0008,2000-04-30T00:00:00,positive,Yellow,105.0,3.265,253.53,6.9285,1.0,124.0,1.0,1.6962,,,,,,,0.7,,,,,1
Dhemaji,Dhemaji_town_district_HQ,UEI-IMD-FL-2000-0008,2000-05-01T00:00:00,positive,Yellow,105.0,3.265,253.53,6.9285,1.0,124.0,1.0,1.6962,,7.0,18.7,40.2,75.5,75.5,34.114,7.0,,,,1
Dhemaji,Dhemaji_town_district_HQ,UEI-IMD-FL-2000-0008,2000-05-02T00:00:00,positive,Orange,105.0,3.265,253.53,6.9285,1.0,124.0,1.0,1.6962,,0.2,1.8,10.5,25.6,101.1,7.0895,0.2,,,,2
Dhemaji,Dhemaji_town_district_HQ,UEI-IMD-FL-2000-0008,2000-05-02T12:00:00,positive,Orange,105.0,3.265,253.53,6.9285,1.0,124.0,1.0,1.6962,,0.0,0.0,6.7,29.8,117.1,6.14,0.0,,,,2
Dhemaji,Dhemaji_town_district_HQ,UEI-IMD-FL-2000-0008,2000-05-02T18:00:00,positive,Red,105.0,3.265,253.53,6.9285,1.0,124.0,1.0,1.6962,,0.0,0.4,0.4,26.9,117.5,2.6047,0.0,,,,3
Dhemaji,Dhemaji_town_district_HQ,UEI-IMD-FL-2000-0008,2000-05-03T00:00:00,positive,Red,105.0,3.265,253.53,6.9285,1.0,124.0,1.0,1.6962,,0.0,0.0,0.0,16.4,117.5,0.9824,0.0,,,,3
Dhemaji,Dhemaji_town_district_HQ,UEI-IMD-FL-2003-0002,2003-06-04T00:00:00,positive,Yellow,105.0,3.265,253.53,6.9285,1.0,124.0,1.0,1.6962,,,,,,,0.0,,0.52,,,1
Dhemaji,Dhemaji_town_district_HQ,UEI-IMD-FL-2003-0002,2003-06-05T00:00:00,positive,Yellow,105.0,3.265,253.53,6.9285,1.0,124.0,1.0,1.6962,,1.7,5.2,11.2,12.9,12.9,8.1943,1.7,0.52,,,1
Dhemaji,Dhemaji_town_district_HQ,UEI-IMD-FL-2003-0002,2003-06-06T00:00:00,positive,Orange,105.0,3.265,253.53,6.9285,1.0,124.0,1.0,1.6962,,2.6,7.6,8.7,16.7,29.6,7.9084,2.6,0.53,,,2
Dhemaji,Dhemaji_town_district_HQ,UEI-IMD-FL-2003-0002,2003-06-06T12:00:00,positive,Orange,105.0,3.265,253.53,6.9285,1.0,124.0,1.0,1.6962,,0.1,0.7,0.9,12.0,32.2,2.0315,0.1,0.54,,,2
Dhemaji,Dhemaji_town_district_HQ,UEI-IMD-FL-2003-0002,2003-06-06T18:00:00,positive,Red,105.0,3.265,253.53,6.9285,1.0,124.0,1.0,1.6962,,0.5,0.8,1.4,12.7,33.6,2.6902,0.5,0.54,,,3
Dhemaji,Dhemaji_town_district_HQ,UEI-IMD-FL-2003-0002,2003-06-07T00:00:00,positive,Red,105.0,3.265,253.53,6.9285,1.0,124.0,1.0,1.6962,,0.9,1.7,3.8,7.8,37.4,6.5001,0.9,0.54,,,3
Dhemaji,Dhemaji_town_district_HQ,UEI-IMD-FL-2004-0008,2004-05-12T00:00:00,positive,Yellow,105.0,3.265,253.53,6.9285,1.0,124.0,1.0,1.6962,,,,,,,3.9,,0.68,,,1
Dhemaji,Dhemaji_town_district_HQ,UEI-IMD-FL-2004-0008,2004-05-13T00:00:00,positive,Yellow,105.0,3.265,253.53,6.9285,1.0,124.0,1.0,1.6962,,6.0,11.5,12.4,30.6,30.6,16.3192,6.0,0.73,,,1
Dhemaji,Dhemaji_town_district_HQ,UEI-IMD-FL-2004-0008,2004-05-14T00:00:00,positive,Orange,105.0,3.265,253.53,6.9285,1.0,124.0,1.0,1.6962,,0.5,4.4,14.4,56.2,86.8,11.2763,0.5,0.8,,,2
Dhemaji,Dhemaji_town_district_HQ,UEI-IMD-FL-2004-0008,2004-05-14T12:00:00,positive,Orange,105.0,3.265,253.53,6.9285,1.0,124.0,1.0,1.6962,,0.0,0.0,3.6,39.9,105.4,6.7666,0.0,0.82,,,2
Dhemaji,Dhemaji_town_district_HQ,UEI-IMD-FL-2004-0008,2004-05-14T18:00:00,positive,Red,105.0,3.265,253.53,6.9285,1.0,124.0,1.0,1.6962,,0.0,0.0,0.0,33.0,105.4,2.652,0.0,0.82,,,3
Dhemaji,Dhemaji_town_district_HQ,UEI-IMD-FL-2004-0008,2004-05-15T00:00:00,positive,Red,105.0,3.265,253.53,6.9285,1.0,124.0,1.0,1.6962,,8.6,16.0,20.0,38.6,125.4,25.2138,8.6,0.82,,,3
Dhemaji,Dhemaji_town_district_HQ,UEI-IMD-FL-2007-0012,2007-07-09T00:00:00,positive,Yellow,105.0,3.265,253.53,6.9285,1.0,124.0,1.0,1.6962,,,,,,,0.3,,0.85,,,1
Dhemaji,Dhemaji_town_district_HQ,UEI-IMD-FL-2007-0012,2007-07-10T00:00:00,positive,Yellow,105.0,3.265,253.53,6.9285,1.0,124.0,1.0,1.6962,,0.4,1.5,3.6,14.8,14.8,4.1417,0.4,0.84,,,1
Dhemaji,Dhemaji_town_district_HQ,UEI-IMD-FL-2007-0012,2007-07-11T00:00:00,positive,Orange,105.0,3.265,253.53,6.9285,1.0,124.0,1.0,1.6962,,0.2,0.5,1.0,15.6,30.4,2.448,0.2,0.86,,,2
Dhemaji,Dhemaji_town_district_HQ,UEI-IMD-FL-2007-0012,2007-07-11T12:00:00,positive,Orange,105.0,3.265,253.53,6.9285,1.0,124.0,1.0,1.6962,,0.3,1.9,5.5,13.0,38.3,4.6206,0.3,0.87,,,2
Dhemaji,Dhemaji_town_district_HQ,UEI-IMD-FL-2007-0012,2007-07-11T18:00:00,positive,Red,105.0,3.265,253.53,6.9285,1.0,124.0,1.0,1.6962,,0.8,1.3,2.5,11.4,40.8,4.252,0.8,0.87,,,3
Dhemaji,Dhemaji_town_district_HQ,UEI-IMD-FL-2007-0012,2007-07-12T00:00:00,positive,Red,105.0,3.265,253.53,6.9285,1.0,124.0,1.0,1.6962,,1.4,4.9,9.6,20.0,50.4,9.9947,1.4,0.87,,,3
Dhemaji,Dhemaji_town_district_HQ,UEI-IMD-FL-2008-0014,2008-07-03T00:00:00,positive,Yellow,105.0,3.265,253.53,6.9285,1.0,124.0,1.0,1.6962,,,,,,,0.3,,0.92,,,1
Dhemaji,Dhemaji_town_district_HQ,UEI-IMD-FL-2008-0014,2008-07-04T00:00:00,positive,Yellow,105.0,3.265,253.53,6.9285,1.0,124.0,1.0,1.6962,,2.2,6.2,10.4,27.0,27.0,10.3092,2.2,0.93,,,1
Dhemaji,Dhemaji_town_district_HQ,UEI-IMD-FL-2008-0014,2008-07-05T00:00:00,positive,Orange,105.0,3.265,253.53,6.9285,1.0,124.0,1.0,1.6962,,2.2,8.2,18.8,61.1,88.1,17.6088,2.2,0.96,,,2
Dhemaji,Dhemaji_town_district_HQ,UEI-IMD-FL-2008-0014,2008-07-05T12:00:00,positive,Orange,105.0,3.265,253.53,6.9285,1.0,124.0,1.0,1.6962,,0.9,0.9,0.9,39.2,93.0,5.4817,0.9,0.97,,,2
Dhemaji,Dhemaji_town_district_HQ,UEI-IMD-FL-2008-0014,2008-07-05T18:00:00,positive,Red,105.0,3.265,253.53,6.9285,1.0,124.0,1.0,1.6962,,0.0,0.0,1.8,25.5,94.8,2.0674,0.0,0.96,,,3
Dhemaji,Dhemaji_town_district_HQ,UEI-IMD-FL-2008-0014,2008-07-06T00:00:00,positive,Red,105.0,3.265,253.53,6.9285,1.0,124.0,1.0,1.6962,,0.0,0.0,0.0,6.7,94.8,0.7797,0.0,0.96,,,3
Dhemaji,Dhemaji_town_district_HQ,UEI-IMD-FL-2013-0019,2013-09-04T00:00:00,positive,Yellow,105.0,3.265,253.53,6.9285,1.0,124.0,1.0,1.6962,,,,,,,0.6,,0.99,,,1
Dhemaji,Dhemaji_town_district_HQ,UEI-IMD-FL-2013-0019,2013-09-05T00:00:00,positive,Yellow,105.0,3.265,253.53,6.9285,1.0,124.0,1.0,1.6962,,3.7,5.3,7.7,29.6,29.6,11.6175,3.7,0.99,,,1
Dhemaji,Dhemaji_town_district_HQ,UEI-IMD-FL-2013-0019,2013-09-06T00:00:00,positive,Orange,105.0,3.265,253.53,6.9285,1.0,124.0,1.0,1.6962,,0.4,1.1,4.4,41.8,71.4,7.2663,0.4,0.99,,,2
Dhemaji,Dhemaji_town_district_HQ,UEI-IMD-FL-2013-0019,2013-09-06T12:00:00,positive,Orange,105.0,3.265,253.53,6.9285,1.0,124.0,1.0,1.6962,,0.5,1.6,2.9,28.1,79.4,4.8767,0.5,0.98,,,2
Dhemaji,Dhemaji_town_district_HQ,UEI-IMD-FL-2013-0019,2013-09-06T18:00:00,positive,Red,105.0,3.265,253.53,6.9285,1.0,124.0,1.0,1.6962,,0.1,0.6,2.3,14.7,81.7,2.8314,0.1,0.98,,,3
Dhemaji,Dhemaji_town_district_HQ,UEI-IMD-FL-2013-0019,2013-09-07T00:00:00,positive,Red,105.0,3.265,253.53,6.9285,1.0,124.0,1.0,1.6962,,0.3,0.3,0.5,10.8,82.2,1.6229,0.3,0.98,,,3
Dhemaji,Dhemaji_town_district_HQ,UEI-IMD-FL-2022-0079,2022-05-09T00:00:00,positive,Yellow,105.0,3.265,253.53,6.9285,1.0,124.0,1.0,1.6962,,,,,,,0.0,,0.75,103.48,0.0,1
Dhemaji,Dhemaji_town_district_HQ,UEI-IMD-FL-2022-0079,2022-05-10T00:00:00,positive,Yellow,105.0,3.265,253.53,6.9285,1.0,124.0,1.0,1.6962,,3.5,5.4,7.5,9.1,9.1,5.7502,3.5,0.75,103.53,0.0,1
Dhemaji,Dhemaji_town_district_HQ,UEI-IMD-FL-2022-0079,2022-05-11T00:00:00,positive,Orange,105.0,3.265,253.53,6.9285,1.0,124.0,1.0,1.6962,,2.2,16.3,31.3,73.8,82.9,30.0554,2.2,0.74,103.64,0.0,2
Dhemaji,Dhemaji_town_district_HQ,UEI-IMD-FL-2022-0079,2022-05-11T12:00:00,positive,Orange,105.0,3.265,253.53,6.9285,1.0,124.0,1.0,1.6962,,7.7,8.9,10.3,83.6,100.9,21.1809,7.7,0.75,103.7,0.0,2
Dhemaji,Dhemaji_town_district_HQ,UEI-IMD-FL-2022-0079,2022-05-11T18:00:00,positive,Red,105.0,3.265,253.53,6.9285,1.0,124.0,1.0,1.6962,,0.2,2.0,13.5,62.8,114.4,11.7184,0.2,0.75,103.72,0.0,3
Dhemaji,Dhemaji_town_district_HQ,UEI-IMD-FL-2022-0079,2022-05-12T00:00:00,positive,Red,105.0,3.265,253.53,6.9285,1.0,124.0,1.0,1.6962,,0.0,0.0,0.1,31.6,114.5,4.4196,0.0,0.77,103.74,0.01,3
Dhemaji,Dhemaji_town_district_HQ,UEI-IMD-FL-2022-0205,2022-06-10T00:00:00,positive,Yellow,105.0,3.265,253.53,6.9285,1.0,124.0,1.0,1.6962,,,,,,,3.8,,0.9,104.39,-0.01,1
Dhemaji,Dhemaji_town_district_HQ,UEI-IMD-FL-2022-0205,2022-06-11T00:00:00,positive,Yellow,105.0,3.265,253.53,6.9285,1.0,124.0,1.0,1.6962,,0.3,3.8,8.8,42.2,42.2,11.538,0.3,0.92,104.43,0.0,1
Dhemaji,Dhemaji_town_district_HQ,UEI-IMD-FL-2022-0205,2022-06-12T00:00:00,positive,Orange,105.0,3.265,253.53,6.9285,1.0,124.0,1.0,1.6962,,2.1,3.5,9.9,30.8,73.0,9.6122,2.1,0.93,104.39,0.0,2
Dhemaji,Dhemaji_town_district_HQ,UEI-IMD-FL-2022-0205,2022-06-12T12:00:00,positive,Orange,105.0,3.265,253.53,6.9285,1.0,124.0,1.0,1.6962,,0.5,1.6,4.0,19.8,82.8,4.5694,0.5,0.94,104.41,0.0,2
Dhemaji,Dhemaji_town_district_HQ,UEI-IMD-FL-2022-0205,2022-06-12T18:00:00,positive,Red,105.0,3.265,253.53,6.9285,1.0,124.0,1.0,1.6962,,0.0,0.3,2.1,21.8,84.9,2.8801,0.0,0.93,104.54,0.03,3
Dhemaji,Dhemaji_town_district_HQ,UEI-IMD-FL-2022-0205,2022-06-13T00:00:00,positive,Red,105.0,3.265,253.53,6.9285,1.0,124.0,1.0,1.6962,,4.2,6.4,8.5,20.4,93.4,15.1931,4.2,0.93,104.6,0.0,3
Wayanad,Chooralmala,,1981-09-05T06:00:00,negative,Green,982.0,20.692,10.06,6.0044,9.25,61.8,4.0,1.5687,,,,,,,,,,,,0
Wayanad,Punjirimattom,,2011-08-10T06:00:00,negative,Green,947.0,13.249,65.67,7.1702,4.875,60.6,9.0,1.5764,,,,,,,,,,,,0
Wayanad,Attamala,,1984-08-20T06:00:00,negative,Green,1247.0,19.318,306.84,5.1627,12.125,96.0,1.0,1.6912,,,,,,,,,,,,0
Wayanad,Punjirimattom,,1980-07-15T06:00:00,negative,Green,947.0,13.249,65.67,7.1702,4.875,60.6,9.0,1.5764,,,,,,,,,,,,0
Wayanad,Chooralmala,,2005-06-10T06:00:00,negative,Green,982.0,20.692,10.06,6.0044,9.25,61.8,4.0,1.5687,,,,,,,,,,,,0
Wayanad,Mundakkai,,2012-10-25T06:00:00,negative,Green,1154.0,26.286,332.11,4.8198,11.75,322.3,1.0,1.7524,,,,,,,,,,,,0
Wayanad,Punjirimattom,,1996-10-20T06:00:00,negative,Green,947.0,13.249,65.67,7.1702,4.875,60.6,9.0,1.5764,,,,,,,,,,,,0
Wayanad,Chooralmala,,2004-10-05T06:00:00,negative,Green,982.0,20.692,10.06,6.0044,9.25,61.8,4.0,1.5687,,,,,,,,,,,,0
Wayanad,Punjirimattom,,1987-10-15T06:00:00,negative,Green,947.0,13.249,65.67,7.1702,4.875,60.6,9.0,1.5764,,,,,,,,,,,,0
Wayanad,Punjirimattom,,1990-07-20T06:00:00,negative,Green,947.0,13.249,65.67,7.1702,4.875,60.6,9.0,1.5764,,,,,,,,,,,,0
Wayanad,Attamala,,1972-06-15T06:00:00,negative,Green,1247.0,19.318,306.84,5.1627,12.125,96.0,1.0,1.6912,,,,,,,,,,,,0
Wayanad,Mundakkai,,1968-10-20T06:00:00,negative,Green,1154.0,26.286,332.11,4.8198,11.75,322.3,1.0,1.7524,,,,,,,,,,,,0
Wayanad,Punjirimattom,,1994-06-20T06:00:00,negative,Green,947.0,13.249,65.67,7.1702,4.875,60.6,9.0,1.5764,,,,,,,,,,,,0
Wayanad,Chooralmala,,1983-06-20T06:00:00,negative,Green,982.0,20.692,10.06,6.0044,9.25,61.8,4.0,1.5687,,,,,,,,,,,,0
Wayanad,Attamala,,1971-08-10T06:00:00,negative,Green,1247.0,19.318,306.84,5.1627,12.125,96.0,1.0,1.6912,,,,,,,,,,,,0
Wayanad,Chooralmala,,1978-06-25T06:00:00,negative,Green,982.0,20.692,10.06,6.0044,9.25,61.8,4.0,1.5687,,,,,,,,,,,,0
Wayanad,Attamala,,2000-11-15T06:00:00,negative,Green,1247.0,19.318,306.84,5.1627,12.125,96.0,1.0,1.6912,,,,,,,,,,,,0
Wayanad,Punjirimattom,,1977-10-15T06:00:00,negative,Green,947.0,13.249,65.67,7.1702,4.875,60.6,9.0,1.5764,,,,,,,,,,,,0
Wayanad,Attamala,,1968-10-20T06:00:00,negative,Green,1247.0,19.318,306.84,5.1627,12.125,96.0,1.0,1.6912,,,,,,,,,,,,0
Wayanad,Attamala,,1997-11-10T06:00:00,negative,Green,1247.0,19.318,306.84,5.1627,12.125,96.0,1.0,1.6912,,,,,,,,,,,,0
Wayanad,Mundakkai,,2022-09-10T06:00:00,negative,Green,1154.0,26.286,332.11,4.8198,11.75,322.3,1.0,1.7524,,,,,,,,,,290.77,-0.06,0
Wayanad,Punjirimattom,,1968-10-05T06:00:00,negative,Green,947.0,13.249,65.67,7.1702,4.875,60.6,9.0,1.5764,,,,,,,,,,,,0
Wayanad,Mundakkai,,2017-06-20T06:00:00,negative,Green,1154.0,26.286,332.11,4.8198,11.75,322.3,1.0,1.7524,,,,,,,,,,,,0
Wayanad,Attamala,,2008-08-25T06:00:00,negative,Green,1247.0,19.318,306.84,5.1627,12.125,96.0,1.0,1.6912,,,,,,,,,,,,0
Wayanad,Attamala,,1978-08-05T06:00:00,negative,Green,1247.0,19.318,306.84,5.1627,12.125,96.0,1.0,1.6912,,,,,,,,,,,,0
Wayanad,Mundakkai,,1999-07-10T06:00:00,negative,Green,1154.0,26.286,332.11,4.8198,11.75,322.3,1.0,1.7524,,,,,,,,,,,,0
Wayanad,Chooralmala,,1982-06-25T06:00:00,negative,Green,982.0,20.692,10.06,6.0044,9.25,61.8,4.0,1.5687,,,,,,,,,,,,0
Wayanad,Attamala,,1972-06-25T06:00:00,negative,Green,1247.0,19.318,306.84,5.1627,12.125,96.0,1.0,1.6912,,,,,,,,,,,,0
Wayanad,Chooralmala,,1979-09-10T06:00:00,negative,Green,982.0,20.692,10.06,6.0044,9.25,61.8,4.0,1.5687,,,,,,,,,,,,0
Wayanad,Punjirimattom,,2000-10-20T06:00:00,negative,Green,947.0,13.249,65.67,7.1702,4.875,60.6,9.0,1.5764,,,,,,,,,,,,0
Wayanad,Punjirimattom,,1988-09-10T06:00:00,negative,Green,947.0,13.249,65.67,7.1702,4.875,60.6,9.0,1.5764,,,,,,,,,,,,0
Wayanad,Chooralmala,,1986-11-25T06:00:00,negative,Green,982.0,20.692,10.06,6.0044,9.25,61.8,4.0,1.5687,,,,,,,,,,,,0
Wayanad,Chooralmala,,1997-11-25T06:00:00,negative,Green,982.0,20.692,10.06,6.0044,9.25,61.8,4.0,1.5687,,,,,,,,,,,,0
Wayanad,Punjirimattom,,1978-11-25T06:00:00,negative,Green,947.0,13.249,65.67,7.1702,4.875,60.6,9.0,1.5764,,,,,,,,,,,,0
Wayanad,Attamala,,2018-07-10T06:00:00,negative,Green,1247.0,19.318,306.84,5.1627,12.125,96.0,1.0,1.6912,,,,,,,,,,,,0
Wayanad,Chooralmala,,1969-08-25T06:00:00,negative,Green,982.0,20.692,10.06,6.0044,9.25,61.8,4.0,1.5687,,,,,,,,,,,,0
Wayanad,Mundakkai,,2007-10-25T06:00:00,negative,Green,1154.0,26.286,332.11,4.8198,11.75,322.3,1.0,1.7524,,,,,,,,,,,,0
Wayanad,Mundakkai,,1995-07-20T06:00:00,negative,Green,1154.0,26.286,332.11,4.8198,11.75,322.3,1.0,1.7524,,,,,,,,,,,,0
Wayanad,Punjirimattom,,1978-09-25T06:00:00,negative,Green,947.0,13.249,65.67,7.1702,4.875,60.6,9.0,1.5764,,,,,,,,,,,,0
Wayanad,Mundakkai,,1983-11-05T06:00:00,negative,Green,1154.0,26.286,332.11,4.8198,11.75,322.3,1.0,1.7524,,,,,,,,,,,,0
Wayanad,Punjirimattom,,2024-10-20T06:00:00,negative,Green,947.0,13.249,65.67,7.1702,4.875,60.6,9.0,1.5764,,,,,,,,,,289.63,0.0,0
Wayanad,Punjirimattom,,1968-08-05T06:00:00,negative,Green,947.0,13.249,65.67,7.1702,4.875,60.6,9.0,1.5764,,,,,,,,,,,,0
Wayanad,Mundakkai,,1972-09-25T06:00:00,negative,Green,1154.0,26.286,332.11,4.8198,11.75,322.3,1.0,1.7524,,,,,,,,,,,,0
Wayanad,Attamala,,2018-06-25T06:00:00,negative,Green,1247.0,19.318,306.84,5.1627,12.125,96.0,1.0,1.6912,,,,,,,,,,,,0
Wayanad,Mundakkai,,1975-07-25T06:00:00,negative,Green,1154.0,26.286,332.11,4.8198,11.75,322.3,1.0,1.7524,,,,,,,,,,,,0
Wayanad,Attamala,,1977-08-25T06:00:00,negative,Green,1247.0,19.318,306.84,5.1627,12.125,96.0,1.0,1.6912,,,,,,,,,,,,0
Wayanad,Punjirimattom,,1997-08-15T06:00:00,negative,Green,947.0,13.249,65.67,7.1702,4.875,60.6,9.0,1.5764,,,,,,,,,,,,0
Wayanad,Attamala,,2011-08-20T06:00:00,negative,Green,1247.0,19.318,306.84,5.1627,12.125,96.0,1.0,1.6912,,,,,,,,,,,,0
Wayanad,Attamala,,1982-06-20T06:00:00,negative,Green,1247.0,19.318,306.84,5.1627,12.125,96.0,1.0,1.6912,,,,,,,,,,,,0
Wayanad,Attamala,,1984-08-25T06:00:00,negative,Green,1247.0,19.318,306.84,5.1627,12.125,96.0,1.0,1.6912,,,,,,,,,,,,0
Wayanad,Mundakkai,,2017-06-05T06:00:00,negative,Green,1154.0,26.286,332.11,4.8198,11.75,322.3,1.0,1.7524,,,,,,,,,,,,0
Wayanad,Chooralmala,,1983-09-20T06:00:00,negative,Green,982.0,20.692,10.06,6.0044,9.25,61.8,4.0,1.5687,,,,,,,,,,,,0
Wayanad,Punjirimattom,,1976-09-20T06:00:00,negative,Green,947.0,13.249,65.67,7.1702,4.875,60.6,9.0,1.5764,,,,,,,,,,,,0
Wayanad,Punjirimattom,,2012-09-20T06:00:00,negative,Green,947.0,13.249,65.67,7.1702,4.875,60.6,9.0,1.5764,,,,,,,,,,,,0
Wayanad,Mundakkai,,2018-10-05T06:00:00,negative,Green,1154.0,26.286,332.11,4.8198,11.75,322.3,1.0,1.7524,,,,,,,,,,,,0
Wayanad,Attamala,,1990-07-20T06:00:00,negative,Green,1247.0,19.318,306.84,5.1627,12.125,96.0,1.0,1.6912,,,,,,,,,,,,0
Wayanad,Attamala,,2008-06-20T06:00:00,negative,Green,1247.0,19.318,306.84,5.1627,12.125,96.0,1.0,1.6912,,,,,,,,,,,,0
Wayanad,Attamala,,2017-10-05T06:00:00,negative,Green,1247.0,19.318,306.84,5.1627,12.125,96.0,1.0,1.6912,,,,,,,,,,,,0
Wayanad,Chooralmala,,1988-07-20T06:00:00,negative,Green,982.0,20.692,10.06,6.0044,9.25,61.8,4.0,1.5687,,,,,,,,,,,,0
Wayanad,Punjirimattom,,2002-07-20T06:00:00,negative,Green,947.0,13.249,65.67,7.1702,4.875,60.6,9.0,1.5764,,,,,,,,,,,,0
Wayanad,Attamala,,1984-09-05T06:00:00,negative,Green,1247.0,19.318,306.84,5.1627,12.125,96.0,1.0,1.6912,,,,,,,,,,,,0
Wayanad,Attamala,,2014-09-15T06:00:00,negative,Green,1247.0,19.318,306.84,5.1627,12.125,96.0,1.0,1.6912,,,,,,,,,,,,0
Wayanad,Attamala,,1985-09-15T06:00:00,negative,Green,1247.0,19.318,306.84,5.1627,12.125,96.0,1.0,1.6912,,,,,,,,,,,,0
Wayanad,Mundakkai,,1974-07-10T06:00:00,negative,Green,1154.0,26.286,332.11,4.8198,11.75,322.3,1.0,1.7524,,,,,,,,,,,,0
Wayanad,Chooralmala,,1986-07-20T06:00:00,negative,Green,982.0,20.692,10.06,6.0044,9.25,61.8,4.0,1.5687,,,,,,,,,,,,0
Wayanad,Attamala,,2020-10-15T06:00:00,negative,Green,1247.0,19.318,306.84,5.1627,12.125,96.0,1.0,1.6912,,,,,,,,,,289.66,0.0,0
Wayanad,Punjirimattom,,1984-11-15T06:00:00,negative,Green,947.0,13.249,65.67,7.1702,4.875,60.6,9.0,1.5764,,,,,,,,,,,,0
Wayanad,Attamala,,1994-06-05T06:00:00,negative,Green,1247.0,19.318,306.84,5.1627,12.125,96.0,1.0,1.6912,,,,,,,,,,,,0
Wayanad,Punjirimattom,,2021-11-25T06:00:00,negative,Green,947.0,13.249,65.67,7.1702,4.875,60.6,9.0,1.5764,,,,,,,,,,289.95,0.0,0
Wayanad,Punjirimattom,,1980-06-05T06:00:00,negative,Green,947.0,13.249,65.67,7.1702,4.875,60.6,9.0,1.5764,,,,,,,,,,,,0
Wayanad,Punjirimattom,,2024-08-15T06:00:00,negative,Green,947.0,13.249,65.67,7.1702,4.875,60.6,9.0,1.5764,,,,,,,,,,289.92,0.03,0
Wayanad,Mundakkai,,1977-08-10T06:00:00,negative,Green,1154.0,26.286,332.11,4.8198,11.75,322.3,1.0,1.7524,,,,,,,,,,,,0
Wayanad,Chooralmala,,1970-09-15T06:00:00,negative,Green,982.0,20.692,10.06,6.0044,9.25,61.8,4.0,1.5687,,,,,,,,,,,,0
Wayanad,Punjirimattom,,1983-09-20T06:00:00,negative,Green,947.0,13.249,65.67,7.1702,4.875,60.6,9.0,1.5764,,,,,,,,,,,,0
Wayanad,Chooralmala,,1981-06-05T06:00:00,negative,Green,982.0,20.692,10.06,6.0044,9.25,61.8,4.0,1.5687,,,,,,,,,,,,0
Wayanad,Mundakkai,,2003-07-15T06:00:00,negative,Green,1154.0,26.286,332.11,4.8198,11.75,322.3,1.0,1.7524,,,,,,,,,,,,0
Wayanad,Punjirimattom,,2015-09-10T06:00:00,negative,Green,947.0,13.249,65.67,7.1702,4.875,60.6,9.0,1.5764,,,,,,,,,,,,0
Wayanad,Attamala,,2017-06-25T06:00:00,negative,Green,1247.0,19.318,306.84,5.1627,12.125,96.0,1.0,1.6912,,,,,,,,,,,,0
Wayanad,Chooralmala,,1996-10-05T06:00:00,negative,Green,982.0,20.692,10.06,6.0044,9.25,61.8,4.0,1.5687,,,,,,,,,,,,0
Wayanad,Chooralmala,,1994-07-10T06:00:00,negative,Green,982.0,20.692,10.06,6.0044,9.25,61.8,4.0,1.5687,,,,,,,,,,,,0
Wayanad,Chooralmala,,1996-07-25T06:00:00,negative,Green,982.0,20.692,10.06,6.0044,9.25,61.8,4.0,1.5687,,,,,,,,,,,,0
Wayanad,Punjirimattom,,2005-09-10T06:00:00,negative,Green,947.0,13.249,65.67,7.1702,4.875,60.6,9.0,1.5764,,,,,,,,,,,,0
Wayanad,Attamala,,2005-09-10T06:00:00,negative,Green,1247.0,19.318,306.84,5.1627,12.125,96.0,1.0,1.6912,,,,,,,,,,,,0
Wayanad,Mundakkai,,2004-10-25T06:00:00,negative,Green,1154.0,26.286,332.11,4.8198,11.75,322.3,1.0,1.7524,,,,,,,,,,,,0
Wayanad,Mundakkai,,1997-07-25T06:00:00,negative,Green,1154.0,26.286,332.11,4.8198,11.75,322.3,1.0,1.7524,,,,,,,,,,,,0
Wayanad,Attamala,,2023-06-10T06:00:00,negative,Green,1247.0,19.318,306.84,5.1627,12.125,96.0,1.0,1.6912,,,,,,,,,,289.17,0.0,0
Wayanad,Chooralmala,,1979-10-20T06:00:00,negative,Green,982.0,20.692,10.06,6.0044,9.25,61.8,4.0,1.5687,,,,,,,,,,,,0
Wayanad,Attamala,,1990-06-05T06:00:00,negative,Green,1247.0,19.318,306.84,5.1627,12.125,96.0,1.0,1.6912,,,,,,,,,,,,0
Wayanad,Chooralmala,,2009-10-20T06:00:00,negative,Green,982.0,20.692,10.06,6.0044,9.25,61.8,4.0,1.5687,,,,,,,,,,,,0
Wayanad,Attamala,,1970-07-15T06:00:00,negative,Green,1247.0,19.318,306.84,5.1627,12.125,96.0,1.0,1.6912,,,,,,,,,,,,0
Wayanad,Mundakkai,,2001-11-25T06:00:00,negative,Green,1154.0,26.286,332.11,4.8198,11.75,322.3,1.0,1.7524,,,,,,,,,,,,0
Wayanad,Punjirimattom,,2014-10-20T06:00:00,negative,Green,947.0,13.249,65.67,7.1702,4.875,60.6,9.0,1.5764,,,,,,,,,,,,0
Wayanad,Chooralmala,,2001-09-25T06:00:00,negative,Green,982.0,20.692,10.06,6.0044,9.25,61.8,4.0,1.5687,,,,,,,,,,,,0
Wayanad,Attamala,,2000-08-10T06:00:00,negative,Green,1247.0,19.318,306.84,5.1627,12.125,96.0,1.0,1.6912,,,,,,,,,,,,0
Wayanad,Attamala,,1970-10-15T06:00:00,negative,Green,1247.0,19.318,306.84,5.1627,12.125,96.0,1.0,1.6912,,,,,,,,,,,,0
Wayanad,Chooralmala,,1976-09-25T06:00:00,negative,Green,982.0,20.692,10.06,6.0044,9.25,61.8,4.0,1.5687,,,,,,,,,,,,0
Wayanad,Attamala,,1978-07-10T06:00:00,negative,Green,1247.0,19.318,306.84,5.1627,12.125,96.0,1.0,1.6912,,,,,,,,,,,,0
Wayanad,Punjirimattom,,1979-11-15T06:00:00,negative,Green,947.0,13.249,65.67,7.1702,4.875,60.6,9.0,1.5764,,,,,,,,,,,,0
Wayanad,Attamala,,1985-07-25T06:00:00,negative,Green,1247.0,19.318,306.84,5.1627,12.125,96.0,1.0,1.6912,,,,,,,,,,,,0
Wayanad,Chooralmala,,2007-08-15T06:00:00,negative,Green,982.0,20.692,10.06,6.0044,9.25,61.8,4.0,1.5687,,,,,,,,,,,,0
Wayanad,Chooralmala,,1971-10-25T06:00:00,negative,Green,982.0,20.692,10.06,6.0044,9.25,61.8,4.0,1.5687,,,,,,,,,,,,0
Wayanad,Mundakkai,,2012-07-15T06:00:00,negative,Green,1154.0,26.286,332.11,4.8198,11.75,322.3,1.0,1.7524,,,,,,,,,,,,0
Wayanad,Chooralmala,,1984-06-05T06:00:00,negative,Green,982.0,20.692,10.06,6.0044,9.25,61.8,4.0,1.5687,,,,,,,,,,,,0
Wayanad,Punjirimattom,,1988-11-05T06:00:00,negative,Green,947.0,13.249,65.67,7.1702,4.875,60.6,9.0,1.5764,,,,,,,,,,,,0
Wayanad,Mundakkai,,1971-07-05T06:00:00,negative,Green,1154.0,26.286,332.11,4.8198,11.75,322.3,1.0,1.7524,,,,,,,,,,,,0
Wayanad,Chooralmala,,2024-07-10T06:00:00,negative,Green,982.0,20.692,10.06,6.0044,9.25,61.8,4.0,1.5687,,,,,,,,,,289.75,0.02,0
Wayanad,Mundakkai,,1972-08-05T06:00:00,negative,Green,1154.0,26.286,332.11,4.8198,11.75,322.3,1.0,1.7524,,,,,,,,,,,,0
Wayanad,Attamala,,2019-07-10T06:00:00,negative,Green,1247.0,19.318,306.84,5.1627,12.125,96.0,1.0,1.6912,,,,,,,,,,,,0
Wayanad,Chooralmala,,2001-06-05T06:00:00,negative,Green,982.0,20.692,10.06,6.0044,9.25,61.8,4.0,1.5687,,,,,,,,,,,,0
Wayanad,Attamala,,1974-09-10T06:00:00,negative,Green,1247.0,19.318,306.84,5.1627,12.125,96.0,1.0,1.6912,,,,,,,,,,,,0
Wayanad,Chooralmala,,2018-09-15T06:00:00,negative,Green,982.0,20.692,10.06,6.0044,9.25,61.8,4.0,1.5687,,,,,,,,,,,,0
Wayanad,Attamala,,1974-08-15T06:00:00,negative,Green,1247.0,19.318,306.84,5.1627,12.125,96.0,1.0,1.6912,,,,,,,,,,,,0
Wayanad,Mundakkai,,2005-11-15T06:00:00,negative,Green,1154.0,26.286,332.11,4.8198,11.75,322.3,1.0,1.7524,,,,,,,,,,,,0
Wayanad,Mundakkai,,1989-10-25T06:00:00,negative,Green,1154.0,26.286,332.11,4.8198,11.75,322.3,1.0,1.7524,,,,,,,,,,,,0
Wayanad,Chooralmala,,2003-09-20T06:00:00,negative,Green,982.0,20.692,10.06,6.0044,9.25,61.8,4.0,1.5687,,,,,,,,,,,,0
Wayanad,Chooralmala,,2012-10-10T06:00:00,negative,Green,982.0,20.692,10.06,6.0044,9.25,61.8,4.0,1.5687,,,,,,,,,,,,0
Wayanad,Mundakkai,,2002-10-20T06:00:00,negative,Green,1154.0,26.286,332.11,4.8198,11.75,322.3,1.0,1.7524,,,,,,,,,,,,0
Wayanad,Punjirimattom,,1978-07-10T06:00:00,negative,Green,947.0,13.249,65.67,7.1702,4.875,60.6,9.0,1.5764,,,,,,,,,,,,0
Wayanad,Punjirimattom,,2013-11-15T06:00:00,negative,Green,947.0,13.249,65.67,7.1702,4.875,60.6,9.0,1.5764,,,,,,,,,,,,0
Wayanad,Attamala,,1977-11-20T06:00:00,negative,Green,1247.0,19.318,306.84,5.1627,12.125,96.0,1.0,1.6912,,,,,,,,,,,,0
Wayanad,Chooralmala,,1969-11-20T06:00:00,negative,Green,982.0,20.692,10.06,6.0044,9.25,61.8,4.0,1.5687,,,,,,,,,,,,0
Wayanad,Punjirimattom,,1993-10-05T06:00:00,negative,Green,947.0,13.249,65.67,7.1702,4.875,60.6,9.0,1.5764,,,,,,,,,,,,0
Wayanad,Attamala,,1998-08-05T06:00:00,negative,Green,1247.0,19.318,306.84,5.1627,12.125,96.0,1.0,1.6912,,,,,,,,,,,,0
Wayanad,Attamala,,1997-09-15T06:00:00,negative,Green,1247.0,19.318,306.84,5.1627,12.125,96.0,1.0,1.6912,,,,,,,,,,,,0
Wayanad,Punjirimattom,,2015-07-20T06:00:00,negative,Green,947.0,13.249,65.67,7.1702,4.875,60.6,9.0,1.5764,,,,,,,,,,,,0
Wayanad,Mundakkai,,2010-08-20T06:00:00,negative,Green,1154.0,26.286,332.11,4.8198,11.75,322.3,1.0,1.7524,,,,,,,,,,,,0
Wayanad,Mundakkai,,1998-09-05T06:00:00,negative,Green,1154.0,26.286,332.11,4.8198,11.75,322.3,1.0,1.7524,,,,,,,,,,,,0
Wayanad,Attamala,,1997-07-25T06:00:00,negative,Green,1247.0,19.318,306.84,5.1627,12.125,96.0,1.0,1.6912,,,,,,,,,,,,0
Wayanad,Mundakkai,,1987-06-25T06:00:00,negative,Green,1154.0,26.286,332.11,4.8198,11.75,322.3,1.0,1.7524,,,,,,,,,,,,0
Wayanad,Mundakkai,,2024-07-05T06:00:00,negative,Green,1154.0,26.286,332.11,4.8198,11.75,322.3,1.0,1.7524,,,,,,,,,,289.64,0.0,0
Wayanad,Mundakkai,,1970-08-20T06:00:00,negative,Green,1154.0,26.286,332.11,4.8198,11.75,322.3,1.0,1.7524,,,,,,,,,,,,0
Wayanad,Punjirimattom,,1978-09-05T06:00:00,negative,Green,947.0,13.249,65.67,7.1702,4.875,60.6,9.0,1.5764,,,,,,,,,,,,0
Wayanad,Attamala,,1969-08-20T06:00:00,negative,Green,1247.0,19.318,306.84,5.1627,12.125,96.0,1.0,1.6912,,,,,,,,,,,,0
Wayanad,Mundakkai,,2011-11-25T06:00:00,negative,Green,1154.0,26.286,332.11,4.8198,11.75,322.3,1.0,1.7524,,,,,,,,,,,,0
Wayanad,Attamala,,1969-06-15T06:00:00,negative,Green,1247.0,19.318,306.84,5.1627,12.125,96.0,1.0,1.6912,,,,,,,,,,,,0
Wayanad,Punjirimattom,,2012-11-15T06:00:00,negative,Green,947.0,13.249,65.67,7.1702,4.875,60.6,9.0,1.5764,,,,,,,,,,,,0
Wayanad,Chooralmala,,2022-11-15T06:00:00,negative,Green,982.0,20.692,10.06,6.0044,9.25,61.8,4.0,1.5687,,,,,,,,,,289.62,-0.01,0
Wayanad,Mundakkai,,1994-07-25T06:00:00,negative,Green,1154.0,26.286,332.11,4.8198,11.75,322.3,1.0,1.7524,,,,,,,,,,,,0
Wayanad,Chooralmala,,2017-09-05T06:00:00,negative,Green,982.0,20.692,10.06,6.0044,9.25,61.8,4.0,1.5687,,,,,,,,,,,,0
Wayanad,Chooralmala,,1995-08-15T06:00:00,negative,Green,982.0,20.692,10.06,6.0044,9.25,61.8,4.0,1.5687,,,,,,,,,,,,0
Wayanad,Punjirimattom,,1971-08-20T06:00:00,negative,Green,947.0,13.249,65.67,7.1702,4.875,60.6,9.0,1.5764,,,,,,,,,,,,0
Wayanad,Mundakkai,,2023-09-10T06:00:00,negative,Green,1154.0,26.286,332.11,4.8198,11.75,322.3,1.0,1.7524,,,,,,,,,,289.46,-0.02,0
Wayanad,Punjirimattom,,1972-08-10T06:00:00,negative,Green,947.0,13.249,65.67,7.1702,4.875,60.6,9.0,1.5764,,,,,,,,,,,,0
Wayanad,Chooralmala,,1987-10-20T06:00:00,negative,Green,982.0,20.692,10.06,6.0044,9.25,61.8,4.0,1.5687,,,,,,,,,,,,0
Wayanad,Chooralmala,,2019-07-05T06:00:00,negative,Green,982.0,20.692,10.06,6.0044,9.25,61.8,4.0,1.5687,,,,,,,,,,,,0
Wayanad,Mundakkai,,1985-06-20T06:00:00,negative,Green,1154.0,26.286,332.11,4.8198,11.75,322.3,1.0,1.7524,,,,,,,,,,,,0
Wayanad,Mundakkai,,1995-11-10T06:00:00,negative,Green,1154.0,26.286,332.11,4.8198,11.75,322.3,1.0,1.7524,,,,,,,,,,,,0
Wayanad,Punjirimattom,,1990-11-05T06:00:00,negative,Green,947.0,13.249,65.67,7.1702,4.875,60.6,9.0,1.5764,,,,,,,,,,,,0
Wayanad,Attamala,,1973-10-20T06:00:00,negative,Green,1247.0,19.318,306.84,5.1627,12.125,96.0,1.0,1.6912,,,,,,,,,,,,0
Wayanad,Mundakkai,,2012-11-15T06:00:00,negative,Green,1154.0,26.286,332.11,4.8198,11.75,322.3,1.0,1.7524,,,,,,,,,,,,0
Wayanad,Punjirimattom,,2020-11-20T06:00:00,negative,Green,947.0,13.249,65.67,7.1702,4.875,60.6,9.0,1.5764,,,,,,,,,,289.58,0.0,0
Wayanad,Mundakkai,,2013-11-15T06:00:00,negative,Green,1154.0,26.286,332.11,4.8198,11.75,322.3,1.0,1.7524,,,,,,,,,,,,0
Wayanad,Punjirimattom,,1972-08-05T06:00:00,negative,Green,947.0,13.249,65.67,7.1702,4.875,60.6,9.0,1.5764,,,,,,,,,,,,0
Wayanad,Chooralmala,,1969-10-15T06:00:00,negative,Green,982.0,20.692,10.06,6.0044,9.25,61.8,4.0,1.5687,,,,,,,,,,,,0
Wayanad,Attamala,,2018-08-20T06:00:00,negative,Green,1247.0,19.318,306.84,5.1627,12.125,96.0,1.0,1.6912,,,,,,,,,,,,0
Wayanad,Punjirimattom,,1970-08-25T06:00:00,negative,Green,947.0,13.249,65.67,7.1702,4.875,60.6,9.0,1.5764,,,,,,,,,,,,0
Wayanad,Punjirimattom,,1980-10-05T06:00:00,negative,Green,947.0,13.249,65.67,7.1702,4.875,60.6,9.0,1.5764,,,,,,,,,,,,0
Wayanad,Mundakkai,,1989-09-10T06:00:00,negative,Green,1154.0,26.286,332.11,4.8198,11.75,322.3,1.0,1.7524,,,,,,,,,,,,0
Wayanad,Attamala,,2000-06-10T06:00:00,negative,Green,1247.0,19.318,306.84,5.1627,12.125,96.0,1.0,1.6912,,,,,,,,,,,,0
Wayanad,Punjirimattom,,1969-08-15T06:00:00,negative,Green,947.0,13.249,65.67,7.1702,4.875,60.6,9.0,1.5764,,,,,,,,,,,,0
Wayanad,Chooralmala,,2018-08-10T06:00:00,negative,Green,982.0,20.692,10.06,6.0044,9.25,61.8,4.0,1.5687,,,,,,,,,,,,0
Wayanad,Punjirimattom,,1981-07-10T06:00:00,negative,Green,947.0,13.249,65.67,7.1702,4.875,60.6,9.0,1.5764,,,,,,,,,,,,0
Wayanad,Mundakkai,,2017-08-05T06:00:00,negative,Green,1154.0,26.286,332.11,4.8198,11.75,322.3,1.0,1.7524,,,,,,,,,,,,0
Wayanad,Mundakkai,,2014-06-15T06:00:00,negative,Green,1154.0,26.286,332.11,4.8198,11.75,322.3,1.0,1.7524,,,,,,,,,,,,0
Wayanad,Attamala,,1978-08-20T06:00:00,negative,Green,1247.0,19.318,306.84,5.1627,12.125,96.0,1.0,1.6912,,,,,,,,,,,,0
Wayanad,Chooralmala,,1968-09-25T06:00:00,negative,Green,982.0,20.692,10.06,6.0044,9.25,61.8,4.0,1.5687,,,,,,,,,,,,0
Wayanad,Chooralmala,,1992-08-10T06:00:00,negative,Green,982.0,20.692,10.06,6.0044,9.25,61.8,4.0,1.5687,,,,,,,,,,,,0
Wayanad,Attamala,,2006-09-25T06:00:00,negative,Green,1247.0,19.318,306.84,5.1627,12.125,96.0,1.0,1.6912,,,,,,,,,,,,0
Wayanad,Attamala,,2002-10-20T06:00:00,negative,Green,1247.0,19.318,306.84,5.1627,12.125,96.0,1.0,1.6912,,,,,,,,,,,,0
Wayanad,Mundakkai,,1992-09-20T06:00:00,negative,Green,1154.0,26.286,332.11,4.8198,11.75,322.3,1.0,1.7524,,,,,,,,,,,,0
Wayanad,Punjirimattom,,1979-08-25T06:00:00,negative,Green,947.0,13.249,65.67,7.1702,4.875,60.6,9.0,1.5764,,,,,,,,,,,,0
Wayanad,Mundakkai,,1990-10-15T06:00:00,negative,Green,1154.0,26.286,332.11,4.8198,11.75,322.3,1.0,1.7524,,,,,,,,,,,,0
Wayanad,Punjirimattom,,2017-09-05T06:00:00,negative,Green,947.0,13.249,65.67,7.1702,4.875,60.6,9.0,1.5764,,,,,,,,,,,,0
Wayanad,Chooralmala,,1993-09-15T06:00:00,negative,Green,982.0,20.692,10.06,6.0044,9.25,61.8,4.0,1.5687,,,,,,,,,,,,0
Wayanad,Mundakkai,,1971-08-05T06:00:00,negative,Green,1154.0,26.286,332.11,4.8198,11.75,322.3,1.0,1.7524,,,,,,,,,,,,0
Wayanad,Mundakkai,,2014-11-05T06:00:00,negative,Green,1154.0,26.286,332.11,4.8198,11.75,322.3,1.0,1.7524,,,,,,,,,,,,0
Wayanad,Chooralmala,,1972-06-25T06:00:00,negative,Green,982.0,20.692,10.06,6.0044,9.25,61.8,4.0,1.5687,,,,,,,,,,,,0
Wayanad,Attamala,,1976-07-10T06:00:00,negative,Green,1247.0,19.318,306.84,5.1627,12.125,96.0,1.0,1.6912,,,,,,,,,,,,0
Wayanad,Punjirimattom,,2006-11-20T06:00:00,negative,Green,947.0,13.249,65.67,7.1702,4.875,60.6,9.0,1.5764,,,,,,,,,,,,0
Wayanad,Punjirimattom,,1969-09-10T06:00:00,negative,Green,947.0,13.249,65.67,7.1702,4.875,60.6,9.0,1.5764,,,,,,,,,,,,0
Wayanad,Mundakkai,,1989-07-25T06:00:00,negative,Green,1154.0,26.286,332.11,4.8198,11.75,322.3,1.0,1.7524,,,,,,,,,,,,0
Wayanad,Mundakkai,,1986-11-10T06:00:00,negative,Green,1154.0,26.286,332.11,4.8198,11.75,322.3,1.0,1.7524,,,,,,,,,,,,0
Wayanad,Punjirimattom,,2021-08-20T06:00:00,negative,Green,947.0,13.249,65.67,7.1702,4.875,60.6,9.0,1.5764,,,,,,,,,,289.7,-0.01,0
Wayanad,Punjirimattom,,1977-07-20T06:00:00,negative,Green,947.0,13.249,65.67,7.1702,4.875,60.6,9.0,1.5764,,,,,,,,,,,,0
Wayanad,Mundakkai,,2002-06-15T06:00:00,negative,Green,1154.0,26.286,332.11,4.8198,11.75,322.3,1.0,1.7524,,,,,,,,,,,,0
Wayanad,Mundakkai,,1980-08-15T06:00:00,negative,Green,1154.0,26.286,332.11,4.8198,11.75,322.3,1.0,1.7524,,,,,,,,,,,,0
Wayanad,Chooralmala,,1979-08-25T06:00:00,negative,Green,982.0,20.692,10.06,6.0044,9.25,61.8,4.0,1.5687,,,,,,,,,,,,0
Wayanad,Attamala,,1986-06-20T06:00:00,negative,Green,1247.0,19.318,306.84,5.1627,12.125,96.0,1.0,1.6912,,,,,,,,,,,,0
Wayanad,Punjirimattom,,1976-11-25T06:00:00,negative,Green,947.0,13.249,65.67,7.1702,4.875,60.6,9.0,1.5764,,,,,,,,,,,,0
Wayanad,Attamala,,2019-06-25T06:00:00,negative,Green,1247.0,19.318,306.84,5.1627,12.125,96.0,1.0,1.6912,,,,,,,,,,,,0
Wayanad,Chooralmala,,1988-08-25T06:00:00,negative,Green,982.0,20.692,10.06,6.0044,9.25,61.8,4.0,1.5687,,,,,,,,,,,,0
Wayanad,Chooralmala,,1973-06-20T06:00:00,negative,Green,982.0,20.692,10.06,6.0044,9.25,61.8,4.0,1.5687,,,,,,,,,,,,0
Wayanad,Chooralmala,,1991-07-20T06:00:00,negative,Green,982.0,20.692,10.06,6.0044,9.25,61.8,4.0,1.5687,,,,,,,,,,,,0
Wayanad,Punjirimattom,,1997-06-15T06:00:00,negative,Green,947.0,13.249,65.67,7.1702,4.875,60.6,9.0,1.5764,,,,,,,,,,,,0
Wayanad,Punjirimattom,,2003-11-20T06:00:00,negative,Green,947.0,13.249,65.67,7.1702,4.875,60.6,9.0,1.5764,,,,,,,,,,,,0
Wayanad,Chooralmala,,2003-09-10T06:00:00,negative,Green,982.0,20.692,10.06,6.0044,9.25,61.8,4.0,1.5687,,,,,,,,,,,,0
Wayanad,Attamala,,2003-08-10T06:00:00,negative,Green,1247.0,19.318,306.84,5.1627,12.125,96.0,1.0,1.6912,,,,,,,,,,,,0
Wayanad,Mundakkai,,1968-07-15T06:00:00,negative,Green,1154.0,26.286,332.11,4.8198,11.75,322.3,1.0,1.7524,,,,,,,,,,,,0
Wayanad,Punjirimattom,,2008-06-25T06:00:00,negative,Green,947.0,13.249,65.67,7.1702,4.875,60.6,9.0,1.5764,,,,,,,,,,,,0
Wayanad,Attamala,,2002-06-20T06:00:00,negative,Green,1247.0,19.318,306.84,5.1627,12.125,96.0,1.0,1.6912,,,,,,,,,,,,0
Wayanad,Attamala,,2012-10-15T06:00:00,negative,Green,1247.0,19.318,306.84,5.1627,12.125,96.0,1.0,1.6912,,,,,,,,,,,,0
Wayanad,Mundakkai,,1968-09-15T06:00:00,negative,Green,1154.0,26.286,332.11,4.8198,11.75,322.3,1.0,1.7524,,,,,,,,,,,,0
Wayanad,Punjirimattom,,2015-06-10T06:00:00,negative,Green,947.0,13.249,65.67,7.1702,4.875,60.6,9.0,1.5764,,,,,,,,,,,,0
Wayanad,Mundakkai,,1998-09-25T06:00:00,negative,Green,1154.0,26.286,332.11,4.8198,11.75,322.3,1.0,1.7524,,,,,,,,,,,,0
Wayanad,Mundakkai,,1976-06-15T06:00:00,negative,Green,1154.0,26.286,332.11,4.8198,11.75,322.3,1.0,1.7524,,,,,,,,,,,,0
Wayanad,Chooralmala,,1987-11-25T06:00:00,negative,Green,982.0,20.692,10.06,6.0044,9.25,61.8,4.0,1.5687,,,,,,,,,,,,0
Wayanad,Attamala,,2003-09-10T06:00:00,negative,Green,1247.0,19.318,306.84,5.1627,12.125,96.0,1.0,1.6912,,,,,,,,,,,,0
Wayanad,Mundakkai,,1995-08-05T06:00:00,negative,Green,1154.0,26.286,332.11,4.8198,11.75,322.3,1.0,1.7524,,,,,,,,,,,,0
Wayanad,Punjirimattom,,2009-09-25T06:00:00,negative,Green,947.0,13.249,65.67,7.1702,4.875,60.6,9.0,1.5764,,,,,,,,,,,,0
Wayanad,Attamala,,1987-09-20T06:00:00,negative,Green,1247.0,19.318,306.84,5.1627,12.125,96.0,1.0,1.6912,,,,,,,,,,,,0
Wayanad,Punjirimattom,,1993-10-20T06:00:00,negative,Green,947.0,13.249,65.67,7.1702,4.875,60.6,9.0,1.5764,,,,,,,,,,,,0
Wayanad,Attamala,,1989-07-15T06:00:00,negative,Green,1247.0,19.318,306.84,5.1627,12.125,96.0,1.0,1.6912,,,,,,,,,,,,0
Wayanad,Mundakkai,,2022-09-20T06:00:00,negative,Green,1154.0,26.286,332.11,4.8198,11.75,322.3,1.0,1.7524,,,,,,,,,,289.81,0.0,0
Wayanad,Chooralmala,,2017-08-10T06:00:00,negative,Green,982.0,20.692,10.06,6.0044,9.25,61.8,4.0,1.5687,,,,,,,,,,,,0
Wayanad,Attamala,,2003-07-15T06:00:00,negative,Green,1247.0,19.318,306.84,5.1627,12.125,96.0,1.0,1.6912,,,,,,,,,,,,0
Wayanad,Punjirimattom,,1974-07-05T06:00:00,negative,Green,947.0,13.249,65.67,7.1702,4.875,60.6,9.0,1.5764,,,,,,,,,,,,0
Wayanad,Punjirimattom,,1988-06-10T06:00:00,negative,Green,947.0,13.249,65.67,7.1702,4.875,60.6,9.0,1.5764,,,,,,,,,,,,0
Wayanad,Attamala,,2021-07-05T06:00:00,negative,Green,1247.0,19.318,306.84,5.1627,12.125,96.0,1.0,1.6912,,,,,,,,,,289.44,0.02,0
Wayanad,Attamala,,2005-08-05T06:00:00,negative,Green,1247.0,19.318,306.84,5.1627,12.125,96.0,1.0,1.6912,,,,,,,,,,,,0
Wayanad,Chooralmala,,1987-07-10T06:00:00,negative,Green,982.0,20.692,10.06,6.0044,9.25,61.8,4.0,1.5687,,,,,,,,,,,,0
Wayanad,Attamala,,2018-09-15T06:00:00,negative,Green,1247.0,19.318,306.84,5.1627,12.125,96.0,1.0,1.6912,,,,,,,,,,,,0
Wayanad,Attamala,,1975-10-15T06:00:00,negative,Green,1247.0,19.318,306.84,5.1627,12.125,96.0,1.0,1.6912,,,,,,,,,,,,0
Wayanad,Chooralmala,,2021-08-15T06:00:00,negative,Green,982.0,20.692,10.06,6.0044,9.25,61.8,4.0,1.5687,,,,,,,,,,289.61,0.0,0
Wayanad,Chooralmala,,2012-09-20T06:00:00,negative,Green,982.0,20.692,10.06,6.0044,9.25,61.8,4.0,1.5687,,,,,,,,,,,,0
Wayanad,Chooralmala,,2004-06-15T06:00:00,negative,Green,982.0,20.692,10.06,6.0044,9.25,61.8,4.0,1.5687,,,,,,,,,,,,0
Wayanad,Chooralmala,,2016-09-15T06:00:00,negative,Green,982.0,20.692,10.06,6.0044,9.25,61.8,4.0,1.5687,,,,,,,,,,,,0
Wayanad,Punjirimattom,,1996-08-15T06:00:00,negative,Green,947.0,13.249,65.67,7.1702,4.875,60.6,9.0,1.5764,,,,,,,,,,,,0
Wayanad,Chooralmala,,2004-10-25T06:00:00,negative,Green,982.0,20.692,10.06,6.0044,9.25,61.8,4.0,1.5687,,,,,,,,,,,,0
Wayanad,Mundakkai,,1974-09-05T06:00:00,negative,Green,1154.0,26.286,332.11,4.8198,11.75,322.3,1.0,1.7524,,,,,,,,,,,,0
Wayanad,Attamala,,2023-10-25T06:00:00,negative,Green,1247.0,19.318,306.84,5.1627,12.125,96.0,1.0,1.6912,,,,,,,,,,289.35,-0.01,0
Wayanad,Attamala,,1973-08-15T06:00:00,negative,Green,1247.0,19.318,306.84,5.1627,12.125,96.0,1.0,1.6912,,,,,,,,,,,,0
Wayanad,Attamala,,1990-06-25T06:00:00,negative,Green,1247.0,19.318,306.84,5.1627,12.125,96.0,1.0,1.6912,,,,,,,,,,,,0
Wayanad,Punjirimattom,,1979-06-15T06:00:00,negative,Green,947.0,13.249,65.67,7.1702,4.875,60.6,9.0,1.5764,,,,,,,,,,,,0
Wayanad,Attamala,,1999-06-15T06:00:00,negative,Green,1247.0,19.318,306.84,5.1627,12.125,96.0,1.0,1.6912,,,,,,,,,,,,0
Wayanad,Mundakkai,,1977-08-05T06:00:00,negative,Green,1154.0,26.286,332.11,4.8198,11.75,322.3,1.0,1.7524,,,,,,,,,,,,0
Wayanad,Punjirimattom,,1983-06-10T06:00:00,negative,Green,947.0,13.249,65.67,7.1702,4.875,60.6,9.0,1.5764,,,,,,,,,,,,0
Wayanad,Punjirimattom,,2004-08-10T06:00:00,negative,Green,947.0,13.249,65.67,7.1702,4.875,60.6,9.0,1.5764,,,,,,,,,,,,0
Wayanad,Attamala,,1994-10-05T06:00:00,negative,Green,1247.0,19.318,306.84,5.1627,12.125,96.0,1.0,1.6912,,,,,,,,,,,,0
Wayanad,Mundakkai,,1997-07-15T06:00:00,negative,Green,1154.0,26.286,332.11,4.8198,11.75,322.3,1.0,1.7524,,,,,,,,,,,,0
Wayanad,Mundakkai,,1969-09-25T06:00:00,negative,Green,1154.0,26.286,332.11,4.8198,11.75,322.3,1.0,1.7524,,,,,,,,,,,,0
Wayanad,Mundakkai,,2004-09-10T06:00:00,negative,Green,1154.0,26.286,332.11,4.8198,11.75,322.3,1.0,1.7524,,,,,,,,,,,,0
Wayanad,Attamala,,2010-11-10T06:00:00,negative,Green,1247.0,19.318,306.84,5.1627,12.125,96.0,1.0,1.6912,,,,,,,,,,,,0
Wayanad,Attamala,,1974-11-10T06:00:00,negative,Green,1247.0,19.318,306.84,5.1627,12.125,96.0,1.0,1.6912,,,,,,,,,,,,0
Wayanad,Chooralmala,,2022-11-05T06:00:00,negative,Green,982.0,20.692,10.06,6.0044,9.25,61.8,4.0,1.5687,,,,,,,,,,289.59,0.0,0
Wayanad,Mundakkai,,1989-11-15T06:00:00,negative,Green,1154.0,26.286,332.11,4.8198,11.75,322.3,1.0,1.7524,,,,,,,,,,,,0
Wayanad,Attamala,,2000-10-05T06:00:00,negative,Green,1247.0,19.318,306.84,5.1627,12.125,96.0,1.0,1.6912,,,,,,,,,,,,0
Wayanad,Attamala,,1998-08-10T06:00:00,negative,Green,1247.0,19.318,306.84,5.1627,12.125,96.0,1.0,1.6912,,,,,,,,,,,,0
Wayanad,Punjirimattom,,1975-10-25T06:00:00,negative,Green,947.0,13.249,65.67,7.1702,4.875,60.6,9.0,1.5764,,,,,,,,,,,,0
Wayanad,Attamala,,2017-06-20T06:00:00,negative,Green,1247.0,19.318,306.84,5.1627,12.125,96.0,1.0,1.6912,,,,,,,,,,,,0
Wayanad,Attamala,,1968-07-25T06:00:00,negative,Green,1247.0,19.318,306.84,5.1627,12.125,96.0,1.0,1.6912,,,,,,,,,,,,0
Wayanad,Attamala,,1980-09-10T06:00:00,negative,Green,1247.0,19.318,306.84,5.1627,12.125,96.0,1.0,1.6912,,,,,,,,,,,,0
Wayanad,Attamala,,2009-06-20T06:00:00,negative,Green,1247.0,19.318,306.84,5.1627,12.125,96.0,1.0,1.6912,,,,,,,,,,,,0
Wayanad,Attamala,,1982-07-05T06:00:00,negative,Green,1247.0,19.318,306.84,5.1627,12.125,96.0,1.0,1.6912,,,,,,,,,,,,0
Wayanad,Mundakkai,,1968-07-20T06:00:00,negative,Green,1154.0,26.286,332.11,4.8198,11.75,322.3,1.0,1.7524,,,,,,,,,,,,0
Wayanad,Punjirimattom,,1973-07-25T06:00:00,negative,Green,947.0,13.249,65.67,7.1702,4.875,60.6,9.0,1.5764,,,,,,,,,,,,0
Wayanad,Mundakkai,,2020-10-20T06:00:00,negative,Green,1154.0,26.286,332.11,4.8198,11.75,322.3,1.0,1.7524,,,,,,,,,,289.63,0.0,0
Wayanad,Punjirimattom,,2016-07-25T06:00:00,negative,Green,947.0,13.249,65.67,7.1702,4.875,60.6,9.0,1.5764,,,,,,,,,,,,0
Wayanad,Attamala,,1975-10-05T06:00:00,negative,Green,1247.0,19.318,306.84,5.1627,12.125,96.0,1.0,1.6912,,,,,,,,,,,,0
Wayanad,Mundakkai,,1987-09-20T06:00:00,negative,Green,1154.0,26.286,332.11,4.8198,11.75,322.3,1.0,1.7524,,,,,,,,,,,,0
Wayanad,Mundakkai,,1982-07-15T06:00:00,negative,Green,1154.0,26.286,332.11,4.8198,11.75,322.3,1.0,1.7524,,,,,,,,,,,,0
Wayanad,Mundakkai,,2015-06-10T06:00:00,negative,Green,1154.0,26.286,332.11,4.8198,11.75,322.3,1.0,1.7524,,,,,,,,,,,,0
Wayanad,Chooralmala,,2000-09-20T06:00:00,negative,Green,982.0,20.692,10.06,6.0044,9.25,61.8,4.0,1.5687,,,,,,,,,,,,0
Wayanad,Mundakkai,,2016-09-10T06:00:00,negative,Green,1154.0,26.286,332.11,4.8198,11.75,322.3,1.0,1.7524,,,,,,,,,,,,0
Wayanad,Chooralmala,,1978-10-25T06:00:00,negative,Green,982.0,20.692,10.06,6.0044,9.25,61.8,4.0,1.5687,,,,,,,,,,,,0
Wayanad,Mundakkai,,2020-09-10T06:00:00,negative,Green,1154.0,26.286,332.11,4.8198,11.75,322.3,1.0,1.7524,,,,,,,,,,290.08,-0.03,0
Wayanad,Mundakkai,,2002-08-15T06:00:00,negative,Green,1154.0,26.286,332.11,4.8198,11.75,322.3,1.0,1.7524,,,,,,,,,,,,0
Wayanad,Mundakkai,,2017-07-15T06:00:00,negative,Green,1154.0,26.286,332.11,4.8198,11.75,322.3,1.0,1.7524,,,,,,,,,,,,0
Wayanad,Attamala,,2007-09-25T06:00:00,negative,Green,1247.0,19.318,306.84,5.1627,12.125,96.0,1.0,1.6912,,,,,,,,,,,,0
Wayanad,Mundakkai,,1997-07-20T06:00:00,negative,Green,1154.0,26.286,332.11,4.8198,11.75,322.3,1.0,1.7524,,,,,,,,,,,,0
Wayanad,Mundakkai,,1970-09-10T06:00:00,negative,Green,1154.0,26.286,332.11,4.8198,11.75,322.3,1.0,1.7524,,,,,,,,,,,,0
Wayanad,Punjirimattom,,1998-06-20T06:00:00,negative,Green,947.0,13.249,65.67,7.1702,4.875,60.6,9.0,1.5764,,,,,,,,,,,,0
Wayanad,Attamala,,1995-11-20T06:00:00,negative,Green,1247.0,19.318,306.84,5.1627,12.125,96.0,1.0,1.6912,,,,,,,,,,,,0
Wayanad,Chooralmala,,2024-11-10T06:00:00,negative,Green,982.0,20.692,10.06,6.0044,9.25,61.8,4.0,1.5687,,,,,,,,,,289.63,0.0,0
Wayanad,Attamala,,2009-06-15T06:00:00,negative,Green,1247.0,19.318,306.84,5.1627,12.125,96.0,1.0,1.6912,,,,,,,,,,,,0
Wayanad,Chooralmala,,2016-11-25T06:00:00,negative,Green,982.0,20.692,10.06,6.0044,9.25,61.8,4.0,1.5687,,,,,,,,,,,,0
Wayanad,Mundakkai,,1985-08-10T06:00:00,negative,Green,1154.0,26.286,332.11,4.8198,11.75,322.3,1.0,1.7524,,,,,,,,,,,,0
Wayanad,Attamala,,1972-08-25T06:00:00,negative,Green,1247.0,19.318,306.84,5.1627,12.125,96.0,1.0,1.6912,,,,,,,,,,,,0
Wayanad,Chooralmala,,1984-09-05T06:00:00,negative,Green,982.0,20.692,10.06,6.0044,9.25,61.8,4.0,1.5687,,,,,,,,,,,,0
Wayanad,Attamala,,1991-10-15T06:00:00,negative,Green,1247.0,19.318,306.84,5.1627,12.125,96.0,1.0,1.6912,,,,,,,,,,,,0
Wayanad,Punjirimattom,,1986-08-05T06:00:00,negative,Green,947.0,13.249,65.67,7.1702,4.875,60.6,9.0,1.5764,,,,,,,,,,,,0
Wayanad,Attamala,,2013-10-25T06:00:00,negative,Green,1247.0,19.318,306.84,5.1627,12.125,96.0,1.0,1.6912,,,,,,,,,,,,0
Wayanad,Attamala,,2005-07-15T06:00:00,negative,Green,1247.0,19.318,306.84,5.1627,12.125,96.0,1.0,1.6912,,,,,,,,,,,,0
Wayanad,Punjirimattom,,1980-08-20T06:00:00,negative,Green,947.0,13.249,65.67,7.1702,4.875,60.6,9.0,1.5764,,,,,,,,,,,,0
Wayanad,Punjirimattom,,1981-11-10T06:00:00,negative,Green,947.0,13.249,65.67,7.1702,4.875,60.6,9.0,1.5764,,,,,,,,,,,,0
Wayanad,Punjirimattom,,2023-06-05T06:00:00,negative,Green,947.0,13.249,65.67,7.1702,4.875,60.6,9.0,1.5764,,,,,,,,,,289.18,0.0,0
Wayanad,Chooralmala,,1980-07-20T06:00:00,negative,Green,982.0,20.692,10.06,6.0044,9.25,61.8,4.0,1.5687,,,,,,,,,,,,0
Wayanad,Chooralmala,,1999-08-25T06:00:00,negative,Green,982.0,20.692,10.06,6.0044,9.25,61.8,4.0,1.5687,,,,,,,,,,,,0
Wayanad,Punjirimattom,,1998-08-25T06:00:00,negative,Green,947.0,13.249,65.67,7.1702,4.875,60.6,9.0,1.5764,,,,,,,,,,,,0
Wayanad,Mundakkai,,2024-08-15T06:00:00,negative,Green,1154.0,26.286,332.11,4.8198,11.75,322.3,1.0,1.7524,,,,,,,,,,289.92,0.03,0
Wayanad,Attamala,,2020-07-05T06:00:00,negative,Green,1247.0,19.318,306.84,5.1627,12.125,96.0,1.0,1.6912,,,,,,,,,,289.43,0.0,0
Wayanad,Mundakkai,,1998-09-20T06:00:00,negative,Green,1154.0,26.286,332.11,4.8198,11.75,322.3,1.0,1.7524,,,,,,,,,,,,0
Wayanad,Mundakkai,,1999-09-15T06:00:00,negative,Green,1154.0,26.286,332.11,4.8198,11.75,322.3,1.0,1.7524,,,,,,,,,,,,0
Wayanad,Mundakkai,,1990-11-15T06:00:00,negative,Green,1154.0,26.286,332.11,4.8198,11.75,322.3,1.0,1.7524,,,,,,,,,,,,0
Wayanad,Punjirimattom,,1972-08-15T06:00:00,negative,Green,947.0,13.249,65.67,7.1702,4.875,60.6,9.0,1.5764,,,,,,,,,,,,0
Wayanad,Punjirimattom,,1976-06-25T06:00:00,negative,Green,947.0,13.249,65.67,7.1702,4.875,60.6,9.0,1.5764,,,,,,,,,,,,0
Wayanad,Punjirimattom,,2005-08-15T06:00:00,negative,Green,947.0,13.249,65.67,7.1702,4.875,60.6,9.0,1.5764,,,,,,,,,,,,0
Wayanad,Attamala,,1996-09-15T06:00:00,negative,Green,1247.0,19.318,306.84,5.1627,12.125,96.0,1.0,1.6912,,,,,,,,,,,,0
Wayanad,Punjirimattom,,2012-10-10T06:00:00,negative,Green,947.0,13.249,65.67,7.1702,4.875,60.6,9.0,1.5764,,,,,,,,,,,,0
Wayanad,Attamala,,1979-11-25T06:00:00,negative,Green,1247.0,19.318,306.84,5.1627,12.125,96.0,1.0,1.6912,,,,,,,,,,,,0
Wayanad,Attamala,,2006-06-10T06:00:00,negative,Green,1247.0,19.318,306.84,5.1627,12.125,96.0,1.0,1.6912,,,,,,,,,,,,0
Wayanad,Attamala,,2024-08-20T06:00:00,negative,Green,1247.0,19.318,306.84,5.1627,12.125,96.0,1.0,1.6912,,,,,,,,,,289.76,0.04,0
Wayanad,Chooralmala,,1991-08-05T06:00:00,negative,Green,982.0,20.692,10.06,6.0044,9.25,61.8,4.0,1.5687,,,,,,,,,,,,0
Wayanad,Chooralmala,,1974-08-15T06:00:00,negative,Green,982.0,20.692,10.06,6.0044,9.25,61.8,4.0,1.5687,,,,,,,,,,,,0
Wayanad,Mundakkai,,1977-10-20T06:00:00,negative,Green,1154.0,26.286,332.11,4.8198,11.75,322.3,1.0,1.7524,,,,,,,,,,,,0
Wayanad,Punjirimattom,,2017-10-10T06:00:00,negative,Green,947.0,13.249,65.67,7.1702,4.875,60.6,9.0,1.5764,,,,,,,,,,,,0
Wayanad,Mundakkai,,1981-06-05T06:00:00,negative,Green,1154.0,26.286,332.11,4.8198,11.75,322.3,1.0,1.7524,,,,,,,,,,,,0
Wayanad,Chooralmala,,1989-10-15T06:00:00,negative,Green,982.0,20.692,10.06,6.0044,9.25,61.8,4.0,1.5687,,,,,,,,,,,,0
Wayanad,Attamala,,2023-07-10T06:00:00,negative,Green,1247.0,19.318,306.84,5.1627,12.125,96.0,1.0,1.6912,,,,,,,,,,289.47,0.02,0
Wayanad,Chooralmala,,1972-08-10T06:00:00,negative,Green,982.0,20.692,10.06,6.0044,9.25,61.8,4.0,1.5687,,,,,,,,,,,,0
Wayanad,Punjirimattom,,2001-08-25T06:00:00,negative,Green,947.0,13.249,65.67,7.1702,4.875,60.6,9.0,1.5764,,,,,,,,,,,,0
Wayanad,Mundakkai,,2014-08-15T06:00:00,negative,Green,1154.0,26.286,332.11,4.8198,11.75,322.3,1.0,1.7524,,,,,,,,,,,,0
Wayanad,Chooralmala,,1969-09-25T06:00:00,negative,Green,982.0,20.692,10.06,6.0044,9.25,61.8,4.0,1.5687,,,,,,,,,,,,0
Wayanad,Chooralmala,,2016-09-20T06:00:00,negative,Green,982.0,20.692,10.06,6.0044,9.25,61.8,4.0,1.5687,,,,,,,,,,,,0
Wayanad,Mundakkai,,1997-11-25T06:00:00,negative,Green,1154.0,26.286,332.11,4.8198,11.75,322.3,1.0,1.7524,,,,,,,,,,,,0
Wayanad,Chooralmala,,2015-11-10T06:00:00,negative,Green,982.0,20.692,10.06,6.0044,9.25,61.8,4.0,1.5687,,,,,,,,,,,,0
Wayanad,Punjirimattom,,2004-09-15T06:00:00,negative,Green,947.0,13.249,65.67,7.1702,4.875,60.6,9.0,1.5764,,,,,,,,,,,,0
Wayanad,Mundakkai,,2000-10-25T06:00:00,negative,Green,1154.0,26.286,332.11,4.8198,11.75,322.3,1.0,1.7524,,,,,,,,,,,,0
Wayanad,Attamala,,2011-08-05T06:00:00,negative,Green,1247.0,19.318,306.84,5.1627,12.125,96.0,1.0,1.6912,,,,,,,,,,,,0
Wayanad,Punjirimattom,,1983-09-10T06:00:00,negative,Green,947.0,13.249,65.67,7.1702,4.875,60.6,9.0,1.5764,,,,,,,,,,,,0
Wayanad,Mundakkai,,2020-09-05T06:00:00,negative,Green,1154.0,26.286,332.11,4.8198,11.75,322.3,1.0,1.7524,,,,,,,,,,289.6,0.0,0
Wayanad,Chooralmala,,2001-07-20T06:00:00,negative,Green,982.0,20.692,10.06,6.0044,9.25,61.8,4.0,1.5687,,,,,,,,,,,,0
Wayanad,Mundakkai,,2014-07-20T06:00:00,negative,Green,1154.0,26.286,332.11,4.8198,11.75,322.3,1.0,1.7524,,,,,,,,,,,,0
Wayanad,Mundakkai,,2012-10-15T06:00:00,negative,Green,1154.0,26.286,332.11,4.8198,11.75,322.3,1.0,1.7524,,,,,,,,,,,,0
Wayanad,Mundakkai,,2023-06-25T06:00:00,negative,Green,1154.0,26.286,332.11,4.8198,11.75,322.3,1.0,1.7524,,,,,,,,,,289.22,0.0,0
Wayanad,Punjirimattom,,2001-11-15T06:00:00,negative,Green,947.0,13.249,65.67,7.1702,4.875,60.6,9.0,1.5764,,,,,,,,,,,,0
Wayanad,Punjirimattom,,2003-07-10T06:00:00,negative,Green,947.0,13.249,65.67,7.1702,4.875,60.6,9.0,1.5764,,,,,,,,,,,,0
Wayanad,Chooralmala,,1971-09-10T06:00:00,negative,Green,982.0,20.692,10.06,6.0044,9.25,61.8,4.0,1.5687,,,,,,,,,,,,0
Wayanad,Chooralmala,,2015-07-25T06:00:00,negative,Green,982.0,20.692,10.06,6.0044,9.25,61.8,4.0,1.5687,,,,,,,,,,,,0
Wayanad,Attamala,,1983-10-25T06:00:00,negative,Green,1247.0,19.318,306.84,5.1627,12.125,96.0,1.0,1.6912,,,,,,,,,,,,0
Wayanad,Punjirimattom,,1994-07-25T06:00:00,negative,Green,947.0,13.249,65.67,7.1702,4.875,60.6,9.0,1.5764,,,,,,,,,,,,0
Wayanad,Mundakkai,,1983-09-05T06:00:00,negative,Green,1154.0,26.286,332.11,4.8198,11.75,322.3,1.0,1.7524,,,,,,,,,,,,0
Wayanad,Chooralmala,,1999-08-20T06:00:00,negative,Green,982.0,20.692,10.06,6.0044,9.25,61.8,4.0,1.5687,,,,,,,,,,,,0
Wayanad,Mundakkai,,2018-10-20T06:00:00,negative,Green,1154.0,26.286,332.11,4.8198,11.75,322.3,1.0,1.7524,,,,,,,,,,,,0
Wayanad,Chooralmala,,1974-11-15T06:00:00,negative,Green,982.0,20.692,10.06,6.0044,9.25,61.8,4.0,1.5687,,,,,,,,,,,,0
Wayanad,Punjirimattom,,1995-10-05T06:00:00,negative,Green,947.0,13.249,65.67,7.1702,4.875,60.6,9.0,1.5764,,,,,,,,,,,,0
Wayanad,Chooralmala,,1990-07-05T06:00:00,negative,Green,982.0,20.692,10.06,6.0044,9.25,61.8,4.0,1.5687,,,,,,,,,,,,0
Wayanad,Punjirimattom,,1974-06-05T06:00:00,negative,Green,947.0,13.249,65.67,7.1702,4.875,60.6,9.0,1.5764,,,,,,,,,,,,0
Wayanad,Chooralmala,,1968-09-15T06:00:00,negative,Green,982.0,20.692,10.06,6.0044,9.25,61.8,4.0,1.5687,,,,,,,,,,,,0
Wayanad,Punjirimattom,,1985-08-15T06:00:00,negative,Green,947.0,13.249,65.67,7.1702,4.875,60.6,9.0,1.5764,,,,,,,,,,,,0
Wayanad,Punjirimattom,,1983-10-25T06:00:00,negative,Green,947.0,13.249,65.67,7.1702,4.875,60.6,9.0,1.5764,,,,,,,,,,,,0
Wayanad,Mundakkai,,2002-11-10T06:00:00,negative,Green,1154.0,26.286,332.11,4.8198,11.75,322.3,1.0,1.7524,,,,,,,,,,,,0
Wayanad,Mundakkai,,1979-07-20T06:00:00,negative,Green,1154.0,26.286,332.11,4.8198,11.75,322.3,1.0,1.7524,,,,,,,,,,,,0
Wayanad,Chooralmala,,1989-10-25T06:00:00,negative,Green,982.0,20.692,10.06,6.0044,9.25,61.8,4.0,1.5687,,,,,,,,,,,,0
Wayanad,Chooralmala,,1974-10-05T06:00:00,negative,Green,982.0,20.692,10.06,6.0044,9.25,61.8,4.0,1.5687,,,,,,,,,,,,0
Wayanad,Attamala,,1976-08-25T06:00:00,negative,Green,1247.0,19.318,306.84,5.1627,12.125,96.0,1.0,1.6912,,,,,,,,,,,,0
Wayanad,Attamala,,1977-09-05T06:00:00,negative,Green,1247.0,19.318,306.84,5.1627,12.125,96.0,1.0,1.6912,,,,,,,,,,,,0
Wayanad,Attamala,,1980-08-25T06:00:00,negative,Green,1247.0,19.318,306.84,5.1627,12.125,96.0,1.0,1.6912,,,,,,,,,,,,0
Wayanad,Chooralmala,,1971-07-25T06:00:00,negative,Green,982.0,20.692,10.06,6.0044,9.25,61.8,4.0,1.5687,,,,,,,,,,,,0
Wayanad,Punjirimattom,,2018-06-10T06:00:00,negative,Green,947.0,13.249,65.67,7.1702,4.875,60.6,9.0,1.5764,,,,,,,,,,,,0
Wayanad,Attamala,,2018-11-10T06:00:00,negative,Green,1247.0,19.318,306.84,5.1627,12.125,96.0,1.0,1.6912,,,,,,,,,,,,0
Wayanad,Attamala,,2018-06-20T06:00:00,negative,Green,1247.0,19.318,306.84,5.1627,12.125,96.0,1.0,1.6912,,,,,,,,,,,,0
Wayanad,Mundakkai,,2017-11-15T06:00:00,negative,Green,1154.0,26.286,332.11,4.8198,11.75,322.3,1.0,1.7524,,,,,,,,,,,,0
Wayanad,Mundakkai,,2024-06-15T06:00:00,negative,Green,1154.0,26.286,332.11,4.8198,11.75,322.3,1.0,1.7524,,,,,,,,,,289.44,-0.01,0
Wayanad,Mundakkai,,2002-10-10T06:00:00,negative,Green,1154.0,26.286,332.11,4.8198,11.75,322.3,1.0,1.7524,,,,,,,,,,,,0
Wayanad,Punjirimattom,,1999-11-10T06:00:00,negative,Green,947.0,13.249,65.67,7.1702,4.875,60.6,9.0,1.5764,,,,,,,,,,,,0
Wayanad,Attamala,,1988-08-05T06:00:00,negative,Green,1247.0,19.318,306.84,5.1627,12.125,96.0,1.0,1.6912,,,,,,,,,,,,0
Wayanad,Mundakkai,,1978-08-20T06:00:00,negative,Green,1154.0,26.286,332.11,4.8198,11.75,322.3,1.0,1.7524,,,,,,,,,,,,0
Wayanad,Chooralmala,,1985-07-20T06:00:00,negative,Green,982.0,20.692,10.06,6.0044,9.25,61.8,4.0,1.5687,,,,,,,,,,,,0
Wayanad,Mundakkai,,1973-11-05T06:00:00,negative,Green,1154.0,26.286,332.11,4.8198,11.75,322.3,1.0,1.7524,,,,,,,,,,,,0
Wayanad,Punjirimattom,,1971-08-05T06:00:00,negative,Green,947.0,13.249,65.67,7.1702,4.875,60.6,9.0,1.5764,,,,,,,,,,,,0
Wayanad,Chooralmala,,1987-08-20T06:00:00,negative,Green,982.0,20.692,10.06,6.0044,9.25,61.8,4.0,1.5687,,,,,,,,,,,,0
Wayanad,Chooralmala,,1997-08-10T06:00:00,negative,Green,982.0,20.692,10.06,6.0044,9.25,61.8,4.0,1.5687,,,,,,,,,,,,0
Wayanad,Chooralmala,,2008-06-20T06:00:00,negative,Green,982.0,20.692,10.06,6.0044,9.25,61.8,4.0,1.5687,,,,,,,,,,,,0
Wayanad,Punjirimattom,,1997-10-10T06:00:00,negative,Green,947.0,13.249,65.67,7.1702,4.875,60.6,9.0,1.5764,,,,,,,,,,,,0
Wayanad,Punjirimattom,,2000-07-20T06:00:00,negative,Green,947.0,13.249,65.67,7.1702,4.875,60.6,9.0,1.5764,,,,,,,,,,,,0
Wayanad,Mundakkai,,2004-06-20T06:00:00,negative,Green,1154.0,26.286,332.11,4.8198,11.75,322.3,1.0,1.7524,,,,,,,,,,,,0
Wayanad,Attamala,,1996-11-25T06:00:00,negative,Green,1247.0,19.318,306.84,5.1627,12.125,96.0,1.0,1.6912,,,,,,,,,,,,0
Wayanad,Attamala,,1978-11-25T06:00:00,negative,Green,1247.0,19.318,306.84,5.1627,12.125,96.0,1.0,1.6912,,,,,,,,,,,,0
Wayanad,Attamala,,2010-09-20T06:00:00,negative,Green,1247.0,19.318,306.84,5.1627,12.125,96.0,1.0,1.6912,,,,,,,,,,,,0
Wayanad,Mundakkai,,2003-10-20T06:00:00,negative,Green,1154.0,26.286,332.11,4.8198,11.75,322.3,1.0,1.7524,,,,,,,,,,,,0
Wayanad,Punjirimattom,,2001-09-10T06:00:00,negative,Green,947.0,13.249,65.67,7.1702,4.875,60.6,9.0,1.5764,,,,,,,,,,,,0
Wayanad,Punjirimattom,,1996-10-25T06:00:00,negative,Green,947.0,13.249,65.67,7.1702,4.875,60.6,9.0,1.5764,,,,,,,,,,,,0
Wayanad,Attamala,,2017-09-25T06:00:00,negative,Green,1247.0,19.318,306.84,5.1627,12.125,96.0,1.0,1.6912,,,,,,,,,,,,0
Wayanad,Chooralmala,,1989-08-20T06:00:00,negative,Green,982.0,20.692,10.06,6.0044,9.25,61.8,4.0,1.5687,,,,,,,,,,,,0
Wayanad,Punjirimattom,,2018-10-10T06:00:00,negative,Green,947.0,13.249,65.67,7.1702,4.875,60.6,9.0,1.5764,,,,,,,,,,,,0
Wayanad,Attamala,,2013-11-10T06:00:00,negative,Green,1247.0,19.318,306.84,5.1627,12.125,96.0,1.0,1.6912,,,,,,,,,,,,0
Wayanad,Attamala,,1989-10-20T06:00:00,negative,Green,1247.0,19.318,306.84,5.1627,12.125,96.0,1.0,1.6912,,,,,,,,,,,,0
Wayanad,Chooralmala,,1972-09-25T06:00:00,negative,Green,982.0,20.692,10.06,6.0044,9.25,61.8,4.0,1.5687,,,,,,,,,,,,0
Wayanad,Attamala,,2023-10-10T06:00:00,negative,Green,1247.0,19.318,306.84,5.1627,12.125,96.0,1.0,1.6912,,,,,,,,,,289.48,-0.01,0
Wayanad,Punjirimattom,,2022-11-05T06:00:00,negative,Green,947.0,13.249,65.67,7.1702,4.875,60.6,9.0,1.5764,,,,,,,,,,289.59,0.0,0
Wayanad,Chooralmala,,2012-11-20T06:00:00,negative,Green,982.0,20.692,10.06,6.0044,9.25,61.8,4.0,1.5687,,,,,,,,,,,,0
Wayanad,Attamala,,1998-06-05T06:00:00,negative,Green,1247.0,19.318,306.84,5.1627,12.125,96.0,1.0,1.6912,,,,,,,,,,,,0
Wayanad,Punjirimattom,,1981-06-25T06:00:00,negative,Green,947.0,13.249,65.67,7.1702,4.875,60.6,9.0,1.5764,,,,,,,,,,,,0
Wayanad,Mundakkai,,2014-07-25T06:00:00,negative,Green,1154.0,26.286,332.11,4.8198,11.75,322.3,1.0,1.7524,,,,,,,,,,,,0
Wayanad,Attamala,,2011-11-20T06:00:00,negative,Green,1247.0,19.318,306.84,5.1627,12.125,96.0,1.0,1.6912,,,,,,,,,,,,0
Wayanad,Mundakkai,,1982-10-25T06:00:00,negative,Green,1154.0,26.286,332.11,4.8198,11.75,322.3,1.0,1.7524,,,,,,,,,,,,0
Wayanad,Mundakkai,,2006-10-15T06:00:00,negative,Green,1154.0,26.286,332.11,4.8198,11.75,322.3,1.0,1.7524,,,,,,,,,,,,0
Wayanad,Chooralmala,,1995-09-10T06:00:00,negative,Green,982.0,20.692,10.06,6.0044,9.25,61.8,4.0,1.5687,,,,,,,,,,,,0
Wayanad,Attamala,,2024-06-15T06:00:00,negative,Green,1247.0,19.318,306.84,5.1627,12.125,96.0,1.0,1.6912,,,,,,,,,,289.44,-0.01,0
Wayanad,Attamala,,1982-08-25T06:00:00,negative,Green,1247.0,19.318,306.84,5.1627,12.125,96.0,1.0,1.6912,,,,,,,,,,,,0
Wayanad,Mundakkai,,1997-11-15T06:00:00,negative,Green,1154.0,26.286,332.11,4.8198,11.75,322.3,1.0,1.7524,,,,,,,,,,,,0
Wayanad,Punjirimattom,,1994-08-20T06:00:00,negative,Green,947.0,13.249,65.67,7.1702,4.875,60.6,9.0,1.5764,,,,,,,,,,,,0
Wayanad,Chooralmala,,1977-09-10T06:00:00,negative,Green,982.0,20.692,10.06,6.0044,9.25,61.8,4.0,1.5687,,,,,,,,,,,,0
Wayanad,Mundakkai,,2017-06-15T06:00:00,negative,Green,1154.0,26.286,332.11,4.8198,11.75,322.3,1.0,1.7524,,,,,,,,,,,,0
Wayanad,Chooralmala,,1976-11-15T06:00:00,negative,Green,982.0,20.692,10.06,6.0044,9.25,61.8,4.0,1.5687,,,,,,,,,,,,0
Wayanad,Punjirimattom,,1992-11-05T06:00:00,negative,Green,947.0,13.249,65.67,7.1702,4.875,60.6,9.0,1.5764,,,,,,,,,,,,0
Wayanad,Mundakkai,,1992-07-20T06:00:00,negative,Green,1154.0,26.286,332.11,4.8198,11.75,322.3,1.0,1.7524,,,,,,,,,,,,0
Wayanad,Chooralmala,,2009-08-25T06:00:00,negative,Green,982.0,20.692,10.06,6.0044,9.25,61.8,4.0,1.5687,,,,,,,,,,,,0
Wayanad,Mundakkai,,1979-08-10T06:00:00,negative,Green,1154.0,26.286,332.11,4.8198,11.75,322.3,1.0,1.7524,,,,,,,,,,,,0
Wayanad,Attamala,,2009-11-05T06:00:00,negative,Green,1247.0,19.318,306.84,5.1627,12.125,96.0,1.0,1.6912,,,,,,,,,,,,0
Wayanad,Attamala,,1992-06-15T06:00:00,negative,Green,1247.0,19.318,306.84,5.1627,12.125,96.0,1.0,1.6912,,,,,,,,,,,,0
Wayanad,Attamala,,1995-07-05T06:00:00,negative,Green,1247.0,19.318,306.84,5.1627,12.125,96.0,1.0,1.6912,,,,,,,,,,,,0
Wayanad,Mundakkai,,1991-08-25T06:00:00,negative,Green,1154.0,26.286,332.11,4.8198,11.75,322.3,1.0,1.7524,,,,,,,,,,,,0
Wayanad,Mundakkai,,2010-10-10T06:00:00,negative,Green,1154.0,26.286,332.11,4.8198,11.75,322.3,1.0,1.7524,,,,,,,,,,,,0
Wayanad,Attamala,,1973-11-05T06:00:00,negative,Green,1247.0,19.318,306.84,5.1627,12.125,96.0,1.0,1.6912,,,,,,,,,,,,0
Wayanad,Punjirimattom,,1991-07-05T06:00:00,negative,Green,947.0,13.249,65.67,7.1702,4.875,60.6,9.0,1.5764,,,,,,,,,,,,0
Wayanad,Chooralmala,,1979-10-05T06:00:00,negative,Green,982.0,20.692,10.06,6.0044,9.25,61.8,4.0,1.5687,,,,,,,,,,,,0
Wayanad,Chooralmala,,1982-07-25T06:00:00,negative,Green,982.0,20.692,10.06,6.0044,9.25,61.8,4.0,1.5687,,,,,,,,,,,,0
Wayanad,Attamala,,1968-09-05T06:00:00,negative,Green,1247.0,19.318,306.84,5.1627,12.125,96.0,1.0,1.6912,,,,,,,,,,,,0
Wayanad,Punjirimattom,,1999-09-15T06:00:00,negative,Green,947.0,13.249,65.67,7.1702,4.875,60.6,9.0,1.5764,,,,,,,,,,,,0
Wayanad,Attamala,,2000-07-20T06:00:00,negative,Green,1247.0,19.318,306.84,5.1627,12.125,96.0,1.0,1.6912,,,,,,,,,,,,0
Wayanad,Mundakkai,,2004-10-20T06:00:00,negative,Green,1154.0,26.286,332.11,4.8198,11.75,322.3,1.0,1.7524,,,,,,,,,,,,0
Wayanad,Punjirimattom,,1989-07-20T06:00:00,negative,Green,947.0,13.249,65.67,7.1702,4.875,60.6,9.0,1.5764,,,,,,,,,,,,0
Wayanad,Attamala,,1996-09-25T06:00:00,negative,Green,1247.0,19.318,306.84,5.1627,12.125,96.0,1.0,1.6912,,,,,,,,,,,,0
Wayanad,Chooralmala,,2016-10-10T06:00:00,negative,Green,982.0,20.692,10.06,6.0044,9.25,61.8,4.0,1.5687,,,,,,,,,,,,0
Wayanad,Punjirimattom,,2003-06-20T06:00:00,negative,Green,947.0,13.249,65.67,7.1702,4.875,60.6,9.0,1.5764,,,,,,,,,,,,0
Wayanad,Mundakkai,,1980-08-10T06:00:00,negative,Green,1154.0,26.286,332.11,4.8198,11.75,322.3,1.0,1.7524,,,,,,,,,,,,0
Wayanad,Mundakkai,,2018-07-25T06:00:00,negative,Green,1154.0,26.286,332.11,4.8198,11.75,322.3,1.0,1.7524,,,,,,,,,,,,0
Wayanad,Mundakkai,,1997-06-20T06:00:00,negative,Green,1154.0,26.286,332.11,4.8198,11.75,322.3,1.0,1.7524,,,,,,,,,,,,0
Wayanad,Mundakkai,,1977-10-15T06:00:00,negative,Green,1154.0,26.286,332.11,4.8198,11.75,322.3,1.0,1.7524,,,,,,,,,,,,0
Wayanad,Mundakkai,,1991-07-10T06:00:00,negative,Green,1154.0,26.286,332.11,4.8198,11.75,322.3,1.0,1.7524,,,,,,,,,,,,0
Wayanad,Punjirimattom,,2014-09-10T06:00:00,negative,Green,947.0,13.249,65.67,7.1702,4.875,60.6,9.0,1.5764,,,,,,,,,,,,0
Wayanad,Attamala,,2022-07-25T06:00:00,negative,Green,1247.0,19.318,306.84,5.1627,12.125,96.0,1.0,1.6912,,,,,,,,,,289.7,0.0,0
Wayanad,Attamala,,2006-11-25T06:00:00,negative,Green,1247.0,19.318,306.84,5.1627,12.125,96.0,1.0,1.6912,,,,,,,,,,,,0
Wayanad,Mundakkai,,2007-08-25T06:00:00,negative,Green,1154.0,26.286,332.11,4.8198,11.75,322.3,1.0,1.7524,,,,,,,,,,,,0
Wayanad,Attamala,,1984-11-20T06:00:00,negative,Green,1247.0,19.318,306.84,5.1627,12.125,96.0,1.0,1.6912,,,,,,,,,,,,0
Wayanad,Punjirimattom,,2013-06-20T06:00:00,negative,Green,947.0,13.249,65.67,7.1702,4.875,60.6,9.0,1.5764,,,,,,,,,,,,0
Wayanad,Punjirimattom,,1979-06-10T06:00:00,negative,Green,947.0,13.249,65.67,7.1702,4.875,60.6,9.0,1.5764,,,,,,,,,,,,0
Wayanad,Attamala,,2023-08-05T06:00:00,negative,Green,1247.0,19.318,306.84,5.1627,12.125,96.0,1.0,1.6912,,,,,,,,,,289.36,0.0,0
Wayanad,Mundakkai,,2012-08-20T06:00:00,negative,Green,1154.0,26.286,332.11,4.8198,11.75,322.3,1.0,1.7524,,,,,,,,,,,,0
Wayanad,Chooralmala,,1969-09-20T06:00:00,negative,Green,982.0,20.692,10.06,6.0044,9.25,61.8,4.0,1.5687,,,,,,,,,,,,0
Wayanad,Mundakkai,,1984-08-10T06:00:00,negative,Green,1154.0,26.286,332.11,4.8198,11.75,322.3,1.0,1.7524,,,,,,,,,,,,0
Wayanad,Punjirimattom,,2008-07-15T06:00:00,negative,Green,947.0,13.249,65.67,7.1702,4.875,60.6,9.0,1.5764,,,,,,,,,,,,0
Wayanad,Mundakkai,,2006-09-15T06:00:00,negative,Green,1154.0,26.286,332.11,4.8198,11.75,322.3,1.0,1.7524,,,,,,,,,,,,0
Wayanad,Punjirimattom,,1995-09-25T06:00:00,negative,Green,947.0,13.249,65.67,7.1702,4.875,60.6,9.0,1.5764,,,,,,,,,,,,0
Wayanad,Punjirimattom,,1983-09-05T06:00:00,negative,Green,947.0,13.249,65.67,7.1702,4.875,60.6,9.0,1.5764,,,,,,,,,,,,0
Wayanad,Mundakkai,,1970-09-20T06:00:00,negative,Green,1154.0,26.286,332.11,4.8198,11.75,322.3,1.0,1.7524,,,,,,,,,,,,0
Wayanad,Chooralmala,,1986-11-15T06:00:00,negative,Green,982.0,20.692,10.06,6.0044,9.25,61.8,4.0,1.5687,,,,,,,,,,,,0
Wayanad,Chooralmala,,1976-09-05T06:00:00,negative,Green,982.0,20.692,10.06,6.0044,9.25,61.8,4.0,1.5687,,,,,,,,,,,,0
Wayanad,Chooralmala,,1971-11-15T06:00:00,negative,Green,982.0,20.692,10.06,6.0044,9.25,61.8,4.0,1.5687,,,,,,,,,,,,0
Wayanad,Mundakkai,,2017-10-20T06:00:00,negative,Green,1154.0,26.286,332.11,4.8198,11.75,322.3,1.0,1.7524,,,,,,,,,,,,0
Wayanad,Punjirimattom,,2016-10-25T06:00:00,negative,Green,947.0,13.249,65.67,7.1702,4.875,60.6,9.0,1.5764,,,,,,,,,,,,0
Wayanad,Punjirimattom,,2023-09-25T06:00:00,negative,Green,947.0,13.249,65.67,7.1702,4.875,60.6,9.0,1.5764,,,,,,,,,,289.49,0.0,0
Wayanad,Mundakkai,,2007-11-15T06:00:00,negative,Green,1154.0,26.286,332.11,4.8198,11.75,322.3,1.0,1.7524,,,,,,,,,,,,0
Wayanad,Chooralmala,,2021-09-25T06:00:00,negative,Green,982.0,20.692,10.06,6.0044,9.25,61.8,4.0,1.5687,,,,,,,,,,289.82,0.04,0
Wayanad,Chooralmala,,1971-08-20T06:00:00,negative,Green,982.0,20.692,10.06,6.0044,9.25,61.8,4.0,1.5687,,,,,,,,,,,,0
Wayanad,Chooralmala,,1990-06-20T06:00:00,negative,Green,982.0,20.692,10.06,6.0044,9.25,61.8,4.0,1.5687,,,,,,,,,,,,0
Wayanad,Attamala,,1977-07-25T06:00:00,negative,Green,1247.0,19.318,306.84,5.1627,12.125,96.0,1.0,1.6912,,,,,,,,,,,,0
Wayanad,Mundakkai,,2014-11-10T06:00:00,negative,Green,1154.0,26.286,332.11,4.8198,11.75,322.3,1.0,1.7524,,,,,,,,,,,,0
Wayanad,Mundakkai,,2020-08-15T06:00:00,negative,Green,1154.0,26.286,332.11,4.8198,11.75,322.3,1.0,1.7524,,,,,,,,,,289.95,0.01,0
Wayanad,Chooralmala,,1968-09-20T06:00:00,negative,Green,982.0,20.692,10.06,6.0044,9.25,61.8,4.0,1.5687,,,,,,,,,,,,0
Wayanad,Attamala,,1968-10-25T06:00:00,negative,Green,1247.0,19.318,306.84,5.1627,12.125,96.0,1.0,1.6912,,,,,,,,,,,,0
Wayanad,Chooralmala,,1987-06-20T06:00:00,negative,Green,982.0,20.692,10.06,6.0044,9.25,61.8,4.0,1.5687,,,,,,,,,,,,0
Wayanad,Attamala,,2014-11-25T06:00:00,negative,Green,1247.0,19.318,306.84,5.1627,12.125,96.0,1.0,1.6912,,,,,,,,,,,,0
Wayanad,Punjirimattom,,2023-09-15T06:00:00,negative,Green,947.0,13.249,65.67,7.1702,4.875,60.6,9.0,1.5764,,,,,,,,,,289.37,0.0,0
Wayanad,Chooralmala,,1998-06-20T06:00:00,negative,Green,982.0,20.692,10.06,6.0044,9.25,61.8,4.0,1.5687,,,,,,,,,,,,0
Wayanad,Punjirimattom,,1982-10-15T06:00:00,negative,Green,947.0,13.249,65.67,7.1702,4.875,60.6,9.0,1.5764,,,,,,,,,,,,0
Wayanad,Chooralmala,,1978-10-15T06:00:00,negative,Green,982.0,20.692,10.06,6.0044,9.25,61.8,4.0,1.5687,,,,,,,,,,,,0
Wayanad,Chooralmala,,1991-11-10T06:00:00,negative,Green,982.0,20.692,10.06,6.0044,9.25,61.8,4.0,1.5687,,,,,,,,,,,,0
Wayanad,Punjirimattom,,1975-11-15T06:00:00,negative,Green,947.0,13.249,65.67,7.1702,4.875,60.6,9.0,1.5764,,,,,,,,,,,,0
Wayanad,Attamala,,2024-10-20T06:00:00,negative,Green,1247.0,19.318,306.84,5.1627,12.125,96.0,1.0,1.6912,,,,,,,,,,289.63,0.0,0
Wayanad,Chooralmala,,1986-06-05T06:00:00,negative,Green,982.0,20.692,10.06,6.0044,9.25,61.8,4.0,1.5687,,,,,,,,,,,,0
Wayanad,Mundakkai,,1974-07-15T06:00:00,negative,Green,1154.0,26.286,332.11,4.8198,11.75,322.3,1.0,1.7524,,,,,,,,,,,,0
Wayanad,Mundakkai,,1987-07-10T06:00:00,negative,Green,1154.0,26.286,332.11,4.8198,11.75,322.3,1.0,1.7524,,,,,,,,,,,,0
Wayanad,Punjirimattom,,1987-08-10T06:00:00,negative,Green,947.0,13.249,65.67,7.1702,4.875,60.6,9.0,1.5764,,,,,,,,,,,,0
Wayanad,Punjirimattom,,1977-09-20T06:00:00,negative,Green,947.0,13.249,65.67,7.1702,4.875,60.6,9.0,1.5764,,,,,,,,,,,,0
Wayanad,Attamala,,2001-11-05T06:00:00,negative,Green,1247.0,19.318,306.84,5.1627,12.125,96.0,1.0,1.6912,,,,,,,,,,,,0
Wayanad,Mundakkai,,1976-08-25T06:00:00,negative,Green,1154.0,26.286,332.11,4.8198,11.75,322.3,1.0,1.7524,,,,,,,,,,,,0
Wayanad,Punjirimattom,,2007-09-05T06:00:00,negative,Green,947.0,13.249,65.67,7.1702,4.875,60.6,9.0,1.5764,,,,,,,,,,,,0
Wayanad,Chooralmala,,1988-11-05T06:00:00,negative,Green,982.0,20.692,10.06,6.0044,9.25,61.8,4.0,1.5687,,,,,,,,,,,,0
Wayanad,Punjirimattom,,2001-07-20T06:00:00,negative,Green,947.0,13.249,65.67,7.1702,4.875,60.6,9.0,1.5764,,,,,,,,,,,,0
Wayanad,Mundakkai,,1991-08-15T06:00:00,negative,Green,1154.0,26.286,332.11,4.8198,11.75,322.3,1.0,1.7524,,,,,,,,,,,,0
Wayanad,Attamala,,1997-08-20T06:00:00,negative,Green,1247.0,19.318,306.84,5.1627,12.125,96.0,1.0,1.6912,,,,,,,,,,,,0
Wayanad,Chooralmala,,2000-09-10T06:00:00,negative,Green,982.0,20.692,10.06,6.0044,9.25,61.8,4.0,1.5687,,,,,,,,,,,,0
Wayanad,Punjirimattom,,2003-06-05T06:00:00,negative,Green,947.0,13.249,65.67,7.1702,4.875,60.6,9.0,1.5764,,,,,,,,,,,,0
Wayanad,Mundakkai,,1969-11-15T06:00:00,negative,Green,1154.0,26.286,332.11,4.8198,11.75,322.3,1.0,1.7524,,,,,,,,,,,,0
Wayanad,Mundakkai,,2000-10-05T06:00:00,negative,Green,1154.0,26.286,332.11,4.8198,11.75,322.3,1.0,1.7524,,,,,,,,,,,,0
Wayanad,Attamala,,2022-11-10T06:00:00,negative,Green,1247.0,19.318,306.84,5.1627,12.125,96.0,1.0,1.6912,,,,,,,,,,289.56,0.0,0
Wayanad,Attamala,,1983-09-20T06:00:00,negative,Green,1247.0,19.318,306.84,5.1627,12.125,96.0,1.0,1.6912,,,,,,,,,,,,0
Wayanad,Chooralmala,,1995-08-10T06:00:00,negative,Green,982.0,20.692,10.06,6.0044,9.25,61.8,4.0,1.5687,,,,,,,,,,,,0
Wayanad,Mundakkai,,1987-09-25T06:00:00,negative,Green,1154.0,26.286,332.11,4.8198,11.75,322.3,1.0,1.7524,,,,,,,,,,,,0
Idukki,Munnar_town,,2007-08-20T06:00:00,negative,Green,1454.0,3.87,103.83,14.6379,3.5,0.0,5016.0,1.9562,,,,,,,,,,,,0
Idukki,Munnar_town,,1979-07-05T06:00:00,negative,Green,1454.0,3.87,103.83,14.6379,3.5,0.0,5016.0,1.9562,,,,,,,,,,,,0
Idukki,Idamalayar_Dam,,1980-10-20T06:00:00,negative,Green,534.0,40.268,212.87,6.0746,21.5,357.1,11.0,2.0175,,,,,,,,,,,,0
Idukki,Idukki_Arch_Dam,,2015-11-05T06:00:00,negative,Green,742.0,21.269,197.17,6.159,9.625,217.0,5.0,1.5496,732.43,,,,,,,,,,,0
Idukki,Idukki_district_centroid_proxy_Painavu,,1984-09-15T06:00:00,negative,Green,646.0,30.507,48.8,5.5622,13.625,239.3,4.0,1.7874,,,,,,,,,,,,0
Idukki,Idukki_district_centroid_proxy_Painavu,,2020-07-15T06:00:00,negative,Green,646.0,30.507,48.8,5.5622,13.625,239.3,4.0,1.7874,,,,,,,,,,,,0
Idukki,Munnar_town,,2004-11-25T06:00:00,negative,Green,1454.0,3.87,103.83,14.6379,3.5,0.0,5016.0,1.9562,,,,,,,,,,,,0
Idukki,Idukki_district_centroid_proxy_Painavu,,1974-08-25T06:00:00,negative,Green,646.0,30.507,48.8,5.5622,13.625,239.3,4.0,1.7874,,,,,,,,,,,,0
Idukki,Pettimudi_Rajamala,,2002-07-25T06:00:00,negative,Green,1880.0,15.807,156.04,9.3205,7.375,0.0,102.0,1.8027,,,,,,,,,,,,0
Idukki,Idamalayar_Dam,,2019-09-15T06:00:00,negative,Green,534.0,40.268,212.87,6.0746,21.5,357.1,11.0,2.0175,,,,,,,,,,,,0
Idukki,Idukki_Arch_Dam,,1984-07-15T06:00:00,negative,Green,742.0,21.269,197.17,6.159,9.625,217.0,5.0,1.5496,732.43,,,,,,,,,,,0
Idukki,Pettimudi_Rajamala,,1998-06-10T06:00:00,negative,Green,1880.0,15.807,156.04,9.3205,7.375,0.0,102.0,1.8027,,,,,,,,,,,,0
Idukki,Idukki_district_centroid_proxy_Painavu,,2005-10-15T06:00:00,negative,Green,646.0,30.507,48.8,5.5622,13.625,239.3,4.0,1.7874,,,,,,,,,,,,0
Idukki,Munnar_town,,2005-09-15T06:00:00,negative,Green,1454.0,3.87,103.83,14.6379,3.5,0.0,5016.0,1.9562,,,,,,,,,,,,0
Idukki,Munnar_town,,1980-11-10T06:00:00,negative,Green,1454.0,3.87,103.83,14.6379,3.5,0.0,5016.0,1.9562,,,,,,,,,,,,0
Idukki,Idamalayar_Dam,,2019-08-25T06:00:00,negative,Green,534.0,40.268,212.87,6.0746,21.5,357.1,11.0,2.0175,,,,,,,,,,,,0
Idukki,Idukki_Arch_Dam,,1976-06-10T06:00:00,negative,Green,742.0,21.269,197.17,6.159,9.625,217.0,5.0,1.5496,732.43,,,,,,,,,,,0
Idukki,Idamalayar_Dam,,1993-08-15T06:00:00,negative,Green,534.0,40.268,212.87,6.0746,21.5,357.1,11.0,2.0175,,,,,,,,,,,,0
Idukki,Idukki_district_centroid_proxy_Painavu,,1971-08-15T06:00:00,negative,Green,646.0,30.507,48.8,5.5622,13.625,239.3,4.0,1.7874,,,,,,,,,,,,0
Idukki,Idukki_Arch_Dam,,1990-06-05T06:00:00,negative,Green,742.0,21.269,197.17,6.159,9.625,217.0,5.0,1.5496,732.43,,,,,,,,,,,0
Idukki,Idamalayar_Dam,,1993-08-05T06:00:00,negative,Green,534.0,40.268,212.87,6.0746,21.5,357.1,11.0,2.0175,,,,,,,,,,,,0
Idukki,Idukki_Arch_Dam,,2008-06-20T06:00:00,negative,Green,742.0,21.269,197.17,6.159,9.625,217.0,5.0,1.5496,732.43,,,,,,,,,,,0
Idukki,Idamalayar_Dam,,2012-11-25T06:00:00,negative,Green,534.0,40.268,212.87,6.0746,21.5,357.1,11.0,2.0175,,,,,,,,,,,,0
Idukki,Idukki_Arch_Dam,,1973-09-15T06:00:00,negative,Green,742.0,21.269,197.17,6.159,9.625,217.0,5.0,1.5496,732.43,,,,,,,,,,,0
Idukki,Idukki_Arch_Dam,,1981-10-05T06:00:00,negative,Green,742.0,21.269,197.17,6.159,9.625,217.0,5.0,1.5496,732.43,,,,,,,,,,,0
Idukki,Idukki_district_centroid_proxy_Painavu,,1996-10-15T06:00:00,negative,Green,646.0,30.507,48.8,5.5622,13.625,239.3,4.0,1.7874,,,,,,,,,,,,0
Idukki,Idamalayar_Dam,,1972-07-25T06:00:00,negative,Green,534.0,40.268,212.87,6.0746,21.5,357.1,11.0,2.0175,,,,,,,,,,,,0
Idukki,Idukki_district_centroid_proxy_Painavu,,1995-10-05T06:00:00,negative,Green,646.0,30.507,48.8,5.5622,13.625,239.3,4.0,1.7874,,,,,,,,,,,,0
Idukki,Pettimudi_Rajamala,,2017-09-05T06:00:00,negative,Green,1880.0,15.807,156.04,9.3205,7.375,0.0,102.0,1.8027,,,,,,,,,,,,0
Idukki,Idamalayar_Dam,,1990-09-15T06:00:00,negative,Green,534.0,40.268,212.87,6.0746,21.5,357.1,11.0,2.0175,,,,,,,,,,,,0
Idukki,Idukki_district_centroid_proxy_Painavu,,1982-06-10T06:00:00,negative,Green,646.0,30.507,48.8,5.5622,13.625,239.3,4.0,1.7874,,,,,,,,,,,,0
Idukki,Idukki_Arch_Dam,,1999-10-10T06:00:00,negative,Green,742.0,21.269,197.17,6.159,9.625,217.0,5.0,1.5496,732.43,,,,,,,,,,,0
Idukki,Idukki_district_centroid_proxy_Painavu,,2013-07-15T06:00:00,negative,Green,646.0,30.507,48.8,5.5622,13.625,239.3,4.0,1.7874,,,,,,,,,,,,0
Idukki,Idamalayar_Dam,,1972-11-15T06:00:00,negative,Green,534.0,40.268,212.87,6.0746,21.5,357.1,11.0,2.0175,,,,,,,,,,,,0
Idukki,Idamalayar_Dam,,2020-10-15T06:00:00,negative,Green,534.0,40.268,212.87,6.0746,21.5,357.1,11.0,2.0175,,,,,,,,,,164.4,0.03,0
Idukki,Idukki_Arch_Dam,,1982-09-20T06:00:00,negative,Green,742.0,21.269,197.17,6.159,9.625,217.0,5.0,1.5496,732.43,,,,,,,,,,,0
Idukki,Munnar_town,,2004-10-20T06:00:00,negative,Green,1454.0,3.87,103.83,14.6379,3.5,0.0,5016.0,1.9562,,,,,,,,,,,,0
Idukki,Munnar_town,,1972-11-25T06:00:00,negative,Green,1454.0,3.87,103.83,14.6379,3.5,0.0,5016.0,1.9562,,,,,,,,,,,,0
Idukki,Idukki_Arch_Dam,,2006-11-05T06:00:00,negative,Green,742.0,21.269,197.17,6.159,9.625,217.0,5.0,1.5496,732.43,,,,,,,,,,,0
Idukki,Idamalayar_Dam,,1997-10-10T06:00:00,negative,Green,534.0,40.268,212.87,6.0746,21.5,357.1,11.0,2.0175,,,,,,,,,,,,0
Idukki,Idukki_Arch_Dam,,2010-07-10T06:00:00,negative,Green,742.0,21.269,197.17,6.159,9.625,217.0,5.0,1.5496,732.43,,,,,,,,,,,0
Idukki,Pettimudi_Rajamala,,1979-08-05T06:00:00,negative,Green,1880.0,15.807,156.04,9.3205,7.375,0.0,102.0,1.8027,,,,,,,,,,,,0
Idukki,Pettimudi_Rajamala,,1987-08-20T06:00:00,negative,Green,1880.0,15.807,156.04,9.3205,7.375,0.0,102.0,1.8027,,,,,,,,,,,,0
Idukki,Pettimudi_Rajamala,,2008-10-20T06:00:00,negative,Green,1880.0,15.807,156.04,9.3205,7.375,0.0,102.0,1.8027,,,,,,,,,,,,0
Idukki,Idukki_Arch_Dam,,1987-07-10T06:00:00,negative,Green,742.0,21.269,197.17,6.159,9.625,217.0,5.0,1.5496,732.43,,,,,,,,,,,0
Idukki,Idukki_district_centroid_proxy_Painavu,,1975-07-05T06:00:00,negative,Green,646.0,30.507,48.8,5.5622,13.625,239.3,4.0,1.7874,,,,,,,,,,,,0
Idukki,Idukki_district_centroid_proxy_Painavu,,2006-09-25T06:00:00,negative,Green,646.0,30.507,48.8,5.5622,13.625,239.3,4.0,1.7874,,,,,,,,,,,,0
Idukki,Munnar_town,,1993-06-20T06:00:00,negative,Green,1454.0,3.87,103.83,14.6379,3.5,0.0,5016.0,1.9562,,,,,,,,,,,,0
Idukki,Munnar_town,,1977-08-10T06:00:00,negative,Green,1454.0,3.87,103.83,14.6379,3.5,0.0,5016.0,1.9562,,,,,,,,,,,,0
Idukki,Idukki_district_centroid_proxy_Painavu,,2012-11-25T06:00:00,negative,Green,646.0,30.507,48.8,5.5622,13.625,239.3,4.0,1.7874,,,,,,,,,,,,0
Idukki,Idukki_Arch_Dam,,1978-11-15T06:00:00,negative,Green,742.0,21.269,197.17,6.159,9.625,217.0,5.0,1.5496,732.43,,,,,,,,,,,0
Idukki,Pettimudi_Rajamala,,1968-08-10T06:00:00,negative,Green,1880.0,15.807,156.04,9.3205,7.375,0.0,102.0,1.8027,,,,,,,,,,,,0
Idukki,Idukki_Arch_Dam,,1981-11-20T06:00:00,negative,Green,742.0,21.269,197.17,6.159,9.625,217.0,5.0,1.5496,732.43,,,,,,,,,,,0
Idukki,Pettimudi_Rajamala,,1981-06-20T06:00:00,negative,Green,1880.0,15.807,156.04,9.3205,7.375,0.0,102.0,1.8027,,,,,,,,,,,,0
Idukki,Pettimudi_Rajamala,,1993-09-10T06:00:00,negative,Green,1880.0,15.807,156.04,9.3205,7.375,0.0,102.0,1.8027,,,,,,,,,,,,0
Idukki,Pettimudi_Rajamala,,1972-09-25T06:00:00,negative,Green,1880.0,15.807,156.04,9.3205,7.375,0.0,102.0,1.8027,,,,,,,,,,,,0
Idukki,Munnar_town,,1993-06-10T06:00:00,negative,Green,1454.0,3.87,103.83,14.6379,3.5,0.0,5016.0,1.9562,,,,,,,,,,,,0
Idukki,Idukki_district_centroid_proxy_Painavu,,1981-06-10T06:00:00,negative,Green,646.0,30.507,48.8,5.5622,13.625,239.3,4.0,1.7874,,,,,,,,,,,,0
Idukki,Idukki_district_centroid_proxy_Painavu,,2016-07-25T06:00:00,negative,Green,646.0,30.507,48.8,5.5622,13.625,239.3,4.0,1.7874,,,,,,,,,,,,0
Idukki,Pettimudi_Rajamala,,2014-11-10T06:00:00,negative,Green,1880.0,15.807,156.04,9.3205,7.375,0.0,102.0,1.8027,,,,,,,,,,,,0
Idukki,Munnar_town,,2005-11-05T06:00:00,negative,Green,1454.0,3.87,103.83,14.6379,3.5,0.0,5016.0,1.9562,,,,,,,,,,,,0
Idukki,Pettimudi_Rajamala,,2010-09-20T06:00:00,negative,Green,1880.0,15.807,156.04,9.3205,7.375,0.0,102.0,1.8027,,,,,,,,,,,,0
Idukki,Pettimudi_Rajamala,,2021-07-10T06:00:00,negative,Green,1880.0,15.807,156.04,9.3205,7.375,0.0,102.0,1.8027,,,,,,,,,,,,0
Idukki,Munnar_town,,2002-08-10T06:00:00,negative,Green,1454.0,3.87,103.83,14.6379,3.5,0.0,5016.0,1.9562,,,,,,,,,,,,0
Idukki,Idukki_district_centroid_proxy_Painavu,,2011-07-15T06:00:00,negative,Green,646.0,30.507,48.8,5.5622,13.625,239.3,4.0,1.7874,,,,,,,,,,,,0
Idukki,Pettimudi_Rajamala,,2008-06-15T06:00:00,negative,Green,1880.0,15.807,156.04,9.3205,7.375,0.0,102.0,1.8027,,,,,,,,,,,,0
Idukki,Idamalayar_Dam,,1972-09-15T06:00:00,negative,Green,534.0,40.268,212.87,6.0746,21.5,357.1,11.0,2.0175,,,,,,,,,,,,0
Idukki,Pettimudi_Rajamala,,2006-06-15T06:00:00,negative,Green,1880.0,15.807,156.04,9.3205,7.375,0.0,102.0,1.8027,,,,,,,,,,,,0
Idukki,Idukki_Arch_Dam,,2006-08-20T06:00:00,negative,Green,742.0,21.269,197.17,6.159,9.625,217.0,5.0,1.5496,732.43,,,,,,,,,,,0
Idukki,Idukki_Arch_Dam,,1987-07-20T06:00:00,negative,Green,742.0,21.269,197.17,6.159,9.625,217.0,5.0,1.5496,732.43,,,,,,,,,,,0
Idukki,Pettimudi_Rajamala,,1968-07-20T06:00:00,negative,Green,1880.0,15.807,156.04,9.3205,7.375,0.0,102.0,1.8027,,,,,,,,,,,,0
Idukki,Munnar_town,,1980-06-15T06:00:00,negative,Green,1454.0,3.87,103.83,14.6379,3.5,0.0,5016.0,1.9562,,,,,,,,,,,,0
Idukki,Idukki_Arch_Dam,,1995-06-05T06:00:00,negative,Green,742.0,21.269,197.17,6.159,9.625,217.0,5.0,1.5496,732.43,,,,,,,,,,,0
Idukki,Idukki_district_centroid_proxy_Painavu,,1973-11-05T06:00:00,negative,Green,646.0,30.507,48.8,5.5622,13.625,239.3,4.0,1.7874,,,,,,,,,,,,0
Idukki,Munnar_town,,2006-08-25T06:00:00,negative,Green,1454.0,3.87,103.83,14.6379,3.5,0.0,5016.0,1.9562,,,,,,,,,,,,0
Idukki,Pettimudi_Rajamala,,1990-07-20T06:00:00,negative,Green,1880.0,15.807,156.04,9.3205,7.375,0.0,102.0,1.8027,,,,,,,,,,,,0
Idukki,Pettimudi_Rajamala,,1972-07-20T06:00:00,negative,Green,1880.0,15.807,156.04,9.3205,7.375,0.0,102.0,1.8027,,,,,,,,,,,,0
Idukki,Idukki_Arch_Dam,,2012-10-10T06:00:00,negative,Green,742.0,21.269,197.17,6.159,9.625,217.0,5.0,1.5496,732.43,,,,,,,,,,,0
Idukki,Pettimudi_Rajamala,,1980-10-15T06:00:00,negative,Green,1880.0,15.807,156.04,9.3205,7.375,0.0,102.0,1.8027,,,,,,,,,,,,0
Idukki,Idamalayar_Dam,,1996-06-05T06:00:00,negative,Green,534.0,40.268,212.87,6.0746,21.5,357.1,11.0,2.0175,,,,,,,,,,,,0
Idukki,Idamalayar_Dam,,2008-07-20T06:00:00,negative,Green,534.0,40.268,212.87,6.0746,21.5,357.1,11.0,2.0175,,,,,,,,,,,,0
Idukki,Idukki_district_centroid_proxy_Painavu,,2005-06-20T06:00:00,negative,Green,646.0,30.507,48.8,5.5622,13.625,239.3,4.0,1.7874,,,,,,,,,,,,0
Idukki,Pettimudi_Rajamala,,1997-07-10T06:00:00,negative,Green,1880.0,15.807,156.04,9.3205,7.375,0.0,102.0,1.8027,,,,,,,,,,,,0
Idukki,Idamalayar_Dam,,1973-07-20T06:00:00,negative,Green,534.0,40.268,212.87,6.0746,21.5,357.1,11.0,2.0175,,,,,,,,,,,,0
Idukki,Idukki_district_centroid_proxy_Painavu,,2012-06-05T06:00:00,negative,Green,646.0,30.507,48.8,5.5622,13.625,239.3,4.0,1.7874,,,,,,,,,,,,0
Idukki,Pettimudi_Rajamala,,1971-10-05T06:00:00,negative,Green,1880.0,15.807,156.04,9.3205,7.375,0.0,102.0,1.8027,,,,,,,,,,,,0
Idukki,Idamalayar_Dam,,1978-07-25T06:00:00,negative,Green,534.0,40.268,212.87,6.0746,21.5,357.1,11.0,2.0175,,,,,,,,,,,,0
Idukki,Munnar_town,,2018-10-15T06:00:00,negative,Green,1454.0,3.87,103.83,14.6379,3.5,0.0,5016.0,1.9562,,,,,,,,,,,,0
Idukki,Pettimudi_Rajamala,,1998-10-10T06:00:00,negative,Green,1880.0,15.807,156.04,9.3205,7.375,0.0,102.0,1.8027,,,,,,,,,,,,0
Idukki,Idukki_Arch_Dam,,2005-10-15T06:00:00,negative,Green,742.0,21.269,197.17,6.159,9.625,217.0,5.0,1.5496,732.43,,,,,,,,,,,0
Idukki,Pettimudi_Rajamala,,2013-07-20T06:00:00,negative,Green,1880.0,15.807,156.04,9.3205,7.375,0.0,102.0,1.8027,,,,,,,,,,,,0
Idukki,Idukki_Arch_Dam,,1982-10-05T06:00:00,negative,Green,742.0,21.269,197.17,6.159,9.625,217.0,5.0,1.5496,732.43,,,,,,,,,,,0
Idukki,Idukki_Arch_Dam,,1997-10-10T06:00:00,negative,Green,742.0,21.269,197.17,6.159,9.625,217.0,5.0,1.5496,732.43,,,,,,,,,,,0
Idukki,Pettimudi_Rajamala,,2007-06-10T06:00:00,negative,Green,1880.0,15.807,156.04,9.3205,7.375,0.0,102.0,1.8027,,,,,,,,,,,,0
Idukki,Idukki_Arch_Dam,,2010-11-15T06:00:00,negative,Green,742.0,21.269,197.17,6.159,9.625,217.0,5.0,1.5496,732.43,,,,,,,,,,,0
Idukki,Munnar_town,,1976-11-15T06:00:00,negative,Green,1454.0,3.87,103.83,14.6379,3.5,0.0,5016.0,1.9562,,,,,,,,,,,,0
Idukki,Idukki_Arch_Dam,,1969-08-20T06:00:00,negative,Green,742.0,21.269,197.17,6.159,9.625,217.0,5.0,1.5496,732.43,,,,,,,,,,,0
Idukki,Idukki_Arch_Dam,,2010-08-05T06:00:00,negative,Green,742.0,21.269,197.17,6.159,9.625,217.0,5.0,1.5496,732.43,,,,,,,,,,,0
Idukki,Pettimudi_Rajamala,,1986-08-15T06:00:00,negative,Green,1880.0,15.807,156.04,9.3205,7.375,0.0,102.0,1.8027,,,,,,,,,,,,0
Idukki,Pettimudi_Rajamala,,1974-08-15T06:00:00,negative,Green,1880.0,15.807,156.04,9.3205,7.375,0.0,102.0,1.8027,,,,,,,,,,,,0
Idukki,Pettimudi_Rajamala,,2004-11-25T06:00:00,negative,Green,1880.0,15.807,156.04,9.3205,7.375,0.0,102.0,1.8027,,,,,,,,,,,,0
Idukki,Idukki_district_centroid_proxy_Painavu,,2000-08-10T06:00:00,negative,Green,646.0,30.507,48.8,5.5622,13.625,239.3,4.0,1.7874,,,,,,,,,,,,0
Idukki,Pettimudi_Rajamala,,2001-08-15T06:00:00,negative,Green,1880.0,15.807,156.04,9.3205,7.375,0.0,102.0,1.8027,,,,,,,,,,,,0
Idukki,Idukki_Arch_Dam,,2013-08-20T06:00:00,negative,Green,742.0,21.269,197.17,6.159,9.625,217.0,5.0,1.5496,732.43,,,,,,,,,,,0
Idukki,Munnar_town,,2004-10-25T06:00:00,negative,Green,1454.0,3.87,103.83,14.6379,3.5,0.0,5016.0,1.9562,,,,,,,,,,,,0
Idukki,Pettimudi_Rajamala,,2008-10-05T06:00:00,negative,Green,1880.0,15.807,156.04,9.3205,7.375,0.0,102.0,1.8027,,,,,,,,,,,,0
Idukki,Idamalayar_Dam,,2009-10-25T06:00:00,negative,Green,534.0,40.268,212.87,6.0746,21.5,357.1,11.0,2.0175,,,,,,,,,,,,0
Idukki,Pettimudi_Rajamala,,2009-11-15T06:00:00,negative,Green,1880.0,15.807,156.04,9.3205,7.375,0.0,102.0,1.8027,,,,,,,,,,,,0
Idukki,Munnar_town,,1975-08-15T06:00:00,negative,Green,1454.0,3.87,103.83,14.6379,3.5,0.0,5016.0,1.9562,,,,,,,,,,,,0
Idukki,Idamalayar_Dam,,2021-09-10T06:00:00,negative,Green,534.0,40.268,212.87,6.0746,21.5,357.1,11.0,2.0175,,,,,,,,,,160.12,0.02,0
Idukki,Munnar_town,,2017-08-20T06:00:00,negative,Green,1454.0,3.87,103.83,14.6379,3.5,0.0,5016.0,1.9562,,,,,,,,,,,,0
Idukki,Idamalayar_Dam,,1976-06-20T06:00:00,negative,Green,534.0,40.268,212.87,6.0746,21.5,357.1,11.0,2.0175,,,,,,,,,,,,0
Idukki,Idukki_Arch_Dam,,2004-10-15T06:00:00,negative,Green,742.0,21.269,197.17,6.159,9.625,217.0,5.0,1.5496,732.43,,,,,,,,,,,0
Idukki,Idukki_Arch_Dam,,2009-08-15T06:00:00,negative,Green,742.0,21.269,197.17,6.159,9.625,217.0,5.0,1.5496,732.43,,,,,,,,,,,0
Idukki,Idukki_Arch_Dam,,1974-09-20T06:00:00,negative,Green,742.0,21.269,197.17,6.159,9.625,217.0,5.0,1.5496,732.43,,,,,,,,,,,0
Idukki,Pettimudi_Rajamala,,2017-09-10T06:00:00,negative,Green,1880.0,15.807,156.04,9.3205,7.375,0.0,102.0,1.8027,,,,,,,,,,,,0
Idukki,Munnar_town,,2018-11-25T06:00:00,negative,Green,1454.0,3.87,103.83,14.6379,3.5,0.0,5016.0,1.9562,,,,,,,,,,,,0
Idukki,Idukki_Arch_Dam,,1975-07-25T06:00:00,negative,Green,742.0,21.269,197.17,6.159,9.625,217.0,5.0,1.5496,732.43,,,,,,,,,,,0
Idukki,Idamalayar_Dam,,2004-07-05T06:00:00,negative,Green,534.0,40.268,212.87,6.0746,21.5,357.1,11.0,2.0175,,,,,,,,,,,,0
Idukki,Idukki_Arch_Dam,,1990-08-05T06:00:00,negative,Green,742.0,21.269,197.17,6.159,9.625,217.0,5.0,1.5496,732.43,,,,,,,,,,,0
Idukki,Pettimudi_Rajamala,,1972-09-20T06:00:00,negative,Green,1880.0,15.807,156.04,9.3205,7.375,0.0,102.0,1.8027,,,,,,,,,,,,0
Idukki,Idukki_district_centroid_proxy_Painavu,,2002-10-05T06:00:00,negative,Green,646.0,30.507,48.8,5.5622,13.625,239.3,4.0,1.7874,,,,,,,,,,,,0
Idukki,Idukki_district_centroid_proxy_Painavu,,1986-10-20T06:00:00,negative,Green,646.0,30.507,48.8,5.5622,13.625,239.3,4.0,1.7874,,,,,,,,,,,,0
Idukki,Idukki_district_centroid_proxy_Painavu,,1974-10-20T06:00:00,negative,Green,646.0,30.507,48.8,5.5622,13.625,239.3,4.0,1.7874,,,,,,,,,,,,0
Idukki,Munnar_town,,2010-09-05T06:00:00,negative,Green,1454.0,3.87,103.83,14.6379,3.5,0.0,5016.0,1.9562,,,,,,,,,,,,0
Idukki,Idukki_Arch_Dam,,1983-09-20T06:00:00,negative,Green,742.0,21.269,197.17,6.159,9.625,217.0,5.0,1.5496,732.43,,,,,,,,,,,0
Idukki,Idamalayar_Dam,,1971-06-15T06:00:00,negative,Green,534.0,40.268,212.87,6.0746,21.5,357.1,11.0,2.0175,,,,,,,,,,,,0
Idukki,Idukki_district_centroid_proxy_Painavu,,2006-11-20T06:00:00,negative,Green,646.0,30.507,48.8,5.5622,13.625,239.3,4.0,1.7874,,,,,,,,,,,,0
Idukki,Idamalayar_Dam,,2003-09-10T06:00:00,negative,Green,534.0,40.268,212.87,6.0746,21.5,357.1,11.0,2.0175,,,,,,,,,,,,0
Idukki,Munnar_town,,1982-06-20T06:00:00,negative,Green,1454.0,3.87,103.83,14.6379,3.5,0.0,5016.0,1.9562,,,,,,,,,,,,0
Idukki,Pettimudi_Rajamala,,1980-07-20T06:00:00,negative,Green,1880.0,15.807,156.04,9.3205,7.375,0.0,102.0,1.8027,,,,,,,,,,,,0
Idukki,Idukki_district_centroid_proxy_Painavu,,1974-06-10T06:00:00,negative,Green,646.0,30.507,48.8,5.5622,13.625,239.3,4.0,1.7874,,,,,,,,,,,,0
Idukki,Idukki_Arch_Dam,,2009-10-25T06:00:00,negative,Green,742.0,21.269,197.17,6.159,9.625,217.0,5.0,1.5496,732.43,,,,,,,,,,,0
Idukki,Pettimudi_Rajamala,,1976-08-20T06:00:00,negative,Green,1880.0,15.807,156.04,9.3205,7.375,0.0,102.0,1.8027,,,,,,,,,,,,0
Idukki,Idamalayar_Dam,,2021-08-25T06:00:00,negative,Green,534.0,40.268,212.87,6.0746,21.5,357.1,11.0,2.0175,,,,,,,,,,157.49,-0.01,0
Idukki,Munnar_town,,1991-09-20T06:00:00,negative,Green,1454.0,3.87,103.83,14.6379,3.5,0.0,5016.0,1.9562,,,,,,,,,,,,0
Idukki,Idukki_Arch_Dam,,1974-10-15T06:00:00,negative,Green,742.0,21.269,197.17,6.159,9.625,217.0,5.0,1.5496,732.43,,,,,,,,,,,0
Idukki,Idukki_Arch_Dam,,2002-08-20T06:00:00,negative,Green,742.0,21.269,197.17,6.159,9.625,217.0,5.0,1.5496,732.43,,,,,,,,,,,0
Idukki,Idukki_district_centroid_proxy_Painavu,,2022-06-10T06:00:00,negative,Green,646.0,30.507,48.8,5.5622,13.625,239.3,4.0,1.7874,,,,,,,,,,,,0
Idukki,Idukki_district_centroid_proxy_Painavu,,2000-09-15T06:00:00,negative,Green,646.0,30.507,48.8,5.5622,13.625,239.3,4.0,1.7874,,,,,,,,,,,,0
Idukki,Munnar_town,,1987-07-05T06:00:00,negative,Green,1454.0,3.87,103.83,14.6379,3.5,0.0,5016.0,1.9562,,,,,,,,,,,,0
Idukki,Idamalayar_Dam,,2020-09-10T06:00:00,negative,Green,534.0,40.268,212.87,6.0746,21.5,357.1,11.0,2.0175,,,,,,,,,,156.75,0.11,0
Idukki,Idamalayar_Dam,,2000-07-15T06:00:00,negative,Green,534.0,40.268,212.87,6.0746,21.5,357.1,11.0,2.0175,,,,,,,,,,,,0
Idukki,Idukki_district_centroid_proxy_Painavu,,1997-08-10T06:00:00,negative,Green,646.0,30.507,48.8,5.5622,13.625,239.3,4.0,1.7874,,,,,,,,,,,,0
Idukki,Pettimudi_Rajamala,,1991-09-15T06:00:00,negative,Green,1880.0,15.807,156.04,9.3205,7.375,0.0,102.0,1.8027,,,,,,,,,,,,0
Idukki,Idukki_Arch_Dam,,1968-06-15T06:00:00,negative,Green,742.0,21.269,197.17,6.159,9.625,217.0,5.0,1.5496,732.43,,,,,,,,,,,0
Idukki,Munnar_town,,2003-06-05T06:00:00,negative,Green,1454.0,3.87,103.83,14.6379,3.5,0.0,5016.0,1.9562,,,,,,,,,,,,0
Idukki,Idamalayar_Dam,,1983-07-15T06:00:00,negative,Green,534.0,40.268,212.87,6.0746,21.5,357.1,11.0,2.0175,,,,,,,,,,,,0
Idukki,Munnar_town,,2009-09-10T06:00:00,negative,Green,1454.0,3.87,103.83,14.6379,3.5,0.0,5016.0,1.9562,,,,,,,,,,,,0
Idukki,Idukki_district_centroid_proxy_Painavu,,1986-06-05T06:00:00,negative,Green,646.0,30.507,48.8,5.5622,13.625,239.3,4.0,1.7874,,,,,,,,,,,,0
Idukki,Munnar_town,,1990-07-10T06:00:00,negative,Green,1454.0,3.87,103.83,14.6379,3.5,0.0,5016.0,1.9562,,,,,,,,,,,,0
Idukki,Pettimudi_Rajamala,,2000-11-10T06:00:00,negative,Green,1880.0,15.807,156.04,9.3205,7.375,0.0,102.0,1.8027,,,,,,,,,,,,0
Idukki,Munnar_town,,2016-11-25T06:00:00,negative,Green,1454.0,3.87,103.83,14.6379,3.5,0.0,5016.0,1.9562,,,,,,,,,,,,0
Idukki,Munnar_town,,2007-10-05T06:00:00,negative,Green,1454.0,3.87,103.83,14.6379,3.5,0.0,5016.0,1.9562,,,,,,,,,,,,0
Idukki,Idamalayar_Dam,,2011-07-20T06:00:00,negative,Green,534.0,40.268,212.87,6.0746,21.5,357.1,11.0,2.0175,,,,,,,,,,,,0
Idukki,Pettimudi_Rajamala,,2014-10-10T06:00:00,negative,Green,1880.0,15.807,156.04,9.3205,7.375,0.0,102.0,1.8027,,,,,,,,,,,,0
Idukki,Idamalayar_Dam,,1989-10-05T06:00:00,negative,Green,534.0,40.268,212.87,6.0746,21.5,357.1,11.0,2.0175,,,,,,,,,,,,0
Idukki,Munnar_town,,1968-10-05T06:00:00,negative,Green,1454.0,3.87,103.83,14.6379,3.5,0.0,5016.0,1.9562,,,,,,,,,,,,0
Idukki,Idamalayar_Dam,,2010-11-20T06:00:00,negative,Green,534.0,40.268,212.87,6.0746,21.5,357.1,11.0,2.0175,,,,,,,,,,,,0
Idukki,Idukki_district_centroid_proxy_Painavu,,2004-09-05T06:00:00,negative,Green,646.0,30.507,48.8,5.5622,13.625,239.3,4.0,1.7874,,,,,,,,,,,,0
Idukki,Munnar_town,,1997-06-25T06:00:00,negative,Green,1454.0,3.87,103.83,14.6379,3.5,0.0,5016.0,1.9562,,,,,,,,,,,,0
Idukki,Idukki_district_centroid_proxy_Painavu,,2010-10-05T06:00:00,negative,Green,646.0,30.507,48.8,5.5622,13.625,239.3,4.0,1.7874,,,,,,,,,,,,0
Idukki,Idamalayar_Dam,,1972-08-15T06:00:00,negative,Green,534.0,40.268,212.87,6.0746,21.5,357.1,11.0,2.0175,,,,,,,,,,,,0
Idukki,Pettimudi_Rajamala,,1983-08-10T06:00:00,negative,Green,1880.0,15.807,156.04,9.3205,7.375,0.0,102.0,1.8027,,,,,,,,,,,,0
Idukki,Idukki_district_centroid_proxy_Painavu,,2015-08-20T06:00:00,negative,Green,646.0,30.507,48.8,5.5622,13.625,239.3,4.0,1.7874,,,,,,,,,,,,0
Idukki,Munnar_town,,1972-08-25T06:00:00,negative,Green,1454.0,3.87,103.83,14.6379,3.5,0.0,5016.0,1.9562,,,,,,,,,,,,0
Idukki,Idukki_district_centroid_proxy_Painavu,,1985-11-15T06:00:00,negative,Green,646.0,30.507,48.8,5.5622,13.625,239.3,4.0,1.7874,,,,,,,,,,,,0
Idukki,Pettimudi_Rajamala,,2020-10-05T06:00:00,negative,Green,1880.0,15.807,156.04,9.3205,7.375,0.0,102.0,1.8027,,,,,,,,,,,,0
Idukki,Idamalayar_Dam,,2008-11-20T06:00:00,negative,Green,534.0,40.268,212.87,6.0746,21.5,357.1,11.0,2.0175,,,,,,,,,,,,0
Idukki,Idukki_Arch_Dam,,1985-08-05T06:00:00,negative,Green,742.0,21.269,197.17,6.159,9.625,217.0,5.0,1.5496,732.43,,,,,,,,,,,0
Idukki,Idukki_district_centroid_proxy_Painavu,,1992-08-25T06:00:00,negative,Green,646.0,30.507,48.8,5.5622,13.625,239.3,4.0,1.7874,,,,,,,,,,,,0
Idukki,Munnar_town,,2022-09-10T06:00:00,negative,Green,1454.0,3.87,103.83,14.6379,3.5,0.0,5016.0,1.9562,,,,,,,,,,,,0
Idukki,Pettimudi_Rajamala,,1994-08-10T06:00:00,negative,Green,1880.0,15.807,156.04,9.3205,7.375,0.0,102.0,1.8027,,,,,,,,,,,,0
Idukki,Idamalayar_Dam,,2003-06-10T06:00:00,negative,Green,534.0,40.268,212.87,6.0746,21.5,357.1,11.0,2.0175,,,,,,,,,,,,0
Idukki,Idukki_Arch_Dam,,1996-07-05T06:00:00,negative,Green,742.0,21.269,197.17,6.159,9.625,217.0,5.0,1.5496,732.43,,,,,,,,,,,0
Idukki,Idukki_Arch_Dam,,2006-07-25T06:00:00,negative,Green,742.0,21.269,197.17,6.159,9.625,217.0,5.0,1.5496,732.43,,,,,,,,,,,0
Idukki,Munnar_town,,1988-06-15T06:00:00,negative,Green,1454.0,3.87,103.83,14.6379,3.5,0.0,5016.0,1.9562,,,,,,,,,,,,0
Idukki,Munnar_town,,2006-07-10T06:00:00,negative,Green,1454.0,3.87,103.83,14.6379,3.5,0.0,5016.0,1.9562,,,,,,,,,,,,0
Idukki,Pettimudi_Rajamala,,1999-11-10T06:00:00,negative,Green,1880.0,15.807,156.04,9.3205,7.375,0.0,102.0,1.8027,,,,,,,,,,,,0
Idukki,Munnar_town,,1991-10-20T06:00:00,negative,Green,1454.0,3.87,103.83,14.6379,3.5,0.0,5016.0,1.9562,,,,,,,,,,,,0
Idukki,Pettimudi_Rajamala,,1975-06-25T06:00:00,negative,Green,1880.0,15.807,156.04,9.3205,7.375,0.0,102.0,1.8027,,,,,,,,,,,,0
Idukki,Pettimudi_Rajamala,,1968-08-15T06:00:00,negative,Green,1880.0,15.807,156.04,9.3205,7.375,0.0,102.0,1.8027,,,,,,,,,,,,0
Idukki,Idamalayar_Dam,,2012-09-15T06:00:00,negative,Green,534.0,40.268,212.87,6.0746,21.5,357.1,11.0,2.0175,,,,,,,,,,,,0
Idukki,Munnar_town,,1989-07-05T06:00:00,negative,Green,1454.0,3.87,103.83,14.6379,3.5,0.0,5016.0,1.9562,,,,,,,,,,,,0
Idukki,Pettimudi_Rajamala,,2001-06-25T06:00:00,negative,Green,1880.0,15.807,156.04,9.3205,7.375,0.0,102.0,1.8027,,,,,,,,,,,,0
Idukki,Idamalayar_Dam,,1976-07-10T06:00:00,negative,Green,534.0,40.268,212.87,6.0746,21.5,357.1,11.0,2.0175,,,,,,,,,,,,0
Idukki,Idukki_district_centroid_proxy_Painavu,,1977-09-10T06:00:00,negative,Green,646.0,30.507,48.8,5.5622,13.625,239.3,4.0,1.7874,,,,,,,,,,,,0
Idukki,Idukki_district_centroid_proxy_Painavu,,1982-09-15T06:00:00,negative,Green,646.0,30.507,48.8,5.5622,13.625,239.3,4.0,1.7874,,,,,,,,,,,,0
Idukki,Pettimudi_Rajamala,,1975-10-20T06:00:00,negative,Green,1880.0,15.807,156.04,9.3205,7.375,0.0,102.0,1.8027,,,,,,,,,,,,0
Idukki,Idamalayar_Dam,,1997-10-25T06:00:00,negative,Green,534.0,40.268,212.87,6.0746,21.5,357.1,11.0,2.0175,,,,,,,,,,,,0
Idukki,Idukki_district_centroid_proxy_Painavu,,2014-08-15T06:00:00,negative,Green,646.0,30.507,48.8,5.5622,13.625,239.3,4.0,1.7874,,,,,,,,,,,,0
Idukki,Pettimudi_Rajamala,,2012-11-10T06:00:00,negative,Green,1880.0,15.807,156.04,9.3205,7.375,0.0,102.0,1.8027,,,,,,,,,,,,0
Idukki,Idukki_district_centroid_proxy_Painavu,,2017-06-15T06:00:00,negative,Green,646.0,30.507,48.8,5.5622,13.625,239.3,4.0,1.7874,,,,,,,,,,,,0
Idukki,Pettimudi_Rajamala,,2001-07-15T06:00:00,negative,Green,1880.0,15.807,156.04,9.3205,7.375,0.0,102.0,1.8027,,,,,,,,,,,,0
Idukki,Munnar_town,,1980-09-20T06:00:00,negative,Green,1454.0,3.87,103.83,14.6379,3.5,0.0,5016.0,1.9562,,,,,,,,,,,,0
Idukki,Idamalayar_Dam,,1990-06-20T06:00:00,negative,Green,534.0,40.268,212.87,6.0746,21.5,357.1,11.0,2.0175,,,,,,,,,,,,0
Idukki,Pettimudi_Rajamala,,1992-10-25T06:00:00,negative,Green,1880.0,15.807,156.04,9.3205,7.375,0.0,102.0,1.8027,,,,,,,,,,,,0
Idukki,Idukki_district_centroid_proxy_Painavu,,2018-09-20T06:00:00,negative,Green,646.0,30.507,48.8,5.5622,13.625,239.3,4.0,1.7874,,,,,,,,,,,,0
Idukki,Idamalayar_Dam,,2006-06-10T06:00:00,negative,Green,534.0,40.268,212.87,6.0746,21.5,357.1,11.0,2.0175,,,,,,,,,,,,0
Idukki,Idamalayar_Dam,,2010-08-20T06:00:00,negative,Green,534.0,40.268,212.87,6.0746,21.5,357.1,11.0,2.0175,,,,,,,,,,,,0
Idukki,Munnar_town,,1983-07-20T06:00:00,negative,Green,1454.0,3.87,103.83,14.6379,3.5,0.0,5016.0,1.9562,,,,,,,,,,,,0
Idukki,Idukki_district_centroid_proxy_Painavu,,1971-10-10T06:00:00,negative,Green,646.0,30.507,48.8,5.5622,13.625,239.3,4.0,1.7874,,,,,,,,,,,,0
Idukki,Idukki_Arch_Dam,,1970-06-15T06:00:00,negative,Green,742.0,21.269,197.17,6.159,9.625,217.0,5.0,1.5496,732.43,,,,,,,,,,,0
Idukki,Idamalayar_Dam,,1993-10-25T06:00:00,negative,Green,534.0,40.268,212.87,6.0746,21.5,357.1,11.0,2.0175,,,,,,,,,,,,0
Idukki,Munnar_town,,1976-06-25T06:00:00,negative,Green,1454.0,3.87,103.83,14.6379,3.5,0.0,5016.0,1.9562,,,,,,,,,,,,0
Idukki,Pettimudi_Rajamala,,2020-08-25T06:00:00,negative,Green,1880.0,15.807,156.04,9.3205,7.375,0.0,102.0,1.8027,,,,,,,,,,,,0
Idukki,Idamalayar_Dam,,2005-10-20T06:00:00,negative,Green,534.0,40.268,212.87,6.0746,21.5,357.1,11.0,2.0175,,,,,,,,,,,,0
Idukki,Idamalayar_Dam,,2022-11-05T06:00:00,negative,Green,534.0,40.268,212.87,6.0746,21.5,357.1,11.0,2.0175,,,,,,,,,,161.16,-0.01,0
Idukki,Idukki_district_centroid_proxy_Painavu,,1982-07-10T06:00:00,negative,Green,646.0,30.507,48.8,5.5622,13.625,239.3,4.0,1.7874,,,,,,,,,,,,0
Idukki,Idukki_Arch_Dam,,2007-11-05T06:00:00,negative,Green,742.0,21.269,197.17,6.159,9.625,217.0,5.0,1.5496,732.43,,,,,,,,,,,0
Idukki,Idukki_district_centroid_proxy_Painavu,,1982-11-10T06:00:00,negative,Green,646.0,30.507,48.8,5.5622,13.625,239.3,4.0,1.7874,,,,,,,,,,,,0
Idukki,Idamalayar_Dam,,1973-09-15T06:00:00,negative,Green,534.0,40.268,212.87,6.0746,21.5,357.1,11.0,2.0175,,,,,,,,,,,,0
Idukki,Idamalayar_Dam,,1973-09-20T06:00:00,negative,Green,534.0,40.268,212.87,6.0746,21.5,357.1,11.0,2.0175,,,,,,,,,,,,0
Idukki,Idukki_district_centroid_proxy_Painavu,,2011-11-15T06:00:00,negative,Green,646.0,30.507,48.8,5.5622,13.625,239.3,4.0,1.7874,,,,,,,,,,,,0
Idukki,Munnar_town,,2018-11-05T06:00:00,negative,Green,1454.0,3.87,103.83,14.6379,3.5,0.0,5016.0,1.9562,,,,,,,,,,,,0
Idukki,Pettimudi_Rajamala,,2008-06-25T06:00:00,negative,Green,1880.0,15.807,156.04,9.3205,7.375,0.0,102.0,1.8027,,,,,,,,,,,,0
Idukki,Munnar_town,,1973-07-20T06:00:00,negative,Green,1454.0,3.87,103.83,14.6379,3.5,0.0,5016.0,1.9562,,,,,,,,,,,,0
Idukki,Munnar_town,,2005-11-15T06:00:00,negative,Green,1454.0,3.87,103.83,14.6379,3.5,0.0,5016.0,1.9562,,,,,,,,,,,,0
Idukki,Idamalayar_Dam,,2017-10-05T06:00:00,negative,Green,534.0,40.268,212.87,6.0746,21.5,357.1,11.0,2.0175,,,,,,,,,,,,0
Idukki,Idukki_district_centroid_proxy_Painavu,,2022-08-10T06:00:00,negative,Green,646.0,30.507,48.8,5.5622,13.625,239.3,4.0,1.7874,,,,,,,,,,,,0
Idukki,Pettimudi_Rajamala,,1974-09-10T06:00:00,negative,Green,1880.0,15.807,156.04,9.3205,7.375,0.0,102.0,1.8027,,,,,,,,,,,,0
Idukki,Idukki_district_centroid_proxy_Painavu,,1987-08-05T06:00:00,negative,Green,646.0,30.507,48.8,5.5622,13.625,239.3,4.0,1.7874,,,,,,,,,,,,0
Idukki,Idukki_Arch_Dam,,1977-10-20T06:00:00,negative,Green,742.0,21.269,197.17,6.159,9.625,217.0,5.0,1.5496,732.43,,,,,,,,,,,0
Idukki,Idamalayar_Dam,,2008-10-20T06:00:00,negative,Green,534.0,40.268,212.87,6.0746,21.5,357.1,11.0,2.0175,,,,,,,,,,,,0
Idukki,Idukki_Arch_Dam,,1982-11-20T06:00:00,negative,Green,742.0,21.269,197.17,6.159,9.625,217.0,5.0,1.5496,732.43,,,,,,,,,,,0
Idukki,Idukki_district_centroid_proxy_Painavu,,2006-08-05T06:00:00,negative,Green,646.0,30.507,48.8,5.5622,13.625,239.3,4.0,1.7874,,,,,,,,,,,,0
Idukki,Idukki_Arch_Dam,,1971-10-15T06:00:00,negative,Green,742.0,21.269,197.17,6.159,9.625,217.0,5.0,1.5496,732.43,,,,,,,,,,,0
Idukki,Idukki_district_centroid_proxy_Painavu,,2005-07-10T06:00:00,negative,Green,646.0,30.507,48.8,5.5622,13.625,239.3,4.0,1.7874,,,,,,,,,,,,0
Idukki,Idukki_district_centroid_proxy_Painavu,,1990-06-15T06:00:00,negative,Green,646.0,30.507,48.8,5.5622,13.625,239.3,4.0,1.7874,,,,,,,,,,,,0
Idukki,Munnar_town,,2000-09-25T06:00:00,negative,Green,1454.0,3.87,103.83,14.6379,3.5,0.0,5016.0,1.9562,,,,,,,,,,,,0
Idukki,Idukki_Arch_Dam,,2013-09-15T06:00:00,negative,Green,742.0,21.269,197.17,6.159,9.625,217.0,5.0,1.5496,732.43,,,,,,,,,,,0
Idukki,Pettimudi_Rajamala,,2012-09-20T06:00:00,negative,Green,1880.0,15.807,156.04,9.3205,7.375,0.0,102.0,1.8027,,,,,,,,,,,,0
Idukki,Idukki_district_centroid_proxy_Painavu,,1977-10-25T06:00:00,negative,Green,646.0,30.507,48.8,5.5622,13.625,239.3,4.0,1.7874,,,,,,,,,,,,0
Idukki,Pettimudi_Rajamala,,2010-08-20T06:00:00,negative,Green,1880.0,15.807,156.04,9.3205,7.375,0.0,102.0,1.8027,,,,,,,,,,,,0
Idukki,Munnar_town,,1988-10-05T06:00:00,negative,Green,1454.0,3.87,103.83,14.6379,3.5,0.0,5016.0,1.9562,,,,,,,,,,,,0
Idukki,Munnar_town,,2012-10-05T06:00:00,negative,Green,1454.0,3.87,103.83,14.6379,3.5,0.0,5016.0,1.9562,,,,,,,,,,,,0
Idukki,Idukki_district_centroid_proxy_Painavu,,1986-09-05T06:00:00,negative,Green,646.0,30.507,48.8,5.5622,13.625,239.3,4.0,1.7874,,,,,,,,,,,,0
Idukki,Munnar_town,,2001-08-05T06:00:00,negative,Green,1454.0,3.87,103.83,14.6379,3.5,0.0,5016.0,1.9562,,,,,,,,,,,,0
Idukki,Pettimudi_Rajamala,,1968-08-20T06:00:00,negative,Green,1880.0,15.807,156.04,9.3205,7.375,0.0,102.0,1.8027,,,,,,,,,,,,0
Idukki,Idukki_Arch_Dam,,1981-11-15T06:00:00,negative,Green,742.0,21.269,197.17,6.159,9.625,217.0,5.0,1.5496,732.43,,,,,,,,,,,0
Idukki,Pettimudi_Rajamala,,1974-06-15T06:00:00,negative,Green,1880.0,15.807,156.04,9.3205,7.375,0.0,102.0,1.8027,,,,,,,,,,,,0
Idukki,Pettimudi_Rajamala,,2008-06-10T06:00:00,negative,Green,1880.0,15.807,156.04,9.3205,7.375,0.0,102.0,1.8027,,,,,,,,,,,,0
Idukki,Pettimudi_Rajamala,,1994-09-05T06:00:00,negative,Green,1880.0,15.807,156.04,9.3205,7.375,0.0,102.0,1.8027,,,,,,,,,,,,0
Idukki,Idamalayar_Dam,,1983-08-05T06:00:00,negative,Green,534.0,40.268,212.87,6.0746,21.5,357.1,11.0,2.0175,,,,,,,,,,,,0
Idukki,Idukki_district_centroid_proxy_Painavu,,1981-06-25T06:00:00,negative,Green,646.0,30.507,48.8,5.5622,13.625,239.3,4.0,1.7874,,,,,,,,,,,,0
Idukki,Idukki_Arch_Dam,,1983-11-25T06:00:00,negative,Green,742.0,21.269,197.17,6.159,9.625,217.0,5.0,1.5496,732.43,,,,,,,,,,,0
Idukki,Idukki_Arch_Dam,,1984-07-10T06:00:00,negative,Green,742.0,21.269,197.17,6.159,9.625,217.0,5.0,1.5496,732.43,,,,,,,,,,,0
Idukki,Idukki_district_centroid_proxy_Painavu,,1977-09-05T06:00:00,negative,Green,646.0,30.507,48.8,5.5622,13.625,239.3,4.0,1.7874,,,,,,,,,,,,0
Idukki,Idamalayar_Dam,,1990-10-25T06:00:00,negative,Green,534.0,40.268,212.87,6.0746,21.5,357.1,11.0,2.0175,,,,,,,,,,,,0
Idukki,Idukki_Arch_Dam,,2011-10-25T06:00:00,negative,Green,742.0,21.269,197.17,6.159,9.625,217.0,5.0,1.5496,732.43,,,,,,,,,,,0
Idukki,Idukki_Arch_Dam,,1986-09-05T06:00:00,negative,Green,742.0,21.269,197.17,6.159,9.625,217.0,5.0,1.5496,732.43,,,,,,,,,,,0
Idukki,Munnar_town,,2014-06-10T06:00:00,negative,Green,1454.0,3.87,103.83,14.6379,3.5,0.0,5016.0,1.9562,,,,,,,,,,,,0
Idukki,Munnar_town,,2010-08-10T06:00:00,negative,Green,1454.0,3.87,103.83,14.6379,3.5,0.0,5016.0,1.9562,,,,,,,,,,,,0
Idukki,Idukki_district_centroid_proxy_Painavu,,2001-08-05T06:00:00,negative,Green,646.0,30.507,48.8,5.5622,13.625,239.3,4.0,1.7874,,,,,,,,,,,,0
Idukki,Munnar_town,,2013-11-20T06:00:00,negative,Green,1454.0,3.87,103.83,14.6379,3.5,0.0,5016.0,1.9562,,,,,,,,,,,,0
Idukki,Idukki_Arch_Dam,,2007-06-05T06:00:00,negative,Green,742.0,21.269,197.17,6.159,9.625,217.0,5.0,1.5496,732.43,,,,,,,,,,,0
Idukki,Pettimudi_Rajamala,,1993-06-20T06:00:00,negative,Green,1880.0,15.807,156.04,9.3205,7.375,0.0,102.0,1.8027,,,,,,,,,,,,0
Idukki,Idamalayar_Dam,,1969-10-10T06:00:00,negative,Green,534.0,40.268,212.87,6.0746,21.5,357.1,11.0,2.0175,,,,,,,,,,,,0
Idukki,Idamalayar_Dam,,2012-06-25T06:00:00,negative,Green,534.0,40.268,212.87,6.0746,21.5,357.1,11.0,2.0175,,,,,,,,,,,,0
Idukki,Pettimudi_Rajamala,,2003-07-10T06:00:00,negative,Green,1880.0,15.807,156.04,9.3205,7.375,0.0,102.0,1.8027,,,,,,,,,,,,0
Idukki,Munnar_town,,2000-11-10T06:00:00,negative,Green,1454.0,3.87,103.83,14.6379,3.5,0.0,5016.0,1.9562,,,,,,,,,,,,0
Idukki,Pettimudi_Rajamala,,2022-10-20T06:00:00,negative,Green,1880.0,15.807,156.04,9.3205,7.375,0.0,102.0,1.8027,,,,,,,,,,,,0
Idukki,Idamalayar_Dam,,1985-10-15T06:00:00,negative,Green,534.0,40.268,212.87,6.0746,21.5,357.1,11.0,2.0175,,,,,,,,,,,,0
Idukki,Idamalayar_Dam,,2020-11-25T06:00:00,negative,Green,534.0,40.268,212.87,6.0746,21.5,357.1,11.0,2.0175,,,,,,,,,,163.44,0.0,0
Idukki,Pettimudi_Rajamala,,2000-08-10T06:00:00,negative,Green,1880.0,15.807,156.04,9.3205,7.375,0.0,102.0,1.8027,,,,,,,,,,,,0
Idukki,Idukki_district_centroid_proxy_Painavu,,2006-11-25T06:00:00,negative,Green,646.0,30.507,48.8,5.5622,13.625,239.3,4.0,1.7874,,,,,,,,,,,,0
Idukki,Munnar_town,,1991-11-25T06:00:00,negative,Green,1454.0,3.87,103.83,14.6379,3.5,0.0,5016.0,1.9562,,,,,,,,,,,,0
Idukki,Idukki_Arch_Dam,,2008-10-10T06:00:00,negative,Green,742.0,21.269,197.17,6.159,9.625,217.0,5.0,1.5496,732.43,,,,,,,,,,,0
Idukki,Idukki_district_centroid_proxy_Painavu,,1991-11-15T06:00:00,negative,Green,646.0,30.507,48.8,5.5622,13.625,239.3,4.0,1.7874,,,,,,,,,,,,0
Idukki,Munnar_town,,1995-10-25T06:00:00,negative,Green,1454.0,3.87,103.83,14.6379,3.5,0.0,5016.0,1.9562,,,,,,,,,,,,0
Idukki,Idukki_Arch_Dam,,2011-11-15T06:00:00,negative,Green,742.0,21.269,197.17,6.159,9.625,217.0,5.0,1.5496,732.43,,,,,,,,,,,0
Idukki,Idukki_district_centroid_proxy_Painavu,,1994-09-05T06:00:00,negative,Green,646.0,30.507,48.8,5.5622,13.625,239.3,4.0,1.7874,,,,,,,,,,,,0
Idukki,Idukki_Arch_Dam,,2009-07-25T06:00:00,negative,Green,742.0,21.269,197.17,6.159,9.625,217.0,5.0,1.5496,732.43,,,,,,,,,,,0
Idukki,Idamalayar_Dam,,1980-11-05T06:00:00,negative,Green,534.0,40.268,212.87,6.0746,21.5,357.1,11.0,2.0175,,,,,,,,,,,,0
Idukki,Idukki_Arch_Dam,,1974-11-05T06:00:00,negative,Green,742.0,21.269,197.17,6.159,9.625,217.0,5.0,1.5496,732.43,,,,,,,,,,,0
Idukki,Pettimudi_Rajamala,,1975-11-20T06:00:00,negative,Green,1880.0,15.807,156.04,9.3205,7.375,0.0,102.0,1.8027,,,,,,,,,,,,0
Idukki,Idamalayar_Dam,,1977-09-15T06:00:00,negative,Green,534.0,40.268,212.87,6.0746,21.5,357.1,11.0,2.0175,,,,,,,,,,,,0
Idukki,Idamalayar_Dam,,1968-09-05T06:00:00,negative,Green,534.0,40.268,212.87,6.0746,21.5,357.1,11.0,2.0175,,,,,,,,,,,,0
Idukki,Pettimudi_Rajamala,,1972-10-10T06:00:00,negative,Green,1880.0,15.807,156.04,9.3205,7.375,0.0,102.0,1.8027,,,,,,,,,,,,0
Idukki,Idukki_Arch_Dam,,1978-07-05T06:00:00,negative,Green,742.0,21.269,197.17,6.159,9.625,217.0,5.0,1.5496,732.43,,,,,,,,,,,0
Idukki,Idukki_Arch_Dam,,1983-07-10T06:00:00,negative,Green,742.0,21.269,197.17,6.159,9.625,217.0,5.0,1.5496,732.43,,,,,,,,,,,0
Idukki,Idukki_Arch_Dam,,2005-08-10T06:00:00,negative,Green,742.0,21.269,197.17,6.159,9.625,217.0,5.0,1.5496,732.43,,,,,,,,,,,0
Idukki,Idukki_district_centroid_proxy_Painavu,,1968-06-10T06:00:00,negative,Green,646.0,30.507,48.8,5.5622,13.625,239.3,4.0,1.7874,,,,,,,,,,,,0
Idukki,Munnar_town,,1986-08-20T06:00:00,negative,Green,1454.0,3.87,103.83,14.6379,3.5,0.0,5016.0,1.9562,,,,,,,,,,,,0
Idukki,Idukki_district_centroid_proxy_Painavu,,1977-07-05T06:00:00,negative,Green,646.0,30.507,48.8,5.5622,13.625,239.3,4.0,1.7874,,,,,,,,,,,,0
Idukki,Idukki_district_centroid_proxy_Painavu,,1983-10-10T06:00:00,negative,Green,646.0,30.507,48.8,5.5622,13.625,239.3,4.0,1.7874,,,,,,,,,,,,0
Idukki,Idukki_Arch_Dam,,2011-08-25T06:00:00,negative,Green,742.0,21.269,197.17,6.159,9.625,217.0,5.0,1.5496,732.43,,,,,,,,,,,0
Idukki,Pettimudi_Rajamala,,2010-09-15T06:00:00,negative,Green,1880.0,15.807,156.04,9.3205,7.375,0.0,102.0,1.8027,,,,,,,,,,,,0
Idukki,Pettimudi_Rajamala,,2010-11-20T06:00:00,negative,Green,1880.0,15.807,156.04,9.3205,7.375,0.0,102.0,1.8027,,,,,,,,,,,,0
Idukki,Pettimudi_Rajamala,,2004-11-20T06:00:00,negative,Green,1880.0,15.807,156.04,9.3205,7.375,0.0,102.0,1.8027,,,,,,,,,,,,0
Idukki,Idamalayar_Dam,,1976-08-05T06:00:00,negative,Green,534.0,40.268,212.87,6.0746,21.5,357.1,11.0,2.0175,,,,,,,,,,,,0
Idukki,Pettimudi_Rajamala,,2004-09-10T06:00:00,negative,Green,1880.0,15.807,156.04,9.3205,7.375,0.0,102.0,1.8027,,,,,,,,,,,,0
Idukki,Idukki_Arch_Dam,,1976-07-10T06:00:00,negative,Green,742.0,21.269,197.17,6.159,9.625,217.0,5.0,1.5496,732.43,,,,,,,,,,,0
Idukki,Idamalayar_Dam,,2007-11-10T06:00:00,negative,Green,534.0,40.268,212.87,6.0746,21.5,357.1,11.0,2.0175,,,,,,,,,,,,0
Idukki,Munnar_town,,2011-06-15T06:00:00,negative,Green,1454.0,3.87,103.83,14.6379,3.5,0.0,5016.0,1.9562,,,,,,,,,,,,0
Idukki,Idukki_district_centroid_proxy_Painavu,,1980-07-20T06:00:00,negative,Green,646.0,30.507,48.8,5.5622,13.625,239.3,4.0,1.7874,,,,,,,,,,,,0
Idukki,Idukki_district_centroid_proxy_Painavu,,2001-08-10T06:00:00,negative,Green,646.0,30.507,48.8,5.5622,13.625,239.3,4.0,1.7874,,,,,,,,,,,,0
Idukki,Idukki_district_centroid_proxy_Painavu,,2014-07-05T06:00:00,negative,Green,646.0,30.507,48.8,5.5622,13.625,239.3,4.0,1.7874,,,,,,,,,,,,0
Idukki,Idukki_district_centroid_proxy_Painavu,,1979-09-20T06:00:00,negative,Green,646.0,30.507,48.8,5.5622,13.625,239.3,4.0,1.7874,,,,,,,,,,,,0
Idukki,Pettimudi_Rajamala,,2002-09-05T06:00:00,negative,Green,1880.0,15.807,156.04,9.3205,7.375,0.0,102.0,1.8027,,,,,,,,,,,,0
Idukki,Idukki_district_centroid_proxy_Painavu,,2016-08-25T06:00:00,negative,Green,646.0,30.507,48.8,5.5622,13.625,239.3,4.0,1.7874,,,,,,,,,,,,0
Idukki,Idukki_district_centroid_proxy_Painavu,,1979-08-10T06:00:00,negative,Green,646.0,30.507,48.8,5.5622,13.625,239.3,4.0,1.7874,,,,,,,,,,,,0
Idukki,Idukki_Arch_Dam,,1987-10-20T06:00:00,negative,Green,742.0,21.269,197.17,6.159,9.625,217.0,5.0,1.5496,732.43,,,,,,,,,,,0
Idukki,Idukki_Arch_Dam,,2019-11-25T06:00:00,negative,Green,742.0,21.269,197.17,6.159,9.625,217.0,5.0,1.5496,732.43,,,,,,,,,,,0
Idukki,Idukki_district_centroid_proxy_Painavu,,2004-10-10T06:00:00,negative,Green,646.0,30.507,48.8,5.5622,13.625,239.3,4.0,1.7874,,,,,,,,,,,,0
Idukki,Idukki_Arch_Dam,,1997-10-05T06:00:00,negative,Green,742.0,21.269,197.17,6.159,9.625,217.0,5.0,1.5496,732.43,,,,,,,,,,,0
Idukki,Pettimudi_Rajamala,,2000-06-20T06:00:00,negative,Green,1880.0,15.807,156.04,9.3205,7.375,0.0,102.0,1.8027,,,,,,,,,,,,0
Idukki,Pettimudi_Rajamala,,2014-09-10T06:00:00,negative,Green,1880.0,15.807,156.04,9.3205,7.375,0.0,102.0,1.8027,,,,,,,,,,,,0
Idukki,Pettimudi_Rajamala,,2015-11-25T06:00:00,negative,Green,1880.0,15.807,156.04,9.3205,7.375,0.0,102.0,1.8027,,,,,,,,,,,,0
Idukki,Munnar_town,,1994-11-15T06:00:00,negative,Green,1454.0,3.87,103.83,14.6379,3.5,0.0,5016.0,1.9562,,,,,,,,,,,,0
Idukki,Idamalayar_Dam,,2015-11-10T06:00:00,negative,Green,534.0,40.268,212.87,6.0746,21.5,357.1,11.0,2.0175,,,,,,,,,,,,0
Idukki,Pettimudi_Rajamala,,1970-07-15T06:00:00,negative,Green,1880.0,15.807,156.04,9.3205,7.375,0.0,102.0,1.8027,,,,,,,,,,,,0
Idukki,Idamalayar_Dam,,1983-06-20T06:00:00,negative,Green,534.0,40.268,212.87,6.0746,21.5,357.1,11.0,2.0175,,,,,,,,,,,,0
Idukki,Munnar_town,,2014-07-10T06:00:00,negative,Green,1454.0,3.87,103.83,14.6379,3.5,0.0,5016.0,1.9562,,,,,,,,,,,,0
Idukki,Munnar_town,,1986-08-25T06:00:00,negative,Green,1454.0,3.87,103.83,14.6379,3.5,0.0,5016.0,1.9562,,,,,,,,,,,,0
Idukki,Pettimudi_Rajamala,,1972-10-15T06:00:00,negative,Green,1880.0,15.807,156.04,9.3205,7.375,0.0,102.0,1.8027,,,,,,,,,,,,0
Idukki,Pettimudi_Rajamala,,2007-09-10T06:00:00,negative,Green,1880.0,15.807,156.04,9.3205,7.375,0.0,102.0,1.8027,,,,,,,,,,,,0
Idukki,Idamalayar_Dam,,1973-06-10T06:00:00,negative,Green,534.0,40.268,212.87,6.0746,21.5,357.1,11.0,2.0175,,,,,,,,,,,,0
Idukki,Munnar_town,,1980-08-20T06:00:00,negative,Green,1454.0,3.87,103.83,14.6379,3.5,0.0,5016.0,1.9562,,,,,,,,,,,,0
Idukki,Idukki_district_centroid_proxy_Painavu,,2008-08-10T06:00:00,negative,Green,646.0,30.507,48.8,5.5622,13.625,239.3,4.0,1.7874,,,,,,,,,,,,0
Idukki,Idamalayar_Dam,,1979-11-25T06:00:00,negative,Green,534.0,40.268,212.87,6.0746,21.5,357.1,11.0,2.0175,,,,,,,,,,,,0
Idukki,Idukki_district_centroid_proxy_Painavu,,1974-09-05T06:00:00,negative,Green,646.0,30.507,48.8,5.5622,13.625,239.3,4.0,1.7874,,,,,,,,,,,,0
Idukki,Idamalayar_Dam,,1970-06-15T06:00:00,negative,Green,534.0,40.268,212.87,6.0746,21.5,357.1,11.0,2.0175,,,,,,,,,,,,0
Idukki,Idamalayar_Dam,,2018-11-05T06:00:00,negative,Green,534.0,40.268,212.87,6.0746,21.5,357.1,11.0,2.0175,,,,,,,,,,,,0
Idukki,Pettimudi_Rajamala,,2013-11-15T06:00:00,negative,Green,1880.0,15.807,156.04,9.3205,7.375,0.0,102.0,1.8027,,,,,,,,,,,,0
Idukki,Idukki_Arch_Dam,,2021-09-20T06:00:00,negative,Green,742.0,21.269,197.17,6.159,9.625,217.0,5.0,1.5496,732.43,,,,,,,,,,,0
Idukki,Pettimudi_Rajamala,,2001-10-20T06:00:00,negative,Green,1880.0,15.807,156.04,9.3205,7.375,0.0,102.0,1.8027,,,,,,,,,,,,0
Idukki,Pettimudi_Rajamala,,1978-10-10T06:00:00,negative,Green,1880.0,15.807,156.04,9.3205,7.375,0.0,102.0,1.8027,,,,,,,,,,,,0
Idukki,Idukki_Arch_Dam,,1980-06-10T06:00:00,negative,Green,742.0,21.269,197.17,6.159,9.625,217.0,5.0,1.5496,732.43,,,,,,,,,,,0
Idukki,Idukki_Arch_Dam,,1986-08-10T06:00:00,negative,Green,742.0,21.269,197.17,6.159,9.625,217.0,5.0,1.5496,732.43,,,,,,,,,,,0
Idukki,Idamalayar_Dam,,1981-10-05T06:00:00,negative,Green,534.0,40.268,212.87,6.0746,21.5,357.1,11.0,2.0175,,,,,,,,,,,,0
Idukki,Idamalayar_Dam,,1970-09-05T06:00:00,negative,Green,534.0,40.268,212.87,6.0746,21.5,357.1,11.0,2.0175,,,,,,,,,,,,0
Idukki,Idukki_district_centroid_proxy_Painavu,,2005-09-25T06:00:00,negative,Green,646.0,30.507,48.8,5.5622,13.625,239.3,4.0,1.7874,,,,,,,,,,,,0
Idukki,Munnar_town,,1996-07-10T06:00:00,negative,Green,1454.0,3.87,103.83,14.6379,3.5,0.0,5016.0,1.9562,,,,,,,,,,,,0
Idukki,Idamalayar_Dam,,1968-08-25T06:00:00,negative,Green,534.0,40.268,212.87,6.0746,21.5,357.1,11.0,2.0175,,,,,,,,,,,,0
Idukki,Idukki_district_centroid_proxy_Painavu,,1986-09-15T06:00:00,negative,Green,646.0,30.507,48.8,5.5622,13.625,239.3,4.0,1.7874,,,,,,,,,,,,0
Idukki,Munnar_town,,1994-06-25T06:00:00,negative,Green,1454.0,3.87,103.83,14.6379,3.5,0.0,5016.0,1.9562,,,,,,,,,,,,0
Idukki,Idamalayar_Dam,,2016-07-20T06:00:00,negative,Green,534.0,40.268,212.87,6.0746,21.5,357.1,11.0,2.0175,,,,,,,,,,,,0
Idukki,Pettimudi_Rajamala,,2006-07-25T06:00:00,negative,Green,1880.0,15.807,156.04,9.3205,7.375,0.0,102.0,1.8027,,,,,,,,,,,,0
Idukki,Pettimudi_Rajamala,,1980-06-05T06:00:00,negative,Green,1880.0,15.807,156.04,9.3205,7.375,0.0,102.0,1.8027,,,,,,,,,,,,0
Idukki,Idamalayar_Dam,,1980-08-25T06:00:00,negative,Green,534.0,40.268,212.87,6.0746,21.5,357.1,11.0,2.0175,,,,,,,,,,,,0
Idukki,Munnar_town,,2001-10-15T06:00:00,negative,Green,1454.0,3.87,103.83,14.6379,3.5,0.0,5016.0,1.9562,,,,,,,,,,,,0
Idukki,Munnar_town,,2015-10-25T06:00:00,negative,Green,1454.0,3.87,103.83,14.6379,3.5,0.0,5016.0,1.9562,,,,,,,,,,,,0
Idukki,Munnar_town,,1999-06-25T06:00:00,negative,Green,1454.0,3.87,103.83,14.6379,3.5,0.0,5016.0,1.9562,,,,,,,,,,,,0
Idukki,Idukki_district_centroid_proxy_Painavu,,2022-10-25T06:00:00,negative,Green,646.0,30.507,48.8,5.5622,13.625,239.3,4.0,1.7874,,,,,,,,,,,,0
Idukki,Pettimudi_Rajamala,,1979-09-20T06:00:00,negative,Green,1880.0,15.807,156.04,9.3205,7.375,0.0,102.0,1.8027,,,,,,,,,,,,0
Idukki,Idamalayar_Dam,,1977-10-15T06:00:00,negative,Green,534.0,40.268,212.87,6.0746,21.5,357.1,11.0,2.0175,,,,,,,,,,,,0
Idukki,Idukki_Arch_Dam,,2015-07-25T06:00:00,negative,Green,742.0,21.269,197.17,6.159,9.625,217.0,5.0,1.5496,732.43,,,,,,,,,,,0
Idukki,Pettimudi_Rajamala,,2015-08-05T06:00:00,negative,Green,1880.0,15.807,156.04,9.3205,7.375,0.0,102.0,1.8027,,,,,,,,,,,,0
Idukki,Idukki_Arch_Dam,,1978-10-20T06:00:00,negative,Green,742.0,21.269,197.17,6.159,9.625,217.0,5.0,1.5496,732.43,,,,,,,,,,,0
Idukki,Pettimudi_Rajamala,,1979-10-25T06:00:00,negative,Green,1880.0,15.807,156.04,9.3205,7.375,0.0,102.0,1.8027,,,,,,,,,,,,0
Idukki,Munnar_town,,2006-10-10T06:00:00,negative,Green,1454.0,3.87,103.83,14.6379,3.5,0.0,5016.0,1.9562,,,,,,,,,,,,0
Idukki,Idukki_district_centroid_proxy_Painavu,,2012-09-10T06:00:00,negative,Green,646.0,30.507,48.8,5.5622,13.625,239.3,4.0,1.7874,,,,,,,,,,,,0
Idukki,Idukki_Arch_Dam,,2014-10-20T06:00:00,negative,Green,742.0,21.269,197.17,6.159,9.625,217.0,5.0,1.5496,732.43,,,,,,,,,,,0
Idukki,Idukki_district_centroid_proxy_Painavu,,1978-10-10T06:00:00,negative,Green,646.0,30.507,48.8,5.5622,13.625,239.3,4.0,1.7874,,,,,,,,,,,,0
Idukki,Idamalayar_Dam,,1987-07-05T06:00:00,negative,Green,534.0,40.268,212.87,6.0746,21.5,357.1,11.0,2.0175,,,,,,,,,,,,0
Idukki,Idukki_district_centroid_proxy_Painavu,,1969-09-10T06:00:00,negative,Green,646.0,30.507,48.8,5.5622,13.625,239.3,4.0,1.7874,,,,,,,,,,,,0
Idukki,Idukki_Arch_Dam,,2014-08-05T06:00:00,negative,Green,742.0,21.269,197.17,6.159,9.625,217.0,5.0,1.5496,732.43,,,,,,,,,,,0
Idukki,Munnar_town,,1986-06-10T06:00:00,negative,Green,1454.0,3.87,103.83,14.6379,3.5,0.0,5016.0,1.9562,,,,,,,,,,,,0
Idukki,Idukki_Arch_Dam,,2020-06-25T06:00:00,negative,Green,742.0,21.269,197.17,6.159,9.625,217.0,5.0,1.5496,732.43,,,,,,,,,,,0
Idukki,Idukki_district_centroid_proxy_Painavu,,2013-09-10T06:00:00,negative,Green,646.0,30.507,48.8,5.5622,13.625,239.3,4.0,1.7874,,,,,,,,,,,,0
Idukki,Idukki_Arch_Dam,,1984-09-15T06:00:00,negative,Green,742.0,21.269,197.17,6.159,9.625,217.0,5.0,1.5496,732.43,,,,,,,,,,,0
Idukki,Idukki_district_centroid_proxy_Painavu,,1970-11-20T06:00:00,negative,Green,646.0,30.507,48.8,5.5622,13.625,239.3,4.0,1.7874,,,,,,,,,,,,0
Idukki,Munnar_town,,1976-09-20T06:00:00,negative,Green,1454.0,3.87,103.83,14.6379,3.5,0.0,5016.0,1.9562,,,,,,,,,,,,0
Idukki,Pettimudi_Rajamala,,2003-07-15T06:00:00,negative,Green,1880.0,15.807,156.04,9.3205,7.375,0.0,102.0,1.8027,,,,,,,,,,,,0
Idukki,Munnar_town,,1975-07-20T06:00:00,negative,Green,1454.0,3.87,103.83,14.6379,3.5,0.0,5016.0,1.9562,,,,,,,,,,,,0
Idukki,Idamalayar_Dam,,1990-11-15T06:00:00,negative,Green,534.0,40.268,212.87,6.0746,21.5,357.1,11.0,2.0175,,,,,,,,,,,,0
Idukki,Idukki_Arch_Dam,,2015-08-15T06:00:00,negative,Green,742.0,21.269,197.17,6.159,9.625,217.0,5.0,1.5496,732.43,,,,,,,,,,,0
Idukki,Idukki_district_centroid_proxy_Painavu,,1987-11-05T06:00:00,negative,Green,646.0,30.507,48.8,5.5622,13.625,239.3,4.0,1.7874,,,,,,,,,,,,0
Idukki,Idukki_district_centroid_proxy_Painavu,,1988-09-25T06:00:00,negative,Green,646.0,30.507,48.8,5.5622,13.625,239.3,4.0,1.7874,,,,,,,,,,,,0
Idukki,Idukki_district_centroid_proxy_Painavu,,2001-10-10T06:00:00,negative,Green,646.0,30.507,48.8,5.5622,13.625,239.3,4.0,1.7874,,,,,,,,,,,,0
Idukki,Pettimudi_Rajamala,,1982-07-20T06:00:00,negative,Green,1880.0,15.807,156.04,9.3205,7.375,0.0,102.0,1.8027,,,,,,,,,,,,0
Idukki,Idamalayar_Dam,,1978-07-10T06:00:00,negative,Green,534.0,40.268,212.87,6.0746,21.5,357.1,11.0,2.0175,,,,,,,,,,,,0
Idukki,Idukki_district_centroid_proxy_Painavu,,2003-08-15T06:00:00,negative,Green,646.0,30.507,48.8,5.5622,13.625,239.3,4.0,1.7874,,,,,,,,,,,,0
Idukki,Pettimudi_Rajamala,,1973-08-20T06:00:00,negative,Green,1880.0,15.807,156.04,9.3205,7.375,0.0,102.0,1.8027,,,,,,,,,,,,0
Idukki,Munnar_town,,1990-09-20T06:00:00,negative,Green,1454.0,3.87,103.83,14.6379,3.5,0.0,5016.0,1.9562,,,,,,,,,,,,0
Idukki,Idukki_Arch_Dam,,2000-06-25T06:00:00,negative,Green,742.0,21.269,197.17,6.159,9.625,217.0,5.0,1.5496,732.43,,,,,,,,,,,0
Idukki,Idukki_district_centroid_proxy_Painavu,,1969-10-25T06:00:00,negative,Green,646.0,30.507,48.8,5.5622,13.625,239.3,4.0,1.7874,,,,,,,,,,,,0
Rudraprayag,Guptkashi,,2013-09-10T06:00:00,negative,Green,1453.0,18.444,106.91,5.1482,7.375,216.5,1.0,2.4109,,,,,,,,,,,,0
Rudraprayag,Guptkashi,,2012-08-05T06:00:00,negative,Green,1453.0,18.444,106.91,5.1482,7.375,216.5,1.0,2.4109,,,,,,,,,,,,0
Rudraprayag,Rudraprayag_town,,2002-06-15T06:00:00,negative,Green,683.0,18.862,6.31,5.5296,7.375,159.8,2.0,2.3319,624.7,,,,,,,,,,,0
Rudraprayag,Kedarnath,,2013-10-25T06:00:00,negative,Green,3541.0,2.141,149.87,8.0295,0.875,85.7,3.0,3.5517,,,,,,,,,,,,0
Rudraprayag,Guptkashi,,2015-11-20T06:00:00,negative,Green,1453.0,18.444,106.91,5.1482,7.375,216.5,1.0,2.4109,,,,,,,,,,,,0
Rudraprayag,Kedarnath,,2001-10-20T06:00:00,negative,Green,3541.0,2.141,149.87,8.0295,0.875,85.7,3.0,3.5517,,,,,,,,,,,,0
Rudraprayag,Guptkashi,,2020-09-05T06:00:00,negative,Green,1453.0,18.444,106.91,5.1482,7.375,216.5,1.0,2.4109,,,,,,,,,,,,0
Rudraprayag,Kedarnath,,2002-10-20T06:00:00,negative,Green,3541.0,2.141,149.87,8.0295,0.875,85.7,3.0,3.5517,,,,,,,,,,,,0
Rudraprayag,Rudraprayag_town,,2019-08-20T06:00:00,negative,Green,683.0,18.862,6.31,5.5296,7.375,159.8,2.0,2.3319,624.7,,,,,,,,,,,0
Rudraprayag,Guptkashi,,2011-11-25T06:00:00,negative,Green,1453.0,18.444,106.91,5.1482,7.375,216.5,1.0,2.4109,,,,,,,,,,,,0
Rudraprayag,Kedarnath,,2009-07-15T06:00:00,negative,Green,3541.0,2.141,149.87,8.0295,0.875,85.7,3.0,3.5517,,,,,,,,,,,,0
Rudraprayag,Kedarnath,,2007-06-15T06:00:00,negative,Green,3541.0,2.141,149.87,8.0295,0.875,85.7,3.0,3.5517,,,,,,,,,,,,0
Rudraprayag,Guptkashi,,2017-08-05T06:00:00,negative,Green,1453.0,18.444,106.91,5.1482,7.375,216.5,1.0,2.4109,,,,,,,,,,,,0
Rudraprayag,Rudraprayag_town,,2005-06-10T06:00:00,negative,Green,683.0,18.862,6.31,5.5296,7.375,159.8,2.0,2.3319,624.7,,,,,,,,,,,0
Rudraprayag,Guptkashi,,2018-09-25T06:00:00,negative,Green,1453.0,18.444,106.91,5.1482,7.375,216.5,1.0,2.4109,,,,,,,,,,,,0
Rudraprayag,Guptkashi,,2001-11-20T06:00:00,negative,Green,1453.0,18.444,106.91,5.1482,7.375,216.5,1.0,2.4109,,,,,,,,,,,,0
Rudraprayag,Kedarnath,,2017-11-05T06:00:00,negative,Green,3541.0,2.141,149.87,8.0295,0.875,85.7,3.0,3.5517,,,,,,,,,,,,0
Rudraprayag,Guptkashi,,2018-08-20T06:00:00,negative,Green,1453.0,18.444,106.91,5.1482,7.375,216.5,1.0,2.4109,,,,,,,,,,,,0
Rudraprayag,Rudraprayag_town,,2015-06-05T06:00:00,negative,Green,683.0,18.862,6.31,5.5296,7.375,159.8,2.0,2.3319,624.7,,,,,,,,,,,0
Rudraprayag,Guptkashi,,2015-09-15T06:00:00,negative,Green,1453.0,18.444,106.91,5.1482,7.375,216.5,1.0,2.4109,,,,,,,,,,,,0
Rudraprayag,Rudraprayag_town,,2021-06-25T06:00:00,negative,Green,683.0,18.862,6.31,5.5296,7.375,159.8,2.0,2.3319,624.7,,,,,,,,,616.74,-0.08,0
Rudraprayag,Rudraprayag_town,,2022-09-20T06:00:00,negative,Green,683.0,18.862,6.31,5.5296,7.375,159.8,2.0,2.3319,624.7,,,,,,,,,617.38,0.0,0
Rudraprayag,Guptkashi,,2003-09-10T06:00:00,negative,Green,1453.0,18.444,106.91,5.1482,7.375,216.5,1.0,2.4109,,,,,,,,,,,,0
Rudraprayag,Guptkashi,,2004-07-20T06:00:00,negative,Green,1453.0,18.444,106.91,5.1482,7.375,216.5,1.0,2.4109,,,,,,,,,,,,0
Rudraprayag,Kedarnath,,2014-11-25T06:00:00,negative,Green,3541.0,2.141,149.87,8.0295,0.875,85.7,3.0,3.5517,,,,,,,,,,,,0
Rudraprayag,Rudraprayag_town,,2009-11-10T06:00:00,negative,Green,683.0,18.862,6.31,5.5296,7.375,159.8,2.0,2.3319,624.7,,,,,,,,,,,0
Rudraprayag,Rudraprayag_town,,2021-08-10T06:00:00,negative,Green,683.0,18.862,6.31,5.5296,7.375,159.8,2.0,2.3319,624.7,,,,,,,,,618.67,-0.13,0
Rudraprayag,Kedarnath,,2009-06-20T06:00:00,negative,Green,3541.0,2.141,149.87,8.0295,0.875,85.7,3.0,3.5517,,,,,,,,,,,,0
Rudraprayag,Rudraprayag_town,,2014-10-25T06:00:00,negative,Green,683.0,18.862,6.31,5.5296,7.375,159.8,2.0,2.3319,624.7,,,,,,,,,,,0
Rudraprayag,Kedarnath,,2009-11-20T06:00:00,negative,Green,3541.0,2.141,149.87,8.0295,0.875,85.7,3.0,3.5517,,,,,,,,,,,,0
Rudraprayag,Rudraprayag_town,,2010-10-20T06:00:00,negative,Green,683.0,18.862,6.31,5.5296,7.375,159.8,2.0,2.3319,624.7,,,,,,,,,,,0
Rudraprayag,Rudraprayag_town,,2014-09-15T06:00:00,negative,Green,683.0,18.862,6.31,5.5296,7.375,159.8,2.0,2.3319,624.7,,,,,,,,,,,0
Rudraprayag,Rudraprayag_town,,2022-11-15T06:00:00,negative,Green,683.0,18.862,6.31,5.5296,7.375,159.8,2.0,2.3319,624.7,,,,,,,,,615.48,0.0,0
Rudraprayag,Rudraprayag_town,,2003-08-25T06:00:00,negative,Green,683.0,18.862,6.31,5.5296,7.375,159.8,2.0,2.3319,624.7,,,,,,,,,,,0
Rudraprayag,Guptkashi,,2020-11-25T06:00:00,negative,Green,1453.0,18.444,106.91,5.1482,7.375,216.5,1.0,2.4109,,,,,,,,,,,,0
Rudraprayag,Guptkashi,,2011-09-05T06:00:00,negative,Green,1453.0,18.444,106.91,5.1482,7.375,216.5,1.0,2.4109,,,,,,,,,,,,0
Rudraprayag,Kedarnath,,2016-09-05T06:00:00,negative,Green,3541.0,2.141,149.87,8.0295,0.875,85.7,3.0,3.5517,,,,,,,,,,,,0
Rudraprayag,Rudraprayag_town,,2011-10-20T06:00:00,negative,Green,683.0,18.862,6.31,5.5296,7.375,159.8,2.0,2.3319,624.7,,,,,,,,,,,0
Rudraprayag,Kedarnath,,2016-10-10T06:00:00,negative,Green,3541.0,2.141,149.87,8.0295,0.875,85.7,3.0,3.5517,,,,,,,,,,,,0
Rudraprayag,Kedarnath,,2010-11-20T06:00:00,negative,Green,3541.0,2.141,149.87,8.0295,0.875,85.7,3.0,3.5517,,,,,,,,,,,,0
Rudraprayag,Guptkashi,,2022-10-10T06:00:00,negative,Green,1453.0,18.444,106.91,5.1482,7.375,216.5,1.0,2.4109,,,,,,,,,,,,0
Rudraprayag,Kedarnath,,2003-11-05T06:00:00,negative,Green,3541.0,2.141,149.87,8.0295,0.875,85.7,3.0,3.5517,,,,,,,,,,,,0
Rudraprayag,Guptkashi,,2006-11-05T06:00:00,negative,Green,1453.0,18.444,106.91,5.1482,7.375,216.5,1.0,2.4109,,,,,,,,,,,,0
Rudraprayag,Guptkashi,,2014-10-20T06:00:00,negative,Green,1453.0,18.444,106.91,5.1482,7.375,216.5,1.0,2.4109,,,,,,,,,,,,0
Rudraprayag,Guptkashi,,2022-11-20T06:00:00,negative,Green,1453.0,18.444,106.91,5.1482,7.375,216.5,1.0,2.4109,,,,,,,,,,,,0
Rudraprayag,Kedarnath,,2004-09-05T06:00:00,negative,Green,3541.0,2.141,149.87,8.0295,0.875,85.7,3.0,3.5517,,,,,,,,,,,,0
Rudraprayag,Rudraprayag_town,,2003-10-05T06:00:00,negative,Green,683.0,18.862,6.31,5.5296,7.375,159.8,2.0,2.3319,624.7,,,,,,,,,,,0
Rudraprayag,Rudraprayag_town,,2017-06-05T06:00:00,negative,Green,683.0,18.862,6.31,5.5296,7.375,159.8,2.0,2.3319,624.7,,,,,,,,,,,0
Rudraprayag,Guptkashi,,2014-09-25T06:00:00,negative,Green,1453.0,18.444,106.91,5.1482,7.375,216.5,1.0,2.4109,,,,,,,,,,,,0
Rudraprayag,Guptkashi,,2009-09-25T06:00:00,negative,Green,1453.0,18.444,106.91,5.1482,7.375,216.5,1.0,2.4109,,,,,,,,,,,,0
Rudraprayag,Rudraprayag_town,,2017-11-25T06:00:00,negative,Green,683.0,18.862,6.31,5.5296,7.375,159.8,2.0,2.3319,624.7,,,,,,,,,,,0
Chamoli,Gopeshwar,,2012-06-05T06:00:00,negative,Green,1048.0,34.637,237.43,5.336,14.25,162.3,4.0,1.9727,,,,,,,,,,,,0
Chamoli,Badrinath,,2014-10-15T06:00:00,negative,Green,3125.0,1.42,130.73,7.7475,0.625,181.7,1.0,3.1706,3113.0,,,,,,,,,,,0
Chamoli,Badrinath,,1982-11-25T06:00:00,negative,Green,3125.0,1.42,130.73,7.7475,0.625,181.7,1.0,3.1706,3113.0,,,,,,,,,,,0
Chamoli,Badrinath,,2017-08-05T06:00:00,negative,Green,3125.0,1.42,130.73,7.7475,0.625,181.7,1.0,3.1706,3113.0,,,,,,,,,,,0
Chamoli,Gopeshwar,,2022-11-20T06:00:00,negative,Green,1048.0,34.637,237.43,5.336,14.25,162.3,4.0,1.9727,,,,,,,,,,751.68,0.0,0
Chamoli,Badrinath,,1979-08-25T06:00:00,negative,Green,3125.0,1.42,130.73,7.7475,0.625,181.7,1.0,3.1706,3113.0,,,,,,,,,,,0
Chamoli,Joshimath,,2001-11-15T06:00:00,negative,Green,1507.0,30.594,34.87,6.5213,13.75,26.6,13.0,3.1419,1383.0,,,,,,,,,,,0
Chamoli,Gopeshwar,,1991-11-20T06:00:00,negative,Green,1048.0,34.637,237.43,5.336,14.25,162.3,4.0,1.9727,,,,,,,,,,,,0
Chamoli,Gopeshwar,,1981-09-10T06:00:00,negative,Green,1048.0,34.637,237.43,5.336,14.25,162.3,4.0,1.9727,,,,,,,,,,,,0
Chamoli,Joshimath,,1987-06-25T06:00:00,negative,Green,1507.0,30.594,34.87,6.5213,13.75,26.6,13.0,3.1419,1383.0,,,,,,,,,,,0
Chamoli,Gopeshwar,,1990-07-10T06:00:00,negative,Green,1048.0,34.637,237.43,5.336,14.25,162.3,4.0,1.9727,,,,,,,,,,,,0
Chamoli,Joshimath,,2009-10-15T06:00:00,negative,Green,1507.0,30.594,34.87,6.5213,13.75,26.6,13.0,3.1419,1383.0,,,,,,,,,,,0
Chamoli,Joshimath,,2023-07-25T06:00:00,negative,Green,1507.0,30.594,34.87,6.5213,13.75,26.6,13.0,3.1419,1383.0,,,,,,,,,1378.06,-0.02,0
Chamoli,Joshimath,,2019-10-05T06:00:00,negative,Green,1507.0,30.594,34.87,6.5213,13.75,26.6,13.0,3.1419,1383.0,,,,,,,,,,,0
Chamoli,Joshimath,,2002-08-20T06:00:00,negative,Green,1507.0,30.594,34.87,6.5213,13.75,26.6,13.0,3.1419,1383.0,,,,,,,,,,,0
Chamoli,Joshimath,,2014-11-10T06:00:00,negative,Green,1507.0,30.594,34.87,6.5213,13.75,26.6,13.0,3.1419,1383.0,,,,,,,,,,,0
Chamoli,Badrinath,,2023-06-05T06:00:00,negative,Green,3125.0,1.42,130.73,7.7475,0.625,181.7,1.0,3.1706,3113.0,,,,,,,,,3110.76,-0.01,0
Chamoli,Badrinath,,1984-10-15T06:00:00,negative,Green,3125.0,1.42,130.73,7.7475,0.625,181.7,1.0,3.1706,3113.0,,,,,,,,,,,0
Chamoli,Gopeshwar,,2016-09-15T06:00:00,negative,Green,1048.0,34.637,237.43,5.336,14.25,162.3,4.0,1.9727,,,,,,,,,,,,0
Chamoli,Joshimath,,2016-06-20T06:00:00,negative,Green,1507.0,30.594,34.87,6.5213,13.75,26.6,13.0,3.1419,1383.0,,,,,,,,,,,0
Chamoli,Badrinath,,2022-11-25T06:00:00,negative,Green,3125.0,1.42,130.73,7.7475,0.625,181.7,1.0,3.1706,3113.0,,,,,,,,,,,0
Chamoli,Joshimath,,1979-10-15T06:00:00,negative,Green,1507.0,30.594,34.87,6.5213,13.75,26.6,13.0,3.1419,1383.0,,,,,,,,,,,0
Chamoli,Gopeshwar,,2010-06-05T06:00:00,negative,Green,1048.0,34.637,237.43,5.336,14.25,162.3,4.0,1.9727,,,,,,,,,,,,0
Chamoli,Badrinath,,1985-09-15T06:00:00,negative,Green,3125.0,1.42,130.73,7.7475,0.625,181.7,1.0,3.1706,3113.0,,,,,,,,,,,0
Chamoli,Badrinath,,1989-11-25T06:00:00,negative,Green,3125.0,1.42,130.73,7.7475,0.625,181.7,1.0,3.1706,3113.0,,,,,,,,,,,0
Chamoli,Gopeshwar,,2020-07-15T06:00:00,negative,Green,1048.0,34.637,237.43,5.336,14.25,162.3,4.0,1.9727,,,,,,,,,,754.3,0.15,0
Chamoli,Badrinath,,1992-06-20T06:00:00,negative,Green,3125.0,1.42,130.73,7.7475,0.625,181.7,1.0,3.1706,3113.0,,,,,,,,,,,0
Chamoli,Gopeshwar,,1989-06-15T06:00:00,negative,Green,1048.0,34.637,237.43,5.336,14.25,162.3,4.0,1.9727,,,,,,,,,,,,0
Chamoli,Gopeshwar,,1998-07-05T06:00:00,negative,Green,1048.0,34.637,237.43,5.336,14.25,162.3,4.0,1.9727,,,,,,,,,,,,0
Chamoli,Joshimath,,2001-10-20T06:00:00,negative,Green,1507.0,30.594,34.87,6.5213,13.75,26.6,13.0,3.1419,1383.0,,,,,,,,,,,0
Chamoli,Badrinath,,2000-08-20T06:00:00,negative,Green,3125.0,1.42,130.73,7.7475,0.625,181.7,1.0,3.1706,3113.0,,,,,,,,,,,0
Chamoli,Joshimath,,2009-06-05T06:00:00,negative,Green,1507.0,30.594,34.87,6.5213,13.75,26.6,13.0,3.1419,1383.0,,,,,,,,,,,0
Chamoli,Badrinath,,1998-11-20T06:00:00,negative,Green,3125.0,1.42,130.73,7.7475,0.625,181.7,1.0,3.1706,3113.0,,,,,,,,,,,0
Chamoli,Joshimath,,1983-07-25T06:00:00,negative,Green,1507.0,30.594,34.87,6.5213,13.75,26.6,13.0,3.1419,1383.0,,,,,,,,,,,0
Chamoli,Gopeshwar,,2010-06-25T06:00:00,negative,Green,1048.0,34.637,237.43,5.336,14.25,162.3,4.0,1.9727,,,,,,,,,,,,0
Chamoli,Gopeshwar,,1981-08-25T06:00:00,negative,Green,1048.0,34.637,237.43,5.336,14.25,162.3,4.0,1.9727,,,,,,,,,,,,0
Chamoli,Joshimath,,1979-11-15T06:00:00,negative,Green,1507.0,30.594,34.87,6.5213,13.75,26.6,13.0,3.1419,1383.0,,,,,,,,,,,0
Chamoli,Joshimath,,1988-11-10T06:00:00,negative,Green,1507.0,30.594,34.87,6.5213,13.75,26.6,13.0,3.1419,1383.0,,,,,,,,,,,0
Chamoli,Joshimath,,2019-09-15T06:00:00,negative,Green,1507.0,30.594,34.87,6.5213,13.75,26.6,13.0,3.1419,1383.0,,,,,,,,,,,0
Chamoli,Gopeshwar,,1983-08-15T06:00:00,negative,Green,1048.0,34.637,237.43,5.336,14.25,162.3,4.0,1.9727,,,,,,,,,,,,0
Chamoli,Joshimath,,1982-07-25T06:00:00,negative,Green,1507.0,30.594,34.87,6.5213,13.75,26.6,13.0,3.1419,1383.0,,,,,,,,,,,0
Chamoli,Joshimath,,1995-06-05T06:00:00,negative,Green,1507.0,30.594,34.87,6.5213,13.75,26.6,13.0,3.1419,1383.0,,,,,,,,,,,0
Chamoli,Joshimath,,2018-07-05T06:00:00,negative,Green,1507.0,30.594,34.87,6.5213,13.75,26.6,13.0,3.1419,1383.0,,,,,,,,,,,0
Chamoli,Gopeshwar,,2004-07-25T06:00:00,negative,Green,1048.0,34.637,237.43,5.336,14.25,162.3,4.0,1.9727,,,,,,,,,,,,0
Chamoli,Joshimath,,2011-11-20T06:00:00,negative,Green,1507.0,30.594,34.87,6.5213,13.75,26.6,13.0,3.1419,1383.0,,,,,,,,,,,0
Chamoli,Joshimath,,2012-09-15T06:00:00,negative,Green,1507.0,30.594,34.87,6.5213,13.75,26.6,13.0,3.1419,1383.0,,,,,,,,,,,0
Chamoli,Gopeshwar,,1992-08-05T06:00:00,negative,Green,1048.0,34.637,237.43,5.336,14.25,162.3,4.0,1.9727,,,,,,,,,,,,0
Chamoli,Badrinath,,1994-09-15T06:00:00,negative,Green,3125.0,1.42,130.73,7.7475,0.625,181.7,1.0,3.1706,3113.0,,,,,,,,,,,0
Chamoli,Badrinath,,2021-06-20T06:00:00,negative,Green,3125.0,1.42,130.73,7.7475,0.625,181.7,1.0,3.1706,3113.0,,,,,,,,,3111.25,-0.02,0
Chamoli,Gopeshwar,,2021-06-05T06:00:00,negative,Green,1048.0,34.637,237.43,5.336,14.25,162.3,4.0,1.9727,,,,,,,,,,751.86,0.0,0
Chamoli,Joshimath,,1980-07-15T06:00:00,negative,Green,1507.0,30.594,34.87,6.5213,13.75,26.6,13.0,3.1419,1383.0,,,,,,,,,,,0
Chamoli,Joshimath,,2019-10-10T06:00:00,negative,Green,1507.0,30.594,34.87,6.5213,13.75,26.6,13.0,3.1419,1383.0,,,,,,,,,,,0
Chamoli,Badrinath,,2006-11-15T06:00:00,negative,Green,3125.0,1.42,130.73,7.7475,0.625,181.7,1.0,3.1706,3113.0,,,,,,,,,,,0
Chamoli,Badrinath,,1983-10-20T06:00:00,negative,Green,3125.0,1.42,130.73,7.7475,0.625,181.7,1.0,3.1706,3113.0,,,,,,,,,,,0
Chamoli,Joshimath,,1987-06-15T06:00:00,negative,Green,1507.0,30.594,34.87,6.5213,13.75,26.6,13.0,3.1419,1383.0,,,,,,,,,,,0
Chamoli,Badrinath,,1983-09-10T06:00:00,negative,Green,3125.0,1.42,130.73,7.7475,0.625,181.7,1.0,3.1706,3113.0,,,,,,,,,,,0
Chamoli,Gopeshwar,,1990-08-05T06:00:00,negative,Green,1048.0,34.637,237.43,5.336,14.25,162.3,4.0,1.9727,,,,,,,,,,,,0
Chamoli,Gopeshwar,,1998-07-20T06:00:00,negative,Green,1048.0,34.637,237.43,5.336,14.25,162.3,4.0,1.9727,,,,,,,,,,,,0
Chamoli,Badrinath,,2008-06-15T06:00:00,negative,Green,3125.0,1.42,130.73,7.7475,0.625,181.7,1.0,3.1706,3113.0,,,,,,,,,,,0
Chamoli,Joshimath,,2009-07-25T06:00:00,negative,Green,1507.0,30.594,34.87,6.5213,13.75,26.6,13.0,3.1419,1383.0,,,,,,,,,,,0
Chamoli,Joshimath,,2004-09-10T06:00:00,negative,Green,1507.0,30.594,34.87,6.5213,13.75,26.6,13.0,3.1419,1383.0,,,,,,,,,,,0
Chamoli,Badrinath,,2006-10-05T06:00:00,negative,Green,3125.0,1.42,130.73,7.7475,0.625,181.7,1.0,3.1706,3113.0,,,,,,,,,,,0
Chamoli,Gopeshwar,,1986-10-25T06:00:00,negative,Green,1048.0,34.637,237.43,5.336,14.25,162.3,4.0,1.9727,,,,,,,,,,,,0
Chamoli,Gopeshwar,,2016-09-25T06:00:00,negative,Green,1048.0,34.637,237.43,5.336,14.25,162.3,4.0,1.9727,,,,,,,,,,,,0
Chamoli,Badrinath,,1986-10-10T06:00:00,negative,Green,3125.0,1.42,130.73,7.7475,0.625,181.7,1.0,3.1706,3113.0,,,,,,,,,,,0
Chamoli,Joshimath,,1996-11-20T06:00:00,negative,Green,1507.0,30.594,34.87,6.5213,13.75,26.6,13.0,3.1419,1383.0,,,,,,,,,,,0
Chamoli,Badrinath,,1984-07-15T06:00:00,negative,Green,3125.0,1.42,130.73,7.7475,0.625,181.7,1.0,3.1706,3113.0,,,,,,,,,,,0
Chamoli,Joshimath,,2014-10-25T06:00:00,negative,Green,1507.0,30.594,34.87,6.5213,13.75,26.6,13.0,3.1419,1383.0,,,,,,,,,,,0
Chamoli,Joshimath,,1979-06-10T06:00:00,negative,Green,1507.0,30.594,34.87,6.5213,13.75,26.6,13.0,3.1419,1383.0,,,,,,,,,,,0
Chamoli,Joshimath,,2009-09-20T06:00:00,negative,Green,1507.0,30.594,34.87,6.5213,13.75,26.6,13.0,3.1419,1383.0,,,,,,,,,,,0
Chamoli,Badrinath,,2014-07-05T06:00:00,negative,Green,3125.0,1.42,130.73,7.7475,0.625,181.7,1.0,3.1706,3113.0,,,,,,,,,,,0
Chamoli,Gopeshwar,,1992-09-05T06:00:00,negative,Green,1048.0,34.637,237.43,5.336,14.25,162.3,4.0,1.9727,,,,,,,,,,,,0
Chamoli,Joshimath,,1981-08-25T06:00:00,negative,Green,1507.0,30.594,34.87,6.5213,13.75,26.6,13.0,3.1419,1383.0,,,,,,,,,,,0
Chamoli,Gopeshwar,,2008-06-20T06:00:00,negative,Green,1048.0,34.637,237.43,5.336,14.25,162.3,4.0,1.9727,,,,,,,,,,,,0
Chamoli,Joshimath,,1995-11-25T06:00:00,negative,Green,1507.0,30.594,34.87,6.5213,13.75,26.6,13.0,3.1419,1383.0,,,,,,,,,,,0
Chamoli,Gopeshwar,,2015-06-25T06:00:00,negative,Green,1048.0,34.637,237.43,5.336,14.25,162.3,4.0,1.9727,,,,,,,,,,,,0
Chamoli,Gopeshwar,,2023-11-15T06:00:00,negative,Green,1048.0,34.637,237.43,5.336,14.25,162.3,4.0,1.9727,,,,,,,,,,750.92,0.0,0
Chamoli,Badrinath,,1989-07-15T06:00:00,negative,Green,3125.0,1.42,130.73,7.7475,0.625,181.7,1.0,3.1706,3113.0,,,,,,,,,,,0
Chamoli,Badrinath,,2018-08-25T06:00:00,negative,Green,3125.0,1.42,130.73,7.7475,0.625,181.7,1.0,3.1706,3113.0,,,,,,,,,,,0
Chamoli,Joshimath,,1991-09-20T06:00:00,negative,Green,1507.0,30.594,34.87,6.5213,13.75,26.6,13.0,3.1419,1383.0,,,,,,,,,,,0
Chamoli,Joshimath,,2010-06-10T06:00:00,negative,Green,1507.0,30.594,34.87,6.5213,13.75,26.6,13.0,3.1419,1383.0,,,,,,,,,,,0
Chamoli,Badrinath,,1986-11-10T06:00:00,negative,Green,3125.0,1.42,130.73,7.7475,0.625,181.7,1.0,3.1706,3113.0,,,,,,,,,,,0
Chamoli,Joshimath,,2023-06-15T06:00:00,negative,Green,1507.0,30.594,34.87,6.5213,13.75,26.6,13.0,3.1419,1383.0,,,,,,,,,1375.67,-0.05,0
Chamoli,Badrinath,,2020-09-10T06:00:00,negative,Green,3125.0,1.42,130.73,7.7475,0.625,181.7,1.0,3.1706,3113.0,,,,,,,,,3111.11,-0.01,0
Chamoli,Badrinath,,1997-07-10T06:00:00,negative,Green,3125.0,1.42,130.73,7.7475,0.625,181.7,1.0,3.1706,3113.0,,,,,,,,,,,0
Chamoli,Gopeshwar,,1983-10-20T06:00:00,negative,Green,1048.0,34.637,237.43,5.336,14.25,162.3,4.0,1.9727,,,,,,,,,,,,0
Chamoli,Joshimath,,1989-09-15T06:00:00,negative,Green,1507.0,30.594,34.87,6.5213,13.75,26.6,13.0,3.1419,1383.0,,,,,,,,,,,0
Chamoli,Gopeshwar,,1995-09-25T06:00:00,negative,Green,1048.0,34.637,237.43,5.336,14.25,162.3,4.0,1.9727,,,,,,,,,,,,0
Ribhoi,Nongpoh_town_district_HQ,,1988-06-10T06:00:00,negative,Green,606.0,25.057,90.0,5.525,9.5,224.6,3.0,2.1992,,,,,,,,,,,,0
Ribhoi,Nongpoh_town_district_HQ,,2019-08-05T06:00:00,negative,Green,606.0,25.057,90.0,5.525,9.5,224.6,3.0,2.1992,,,,,,,,,,,,0
Ribhoi,Nongpoh_town_district_HQ,,1987-10-10T06:00:00,negative,Green,606.0,25.057,90.0,5.525,9.5,224.6,3.0,2.1992,,,,,,,,,,,,0
Ribhoi,Nongpoh_town_district_HQ,,2012-08-15T06:00:00,negative,Green,606.0,25.057,90.0,5.525,9.5,224.6,3.0,2.1992,,,,,,,,,,,,0
Ribhoi,Byrnihat,,2009-10-10T06:00:00,negative,Green,268.0,1.03,270.0,16.7276,2.125,0.0,11279.0,2.0673,,,,,,,,,,,,0
Ribhoi,Nongpoh_town_district_HQ,,2013-07-10T06:00:00,negative,Green,606.0,25.057,90.0,5.525,9.5,224.6,3.0,2.1992,,,,,,,,,,,,0
Ribhoi,Byrnihat,,1986-07-05T06:00:00,negative,Green,268.0,1.03,270.0,16.7276,2.125,0.0,11279.0,2.0673,,,,,,,,,,,,0
Ribhoi,Nongpoh_town_district_HQ,,2005-09-15T06:00:00,negative,Green,606.0,25.057,90.0,5.525,9.5,224.6,3.0,2.1992,,,,,,,,,,,,0
Ribhoi,Nongpoh_town_district_HQ,,1987-09-20T06:00:00,negative,Green,606.0,25.057,90.0,5.525,9.5,224.6,3.0,2.1992,,,,,,,,,,,,0
Ribhoi,Nongpoh_town_district_HQ,,2014-11-10T06:00:00,negative,Green,606.0,25.057,90.0,5.525,9.5,224.6,3.0,2.1992,,,,,,,,,,,,0
Ribhoi,Byrnihat,,2017-07-05T06:00:00,negative,Green,268.0,1.03,270.0,16.7276,2.125,0.0,11279.0,2.0673,,,,,,,,,,,,0
Nilgiris,Coonoor,,2012-09-05T06:00:00,negative,Green,1841.0,14.346,284.65,5.4782,6.25,192.1,1.0,1.745,,,,,,,,,,,,0
Nilgiris,Gudalur,,1992-10-10T06:00:00,negative,Green,908.0,5.945,108.09,7.7631,3.5,181.9,7.0,1.9746,,,,,,,,,,,,0
Nilgiris,Coonoor,,1989-08-15T06:00:00,negative,Green,1841.0,14.346,284.65,5.4782,6.25,192.1,1.0,1.745,,,,,,,,,,,,0
Nilgiris,Coonoor,,2014-07-15T06:00:00,negative,Green,1841.0,14.346,284.65,5.4782,6.25,192.1,1.0,1.745,,,,,,,,,,,,0
Nilgiris,Ooty_Udhagamandalam_district_HQ,,2002-07-10T06:00:00,negative,Green,2252.0,6.692,145.78,6.2574,2.25,259.8,1.0,2.1889,,,,,,,,,,,,0
Nilgiris,Ooty_Udhagamandalam_district_HQ,,1978-08-15T06:00:00,negative,Green,2252.0,6.692,145.78,6.2574,2.25,259.8,1.0,2.1889,,,,,,,,,,,,0
Nilgiris,Ooty_Udhagamandalam_district_HQ,,1986-11-15T06:00:00,negative,Green,2252.0,6.692,145.78,6.2574,2.25,259.8,1.0,2.1889,,,,,,,,,,,,0
Nilgiris,Coonoor,,1998-10-20T06:00:00,negative,Green,1841.0,14.346,284.65,5.4782,6.25,192.1,1.0,1.745,,,,,,,,,,,,0
Nilgiris,Gudalur,,1986-08-15T06:00:00,negative,Green,908.0,5.945,108.09,7.7631,3.5,181.9,7.0,1.9746,,,,,,,,,,,,0
Nilgiris,Gudalur,,1977-08-05T06:00:00,negative,Green,908.0,5.945,108.09,7.7631,3.5,181.9,7.0,1.9746,,,,,,,,,,,,0
Nilgiris,Coonoor,,1996-10-20T06:00:00,negative,Green,1841.0,14.346,284.65,5.4782,6.25,192.1,1.0,1.745,,,,,,,,,,,,0
Nilgiris,Coonoor,,2003-09-15T06:00:00,negative,Green,1841.0,14.346,284.65,5.4782,6.25,192.1,1.0,1.745,,,,,,,,,,,,0
Nilgiris,Ooty_Udhagamandalam_district_HQ,,1976-11-15T06:00:00,negative,Green,2252.0,6.692,145.78,6.2574,2.25,259.8,1.0,2.1889,,,,,,,,,,,,0
Nilgiris,Coonoor,,1985-11-25T06:00:00,negative,Green,1841.0,14.346,284.65,5.4782,6.25,192.1,1.0,1.745,,,,,,,,,,,,0
Nilgiris,Ooty_Udhagamandalam_district_HQ,,2014-06-20T06:00:00,negative,Green,2252.0,6.692,145.78,6.2574,2.25,259.8,1.0,2.1889,,,,,,,,,,,,0
Nilgiris,Ooty_Udhagamandalam_district_HQ,,2010-08-10T06:00:00,negative,Green,2252.0,6.692,145.78,6.2574,2.25,259.8,1.0,2.1889,,,,,,,,,,,,0
Nilgiris,Coonoor,,2010-11-10T06:00:00,negative,Green,1841.0,14.346,284.65,5.4782,6.25,192.1,1.0,1.745,,,,,,,,,,,,0
Nilgiris,Coonoor,,1993-06-25T06:00:00,negative,Green,1841.0,14.346,284.65,5.4782,6.25,192.1,1.0,1.745,,,,,,,,,,,,0
Nilgiris,Coonoor,,1988-09-15T06:00:00,negative,Green,1841.0,14.346,284.65,5.4782,6.25,192.1,1.0,1.745,,,,,,,,,,,,0
Nilgiris,Coonoor,,1995-07-10T06:00:00,negative,Green,1841.0,14.346,284.65,5.4782,6.25,192.1,1.0,1.745,,,,,,,,,,,,0
Nilgiris,Ooty_Udhagamandalam_district_HQ,,1982-08-20T06:00:00,negative,Green,2252.0,6.692,145.78,6.2574,2.25,259.8,1.0,2.1889,,,,,,,,,,,,0
Nilgiris,Gudalur,,1994-06-10T06:00:00,negative,Green,908.0,5.945,108.09,7.7631,3.5,181.9,7.0,1.9746,,,,,,,,,,,,0
Nilgiris,Coonoor,,1992-09-10T06:00:00,negative,Green,1841.0,14.346,284.65,5.4782,6.25,192.1,1.0,1.745,,,,,,,,,,,,0
Nilgiris,Ooty_Udhagamandalam_district_HQ,,2014-09-05T06:00:00,negative,Green,2252.0,6.692,145.78,6.2574,2.25,259.8,1.0,2.1889,,,,,,,,,,,,0
Nilgiris,Ooty_Udhagamandalam_district_HQ,,1997-11-10T06:00:00,negative,Green,2252.0,6.692,145.78,6.2574,2.25,259.8,1.0,2.1889,,,,,,,,,,,,0
Nilgiris,Gudalur,,1994-07-10T06:00:00,negative,Green,908.0,5.945,108.09,7.7631,3.5,181.9,7.0,1.9746,,,,,,,,,,,,0
Nilgiris,Coonoor,,1980-07-05T06:00:00,negative,Green,1841.0,14.346,284.65,5.4782,6.25,192.1,1.0,1.745,,,,,,,,,,,,0
Nilgiris,Coonoor,,1980-07-15T06:00:00,negative,Green,1841.0,14.346,284.65,5.4782,6.25,192.1,1.0,1.745,,,,,,,,,,,,0
Nilgiris,Gudalur,,1993-07-15T06:00:00,negative,Green,908.0,5.945,108.09,7.7631,3.5,181.9,7.0,1.9746,,,,,,,,,,,,0
Nilgiris,Coonoor,,1991-06-15T06:00:00,negative,Green,1841.0,14.346,284.65,5.4782,6.25,192.1,1.0,1.745,,,,,,,,,,,,0
Nilgiris,Gudalur,,1989-06-05T06:00:00,negative,Green,908.0,5.945,108.09,7.7631,3.5,181.9,7.0,1.9746,,,,,,,,,,,,0
Nilgiris,Ooty_Udhagamandalam_district_HQ,,2004-11-15T06:00:00,negative,Green,2252.0,6.692,145.78,6.2574,2.25,259.8,1.0,2.1889,,,,,,,,,,,,0
Nilgiris,Coonoor,,2012-08-15T06:00:00,negative,Green,1841.0,14.346,284.65,5.4782,6.25,192.1,1.0,1.745,,,,,,,,,,,,0
Nilgiris,Coonoor,,1994-06-05T06:00:00,negative,Green,1841.0,14.346,284.65,5.4782,6.25,192.1,1.0,1.745,,,,,,,,,,,,0
Nilgiris,Gudalur,,2015-09-05T06:00:00,negative,Green,908.0,5.945,108.09,7.7631,3.5,181.9,7.0,1.9746,,,,,,,,,,,,0
Nilgiris,Gudalur,,2003-06-10T06:00:00,negative,Green,908.0,5.945,108.09,7.7631,3.5,181.9,7.0,1.9746,,,,,,,,,,,,0
Nilgiris,Coonoor,,1982-11-10T06:00:00,negative,Green,1841.0,14.346,284.65,5.4782,6.25,192.1,1.0,1.745,,,,,,,,,,,,0
Nilgiris,Gudalur,,2007-08-20T06:00:00,negative,Green,908.0,5.945,108.09,7.7631,3.5,181.9,7.0,1.9746,,,,,,,,,,,,0
Nilgiris,Ooty_Udhagamandalam_district_HQ,,1982-10-20T06:00:00,negative,Green,2252.0,6.692,145.78,6.2574,2.25,259.8,1.0,2.1889,,,,,,,,,,,,0
Nilgiris,Ooty_Udhagamandalam_district_HQ,,1984-07-25T06:00:00,negative,Green,2252.0,6.692,145.78,6.2574,2.25,259.8,1.0,2.1889,,,,,,,,,,,,0
Nilgiris,Coonoor,,1996-08-15T06:00:00,negative,Green,1841.0,14.346,284.65,5.4782,6.25,192.1,1.0,1.745,,,,,,,,,,,,0
Nilgiris,Gudalur,,2013-10-20T06:00:00,negative,Green,908.0,5.945,108.09,7.7631,3.5,181.9,7.0,1.9746,,,,,,,,,,,,0
Nilgiris,Ooty_Udhagamandalam_district_HQ,,1995-07-15T06:00:00,negative,Green,2252.0,6.692,145.78,6.2574,2.25,259.8,1.0,2.1889,,,,,,,,,,,,0
Nilgiris,Gudalur,,1988-06-20T06:00:00,negative,Green,908.0,5.945,108.09,7.7631,3.5,181.9,7.0,1.9746,,,,,,,,,,,,0
Nilgiris,Gudalur,,2008-07-25T06:00:00,negative,Green,908.0,5.945,108.09,7.7631,3.5,181.9,7.0,1.9746,,,,,,,,,,,,0
Nilgiris,Ooty_Udhagamandalam_district_HQ,,1990-09-05T06:00:00,negative,Green,2252.0,6.692,145.78,6.2574,2.25,259.8,1.0,2.1889,,,,,,,,,,,,0
Nilgiris,Coonoor,,1979-10-10T06:00:00,negative,Green,1841.0,14.346,284.65,5.4782,6.25,192.1,1.0,1.745,,,,,,,,,,,,0
Nilgiris,Ooty_Udhagamandalam_district_HQ,,2010-10-20T06:00:00,negative,Green,2252.0,6.692,145.78,6.2574,2.25,259.8,1.0,2.1889,,,,,,,,,,,,0
Nilgiris,Gudalur,,2005-08-05T06:00:00,negative,Green,908.0,5.945,108.09,7.7631,3.5,181.9,7.0,1.9746,,,,,,,,,,,,0
Nilgiris,Ooty_Udhagamandalam_district_HQ,,1979-11-25T06:00:00,negative,Green,2252.0,6.692,145.78,6.2574,2.25,259.8,1.0,2.1889,,,,,,,,,,,,0
Nilgiris,Coonoor,,1985-09-10T06:00:00,negative,Green,1841.0,14.346,284.65,5.4782,6.25,192.1,1.0,1.745,,,,,,,,,,,,0
Nilgiris,Gudalur,,2004-11-10T06:00:00,negative,Green,908.0,5.945,108.09,7.7631,3.5,181.9,7.0,1.9746,,,,,,,,,,,,0
Nilgiris,Gudalur,,1994-09-25T06:00:00,negative,Green,908.0,5.945,108.09,7.7631,3.5,181.9,7.0,1.9746,,,,,,,,,,,,0
Nilgiris,Coonoor,,2004-07-25T06:00:00,negative,Green,1841.0,14.346,284.65,5.4782,6.25,192.1,1.0,1.745,,,,,,,,,,,,0
Nilgiris,Coonoor,,2011-11-05T06:00:00,negative,Green,1841.0,14.346,284.65,5.4782,6.25,192.1,1.0,1.745,,,,,,,,,,,,0
Nilgiris,Ooty_Udhagamandalam_district_HQ,,1982-07-15T06:00:00,negative,Green,2252.0,6.692,145.78,6.2574,2.25,259.8,1.0,2.1889,,,,,,,,,,,,0
Nilgiris,Coonoor,,2000-09-20T06:00:00,negative,Green,1841.0,14.346,284.65,5.4782,6.25,192.1,1.0,1.745,,,,,,,,,,,,0
Nilgiris,Coonoor,,1997-11-05T06:00:00,negative,Green,1841.0,14.346,284.65,5.4782,6.25,192.1,1.0,1.745,,,,,,,,,,,,0
Nilgiris,Coonoor,,1982-08-10T06:00:00,negative,Green,1841.0,14.346,284.65,5.4782,6.25,192.1,1.0,1.745,,,,,,,,,,,,0
Nilgiris,Gudalur,,1990-09-10T06:00:00,negative,Green,908.0,5.945,108.09,7.7631,3.5,181.9,7.0,1.9746,,,,,,,,,,,,0
Nilgiris,Ooty_Udhagamandalam_district_HQ,,1980-11-20T06:00:00,negative,Green,2252.0,6.692,145.78,6.2574,2.25,259.8,1.0,2.1889,,,,,,,,,,,,0
Nilgiris,Coonoor,,1984-10-15T06:00:00,negative,Green,1841.0,14.346,284.65,5.4782,6.25,192.1,1.0,1.745,,,,,,,,,,,,0
Nilgiris,Ooty_Udhagamandalam_district_HQ,,1981-11-20T06:00:00,negative,Green,2252.0,6.692,145.78,6.2574,2.25,259.8,1.0,2.1889,,,,,,,,,,,,0
Nilgiris,Ooty_Udhagamandalam_district_HQ,,2001-08-05T06:00:00,negative,Green,2252.0,6.692,145.78,6.2574,2.25,259.8,1.0,2.1889,,,,,,,,,,,,0
Nilgiris,Gudalur,,2008-10-25T06:00:00,negative,Green,908.0,5.945,108.09,7.7631,3.5,181.9,7.0,1.9746,,,,,,,,,,,,0
Nilgiris,Coonoor,,2005-06-10T06:00:00,negative,Green,1841.0,14.346,284.65,5.4782,6.25,192.1,1.0,1.745,,,,,,,,,,,,0
Nilgiris,Gudalur,,1981-09-25T06:00:00,negative,Green,908.0,5.945,108.09,7.7631,3.5,181.9,7.0,1.9746,,,,,,,,,,,,0
Nilgiris,Ooty_Udhagamandalam_district_HQ,,2010-06-20T06:00:00,negative,Green,2252.0,6.692,145.78,6.2574,2.25,259.8,1.0,2.1889,,,,,,,,,,,,0
Nilgiris,Coonoor,,2001-11-20T06:00:00,negative,Green,1841.0,14.346,284.65,5.4782,6.25,192.1,1.0,1.745,,,,,,,,,,,,0
Nilgiris,Gudalur,,1999-08-05T06:00:00,negative,Green,908.0,5.945,108.09,7.7631,3.5,181.9,7.0,1.9746,,,,,,,,,,,,0
Nilgiris,Gudalur,,2005-09-05T06:00:00,negative,Green,908.0,5.945,108.09,7.7631,3.5,181.9,7.0,1.9746,,,,,,,,,,,,0
Nilgiris,Gudalur,,2005-06-25T06:00:00,negative,Green,908.0,5.945,108.09,7.7631,3.5,181.9,7.0,1.9746,,,,,,,,,,,,0
Nilgiris,Ooty_Udhagamandalam_district_HQ,,1989-10-05T06:00:00,negative,Green,2252.0,6.692,145.78,6.2574,2.25,259.8,1.0,2.1889,,,,,,,,,,,,0
Nilgiris,Coonoor,,2008-11-25T06:00:00,negative,Green,1841.0,14.346,284.65,5.4782,6.25,192.1,1.0,1.745,,,,,,,,,,,,0
Nilgiris,Coonoor,,1985-11-10T06:00:00,negative,Green,1841.0,14.346,284.65,5.4782,6.25,192.1,1.0,1.745,,,,,,,,,,,,0
Nilgiris,Coonoor,,1988-08-05T06:00:00,negative,Green,1841.0,14.346,284.65,5.4782,6.25,192.1,1.0,1.745,,,,,,,,,,,,0
Nilgiris,Coonoor,,2013-08-05T06:00:00,negative,Green,1841.0,14.346,284.65,5.4782,6.25,192.1,1.0,1.745,,,,,,,,,,,,0
Nilgiris,Ooty_Udhagamandalam_district_HQ,,2012-11-05T06:00:00,negative,Green,2252.0,6.692,145.78,6.2574,2.25,259.8,1.0,2.1889,,,,,,,,,,,,0
Nilgiris,Coonoor,,2001-07-10T06:00:00,negative,Green,1841.0,14.346,284.65,5.4782,6.25,192.1,1.0,1.745,,,,,,,,,,,,0
Nilgiris,Coonoor,,1987-06-15T06:00:00,negative,Green,1841.0,14.346,284.65,5.4782,6.25,192.1,1.0,1.745,,,,,,,,,,,,0
Nilgiris,Coonoor,,1985-09-15T06:00:00,negative,Green,1841.0,14.346,284.65,5.4782,6.25,192.1,1.0,1.745,,,,,,,,,,,,0
Nilgiris,Coonoor,,2015-08-15T06:00:00,negative,Green,1841.0,14.346,284.65,5.4782,6.25,192.1,1.0,1.745,,,,,,,,,,,,0
Nilgiris,Gudalur,,2001-10-05T06:00:00,negative,Green,908.0,5.945,108.09,7.7631,3.5,181.9,7.0,1.9746,,,,,,,,,,,,0
Sikkim/Mangan,Mangan_district_HQ,,2004-08-20T06:00:00,negative,Green,884.0,49.411,290.26,6.854,25.25,167.3,37.0,2.6124,,,,,,,,,,,,0
Sikkim/Mangan,Mangan_district_HQ,,1988-11-15T06:00:00,negative,Green,884.0,49.411,290.26,6.854,25.25,167.3,37.0,2.6124,,,,,,,,,,,,0
Sikkim/Mangan,Chungthang,,1989-07-10T06:00:00,negative,Green,1963.0,40.117,183.73,6.1813,21.0,113.9,13.0,2.6124,,,,,,,,,,,,0
Sikkim/Mangan,Chungthang,,2008-08-15T06:00:00,negative,Green,1963.0,40.117,183.73,6.1813,21.0,113.9,13.0,2.6124,,,,,,,,,,,,0
Sikkim/Mangan,Chungthang,,1996-07-25T06:00:00,negative,Green,1963.0,40.117,183.73,6.1813,21.0,113.9,13.0,2.6124,,,,,,,,,,,,0
Sikkim/Mangan,Mangan_district_HQ,,1981-11-05T06:00:00,negative,Green,884.0,49.411,290.26,6.854,25.25,167.3,37.0,2.6124,,,,,,,,,,,,0
Sikkim/Mangan,Mangan_district_HQ,,1988-06-15T06:00:00,negative,Green,884.0,49.411,290.26,6.854,25.25,167.3,37.0,2.6124,,,,,,,,,,,,0
Sikkim/Mangan,Mangan_district_HQ,,1995-10-25T06:00:00,negative,Green,884.0,49.411,290.26,6.854,25.25,167.3,37.0,2.6124,,,,,,,,,,,,0
Sikkim/Mangan,Chungthang,,2018-09-25T06:00:00,negative,Green,1963.0,40.117,183.73,6.1813,21.0,113.9,13.0,2.6124,,,,,,,,,,,,0
Sikkim/Mangan,Chungthang,,2010-10-20T06:00:00,negative,Green,1963.0,40.117,183.73,6.1813,21.0,113.9,13.0,2.6124,,,,,,,,,,,,0
Sikkim/Mangan,Chungthang,,2009-08-05T06:00:00,negative,Green,1963.0,40.117,183.73,6.1813,21.0,113.9,13.0,2.6124,,,,,,,,,,,,0
Sikkim/Mangan,Chungthang,,1990-09-20T06:00:00,negative,Green,1963.0,40.117,183.73,6.1813,21.0,113.9,13.0,2.6124,,,,,,,,,,,,0
Sikkim/Mangan,Mangan_district_HQ,,2015-06-10T06:00:00,negative,Green,884.0,49.411,290.26,6.854,25.25,167.3,37.0,2.6124,,,,,,,,,,,,0
Sikkim/Mangan,Mangan_district_HQ,,2013-08-20T06:00:00,negative,Green,884.0,49.411,290.26,6.854,25.25,167.3,37.0,2.6124,,,,,,,,,,,,0
Sikkim/Mangan,Chungthang,,2004-09-10T06:00:00,negative,Green,1963.0,40.117,183.73,6.1813,21.0,113.9,13.0,2.6124,,,,,,,,,,,,0
Sikkim/Mangan,Chungthang,,1984-07-25T06:00:00,negative,Green,1963.0,40.117,183.73,6.1813,21.0,113.9,13.0,2.6124,,,,,,,,,,,,0
Sikkim/Mangan,Mangan_district_HQ,,1981-08-25T06:00:00,negative,Green,884.0,49.411,290.26,6.854,25.25,167.3,37.0,2.6124,,,,,,,,,,,,0
Sikkim/Mangan,Lachen,,2011-10-20T06:00:00,negative,Green,2967.0,16.885,36.96,7.3359,7.125,463.1,15.0,2.5251,,,,,,,,,,,,0
Sikkim/Mangan,Lachen,,2022-11-10T06:00:00,negative,Green,2967.0,16.885,36.96,7.3359,7.125,463.1,15.0,2.5251,,,,,,,,,,2499.06,0.0,0
Sikkim/Mangan,Chungthang,,2013-07-05T06:00:00,negative,Green,1963.0,40.117,183.73,6.1813,21.0,113.9,13.0,2.6124,,,,,,,,,,,,0
Sikkim/Mangan,Chungthang,,1985-07-25T06:00:00,negative,Green,1963.0,40.117,183.73,6.1813,21.0,113.9,13.0,2.6124,,,,,,,,,,,,0
Sikkim/Mangan,Mangan_district_HQ,,2023-10-05T06:00:00,negative,Green,884.0,49.411,290.26,6.854,25.25,167.3,37.0,2.6124,,,,,,,,,,,,0
Sikkim/Mangan,Mangan_district_HQ,,2017-07-05T06:00:00,negative,Green,884.0,49.411,290.26,6.854,25.25,167.3,37.0,2.6124,,,,,,,,,,,,0
Sikkim/Mangan,Mangan_district_HQ,,1999-08-25T06:00:00,negative,Green,884.0,49.411,290.26,6.854,25.25,167.3,37.0,2.6124,,,,,,,,,,,,0
Sikkim/Mangan,Chungthang,,1999-10-10T06:00:00,negative,Green,1963.0,40.117,183.73,6.1813,21.0,113.9,13.0,2.6124,,,,,,,,,,,,0
Sikkim/Mangan,Mangan_district_HQ,,2017-07-20T06:00:00,negative,Green,884.0,49.411,290.26,6.854,25.25,167.3,37.0,2.6124,,,,,,,,,,,,0
Sikkim/Mangan,Mangan_district_HQ,,1985-08-25T06:00:00,negative,Green,884.0,49.411,290.26,6.854,25.25,167.3,37.0,2.6124,,,,,,,,,,,,0
Sikkim/Mangan,Chungthang,,1998-07-15T06:00:00,negative,Green,1963.0,40.117,183.73,6.1813,21.0,113.9,13.0,2.6124,,,,,,,,,,,,0
Sikkim/Mangan,Mangan_district_HQ,,2004-06-10T06:00:00,negative,Green,884.0,49.411,290.26,6.854,25.25,167.3,37.0,2.6124,,,,,,,,,,,,0
Sikkim/Mangan,Lachen,,2015-11-15T06:00:00,negative,Green,2967.0,16.885,36.96,7.3359,7.125,463.1,15.0,2.5251,,,,,,,,,,,,0
Sikkim/Mangan,Lachen,,2003-10-15T06:00:00,negative,Green,2967.0,16.885,36.96,7.3359,7.125,463.1,15.0,2.5251,,,,,,,,,,,,0
Sikkim/Mangan,Chungthang,,1999-08-20T06:00:00,negative,Green,1963.0,40.117,183.73,6.1813,21.0,113.9,13.0,2.6124,,,,,,,,,,,,0
Sikkim/Mangan,Chungthang,,2013-11-05T06:00:00,negative,Green,1963.0,40.117,183.73,6.1813,21.0,113.9,13.0,2.6124,,,,,,,,,,,,0
Sikkim/Mangan,Chungthang,,1994-07-10T06:00:00,negative,Green,1963.0,40.117,183.73,6.1813,21.0,113.9,13.0,2.6124,,,,,,,,,,,,0
Sikkim/Mangan,Chungthang,,1986-06-15T06:00:00,negative,Green,1963.0,40.117,183.73,6.1813,21.0,113.9,13.0,2.6124,,,,,,,,,,,,0
Sikkim/Mangan,Chungthang,,1992-08-05T06:00:00,negative,Green,1963.0,40.117,183.73,6.1813,21.0,113.9,13.0,2.6124,,,,,,,,,,,,0
Sikkim/Mangan,Mangan_district_HQ,,2022-07-25T06:00:00,negative,Green,884.0,49.411,290.26,6.854,25.25,167.3,37.0,2.6124,,,,,,,,,,,,0
Sikkim/Mangan,Mangan_district_HQ,,1990-09-20T06:00:00,negative,Green,884.0,49.411,290.26,6.854,25.25,167.3,37.0,2.6124,,,,,,,,,,,,0
Sikkim/Mangan,Chungthang,,2014-10-15T06:00:00,negative,Green,1963.0,40.117,183.73,6.1813,21.0,113.9,13.0,2.6124,,,,,,,,,,,,0
Sikkim/Mangan,Mangan_district_HQ,,2016-09-15T06:00:00,negative,Green,884.0,49.411,290.26,6.854,25.25,167.3,37.0,2.6124,,,,,,,,,,,,0
Sikkim/Mangan,Lachen,,2020-10-15T06:00:00,negative,Green,2967.0,16.885,36.96,7.3359,7.125,463.1,15.0,2.5251,,,,,,,,,,2500.88,0.0,0
Sikkim/Mangan,Mangan_district_HQ,,1987-10-05T06:00:00,negative,Green,884.0,49.411,290.26,6.854,25.25,167.3,37.0,2.6124,,,,,,,,,,,,0
Sikkim/Mangan,Mangan_district_HQ,,1983-10-25T06:00:00,negative,Green,884.0,49.411,290.26,6.854,25.25,167.3,37.0,2.6124,,,,,,,,,,,,0
Sikkim/Mangan,Mangan_district_HQ,,2017-08-10T06:00:00,negative,Green,884.0,49.411,290.26,6.854,25.25,167.3,37.0,2.6124,,,,,,,,,,,,0
Sikkim/Mangan,Mangan_district_HQ,,2015-11-25T06:00:00,negative,Green,884.0,49.411,290.26,6.854,25.25,167.3,37.0,2.6124,,,,,,,,,,,,0
Sikkim/Mangan,Lachen,,1992-08-20T06:00:00,negative,Green,2967.0,16.885,36.96,7.3359,7.125,463.1,15.0,2.5251,,,,,,,,,,,,0
Sikkim/Mangan,Mangan_district_HQ,,1990-11-15T06:00:00,negative,Green,884.0,49.411,290.26,6.854,25.25,167.3,37.0,2.6124,,,,,,,,,,,,0
Sikkim/Mangan,Lachen,,1982-06-15T06:00:00,negative,Green,2967.0,16.885,36.96,7.3359,7.125,463.1,15.0,2.5251,,,,,,,,,,,,0
Sikkim/Mangan,Mangan_district_HQ,,2018-10-10T06:00:00,negative,Green,884.0,49.411,290.26,6.854,25.25,167.3,37.0,2.6124,,,,,,,,,,,,0
Sikkim/Mangan,Mangan_district_HQ,,1989-06-25T06:00:00,negative,Green,884.0,49.411,290.26,6.854,25.25,167.3,37.0,2.6124,,,,,,,,,,,,0
Sikkim/Mangan,Mangan_district_HQ,,1985-06-25T06:00:00,negative,Green,884.0,49.411,290.26,6.854,25.25,167.3,37.0,2.6124,,,,,,,,,,,,0
Sikkim/Mangan,Mangan_district_HQ,,2010-10-25T06:00:00,negative,Green,884.0,49.411,290.26,6.854,25.25,167.3,37.0,2.6124,,,,,,,,,,,,0
Sikkim/Mangan,Chungthang,,1988-08-10T06:00:00,negative,Green,1963.0,40.117,183.73,6.1813,21.0,113.9,13.0,2.6124,,,,,,,,,,,,0
Sikkim/Mangan,Mangan_district_HQ,,2008-08-15T06:00:00,negative,Green,884.0,49.411,290.26,6.854,25.25,167.3,37.0,2.6124,,,,,,,,,,,,0
Sikkim/Mangan,Chungthang,,2021-10-05T06:00:00,negative,Green,1963.0,40.117,183.73,6.1813,21.0,113.9,13.0,2.6124,,,,,,,,,,2499.53,-0.02,0
Sikkim/Mangan,Mangan_district_HQ,,1995-06-20T06:00:00,negative,Green,884.0,49.411,290.26,6.854,25.25,167.3,37.0,2.6124,,,,,,,,,,,,0
Sikkim/Mangan,Chungthang,,1996-07-10T06:00:00,negative,Green,1963.0,40.117,183.73,6.1813,21.0,113.9,13.0,2.6124,,,,,,,,,,,,0
Sikkim/Mangan,Lachen,,2002-07-05T06:00:00,negative,Green,2967.0,16.885,36.96,7.3359,7.125,463.1,15.0,2.5251,,,,,,,,,,,,0
Sikkim/Mangan,Chungthang,,1981-09-10T06:00:00,negative,Green,1963.0,40.117,183.73,6.1813,21.0,113.9,13.0,2.6124,,,,,,,,,,,,0
Sikkim/Mangan,Chungthang,,1999-08-15T06:00:00,negative,Green,1963.0,40.117,183.73,6.1813,21.0,113.9,13.0,2.6124,,,,,,,,,,,,0
Sikkim/Mangan,Mangan_district_HQ,,1992-07-20T06:00:00,negative,Green,884.0,49.411,290.26,6.854,25.25,167.3,37.0,2.6124,,,,,,,,,,,,0
Sikkim/Mangan,Lachen,,2007-11-20T06:00:00,negative,Green,2967.0,16.885,36.96,7.3359,7.125,463.1,15.0,2.5251,,,,,,,,,,,,0
Sikkim/Mangan,Mangan_district_HQ,,1986-06-25T06:00:00,negative,Green,884.0,49.411,290.26,6.854,25.25,167.3,37.0,2.6124,,,,,,,,,,,,0
Sikkim/Mangan,Mangan_district_HQ,,1980-11-10T06:00:00,negative,Green,884.0,49.411,290.26,6.854,25.25,167.3,37.0,2.6124,,,,,,,,,,,,0
Sikkim/Mangan,Chungthang,,1983-11-20T06:00:00,negative,Green,1963.0,40.117,183.73,6.1813,21.0,113.9,13.0,2.6124,,,,,,,,,,,,0
Sikkim/Mangan,Chungthang,,2013-09-20T06:00:00,negative,Green,1963.0,40.117,183.73,6.1813,21.0,113.9,13.0,2.6124,,,,,,,,,,,,0
Sikkim/Mangan,Chungthang,,1986-07-05T06:00:00,negative,Green,1963.0,40.117,183.73,6.1813,21.0,113.9,13.0,2.6124,,,,,,,,,,,,0
Sikkim/Mangan,Mangan_district_HQ,,2014-10-10T06:00:00,negative,Green,884.0,49.411,290.26,6.854,25.25,167.3,37.0,2.6124,,,,,,,,,,,,0
Sikkim/Mangan,Lachen,,1995-11-10T06:00:00,negative,Green,2967.0,16.885,36.96,7.3359,7.125,463.1,15.0,2.5251,,,,,,,,,,,,0
Sikkim/Mangan,Lachen,,2000-09-20T06:00:00,negative,Green,2967.0,16.885,36.96,7.3359,7.125,463.1,15.0,2.5251,,,,,,,,,,,,0
Darjeeling/Kalimpong,Kurseong,,2008-07-25T06:00:00,negative,Green,1615.0,18.496,247.25,5.162,7.125,216.5,1.0,1.6857,,,,,,,,,,,,0
Darjeeling/Kalimpong,Kalimpong_town_district_HQ,,1988-06-10T06:00:00,negative,Green,1184.0,10.639,284.97,5.7391,4.0,391.2,1.0,2.1892,,,,,,,,,,,,0
Darjeeling/Kalimpong,Kurseong,,1996-06-05T06:00:00,negative,Green,1615.0,18.496,247.25,5.162,7.125,216.5,1.0,1.6857,,,,,,,,,,,,0
Darjeeling/Kalimpong,Darjeeling_town_district_HQ,,2018-09-20T06:00:00,negative,Green,2123.0,21.586,299.37,5.3997,7.875,450.5,2.0,1.4521,,,,,,,,,,,,0
Darjeeling/Kalimpong,Darjeeling_town_district_HQ,,1998-09-10T06:00:00,negative,Green,2123.0,21.586,299.37,5.3997,7.875,450.5,2.0,1.4521,,,,,,,,,,,,0
Darjeeling/Kalimpong,Darjeeling_town_district_HQ,,2006-11-10T06:00:00,negative,Green,2123.0,21.586,299.37,5.3997,7.875,450.5,2.0,1.4521,,,,,,,,,,,,0
Darjeeling/Kalimpong,Kurseong,,1990-07-20T06:00:00,negative,Green,1615.0,18.496,247.25,5.162,7.125,216.5,1.0,1.6857,,,,,,,,,,,,0
Darjeeling/Kalimpong,Kalimpong_town_district_HQ,,1996-09-20T06:00:00,negative,Green,1184.0,10.639,284.97,5.7391,4.0,391.2,1.0,2.1892,,,,,,,,,,,,0
Darjeeling/Kalimpong,Darjeeling_town_district_HQ,,1990-08-10T06:00:00,negative,Green,2123.0,21.586,299.37,5.3997,7.875,450.5,2.0,1.4521,,,,,,,,,,,,0
Darjeeling/Kalimpong,Kalimpong_town_district_HQ,,1984-11-20T06:00:00,negative,Green,1184.0,10.639,284.97,5.7391,4.0,391.2,1.0,2.1892,,,,,,,,,,,,0
Darjeeling/Kalimpong,Kalimpong_town_district_HQ,,1997-11-05T06:00:00,negative,Green,1184.0,10.639,284.97,5.7391,4.0,391.2,1.0,2.1892,,,,,,,,,,,,0
Darjeeling/Kalimpong,Kalimpong_town_district_HQ,,1985-06-15T06:00:00,negative,Green,1184.0,10.639,284.97,5.7391,4.0,391.2,1.0,2.1892,,,,,,,,,,,,0
Darjeeling/Kalimpong,Darjeeling_town_district_HQ,,2009-07-05T06:00:00,negative,Green,2123.0,21.586,299.37,5.3997,7.875,450.5,2.0,1.4521,,,,,,,,,,,,0
Darjeeling/Kalimpong,Darjeeling_town_district_HQ,,2009-11-10T06:00:00,negative,Green,2123.0,21.586,299.37,5.3997,7.875,450.5,2.0,1.4521,,,,,,,,,,,,0
Darjeeling/Kalimpong,Kalimpong_town_district_HQ,,2016-11-10T06:00:00,negative,Green,1184.0,10.639,284.97,5.7391,4.0,391.2,1.0,2.1892,,,,,,,,,,,,0
Darjeeling/Kalimpong,Darjeeling_town_district_HQ,,1979-06-25T06:00:00,negative,Green,2123.0,21.586,299.37,5.3997,7.875,450.5,2.0,1.4521,,,,,,,,,,,,0
Darjeeling/Kalimpong,Kurseong,,1990-10-15T06:00:00,negative,Green,1615.0,18.496,247.25,5.162,7.125,216.5,1.0,1.6857,,,,,,,,,,,,0
Darjeeling/Kalimpong,Darjeeling_town_district_HQ,,2011-08-25T06:00:00,negative,Green,2123.0,21.586,299.37,5.3997,7.875,450.5,2.0,1.4521,,,,,,,,,,,,0
Darjeeling/Kalimpong,Kalimpong_town_district_HQ,,2013-07-25T06:00:00,negative,Green,1184.0,10.639,284.97,5.7391,4.0,391.2,1.0,2.1892,,,,,,,,,,,,0
Darjeeling/Kalimpong,Kurseong,,1998-09-20T06:00:00,negative,Green,1615.0,18.496,247.25,5.162,7.125,216.5,1.0,1.6857,,,,,,,,,,,,0
Darjeeling/Kalimpong,Darjeeling_town_district_HQ,,1970-08-05T06:00:00,negative,Green,2123.0,21.586,299.37,5.3997,7.875,450.5,2.0,1.4521,,,,,,,,,,,,0
Darjeeling/Kalimpong,Kurseong,,2021-09-05T06:00:00,negative,Green,1615.0,18.496,247.25,5.162,7.125,216.5,1.0,1.6857,,,,,,,,,,,,0
Darjeeling/Kalimpong,Kalimpong_town_district_HQ,,2012-09-25T06:00:00,negative,Green,1184.0,10.639,284.97,5.7391,4.0,391.2,1.0,2.1892,,,,,,,,,,,,0
Darjeeling/Kalimpong,Darjeeling_town_district_HQ,,1970-10-10T06:00:00,negative,Green,2123.0,21.586,299.37,5.3997,7.875,450.5,2.0,1.4521,,,,,,,,,,,,0
Darjeeling/Kalimpong,Darjeeling_town_district_HQ,,1968-07-25T06:00:00,negative,Green,2123.0,21.586,299.37,5.3997,7.875,450.5,2.0,1.4521,,,,,,,,,,,,0
Darjeeling/Kalimpong,Kurseong,,2010-07-20T06:00:00,negative,Green,1615.0,18.496,247.25,5.162,7.125,216.5,1.0,1.6857,,,,,,,,,,,,0
Darjeeling/Kalimpong,Kalimpong_town_district_HQ,,1981-11-20T06:00:00,negative,Green,1184.0,10.639,284.97,5.7391,4.0,391.2,1.0,2.1892,,,,,,,,,,,,0
Darjeeling/Kalimpong,Kurseong,,1998-10-05T06:00:00,negative,Green,1615.0,18.496,247.25,5.162,7.125,216.5,1.0,1.6857,,,,,,,,,,,,0
Darjeeling/Kalimpong,Kalimpong_town_district_HQ,,1974-08-10T06:00:00,negative,Green,1184.0,10.639,284.97,5.7391,4.0,391.2,1.0,2.1892,,,,,,,,,,,,0
Darjeeling/Kalimpong,Kurseong,,1991-10-25T06:00:00,negative,Green,1615.0,18.496,247.25,5.162,7.125,216.5,1.0,1.6857,,,,,,,,,,,,0
Darjeeling/Kalimpong,Darjeeling_town_district_HQ,,1977-09-10T06:00:00,negative,Green,2123.0,21.586,299.37,5.3997,7.875,450.5,2.0,1.4521,,,,,,,,,,,,0
Darjeeling/Kalimpong,Kurseong,,2004-10-15T06:00:00,negative,Green,1615.0,18.496,247.25,5.162,7.125,216.5,1.0,1.6857,,,,,,,,,,,,0
Darjeeling/Kalimpong,Darjeeling_town_district_HQ,,1992-10-10T06:00:00,negative,Green,2123.0,21.586,299.37,5.3997,7.875,450.5,2.0,1.4521,,,,,,,,,,,,0
Darjeeling/Kalimpong,Kurseong,,1997-06-10T06:00:00,negative,Green,1615.0,18.496,247.25,5.162,7.125,216.5,1.0,1.6857,,,,,,,,,,,,0
Darjeeling/Kalimpong,Kalimpong_town_district_HQ,,2007-08-25T06:00:00,negative,Green,1184.0,10.639,284.97,5.7391,4.0,391.2,1.0,2.1892,,,,,,,,,,,,0
Darjeeling/Kalimpong,Kalimpong_town_district_HQ,,1968-08-10T06:00:00,negative,Green,1184.0,10.639,284.97,5.7391,4.0,391.2,1.0,2.1892,,,,,,,,,,,,0
Darjeeling/Kalimpong,Darjeeling_town_district_HQ,,1995-09-25T06:00:00,negative,Green,2123.0,21.586,299.37,5.3997,7.875,450.5,2.0,1.4521,,,,,,,,,,,,0
Darjeeling/Kalimpong,Kurseong,,1998-10-20T06:00:00,negative,Green,1615.0,18.496,247.25,5.162,7.125,216.5,1.0,1.6857,,,,,,,,,,,,0
Darjeeling/Kalimpong,Kurseong,,1980-08-05T06:00:00,negative,Green,1615.0,18.496,247.25,5.162,7.125,216.5,1.0,1.6857,,,,,,,,,,,,0
Darjeeling/Kalimpong,Kurseong,,1992-08-20T06:00:00,negative,Green,1615.0,18.496,247.25,5.162,7.125,216.5,1.0,1.6857,,,,,,,,,,,,0
Darjeeling/Kalimpong,Darjeeling_town_district_HQ,,2019-06-20T06:00:00,negative,Green,2123.0,21.586,299.37,5.3997,7.875,450.5,2.0,1.4521,,,,,,,,,,,,0
Darjeeling/Kalimpong,Kurseong,,1983-06-10T06:00:00,negative,Green,1615.0,18.496,247.25,5.162,7.125,216.5,1.0,1.6857,,,,,,,,,,,,0
Darjeeling/Kalimpong,Kalimpong_town_district_HQ,,2012-10-20T06:00:00,negative,Green,1184.0,10.639,284.97,5.7391,4.0,391.2,1.0,2.1892,,,,,,,,,,,,0
Darjeeling/Kalimpong,Kalimpong_town_district_HQ,,1972-06-15T06:00:00,negative,Green,1184.0,10.639,284.97,5.7391,4.0,391.2,1.0,2.1892,,,,,,,,,,,,0
Darjeeling/Kalimpong,Darjeeling_town_district_HQ,,2000-07-10T06:00:00,negative,Green,2123.0,21.586,299.37,5.3997,7.875,450.5,2.0,1.4521,,,,,,,,,,,,0
Darjeeling/Kalimpong,Darjeeling_town_district_HQ,,2017-10-15T06:00:00,negative,Green,2123.0,21.586,299.37,5.3997,7.875,450.5,2.0,1.4521,,,,,,,,,,,,0
Darjeeling/Kalimpong,Kalimpong_town_district_HQ,,2000-06-20T06:00:00,negative,Green,1184.0,10.639,284.97,5.7391,4.0,391.2,1.0,2.1892,,,,,,,,,,,,0
Darjeeling/Kalimpong,Darjeeling_town_district_HQ,,2022-06-10T06:00:00,negative,Green,2123.0,21.586,299.37,5.3997,7.875,450.5,2.0,1.4521,,,,,,,,,,,,0
Darjeeling/Kalimpong,Kurseong,,1990-09-20T06:00:00,negative,Green,1615.0,18.496,247.25,5.162,7.125,216.5,1.0,1.6857,,,,,,,,,,,,0
Darjeeling/Kalimpong,Darjeeling_town_district_HQ,,2018-11-25T06:00:00,negative,Green,2123.0,21.586,299.37,5.3997,7.875,450.5,2.0,1.4521,,,,,,,,,,,,0
Darjeeling/Kalimpong,Darjeeling_town_district_HQ,,2010-08-25T06:00:00,negative,Green,2123.0,21.586,299.37,5.3997,7.875,450.5,2.0,1.4521,,,,,,,,,,,,0
Darjeeling/Kalimpong,Darjeeling_town_district_HQ,,1989-10-15T06:00:00,negative,Green,2123.0,21.586,299.37,5.3997,7.875,450.5,2.0,1.4521,,,,,,,,,,,,0
Darjeeling/Kalimpong,Kurseong,,1982-09-05T06:00:00,negative,Green,1615.0,18.496,247.25,5.162,7.125,216.5,1.0,1.6857,,,,,,,,,,,,0
Darjeeling/Kalimpong,Kalimpong_town_district_HQ,,1979-07-05T06:00:00,negative,Green,1184.0,10.639,284.97,5.7391,4.0,391.2,1.0,2.1892,,,,,,,,,,,,0
Darjeeling/Kalimpong,Darjeeling_town_district_HQ,,1993-11-25T06:00:00,negative,Green,2123.0,21.586,299.37,5.3997,7.875,450.5,2.0,1.4521,,,,,,,,,,,,0
Darjeeling/Kalimpong,Kurseong,,2012-09-05T06:00:00,negative,Green,1615.0,18.496,247.25,5.162,7.125,216.5,1.0,1.6857,,,,,,,,,,,,0
Darjeeling/Kalimpong,Kalimpong_town_district_HQ,,2004-09-05T06:00:00,negative,Green,1184.0,10.639,284.97,5.7391,4.0,391.2,1.0,2.1892,,,,,,,,,,,,0
Darjeeling/Kalimpong,Darjeeling_town_district_HQ,,1976-06-15T06:00:00,negative,Green,2123.0,21.586,299.37,5.3997,7.875,450.5,2.0,1.4521,,,,,,,,,,,,0
Darjeeling/Kalimpong,Kurseong,,2003-08-25T06:00:00,negative,Green,1615.0,18.496,247.25,5.162,7.125,216.5,1.0,1.6857,,,,,,,,,,,,0
Darjeeling/Kalimpong,Kalimpong_town_district_HQ,,2000-08-10T06:00:00,negative,Green,1184.0,10.639,284.97,5.7391,4.0,391.2,1.0,2.1892,,,,,,,,,,,,0
Darjeeling/Kalimpong,Kalimpong_town_district_HQ,,2020-10-05T06:00:00,negative,Green,1184.0,10.639,284.97,5.7391,4.0,391.2,1.0,2.1892,,,,,,,,,,213.82,0.03,0
Darjeeling/Kalimpong,Darjeeling_town_district_HQ,,2007-06-10T06:00:00,negative,Green,2123.0,21.586,299.37,5.3997,7.875,450.5,2.0,1.4521,,,,,,,,,,,,0
Darjeeling/Kalimpong,Kurseong,,1982-10-05T06:00:00,negative,Green,1615.0,18.496,247.25,5.162,7.125,216.5,1.0,1.6857,,,,,,,,,,,,0
Darjeeling/Kalimpong,Kalimpong_town_district_HQ,,2003-06-05T06:00:00,negative,Green,1184.0,10.639,284.97,5.7391,4.0,391.2,1.0,2.1892,,,,,,,,,,,,0
Darjeeling/Kalimpong,Kalimpong_town_district_HQ,,2018-09-20T06:00:00,negative,Green,1184.0,10.639,284.97,5.7391,4.0,391.2,1.0,2.1892,,,,,,,,,,,,0
Darjeeling/Kalimpong,Kalimpong_town_district_HQ,,2012-08-20T06:00:00,negative,Green,1184.0,10.639,284.97,5.7391,4.0,391.2,1.0,2.1892,,,,,,,,,,,,0
Darjeeling/Kalimpong,Darjeeling_town_district_HQ,,2008-09-15T06:00:00,negative,Green,2123.0,21.586,299.37,5.3997,7.875,450.5,2.0,1.4521,,,,,,,,,,,,0
Darjeeling/Kalimpong,Kalimpong_town_district_HQ,,2017-11-20T06:00:00,negative,Green,1184.0,10.639,284.97,5.7391,4.0,391.2,1.0,2.1892,,,,,,,,,,,,0
Darjeeling/Kalimpong,Darjeeling_town_district_HQ,,1998-06-10T06:00:00,negative,Green,2123.0,21.586,299.37,5.3997,7.875,450.5,2.0,1.4521,,,,,,,,,,,,0
Darjeeling/Kalimpong,Kalimpong_town_district_HQ,,2016-06-20T06:00:00,negative,Green,1184.0,10.639,284.97,5.7391,4.0,391.2,1.0,2.1892,,,,,,,,,,,,0
Darjeeling/Kalimpong,Kurseong,,1980-11-25T06:00:00,negative,Green,1615.0,18.496,247.25,5.162,7.125,216.5,1.0,1.6857,,,,,,,,,,,,0
Darjeeling/Kalimpong,Kurseong,,1996-09-05T06:00:00,negative,Green,1615.0,18.496,247.25,5.162,7.125,216.5,1.0,1.6857,,,,,,,,,,,,0
Darjeeling/Kalimpong,Kalimpong_town_district_HQ,,1980-10-15T06:00:00,negative,Green,1184.0,10.639,284.97,5.7391,4.0,391.2,1.0,2.1892,,,,,,,,,,,,0
Darjeeling/Kalimpong,Kalimpong_town_district_HQ,,2008-06-25T06:00:00,negative,Green,1184.0,10.639,284.97,5.7391,4.0,391.2,1.0,2.1892,,,,,,,,,,,,0
Darjeeling/Kalimpong,Kurseong,,1999-11-10T06:00:00,negative,Green,1615.0,18.496,247.25,5.162,7.125,216.5,1.0,1.6857,,,,,,,,,,,,0
Darjeeling/Kalimpong,Kalimpong_town_district_HQ,,1994-08-15T06:00:00,negative,Green,1184.0,10.639,284.97,5.7391,4.0,391.2,1.0,2.1892,,,,,,,,,,,,0
Darjeeling/Kalimpong,Darjeeling_town_district_HQ,,1988-09-25T06:00:00,negative,Green,2123.0,21.586,299.37,5.3997,7.875,450.5,2.0,1.4521,,,,,,,,,,,,0
Darjeeling/Kalimpong,Kalimpong_town_district_HQ,,2009-09-10T06:00:00,negative,Green,1184.0,10.639,284.97,5.7391,4.0,391.2,1.0,2.1892,,,,,,,,,,,,0
Darjeeling/Kalimpong,Darjeeling_town_district_HQ,,1992-11-10T06:00:00,negative,Green,2123.0,21.586,299.37,5.3997,7.875,450.5,2.0,1.4521,,,,,,,,,,,,0
Darjeeling/Kalimpong,Darjeeling_town_district_HQ,,2008-06-05T06:00:00,negative,Green,2123.0,21.586,299.37,5.3997,7.875,450.5,2.0,1.4521,,,,,,,,,,,,0
Darjeeling/Kalimpong,Kalimpong_town_district_HQ,,1977-08-20T06:00:00,negative,Green,1184.0,10.639,284.97,5.7391,4.0,391.2,1.0,2.1892,,,,,,,,,,,,0
Darjeeling/Kalimpong,Kurseong,,1969-07-25T06:00:00,negative,Green,1615.0,18.496,247.25,5.162,7.125,216.5,1.0,1.6857,,,,,,,,,,,,0
Darjeeling/Kalimpong,Kalimpong_town_district_HQ,,2000-07-10T06:00:00,negative,Green,1184.0,10.639,284.97,5.7391,4.0,391.2,1.0,2.1892,,,,,,,,,,,,0
Darjeeling/Kalimpong,Kurseong,,1994-09-10T06:00:00,negative,Green,1615.0,18.496,247.25,5.162,7.125,216.5,1.0,1.6857,,,,,,,,,,,,0
Darjeeling/Kalimpong,Kalimpong_town_district_HQ,,1991-11-10T06:00:00,negative,Green,1184.0,10.639,284.97,5.7391,4.0,391.2,1.0,2.1892,,,,,,,,,,,,0
Darjeeling/Kalimpong,Darjeeling_town_district_HQ,,2018-11-05T06:00:00,negative,Green,2123.0,21.586,299.37,5.3997,7.875,450.5,2.0,1.4521,,,,,,,,,,,,0
Darjeeling/Kalimpong,Darjeeling_town_district_HQ,,1981-08-15T06:00:00,negative,Green,2123.0,21.586,299.37,5.3997,7.875,450.5,2.0,1.4521,,,,,,,,,,,,0
Darjeeling/Kalimpong,Kalimpong_town_district_HQ,,2020-07-25T06:00:00,negative,Green,1184.0,10.639,284.97,5.7391,4.0,391.2,1.0,2.1892,,,,,,,,,,215.32,-0.14,0
Darjeeling/Kalimpong,Kalimpong_town_district_HQ,,2011-09-10T06:00:00,negative,Green,1184.0,10.639,284.97,5.7391,4.0,391.2,1.0,2.1892,,,,,,,,,,,,0
Darjeeling/Kalimpong,Darjeeling_town_district_HQ,,1991-07-05T06:00:00,negative,Green,2123.0,21.586,299.37,5.3997,7.875,450.5,2.0,1.4521,,,,,,,,,,,,0
Darjeeling/Kalimpong,Kalimpong_town_district_HQ,,2003-07-25T06:00:00,negative,Green,1184.0,10.639,284.97,5.7391,4.0,391.2,1.0,2.1892,,,,,,,,,,,,0
Darjeeling/Kalimpong,Kalimpong_town_district_HQ,,2019-07-10T06:00:00,negative,Green,1184.0,10.639,284.97,5.7391,4.0,391.2,1.0,2.1892,,,,,,,,,,,,0
Darjeeling/Kalimpong,Kalimpong_town_district_HQ,,1984-10-05T06:00:00,negative,Green,1184.0,10.639,284.97,5.7391,4.0,391.2,1.0,2.1892,,,,,,,,,,,,0
Darjeeling/Kalimpong,Darjeeling_town_district_HQ,,1985-06-15T06:00:00,negative,Green,2123.0,21.586,299.37,5.3997,7.875,450.5,2.0,1.4521,,,,,,,,,,,,0
Darjeeling/Kalimpong,Darjeeling_town_district_HQ,,1976-07-05T06:00:00,negative,Green,2123.0,21.586,299.37,5.3997,7.875,450.5,2.0,1.4521,,,,,,,,,,,,0
Darjeeling/Kalimpong,Kurseong,,1983-08-10T06:00:00,negative,Green,1615.0,18.496,247.25,5.162,7.125,216.5,1.0,1.6857,,,,,,,,,,,,0
Darjeeling/Kalimpong,Kalimpong_town_district_HQ,,1969-06-25T06:00:00,negative,Green,1184.0,10.639,284.97,5.7391,4.0,391.2,1.0,2.1892,,,,,,,,,,,,0
Darjeeling/Kalimpong,Kurseong,,2008-09-15T06:00:00,negative,Green,1615.0,18.496,247.25,5.162,7.125,216.5,1.0,1.6857,,,,,,,,,,,,0
Darjeeling/Kalimpong,Kurseong,,2022-09-20T06:00:00,negative,Green,1615.0,18.496,247.25,5.162,7.125,216.5,1.0,1.6857,,,,,,,,,,,,0
Darjeeling/Kalimpong,Kurseong,,2000-06-25T06:00:00,negative,Green,1615.0,18.496,247.25,5.162,7.125,216.5,1.0,1.6857,,,,,,,,,,,,0
Darjeeling/Kalimpong,Kurseong,,2017-07-10T06:00:00,negative,Green,1615.0,18.496,247.25,5.162,7.125,216.5,1.0,1.6857,,,,,,,,,,,,0
Darjeeling/Kalimpong,Kurseong,,1968-07-25T06:00:00,negative,Green,1615.0,18.496,247.25,5.162,7.125,216.5,1.0,1.6857,,,,,,,,,,,,0
Darjeeling/Kalimpong,Kalimpong_town_district_HQ,,1970-06-25T06:00:00,negative,Green,1184.0,10.639,284.97,5.7391,4.0,391.2,1.0,2.1892,,,,,,,,,,,,0
Darjeeling/Kalimpong,Kurseong,,2019-10-25T06:00:00,negative,Green,1615.0,18.496,247.25,5.162,7.125,216.5,1.0,1.6857,,,,,,,,,,,,0
Darjeeling/Kalimpong,Darjeeling_town_district_HQ,,1996-10-25T06:00:00,negative,Green,2123.0,21.586,299.37,5.3997,7.875,450.5,2.0,1.4521,,,,,,,,,,,,0
Darjeeling/Kalimpong,Kurseong,,1972-07-25T06:00:00,negative,Green,1615.0,18.496,247.25,5.162,7.125,216.5,1.0,1.6857,,,,,,,,,,,,0
Darjeeling/Kalimpong,Darjeeling_town_district_HQ,,1979-09-10T06:00:00,negative,Green,2123.0,21.586,299.37,5.3997,7.875,450.5,2.0,1.4521,,,,,,,,,,,,0
Darjeeling/Kalimpong,Kalimpong_town_district_HQ,,1979-10-05T06:00:00,negative,Green,1184.0,10.639,284.97,5.7391,4.0,391.2,1.0,2.1892,,,,,,,,,,,,0
Darjeeling/Kalimpong,Kalimpong_town_district_HQ,,1979-11-15T06:00:00,negative,Green,1184.0,10.639,284.97,5.7391,4.0,391.2,1.0,2.1892,,,,,,,,,,,,0
Darjeeling/Kalimpong,Darjeeling_town_district_HQ,,2011-10-25T06:00:00,negative,Green,2123.0,21.586,299.37,5.3997,7.875,450.5,2.0,1.4521,,,,,,,,,,,,0
Darjeeling/Kalimpong,Kurseong,,1979-11-10T06:00:00,negative,Green,1615.0,18.496,247.25,5.162,7.125,216.5,1.0,1.6857,,,,,,,,,,,,0
Darjeeling/Kalimpong,Darjeeling_town_district_HQ,,1995-08-20T06:00:00,negative,Green,2123.0,21.586,299.37,5.3997,7.875,450.5,2.0,1.4521,,,,,,,,,,,,0
Darjeeling/Kalimpong,Darjeeling_town_district_HQ,,2018-06-10T06:00:00,negative,Green,2123.0,21.586,299.37,5.3997,7.875,450.5,2.0,1.4521,,,,,,,,,,,,0
Darjeeling/Kalimpong,Darjeeling_town_district_HQ,,1989-07-20T06:00:00,negative,Green,2123.0,21.586,299.37,5.3997,7.875,450.5,2.0,1.4521,,,,,,,,,,,,0
Darjeeling/Kalimpong,Kalimpong_town_district_HQ,,2010-09-25T06:00:00,negative,Green,1184.0,10.639,284.97,5.7391,4.0,391.2,1.0,2.1892,,,,,,,,,,,,0
Darjeeling/Kalimpong,Darjeeling_town_district_HQ,,1988-06-15T06:00:00,negative,Green,2123.0,21.586,299.37,5.3997,7.875,450.5,2.0,1.4521,,,,,,,,,,,,0
Darjeeling/Kalimpong,Darjeeling_town_district_HQ,,2007-07-25T06:00:00,negative,Green,2123.0,21.586,299.37,5.3997,7.875,450.5,2.0,1.4521,,,,,,,,,,,,0
Darjeeling/Kalimpong,Kurseong,,1985-07-10T06:00:00,negative,Green,1615.0,18.496,247.25,5.162,7.125,216.5,1.0,1.6857,,,,,,,,,,,,0
Darjeeling/Kalimpong,Kurseong,,1985-06-15T06:00:00,negative,Green,1615.0,18.496,247.25,5.162,7.125,216.5,1.0,1.6857,,,,,,,,,,,,0
Darjeeling/Kalimpong,Kurseong,,2018-11-05T06:00:00,negative,Green,1615.0,18.496,247.25,5.162,7.125,216.5,1.0,1.6857,,,,,,,,,,,,0
Darjeeling/Kalimpong,Kurseong,,1979-09-20T06:00:00,negative,Green,1615.0,18.496,247.25,5.162,7.125,216.5,1.0,1.6857,,,,,,,,,,,,0
Darjeeling/Kalimpong,Kalimpong_town_district_HQ,,1991-06-25T06:00:00,negative,Green,1184.0,10.639,284.97,5.7391,4.0,391.2,1.0,2.1892,,,,,,,,,,,,0
Darjeeling/Kalimpong,Kalimpong_town_district_HQ,,2014-11-15T06:00:00,negative,Green,1184.0,10.639,284.97,5.7391,4.0,391.2,1.0,2.1892,,,,,,,,,,,,0
Darjeeling/Kalimpong,Darjeeling_town_district_HQ,,2022-11-10T06:00:00,negative,Green,2123.0,21.586,299.37,5.3997,7.875,450.5,2.0,1.4521,,,,,,,,,,,,0
Darjeeling/Kalimpong,Kalimpong_town_district_HQ,,1973-06-25T06:00:00,negative,Green,1184.0,10.639,284.97,5.7391,4.0,391.2,1.0,2.1892,,,,,,,,,,,,0
Darjeeling/Kalimpong,Kalimpong_town_district_HQ,,1969-06-05T06:00:00,negative,Green,1184.0,10.639,284.97,5.7391,4.0,391.2,1.0,2.1892,,,,,,,,,,,,0
Darjeeling/Kalimpong,Kalimpong_town_district_HQ,,2008-10-05T06:00:00,negative,Green,1184.0,10.639,284.97,5.7391,4.0,391.2,1.0,2.1892,,,,,,,,,,,,0
Darjeeling/Kalimpong,Darjeeling_town_district_HQ,,2014-09-10T06:00:00,negative,Green,2123.0,21.586,299.37,5.3997,7.875,450.5,2.0,1.4521,,,,,,,,,,,,0
Darjeeling/Kalimpong,Darjeeling_town_district_HQ,,1998-09-05T06:00:00,negative,Green,2123.0,21.586,299.37,5.3997,7.875,450.5,2.0,1.4521,,,,,,,,,,,,0
Darjeeling/Kalimpong,Darjeeling_town_district_HQ,,1985-10-10T06:00:00,negative,Green,2123.0,21.586,299.37,5.3997,7.875,450.5,2.0,1.4521,,,,,,,,,,,,0
Darjeeling/Kalimpong,Darjeeling_town_district_HQ,,2023-06-20T06:00:00,negative,Green,2123.0,21.586,299.37,5.3997,7.875,450.5,2.0,1.4521,,,,,,,,,,,,0
Darjeeling/Kalimpong,Darjeeling_town_district_HQ,,1994-10-05T06:00:00,negative,Green,2123.0,21.586,299.37,5.3997,7.875,450.5,2.0,1.4521,,,,,,,,,,,,0
Darjeeling/Kalimpong,Darjeeling_town_district_HQ,,1986-06-10T06:00:00,negative,Green,2123.0,21.586,299.37,5.3997,7.875,450.5,2.0,1.4521,,,,,,,,,,,,0
Darjeeling/Kalimpong,Kalimpong_town_district_HQ,,1970-09-10T06:00:00,negative,Green,1184.0,10.639,284.97,5.7391,4.0,391.2,1.0,2.1892,,,,,,,,,,,,0
Darjeeling/Kalimpong,Kalimpong_town_district_HQ,,1977-10-15T06:00:00,negative,Green,1184.0,10.639,284.97,5.7391,4.0,391.2,1.0,2.1892,,,,,,,,,,,,0
Darjeeling/Kalimpong,Kalimpong_town_district_HQ,,2022-11-25T06:00:00,negative,Green,1184.0,10.639,284.97,5.7391,4.0,391.2,1.0,2.1892,,,,,,,,,,212.22,0.0,0
Darjeeling/Kalimpong,Kalimpong_town_district_HQ,,2001-09-20T06:00:00,negative,Green,1184.0,10.639,284.97,5.7391,4.0,391.2,1.0,2.1892,,,,,,,,,,,,0
Darjeeling/Kalimpong,Kurseong,,1983-09-05T06:00:00,negative,Green,1615.0,18.496,247.25,5.162,7.125,216.5,1.0,1.6857,,,,,,,,,,,,0
Darjeeling/Kalimpong,Kurseong,,1977-11-05T06:00:00,negative,Green,1615.0,18.496,247.25,5.162,7.125,216.5,1.0,1.6857,,,,,,,,,,,,0
Darjeeling/Kalimpong,Kalimpong_town_district_HQ,,2008-08-05T06:00:00,negative,Green,1184.0,10.639,284.97,5.7391,4.0,391.2,1.0,2.1892,,,,,,,,,,,,0
Darjeeling/Kalimpong,Darjeeling_town_district_HQ,,1973-09-05T06:00:00,negative,Green,2123.0,21.586,299.37,5.3997,7.875,450.5,2.0,1.4521,,,,,,,,,,,,0
Darjeeling/Kalimpong,Kurseong,,1972-11-20T06:00:00,negative,Green,1615.0,18.496,247.25,5.162,7.125,216.5,1.0,1.6857,,,,,,,,,,,,0
Darjeeling/Kalimpong,Kurseong,,2010-09-25T06:00:00,negative,Green,1615.0,18.496,247.25,5.162,7.125,216.5,1.0,1.6857,,,,,,,,,,,,0
Darjeeling/Kalimpong,Darjeeling_town_district_HQ,,1992-06-25T06:00:00,negative,Green,2123.0,21.586,299.37,5.3997,7.875,450.5,2.0,1.4521,,,,,,,,,,,,0
Darjeeling/Kalimpong,Kalimpong_town_district_HQ,,1997-09-15T06:00:00,negative,Green,1184.0,10.639,284.97,5.7391,4.0,391.2,1.0,2.1892,,,,,,,,,,,,0
Darjeeling/Kalimpong,Kurseong,,1979-11-05T06:00:00,negative,Green,1615.0,18.496,247.25,5.162,7.125,216.5,1.0,1.6857,,,,,,,,,,,,0
Darjeeling/Kalimpong,Darjeeling_town_district_HQ,,1983-08-25T06:00:00,negative,Green,2123.0,21.586,299.37,5.3997,7.875,450.5,2.0,1.4521,,,,,,,,,,,,0
Darjeeling/Kalimpong,Kurseong,,2008-11-15T06:00:00,negative,Green,1615.0,18.496,247.25,5.162,7.125,216.5,1.0,1.6857,,,,,,,,,,,,0
Darjeeling/Kalimpong,Darjeeling_town_district_HQ,,1978-06-10T06:00:00,negative,Green,2123.0,21.586,299.37,5.3997,7.875,450.5,2.0,1.4521,,,,,,,,,,,,0
Darjeeling/Kalimpong,Darjeeling_town_district_HQ,,2000-11-05T06:00:00,negative,Green,2123.0,21.586,299.37,5.3997,7.875,450.5,2.0,1.4521,,,,,,,,,,,,0
Darjeeling/Kalimpong,Kurseong,,2002-09-20T06:00:00,negative,Green,1615.0,18.496,247.25,5.162,7.125,216.5,1.0,1.6857,,,,,,,,,,,,0
Darjeeling/Kalimpong,Darjeeling_town_district_HQ,,2000-09-15T06:00:00,negative,Green,2123.0,21.586,299.37,5.3997,7.875,450.5,2.0,1.4521,,,,,,,,,,,,0
Darjeeling/Kalimpong,Kurseong,,1972-10-15T06:00:00,negative,Green,1615.0,18.496,247.25,5.162,7.125,216.5,1.0,1.6857,,,,,,,,,,,,0
Darjeeling/Kalimpong,Kurseong,,1997-10-15T06:00:00,negative,Green,1615.0,18.496,247.25,5.162,7.125,216.5,1.0,1.6857,,,,,,,,,,,,0
Darjeeling/Kalimpong,Darjeeling_town_district_HQ,,1994-08-10T06:00:00,negative,Green,2123.0,21.586,299.37,5.3997,7.875,450.5,2.0,1.4521,,,,,,,,,,,,0
Darjeeling/Kalimpong,Kurseong,,2007-08-25T06:00:00,negative,Green,1615.0,18.496,247.25,5.162,7.125,216.5,1.0,1.6857,,,,,,,,,,,,0
Darjeeling/Kalimpong,Kurseong,,1994-08-25T06:00:00,negative,Green,1615.0,18.496,247.25,5.162,7.125,216.5,1.0,1.6857,,,,,,,,,,,,0
Darjeeling/Kalimpong,Kurseong,,2015-10-15T06:00:00,negative,Green,1615.0,18.496,247.25,5.162,7.125,216.5,1.0,1.6857,,,,,,,,,,,,0
Darjeeling/Kalimpong,Darjeeling_town_district_HQ,,1977-08-20T06:00:00,negative,Green,2123.0,21.586,299.37,5.3997,7.875,450.5,2.0,1.4521,,,,,,,,,,,,0
Darjeeling/Kalimpong,Darjeeling_town_district_HQ,,1971-10-10T06:00:00,negative,Green,2123.0,21.586,299.37,5.3997,7.875,450.5,2.0,1.4521,,,,,,,,,,,,0
Darjeeling/Kalimpong,Kalimpong_town_district_HQ,,2002-08-15T06:00:00,negative,Green,1184.0,10.639,284.97,5.7391,4.0,391.2,1.0,2.1892,,,,,,,,,,,,0
Darjeeling/Kalimpong,Kalimpong_town_district_HQ,,2022-10-20T06:00:00,negative,Green,1184.0,10.639,284.97,5.7391,4.0,391.2,1.0,2.1892,,,,,,,,,,213.49,-0.02,0
Darjeeling/Kalimpong,Kurseong,,1978-11-25T06:00:00,negative,Green,1615.0,18.496,247.25,5.162,7.125,216.5,1.0,1.6857,,,,,,,,,,,,0
Darjeeling/Kalimpong,Kurseong,,2017-10-25T06:00:00,negative,Green,1615.0,18.496,247.25,5.162,7.125,216.5,1.0,1.6857,,,,,,,,,,,,0
Darjeeling/Kalimpong,Kurseong,,2022-06-20T06:00:00,negative,Green,1615.0,18.496,247.25,5.162,7.125,216.5,1.0,1.6857,,,,,,,,,,,,0
Darjeeling/Kalimpong,Kurseong,,2005-09-10T06:00:00,negative,Green,1615.0,18.496,247.25,5.162,7.125,216.5,1.0,1.6857,,,,,,,,,,,,0
Darjeeling/Kalimpong,Kurseong,,2022-07-15T06:00:00,negative,Green,1615.0,18.496,247.25,5.162,7.125,216.5,1.0,1.6857,,,,,,,,,,,,0
Darjeeling/Kalimpong,Kurseong,,1981-10-25T06:00:00,negative,Green,1615.0,18.496,247.25,5.162,7.125,216.5,1.0,1.6857,,,,,,,,,,,,0
Darjeeling/Kalimpong,Kurseong,,1986-08-20T06:00:00,negative,Green,1615.0,18.496,247.25,5.162,7.125,216.5,1.0,1.6857,,,,,,,,,,,,0
Darjeeling/Kalimpong,Kalimpong_town_district_HQ,,2011-07-10T06:00:00,negative,Green,1184.0,10.639,284.97,5.7391,4.0,391.2,1.0,2.1892,,,,,,,,,,,,0
Darjeeling/Kalimpong,Kalimpong_town_district_HQ,,1993-11-05T06:00:00,negative,Green,1184.0,10.639,284.97,5.7391,4.0,391.2,1.0,2.1892,,,,,,,,,,,,0
Darjeeling/Kalimpong,Kurseong,,1975-10-15T06:00:00,negative,Green,1615.0,18.496,247.25,5.162,7.125,216.5,1.0,1.6857,,,,,,,,,,,,0
Darjeeling/Kalimpong,Kalimpong_town_district_HQ,,2016-11-25T06:00:00,negative,Green,1184.0,10.639,284.97,5.7391,4.0,391.2,1.0,2.1892,,,,,,,,,,,,0
Darjeeling/Kalimpong,Kalimpong_town_district_HQ,,2017-07-05T06:00:00,negative,Green,1184.0,10.639,284.97,5.7391,4.0,391.2,1.0,2.1892,,,,,,,,,,,,0
Darjeeling/Kalimpong,Kurseong,,1971-06-15T06:00:00,negative,Green,1615.0,18.496,247.25,5.162,7.125,216.5,1.0,1.6857,,,,,,,,,,,,0
Darjeeling/Kalimpong,Kurseong,,2004-10-25T06:00:00,negative,Green,1615.0,18.496,247.25,5.162,7.125,216.5,1.0,1.6857,,,,,,,,,,,,0
Darjeeling/Kalimpong,Darjeeling_town_district_HQ,,2011-10-15T06:00:00,negative,Green,2123.0,21.586,299.37,5.3997,7.875,450.5,2.0,1.4521,,,,,,,,,,,,0
Darjeeling/Kalimpong,Kurseong,,1973-11-10T06:00:00,negative,Green,1615.0,18.496,247.25,5.162,7.125,216.5,1.0,1.6857,,,,,,,,,,,,0
Darjeeling/Kalimpong,Kalimpong_town_district_HQ,,2004-06-25T06:00:00,negative,Green,1184.0,10.639,284.97,5.7391,4.0,391.2,1.0,2.1892,,,,,,,,,,,,0
Darjeeling/Kalimpong,Kurseong,,2005-10-20T06:00:00,negative,Green,1615.0,18.496,247.25,5.162,7.125,216.5,1.0,1.6857,,,,,,,,,,,,0
Darjeeling/Kalimpong,Kalimpong_town_district_HQ,,1976-09-05T06:00:00,negative,Green,1184.0,10.639,284.97,5.7391,4.0,391.2,1.0,2.1892,,,,,,,,,,,,0
Darjeeling/Kalimpong,Kalimpong_town_district_HQ,,2015-11-10T06:00:00,negative,Green,1184.0,10.639,284.97,5.7391,4.0,391.2,1.0,2.1892,,,,,,,,,,,,0
Darjeeling/Kalimpong,Darjeeling_town_district_HQ,,1968-08-20T06:00:00,negative,Green,2123.0,21.586,299.37,5.3997,7.875,450.5,2.0,1.4521,,,,,,,,,,,,0
Darjeeling/Kalimpong,Kalimpong_town_district_HQ,,1968-10-15T06:00:00,negative,Green,1184.0,10.639,284.97,5.7391,4.0,391.2,1.0,2.1892,,,,,,,,,,,,0
Darjeeling/Kalimpong,Kalimpong_town_district_HQ,,2021-07-20T06:00:00,negative,Green,1184.0,10.639,284.97,5.7391,4.0,391.2,1.0,2.1892,,,,,,,,,,215.16,-0.01,0
Darjeeling/Kalimpong,Kurseong,,2011-09-25T06:00:00,negative,Green,1615.0,18.496,247.25,5.162,7.125,216.5,1.0,1.6857,,,,,,,,,,,,0
Darjeeling/Kalimpong,Darjeeling_town_district_HQ,,1993-06-10T06:00:00,negative,Green,2123.0,21.586,299.37,5.3997,7.875,450.5,2.0,1.4521,,,,,,,,,,,,0
Darjeeling/Kalimpong,Darjeeling_town_district_HQ,,1982-06-15T06:00:00,negative,Green,2123.0,21.586,299.37,5.3997,7.875,450.5,2.0,1.4521,,,,,,,,,,,,0
Darjeeling/Kalimpong,Kalimpong_town_district_HQ,,2018-07-20T06:00:00,negative,Green,1184.0,10.639,284.97,5.7391,4.0,391.2,1.0,2.1892,,,,,,,,,,,,0
Darjeeling/Kalimpong,Kalimpong_town_district_HQ,,2002-10-05T06:00:00,negative,Green,1184.0,10.639,284.97,5.7391,4.0,391.2,1.0,2.1892,,,,,,,,,,,,0
Darjeeling/Kalimpong,Kalimpong_town_district_HQ,,2004-06-20T06:00:00,negative,Green,1184.0,10.639,284.97,5.7391,4.0,391.2,1.0,2.1892,,,,,,,,,,,,0
Darjeeling/Kalimpong,Kurseong,,1977-08-20T06:00:00,negative,Green,1615.0,18.496,247.25,5.162,7.125,216.5,1.0,1.6857,,,,,,,,,,,,0
Darjeeling/Kalimpong,Kalimpong_town_district_HQ,,1997-10-25T06:00:00,negative,Green,1184.0,10.639,284.97,5.7391,4.0,391.2,1.0,2.1892,,,,,,,,,,,,0
Darjeeling/Kalimpong,Kurseong,,1978-11-10T06:00:00,negative,Green,1615.0,18.496,247.25,5.162,7.125,216.5,1.0,1.6857,,,,,,,,,,,,0
Darjeeling/Kalimpong,Kalimpong_town_district_HQ,,2015-07-10T06:00:00,negative,Green,1184.0,10.639,284.97,5.7391,4.0,391.2,1.0,2.1892,,,,,,,,,,,,0
Darjeeling/Kalimpong,Kalimpong_town_district_HQ,,1993-08-20T06:00:00,negative,Green,1184.0,10.639,284.97,5.7391,4.0,391.2,1.0,2.1892,,,,,,,,,,,,0
Darjeeling/Kalimpong,Kurseong,,1995-06-20T06:00:00,negative,Green,1615.0,18.496,247.25,5.162,7.125,216.5,1.0,1.6857,,,,,,,,,,,,0
Darjeeling/Kalimpong,Darjeeling_town_district_HQ,,2015-09-05T06:00:00,negative,Green,2123.0,21.586,299.37,5.3997,7.875,450.5,2.0,1.4521,,,,,,,,,,,,0
Darjeeling/Kalimpong,Kalimpong_town_district_HQ,,1979-08-25T06:00:00,negative,Green,1184.0,10.639,284.97,5.7391,4.0,391.2,1.0,2.1892,,,,,,,,,,,,0
Darjeeling/Kalimpong,Kurseong,,2002-11-20T06:00:00,negative,Green,1615.0,18.496,247.25,5.162,7.125,216.5,1.0,1.6857,,,,,,,,,,,,0
Darjeeling/Kalimpong,Kurseong,,1982-08-15T06:00:00,negative,Green,1615.0,18.496,247.25,5.162,7.125,216.5,1.0,1.6857,,,,,,,,,,,,0
Darjeeling/Kalimpong,Kurseong,,1980-07-05T06:00:00,negative,Green,1615.0,18.496,247.25,5.162,7.125,216.5,1.0,1.6857,,,,,,,,,,,,0
Darjeeling/Kalimpong,Darjeeling_town_district_HQ,,1994-07-15T06:00:00,negative,Green,2123.0,21.586,299.37,5.3997,7.875,450.5,2.0,1.4521,,,,,,,,,,,,0
Darjeeling/Kalimpong,Darjeeling_town_district_HQ,,2022-07-10T06:00:00,negative,Green,2123.0,21.586,299.37,5.3997,7.875,450.5,2.0,1.4521,,,,,,,,,,,,0
Darjeeling/Kalimpong,Kurseong,,1990-06-15T06:00:00,negative,Green,1615.0,18.496,247.25,5.162,7.125,216.5,1.0,1.6857,,,,,,,,,,,,0
Darjeeling/Kalimpong,Kurseong,,2002-06-05T06:00:00,negative,Green,1615.0,18.496,247.25,5.162,7.125,216.5,1.0,1.6857,,,,,,,,,,,,0
Darjeeling/Kalimpong,Kalimpong_town_district_HQ,,1977-06-25T06:00:00,negative,Green,1184.0,10.639,284.97,5.7391,4.0,391.2,1.0,2.1892,,,,,,,,,,,,0
Darjeeling/Kalimpong,Darjeeling_town_district_HQ,,1987-08-20T06:00:00,negative,Green,2123.0,21.586,299.37,5.3997,7.875,450.5,2.0,1.4521,,,,,,,,,,,,0
Darjeeling/Kalimpong,Kalimpong_town_district_HQ,,2018-09-10T06:00:00,negative,Green,1184.0,10.639,284.97,5.7391,4.0,391.2,1.0,2.1892,,,,,,,,,,,,0
Darjeeling/Kalimpong,Kalimpong_town_district_HQ,,2022-09-25T06:00:00,negative,Green,1184.0,10.639,284.97,5.7391,4.0,391.2,1.0,2.1892,,,,,,,,,,214.92,-0.03,0
Darjeeling/Kalimpong,Kurseong,,1975-09-25T06:00:00,negative,Green,1615.0,18.496,247.25,5.162,7.125,216.5,1.0,1.6857,,,,,,,,,,,,0
Darjeeling/Kalimpong,Kurseong,,2008-07-05T06:00:00,negative,Green,1615.0,18.496,247.25,5.162,7.125,216.5,1.0,1.6857,,,,,,,,,,,,0
Darjeeling/Kalimpong,Kalimpong_town_district_HQ,,1981-10-20T06:00:00,negative,Green,1184.0,10.639,284.97,5.7391,4.0,391.2,1.0,2.1892,,,,,,,,,,,,0
Darjeeling/Kalimpong,Kurseong,,2018-09-15T06:00:00,negative,Green,1615.0,18.496,247.25,5.162,7.125,216.5,1.0,1.6857,,,,,,,,,,,,0
Darjeeling/Kalimpong,Kalimpong_town_district_HQ,,2017-06-15T06:00:00,negative,Green,1184.0,10.639,284.97,5.7391,4.0,391.2,1.0,2.1892,,,,,,,,,,,,0
Darjeeling/Kalimpong,Darjeeling_town_district_HQ,,1985-06-20T06:00:00,negative,Green,2123.0,21.586,299.37,5.3997,7.875,450.5,2.0,1.4521,,,,,,,,,,,,0
Darjeeling/Kalimpong,Darjeeling_town_district_HQ,,2011-09-05T06:00:00,negative,Green,2123.0,21.586,299.37,5.3997,7.875,450.5,2.0,1.4521,,,,,,,,,,,,0
Darjeeling/Kalimpong,Darjeeling_town_district_HQ,,2011-09-20T06:00:00,negative,Green,2123.0,21.586,299.37,5.3997,7.875,450.5,2.0,1.4521,,,,,,,,,,,,0
Darjeeling/Kalimpong,Darjeeling_town_district_HQ,,2007-08-20T06:00:00,negative,Green,2123.0,21.586,299.37,5.3997,7.875,450.5,2.0,1.4521,,,,,,,,,,,,0
Darjeeling/Kalimpong,Darjeeling_town_district_HQ,,1998-06-15T06:00:00,negative,Green,2123.0,21.586,299.37,5.3997,7.875,450.5,2.0,1.4521,,,,,,,,,,,,0
Darjeeling/Kalimpong,Darjeeling_town_district_HQ,,2000-11-10T06:00:00,negative,Green,2123.0,21.586,299.37,5.3997,7.875,450.5,2.0,1.4521,,,,,,,,,,,,0
Darjeeling/Kalimpong,Darjeeling_town_district_HQ,,1972-06-25T06:00:00,negative,Green,2123.0,21.586,299.37,5.3997,7.875,450.5,2.0,1.4521,,,,,,,,,,,,0
Darjeeling/Kalimpong,Darjeeling_town_district_HQ,,2013-06-10T06:00:00,negative,Green,2123.0,21.586,299.37,5.3997,7.875,450.5,2.0,1.4521,,,,,,,,,,,,0
Darjeeling/Kalimpong,Kalimpong_town_district_HQ,,1989-07-20T06:00:00,negative,Green,1184.0,10.639,284.97,5.7391,4.0,391.2,1.0,2.1892,,,,,,,,,,,,0
Darjeeling/Kalimpong,Kalimpong_town_district_HQ,,1971-11-20T06:00:00,negative,Green,1184.0,10.639,284.97,5.7391,4.0,391.2,1.0,2.1892,,,,,,,,,,,,0
Darjeeling/Kalimpong,Kurseong,,1976-11-20T06:00:00,negative,Green,1615.0,18.496,247.25,5.162,7.125,216.5,1.0,1.6857,,,,,,,,,,,,0
Darjeeling/Kalimpong,Kalimpong_town_district_HQ,,1986-10-10T06:00:00,negative,Green,1184.0,10.639,284.97,5.7391,4.0,391.2,1.0,2.1892,,,,,,,,,,,,0
Kullu,Bhuntar,,1974-10-25T06:00:00,negative,Green,1092.0,4.737,247.03,9.423,1.875,100.1,35.0,3.3881,,,,,,,,,,,,0
Kullu,Manali,,2008-07-20T06:00:00,negative,Green,1896.0,6.593,261.96,6.6054,1.75,96.4,2.0,3.1675,,,,,,,,,,,,0
Kullu,Bhuntar,,1976-06-10T06:00:00,negative,Green,1092.0,4.737,247.03,9.423,1.875,100.1,35.0,3.3881,,,,,,,,,,,,0
Kullu,Bhuntar,,1976-06-20T06:00:00,negative,Green,1092.0,4.737,247.03,9.423,1.875,100.1,35.0,3.3881,,,,,,,,,,,,0
Kullu,Kullu_town_district_HQ,,1985-11-05T06:00:00,negative,Green,1229.0,4.737,112.97,9.9666,2.875,163.3,61.0,3.6515,,,,,,,,,,,,0
Kullu,Kullu_town_district_HQ,,2006-11-15T06:00:00,negative,Green,1229.0,4.737,112.97,9.9666,2.875,163.3,61.0,3.6515,,,,,,,,,,,,0
Kullu,Kullu_town_district_HQ,,1991-11-15T06:00:00,negative,Green,1229.0,4.737,112.97,9.9666,2.875,163.3,61.0,3.6515,,,,,,,,,,,,0
Kullu,Bhuntar,,1971-09-20T06:00:00,negative,Green,1092.0,4.737,247.03,9.423,1.875,100.1,35.0,3.3881,,,,,,,,,,,,0
Kullu,Manali,,2005-09-20T06:00:00,negative,Green,1896.0,6.593,261.96,6.6054,1.75,96.4,2.0,3.1675,,,,,,,,,,,,0
Kullu,Bhuntar,,1997-06-25T06:00:00,negative,Green,1092.0,4.737,247.03,9.423,1.875,100.1,35.0,3.3881,,,,,,,,,,,,0
Kullu,Manali,,2009-10-10T06:00:00,negative,Green,1896.0,6.593,261.96,6.6054,1.75,96.4,2.0,3.1675,,,,,,,,,,,,0
Kullu,Manali,,1970-09-25T06:00:00,negative,Green,1896.0,6.593,261.96,6.6054,1.75,96.4,2.0,3.1675,,,,,,,,,,,,0
Kullu,Manali,,1979-08-20T06:00:00,negative,Green,1896.0,6.593,261.96,6.6054,1.75,96.4,2.0,3.1675,,,,,,,,,,,,0
Kullu,Kullu_town_district_HQ,,2011-10-20T06:00:00,negative,Green,1229.0,4.737,112.97,9.9666,2.875,163.3,61.0,3.6515,,,,,,,,,,,,0
Kullu,Bhuntar,,2015-08-10T06:00:00,negative,Green,1092.0,4.737,247.03,9.423,1.875,100.1,35.0,3.3881,,,,,,,,,,,,0
Kullu,Manali,,1992-11-20T06:00:00,negative,Green,1896.0,6.593,261.96,6.6054,1.75,96.4,2.0,3.1675,,,,,,,,,,,,0
Kullu,Kullu_town_district_HQ,,1975-09-05T06:00:00,negative,Green,1229.0,4.737,112.97,9.9666,2.875,163.3,61.0,3.6515,,,,,,,,,,,,0
Kullu,Kullu_town_district_HQ,,2003-10-20T06:00:00,negative,Green,1229.0,4.737,112.97,9.9666,2.875,163.3,61.0,3.6515,,,,,,,,,,,,0
Kullu,Bhuntar,,1972-11-10T06:00:00,negative,Green,1092.0,4.737,247.03,9.423,1.875,100.1,35.0,3.3881,,,,,,,,,,,,0
Kullu,Manali,,1973-09-05T06:00:00,negative,Green,1896.0,6.593,261.96,6.6054,1.75,96.4,2.0,3.1675,,,,,,,,,,,,0
Kullu,Bhuntar,,1969-09-05T06:00:00,negative,Green,1092.0,4.737,247.03,9.423,1.875,100.1,35.0,3.3881,,,,,,,,,,,,0
Kullu,Bhuntar,,2009-08-25T06:00:00,negative,Green,1092.0,4.737,247.03,9.423,1.875,100.1,35.0,3.3881,,,,,,,,,,,,0
Kullu,Manali,,2015-07-25T06:00:00,negative,Green,1896.0,6.593,261.96,6.6054,1.75,96.4,2.0,3.1675,,,,,,,,,,,,0
Kullu,Manali,,1975-06-05T06:00:00,negative,Green,1896.0,6.593,261.96,6.6054,1.75,96.4,2.0,3.1675,,,,,,,,,,,,0
Kullu,Bhuntar,,1991-10-10T06:00:00,negative,Green,1092.0,4.737,247.03,9.423,1.875,100.1,35.0,3.3881,,,,,,,,,,,,0
Kullu,Bhuntar,,2007-10-10T06:00:00,negative,Green,1092.0,4.737,247.03,9.423,1.875,100.1,35.0,3.3881,,,,,,,,,,,,0
Kullu,Bhuntar,,2000-10-20T06:00:00,negative,Green,1092.0,4.737,247.03,9.423,1.875,100.1,35.0,3.3881,,,,,,,,,,,,0
Kullu,Manali,,1994-10-15T06:00:00,negative,Green,1896.0,6.593,261.96,6.6054,1.75,96.4,2.0,3.1675,,,,,,,,,,,,0
Kullu,Bhuntar,,1978-08-15T06:00:00,negative,Green,1092.0,4.737,247.03,9.423,1.875,100.1,35.0,3.3881,,,,,,,,,,,,0
Kullu,Kullu_town_district_HQ,,2022-09-10T06:00:00,negative,Green,1229.0,4.737,112.97,9.9666,2.875,163.3,61.0,3.6515,,,,,,,,,,,,0
Kullu,Bhuntar,,1997-07-25T06:00:00,negative,Green,1092.0,4.737,247.03,9.423,1.875,100.1,35.0,3.3881,,,,,,,,,,,,0
Kullu,Kullu_town_district_HQ,,2004-06-05T06:00:00,negative,Green,1229.0,4.737,112.97,9.9666,2.875,163.3,61.0,3.6515,,,,,,,,,,,,0
Kullu,Bhuntar,,1994-11-10T06:00:00,negative,Green,1092.0,4.737,247.03,9.423,1.875,100.1,35.0,3.3881,,,,,,,,,,,,0
Kullu,Kullu_town_district_HQ,,1991-10-20T06:00:00,negative,Green,1229.0,4.737,112.97,9.9666,2.875,163.3,61.0,3.6515,,,,,,,,,,,,0
Kullu,Manali,,2016-06-05T06:00:00,negative,Green,1896.0,6.593,261.96,6.6054,1.75,96.4,2.0,3.1675,,,,,,,,,,,,0
Kullu,Manali,,1977-06-25T06:00:00,negative,Green,1896.0,6.593,261.96,6.6054,1.75,96.4,2.0,3.1675,,,,,,,,,,,,0
Kullu,Bhuntar,,1976-07-10T06:00:00,negative,Green,1092.0,4.737,247.03,9.423,1.875,100.1,35.0,3.3881,,,,,,,,,,,,0
Kullu,Manali,,2005-09-15T06:00:00,negative,Green,1896.0,6.593,261.96,6.6054,1.75,96.4,2.0,3.1675,,,,,,,,,,,,0
Kullu,Bhuntar,,1970-07-15T06:00:00,negative,Green,1092.0,4.737,247.03,9.423,1.875,100.1,35.0,3.3881,,,,,,,,,,,,0
Kullu,Bhuntar,,2018-11-20T06:00:00,negative,Green,1092.0,4.737,247.03,9.423,1.875,100.1,35.0,3.3881,,,,,,,,,,,,0
Kullu,Kullu_town_district_HQ,,2022-11-05T06:00:00,negative,Green,1229.0,4.737,112.97,9.9666,2.875,163.3,61.0,3.6515,,,,,,,,,,,,0
Kullu,Kullu_town_district_HQ,,2017-11-10T06:00:00,negative,Green,1229.0,4.737,112.97,9.9666,2.875,163.3,61.0,3.6515,,,,,,,,,,,,0
Kullu,Manali,,1987-08-20T06:00:00,negative,Green,1896.0,6.593,261.96,6.6054,1.75,96.4,2.0,3.1675,,,,,,,,,,,,0
Kullu,Manali,,2021-09-10T06:00:00,negative,Green,1896.0,6.593,261.96,6.6054,1.75,96.4,2.0,3.1675,,,,,,,,,,,,0
Kullu,Manali,,1977-06-15T06:00:00,negative,Green,1896.0,6.593,261.96,6.6054,1.75,96.4,2.0,3.1675,,,,,,,,,,,,0
Kullu,Kullu_town_district_HQ,,2016-09-15T06:00:00,negative,Green,1229.0,4.737,112.97,9.9666,2.875,163.3,61.0,3.6515,,,,,,,,,,,,0
Kullu,Bhuntar,,2004-09-25T06:00:00,negative,Green,1092.0,4.737,247.03,9.423,1.875,100.1,35.0,3.3881,,,,,,,,,,,,0
Kullu,Manali,,1990-10-25T06:00:00,negative,Green,1896.0,6.593,261.96,6.6054,1.75,96.4,2.0,3.1675,,,,,,,,,,,,0
Kullu,Bhuntar,,1971-07-20T06:00:00,negative,Green,1092.0,4.737,247.03,9.423,1.875,100.1,35.0,3.3881,,,,,,,,,,,,0
Kullu,Bhuntar,,1980-10-05T06:00:00,negative,Green,1092.0,4.737,247.03,9.423,1.875,100.1,35.0,3.3881,,,,,,,,,,,,0
Kullu,Manali,,2011-08-25T06:00:00,negative,Green,1896.0,6.593,261.96,6.6054,1.75,96.4,2.0,3.1675,,,,,,,,,,,,0
Kullu,Kullu_town_district_HQ,,1989-11-20T06:00:00,negative,Green,1229.0,4.737,112.97,9.9666,2.875,163.3,61.0,3.6515,,,,,,,,,,,,0
Kullu,Kullu_town_district_HQ,,1994-06-15T06:00:00,negative,Green,1229.0,4.737,112.97,9.9666,2.875,163.3,61.0,3.6515,,,,,,,,,,,,0
Kullu,Bhuntar,,1991-08-05T06:00:00,negative,Green,1092.0,4.737,247.03,9.423,1.875,100.1,35.0,3.3881,,,,,,,,,,,,0
Kullu,Kullu_town_district_HQ,,1995-08-25T06:00:00,negative,Green,1229.0,4.737,112.97,9.9666,2.875,163.3,61.0,3.6515,,,,,,,,,,,,0
Kullu,Bhuntar,,1997-08-15T06:00:00,negative,Green,1092.0,4.737,247.03,9.423,1.875,100.1,35.0,3.3881,,,,,,,,,,,,0
Kullu,Manali,,2023-07-25T06:00:00,negative,Green,1896.0,6.593,261.96,6.6054,1.75,96.4,2.0,3.1675,,,,,,,,,,,,0
Kullu,Manali,,2004-07-10T06:00:00,negative,Green,1896.0,6.593,261.96,6.6054,1.75,96.4,2.0,3.1675,,,,,,,,,,,,0
Kullu,Manali,,2013-07-05T06:00:00,negative,Green,1896.0,6.593,261.96,6.6054,1.75,96.4,2.0,3.1675,,,,,,,,,,,,0
Kullu,Kullu_town_district_HQ,,1977-06-20T06:00:00,negative,Green,1229.0,4.737,112.97,9.9666,2.875,163.3,61.0,3.6515,,,,,,,,,,,,0
Kullu,Bhuntar,,2015-06-25T06:00:00,negative,Green,1092.0,4.737,247.03,9.423,1.875,100.1,35.0,3.3881,,,,,,,,,,,,0
Kullu,Bhuntar,,2020-11-10T06:00:00,negative,Green,1092.0,4.737,247.03,9.423,1.875,100.1,35.0,3.3881,,,,,,,,,,,,0
Kullu,Manali,,1972-06-10T06:00:00,negative,Green,1896.0,6.593,261.96,6.6054,1.75,96.4,2.0,3.1675,,,,,,,,,,,,0
Kullu,Bhuntar,,1970-09-15T06:00:00,negative,Green,1092.0,4.737,247.03,9.423,1.875,100.1,35.0,3.3881,,,,,,,,,,,,0
Kullu,Manali,,1978-06-10T06:00:00,negative,Green,1896.0,6.593,261.96,6.6054,1.75,96.4,2.0,3.1675,,,,,,,,,,,,0
Kullu,Manali,,1977-09-25T06:00:00,negative,Green,1896.0,6.593,261.96,6.6054,1.75,96.4,2.0,3.1675,,,,,,,,,,,,0
Kullu,Kullu_town_district_HQ,,1986-08-10T06:00:00,negative,Green,1229.0,4.737,112.97,9.9666,2.875,163.3,61.0,3.6515,,,,,,,,,,,,0
Kullu,Kullu_town_district_HQ,,2001-11-15T06:00:00,negative,Green,1229.0,4.737,112.97,9.9666,2.875,163.3,61.0,3.6515,,,,,,,,,,,,0
Kullu,Kullu_town_district_HQ,,1983-08-20T06:00:00,negative,Green,1229.0,4.737,112.97,9.9666,2.875,163.3,61.0,3.6515,,,,,,,,,,,,0
Kullu,Manali,,1976-09-05T06:00:00,negative,Green,1896.0,6.593,261.96,6.6054,1.75,96.4,2.0,3.1675,,,,,,,,,,,,0
Kullu,Manali,,2013-09-20T06:00:00,negative,Green,1896.0,6.593,261.96,6.6054,1.75,96.4,2.0,3.1675,,,,,,,,,,,,0
Kullu,Kullu_town_district_HQ,,2002-11-25T06:00:00,negative,Green,1229.0,4.737,112.97,9.9666,2.875,163.3,61.0,3.6515,,,,,,,,,,,,0
Kullu,Bhuntar,,2019-10-05T06:00:00,negative,Green,1092.0,4.737,247.03,9.423,1.875,100.1,35.0,3.3881,,,,,,,,,,,,0
Kullu,Kullu_town_district_HQ,,1986-11-20T06:00:00,negative,Green,1229.0,4.737,112.97,9.9666,2.875,163.3,61.0,3.6515,,,,,,,,,,,,0
Kullu,Kullu_town_district_HQ,,1973-10-20T06:00:00,negative,Green,1229.0,4.737,112.97,9.9666,2.875,163.3,61.0,3.6515,,,,,,,,,,,,0
Kullu,Manali,,2006-11-20T06:00:00,negative,Green,1896.0,6.593,261.96,6.6054,1.75,96.4,2.0,3.1675,,,,,,,,,,,,0
Kullu,Kullu_town_district_HQ,,2006-09-15T06:00:00,negative,Green,1229.0,4.737,112.97,9.9666,2.875,163.3,61.0,3.6515,,,,,,,,,,,,0
Kullu,Manali,,1969-08-15T06:00:00,negative,Green,1896.0,6.593,261.96,6.6054,1.75,96.4,2.0,3.1675,,,,,,,,,,,,0
Kullu,Manali,,1970-09-05T06:00:00,negative,Green,1896.0,6.593,261.96,6.6054,1.75,96.4,2.0,3.1675,,,,,,,,,,,,0
Kullu,Kullu_town_district_HQ,,1977-09-15T06:00:00,negative,Green,1229.0,4.737,112.97,9.9666,2.875,163.3,61.0,3.6515,,,,,,,,,,,,0
Kullu,Manali,,2007-06-15T06:00:00,negative,Green,1896.0,6.593,261.96,6.6054,1.75,96.4,2.0,3.1675,,,,,,,,,,,,0
Kullu,Manali,,1985-09-25T06:00:00,negative,Green,1896.0,6.593,261.96,6.6054,1.75,96.4,2.0,3.1675,,,,,,,,,,,,0
Kullu,Kullu_town_district_HQ,,1986-08-25T06:00:00,negative,Green,1229.0,4.737,112.97,9.9666,2.875,163.3,61.0,3.6515,,,,,,,,,,,,0
Kullu,Kullu_town_district_HQ,,1974-06-10T06:00:00,negative,Green,1229.0,4.737,112.97,9.9666,2.875,163.3,61.0,3.6515,,,,,,,,,,,,0
Kullu,Bhuntar,,2012-06-05T06:00:00,negative,Green,1092.0,4.737,247.03,9.423,1.875,100.1,35.0,3.3881,,,,,,,,,,,,0
Kullu,Manali,,2018-09-05T06:00:00,negative,Green,1896.0,6.593,261.96,6.6054,1.75,96.4,2.0,3.1675,,,,,,,,,,,,0
Kullu,Kullu_town_district_HQ,,1990-06-20T06:00:00,negative,Green,1229.0,4.737,112.97,9.9666,2.875,163.3,61.0,3.6515,,,,,,,,,,,,0
Kullu,Kullu_town_district_HQ,,2022-06-20T06:00:00,negative,Green,1229.0,4.737,112.97,9.9666,2.875,163.3,61.0,3.6515,,,,,,,,,,,,0
Kullu,Bhuntar,,1983-08-15T06:00:00,negative,Green,1092.0,4.737,247.03,9.423,1.875,100.1,35.0,3.3881,,,,,,,,,,,,0
Kullu,Bhuntar,,1996-09-25T06:00:00,negative,Green,1092.0,4.737,247.03,9.423,1.875,100.1,35.0,3.3881,,,,,,,,,,,,0
Kullu,Manali,,2010-11-20T06:00:00,negative,Green,1896.0,6.593,261.96,6.6054,1.75,96.4,2.0,3.1675,,,,,,,,,,,,0
Kullu,Manali,,2022-10-15T06:00:00,negative,Green,1896.0,6.593,261.96,6.6054,1.75,96.4,2.0,3.1675,,,,,,,,,,,,0
Kullu,Bhuntar,,1992-08-10T06:00:00,negative,Green,1092.0,4.737,247.03,9.423,1.875,100.1,35.0,3.3881,,,,,,,,,,,,0
Kullu,Bhuntar,,1970-08-05T06:00:00,negative,Green,1092.0,4.737,247.03,9.423,1.875,100.1,35.0,3.3881,,,,,,,,,,,,0
Kullu,Bhuntar,,2018-07-15T06:00:00,negative,Green,1092.0,4.737,247.03,9.423,1.875,100.1,35.0,3.3881,,,,,,,,,,,,0
Kullu,Manali,,2001-06-25T06:00:00,negative,Green,1896.0,6.593,261.96,6.6054,1.75,96.4,2.0,3.1675,,,,,,,,,,,,0
Kullu,Bhuntar,,2014-09-20T06:00:00,negative,Green,1092.0,4.737,247.03,9.423,1.875,100.1,35.0,3.3881,,,,,,,,,,,,0
Kullu,Bhuntar,,2020-09-20T06:00:00,negative,Green,1092.0,4.737,247.03,9.423,1.875,100.1,35.0,3.3881,,,,,,,,,,,,0
Kullu,Bhuntar,,1976-07-20T06:00:00,negative,Green,1092.0,4.737,247.03,9.423,1.875,100.1,35.0,3.3881,,,,,,,,,,,,0
Kullu,Manali,,1985-09-15T06:00:00,negative,Green,1896.0,6.593,261.96,6.6054,1.75,96.4,2.0,3.1675,,,,,,,,,,,,0
Kullu,Manali,,2023-10-15T06:00:00,negative,Green,1896.0,6.593,261.96,6.6054,1.75,96.4,2.0,3.1675,,,,,,,,,,,,0
Kullu,Manali,,2009-10-25T06:00:00,negative,Green,1896.0,6.593,261.96,6.6054,1.75,96.4,2.0,3.1675,,,,,,,,,,,,0
Kullu,Bhuntar,,1970-11-25T06:00:00,negative,Green,1092.0,4.737,247.03,9.423,1.875,100.1,35.0,3.3881,,,,,,,,,,,,0
Kullu,Bhuntar,,1998-08-10T06:00:00,negative,Green,1092.0,4.737,247.03,9.423,1.875,100.1,35.0,3.3881,,,,,,,,,,,,0
Kullu,Manali,,1975-07-15T06:00:00,negative,Green,1896.0,6.593,261.96,6.6054,1.75,96.4,2.0,3.1675,,,,,,,,,,,,0
Kullu,Kullu_town_district_HQ,,1983-08-10T06:00:00,negative,Green,1229.0,4.737,112.97,9.9666,2.875,163.3,61.0,3.6515,,,,,,,,,,,,0
Kullu,Bhuntar,,2023-09-10T06:00:00,negative,Green,1092.0,4.737,247.03,9.423,1.875,100.1,35.0,3.3881,,,,,,,,,,,,0
Kullu,Bhuntar,,2001-07-05T06:00:00,negative,Green,1092.0,4.737,247.03,9.423,1.875,100.1,35.0,3.3881,,,,,,,,,,,,0
Kullu,Kullu_town_district_HQ,,1984-09-20T06:00:00,negative,Green,1229.0,4.737,112.97,9.9666,2.875,163.3,61.0,3.6515,,,,,,,,,,,,0
Kullu,Kullu_town_district_HQ,,1979-10-15T06:00:00,negative,Green,1229.0,4.737,112.97,9.9666,2.875,163.3,61.0,3.6515,,,,,,,,,,,,0
Kullu,Kullu_town_district_HQ,,1973-09-25T06:00:00,negative,Green,1229.0,4.737,112.97,9.9666,2.875,163.3,61.0,3.6515,,,,,,,,,,,,0
Kullu,Manali,,2019-08-05T06:00:00,negative,Green,1896.0,6.593,261.96,6.6054,1.75,96.4,2.0,3.1675,,,,,,,,,,,,0
Kullu,Manali,,2002-10-15T06:00:00,negative,Green,1896.0,6.593,261.96,6.6054,1.75,96.4,2.0,3.1675,,,,,,,,,,,,0
Kullu,Bhuntar,,1977-07-05T06:00:00,negative,Green,1092.0,4.737,247.03,9.423,1.875,100.1,35.0,3.3881,,,,,,,,,,,,0
Kullu,Manali,,1971-09-15T06:00:00,negative,Green,1896.0,6.593,261.96,6.6054,1.75,96.4,2.0,3.1675,,,,,,,,,,,,0
Kullu,Kullu_town_district_HQ,,2006-06-10T06:00:00,negative,Green,1229.0,4.737,112.97,9.9666,2.875,163.3,61.0,3.6515,,,,,,,,,,,,0
Kullu,Kullu_town_district_HQ,,2003-06-25T06:00:00,negative,Green,1229.0,4.737,112.97,9.9666,2.875,163.3,61.0,3.6515,,,,,,,,,,,,0
Kullu,Bhuntar,,1984-09-10T06:00:00,negative,Green,1092.0,4.737,247.03,9.423,1.875,100.1,35.0,3.3881,,,,,,,,,,,,0
Kullu,Bhuntar,,1975-09-15T06:00:00,negative,Green,1092.0,4.737,247.03,9.423,1.875,100.1,35.0,3.3881,,,,,,,,,,,,0
Kullu,Bhuntar,,2019-07-05T06:00:00,negative,Green,1092.0,4.737,247.03,9.423,1.875,100.1,35.0,3.3881,,,,,,,,,,,,0
Kullu,Bhuntar,,2002-08-05T06:00:00,negative,Green,1092.0,4.737,247.03,9.423,1.875,100.1,35.0,3.3881,,,,,,,,,,,,0
Kullu,Kullu_town_district_HQ,,2009-08-05T06:00:00,negative,Green,1229.0,4.737,112.97,9.9666,2.875,163.3,61.0,3.6515,,,,,,,,,,,,0
Kullu,Bhuntar,,1979-07-25T06:00:00,negative,Green,1092.0,4.737,247.03,9.423,1.875,100.1,35.0,3.3881,,,,,,,,,,,,0
Kullu,Bhuntar,,1994-10-20T06:00:00,negative,Green,1092.0,4.737,247.03,9.423,1.875,100.1,35.0,3.3881,,,,,,,,,,,,0
Kullu,Bhuntar,,1970-11-20T06:00:00,negative,Green,1092.0,4.737,247.03,9.423,1.875,100.1,35.0,3.3881,,,,,,,,,,,,0
Kullu,Bhuntar,,2002-06-20T06:00:00,negative,Green,1092.0,4.737,247.03,9.423,1.875,100.1,35.0,3.3881,,,,,,,,,,,,0
Kullu,Kullu_town_district_HQ,,2008-09-10T06:00:00,negative,Green,1229.0,4.737,112.97,9.9666,2.875,163.3,61.0,3.6515,,,,,,,,,,,,0
Kullu,Manali,,2002-09-10T06:00:00,negative,Green,1896.0,6.593,261.96,6.6054,1.75,96.4,2.0,3.1675,,,,,,,,,,,,0
Kullu,Bhuntar,,2012-06-15T06:00:00,negative,Green,1092.0,4.737,247.03,9.423,1.875,100.1,35.0,3.3881,,,,,,,,,,,,0
Kullu,Kullu_town_district_HQ,,2006-11-25T06:00:00,negative,Green,1229.0,4.737,112.97,9.9666,2.875,163.3,61.0,3.6515,,,,,,,,,,,,0
Kullu,Kullu_town_district_HQ,,1977-07-25T06:00:00,negative,Green,1229.0,4.737,112.97,9.9666,2.875,163.3,61.0,3.6515,,,,,,,,,,,,0
Kullu,Kullu_town_district_HQ,,1999-11-20T06:00:00,negative,Green,1229.0,4.737,112.97,9.9666,2.875,163.3,61.0,3.6515,,,,,,,,,,,,0
Kullu,Manali,,1987-08-15T06:00:00,negative,Green,1896.0,6.593,261.96,6.6054,1.75,96.4,2.0,3.1675,,,,,,,,,,,,0
Kullu,Bhuntar,,1975-07-15T06:00:00,negative,Green,1092.0,4.737,247.03,9.423,1.875,100.1,35.0,3.3881,,,,,,,,,,,,0
Kullu,Kullu_town_district_HQ,,2009-08-25T06:00:00,negative,Green,1229.0,4.737,112.97,9.9666,2.875,163.3,61.0,3.6515,,,,,,,,,,,,0
Kullu,Bhuntar,,1996-10-15T06:00:00,negative,Green,1092.0,4.737,247.03,9.423,1.875,100.1,35.0,3.3881,,,,,,,,,,,,0
Kullu,Manali,,1984-11-20T06:00:00,negative,Green,1896.0,6.593,261.96,6.6054,1.75,96.4,2.0,3.1675,,,,,,,,,,,,0
Kullu,Bhuntar,,1973-07-10T06:00:00,negative,Green,1092.0,4.737,247.03,9.423,1.875,100.1,35.0,3.3881,,,,,,,,,,,,0
Kullu,Bhuntar,,2014-08-05T06:00:00,negative,Green,1092.0,4.737,247.03,9.423,1.875,100.1,35.0,3.3881,,,,,,,,,,,,0
Kullu,Bhuntar,,2011-07-10T06:00:00,negative,Green,1092.0,4.737,247.03,9.423,1.875,100.1,35.0,3.3881,,,,,,,,,,,,0
Kullu,Kullu_town_district_HQ,,1989-06-10T06:00:00,negative,Green,1229.0,4.737,112.97,9.9666,2.875,163.3,61.0,3.6515,,,,,,,,,,,,0
Kullu,Bhuntar,,1983-08-25T06:00:00,negative,Green,1092.0,4.737,247.03,9.423,1.875,100.1,35.0,3.3881,,,,,,,,,,,,0
Kullu,Kullu_town_district_HQ,,2008-09-20T06:00:00,negative,Green,1229.0,4.737,112.97,9.9666,2.875,163.3,61.0,3.6515,,,,,,,,,,,,0
Kullu,Bhuntar,,1985-09-25T06:00:00,negative,Green,1092.0,4.737,247.03,9.423,1.875,100.1,35.0,3.3881,,,,,,,,,,,,0
Kullu,Bhuntar,,2013-11-10T06:00:00,negative,Green,1092.0,4.737,247.03,9.423,1.875,100.1,35.0,3.3881,,,,,,,,,,,,0
Kullu,Bhuntar,,1979-10-15T06:00:00,negative,Green,1092.0,4.737,247.03,9.423,1.875,100.1,35.0,3.3881,,,,,,,,,,,,0
Kullu,Kullu_town_district_HQ,,1998-11-15T06:00:00,negative,Green,1229.0,4.737,112.97,9.9666,2.875,163.3,61.0,3.6515,,,,,,,,,,,,0
Kullu,Bhuntar,,2019-11-20T06:00:00,negative,Green,1092.0,4.737,247.03,9.423,1.875,100.1,35.0,3.3881,,,,,,,,,,,,0
Kullu,Kullu_town_district_HQ,,1984-07-25T06:00:00,negative,Green,1229.0,4.737,112.97,9.9666,2.875,163.3,61.0,3.6515,,,,,,,,,,,,0
Kullu,Kullu_town_district_HQ,,2006-11-10T06:00:00,negative,Green,1229.0,4.737,112.97,9.9666,2.875,163.3,61.0,3.6515,,,,,,,,,,,,0
Kullu,Manali,,1988-10-15T06:00:00,negative,Green,1896.0,6.593,261.96,6.6054,1.75,96.4,2.0,3.1675,,,,,,,,,,,,0
Kullu,Manali,,2007-06-05T06:00:00,negative,Green,1896.0,6.593,261.96,6.6054,1.75,96.4,2.0,3.1675,,,,,,,,,,,,0
Kullu,Bhuntar,,1972-08-05T06:00:00,negative,Green,1092.0,4.737,247.03,9.423,1.875,100.1,35.0,3.3881,,,,,,,,,,,,0
Kullu,Bhuntar,,1997-10-15T06:00:00,negative,Green,1092.0,4.737,247.03,9.423,1.875,100.1,35.0,3.3881,,,,,,,,,,,,0
Kullu,Manali,,2018-07-10T06:00:00,negative,Green,1896.0,6.593,261.96,6.6054,1.75,96.4,2.0,3.1675,,,,,,,,,,,,0
Kullu,Bhuntar,,1975-11-15T06:00:00,negative,Green,1092.0,4.737,247.03,9.423,1.875,100.1,35.0,3.3881,,,,,,,,,,,,0
Kullu,Manali,,1974-06-05T06:00:00,negative,Green,1896.0,6.593,261.96,6.6054,1.75,96.4,2.0,3.1675,,,,,,,,,,,,0
Kullu,Bhuntar,,2000-10-15T06:00:00,negative,Green,1092.0,4.737,247.03,9.423,1.875,100.1,35.0,3.3881,,,,,,,,,,,,0
Kullu,Bhuntar,,1979-11-05T06:00:00,negative,Green,1092.0,4.737,247.03,9.423,1.875,100.1,35.0,3.3881,,,,,,,,,,,,0
Kullu,Kullu_town_district_HQ,,1993-09-15T06:00:00,negative,Green,1229.0,4.737,112.97,9.9666,2.875,163.3,61.0,3.6515,,,,,,,,,,,,0
Kullu,Manali,,2013-09-15T06:00:00,negative,Green,1896.0,6.593,261.96,6.6054,1.75,96.4,2.0,3.1675,,,,,,,,,,,,0
Kullu,Kullu_town_district_HQ,,1989-08-20T06:00:00,negative,Green,1229.0,4.737,112.97,9.9666,2.875,163.3,61.0,3.6515,,,,,,,,,,,,0
Kullu,Manali,,1987-07-20T06:00:00,negative,Green,1896.0,6.593,261.96,6.6054,1.75,96.4,2.0,3.1675,,,,,,,,,,,,0
Kullu,Manali,,2003-11-10T06:00:00,negative,Green,1896.0,6.593,261.96,6.6054,1.75,96.4,2.0,3.1675,,,,,,,,,,,,0
Kullu,Manali,,1991-09-15T06:00:00,negative,Green,1896.0,6.593,261.96,6.6054,1.75,96.4,2.0,3.1675,,,,,,,,,,,,0
Kullu,Manali,,1995-10-05T06:00:00,negative,Green,1896.0,6.593,261.96,6.6054,1.75,96.4,2.0,3.1675,,,,,,,,,,,,0
Kullu,Kullu_town_district_HQ,,1998-06-25T06:00:00,negative,Green,1229.0,4.737,112.97,9.9666,2.875,163.3,61.0,3.6515,,,,,,,,,,,,0
Kullu,Kullu_town_district_HQ,,1988-09-15T06:00:00,negative,Green,1229.0,4.737,112.97,9.9666,2.875,163.3,61.0,3.6515,,,,,,,,,,,,0
Kullu,Manali,,1988-10-20T06:00:00,negative,Green,1896.0,6.593,261.96,6.6054,1.75,96.4,2.0,3.1675,,,,,,,,,,,,0
Kullu,Bhuntar,,1983-06-20T06:00:00,negative,Green,1092.0,4.737,247.03,9.423,1.875,100.1,35.0,3.3881,,,,,,,,,,,,0
Kullu,Manali,,2015-10-20T06:00:00,negative,Green,1896.0,6.593,261.96,6.6054,1.75,96.4,2.0,3.1675,,,,,,,,,,,,0
Kullu,Bhuntar,,1991-09-25T06:00:00,negative,Green,1092.0,4.737,247.03,9.423,1.875,100.1,35.0,3.3881,,,,,,,,,,,,0
Kullu,Kullu_town_district_HQ,,1987-10-15T06:00:00,negative,Green,1229.0,4.737,112.97,9.9666,2.875,163.3,61.0,3.6515,,,,,,,,,,,,0
Kullu,Kullu_town_district_HQ,,2020-11-20T06:00:00,negative,Green,1229.0,4.737,112.97,9.9666,2.875,163.3,61.0,3.6515,,,,,,,,,,,,0
Kullu,Manali,,1976-11-20T06:00:00,negative,Green,1896.0,6.593,261.96,6.6054,1.75,96.4,2.0,3.1675,,,,,,,,,,,,0
Kullu,Bhuntar,,2013-10-20T06:00:00,negative,Green,1092.0,4.737,247.03,9.423,1.875,100.1,35.0,3.3881,,,,,,,,,,,,0
Kullu,Kullu_town_district_HQ,,1981-06-25T06:00:00,negative,Green,1229.0,4.737,112.97,9.9666,2.875,163.3,61.0,3.6515,,,,,,,,,,,,0
Kullu,Kullu_town_district_HQ,,1976-08-20T06:00:00,negative,Green,1229.0,4.737,112.97,9.9666,2.875,163.3,61.0,3.6515,,,,,,,,,,,,0
Kullu,Manali,,2020-11-10T06:00:00,negative,Green,1896.0,6.593,261.96,6.6054,1.75,96.4,2.0,3.1675,,,,,,,,,,,,0
Kullu,Bhuntar,,2015-09-25T06:00:00,negative,Green,1092.0,4.737,247.03,9.423,1.875,100.1,35.0,3.3881,,,,,,,,,,,,0
Kullu,Kullu_town_district_HQ,,1972-08-25T06:00:00,negative,Green,1229.0,4.737,112.97,9.9666,2.875,163.3,61.0,3.6515,,,,,,,,,,,,0
Kullu,Bhuntar,,1974-08-05T06:00:00,negative,Green,1092.0,4.737,247.03,9.423,1.875,100.1,35.0,3.3881,,,,,,,,,,,,0
Kullu,Manali,,1990-06-15T06:00:00,negative,Green,1896.0,6.593,261.96,6.6054,1.75,96.4,2.0,3.1675,,,,,,,,,,,,0
Kullu,Manali,,2005-08-25T06:00:00,negative,Green,1896.0,6.593,261.96,6.6054,1.75,96.4,2.0,3.1675,,,,,,,,,,,,0
Kullu,Bhuntar,,1976-09-10T06:00:00,negative,Green,1092.0,4.737,247.03,9.423,1.875,100.1,35.0,3.3881,,,,,,,,,,,,0
Kullu,Kullu_town_district_HQ,,1970-11-20T06:00:00,negative,Green,1229.0,4.737,112.97,9.9666,2.875,163.3,61.0,3.6515,,,,,,,,,,,,0
Kullu,Bhuntar,,1972-10-20T06:00:00,negative,Green,1092.0,4.737,247.03,9.423,1.875,100.1,35.0,3.3881,,,,,,,,,,,,0
Kullu,Bhuntar,,1990-09-10T06:00:00,negative,Green,1092.0,4.737,247.03,9.423,1.875,100.1,35.0,3.3881,,,,,,,,,,,,0
Kullu,Bhuntar,,2010-06-15T06:00:00,negative,Green,1092.0,4.737,247.03,9.423,1.875,100.1,35.0,3.3881,,,,,,,,,,,,0
Kullu,Bhuntar,,1974-07-20T06:00:00,negative,Green,1092.0,4.737,247.03,9.423,1.875,100.1,35.0,3.3881,,,,,,,,,,,,0
Kullu,Bhuntar,,1994-07-25T06:00:00,negative,Green,1092.0,4.737,247.03,9.423,1.875,100.1,35.0,3.3881,,,,,,,,,,,,0
Kullu,Bhuntar,,1980-08-10T06:00:00,negative,Green,1092.0,4.737,247.03,9.423,1.875,100.1,35.0,3.3881,,,,,,,,,,,,0
Kullu,Kullu_town_district_HQ,,2004-09-20T06:00:00,negative,Green,1229.0,4.737,112.97,9.9666,2.875,163.3,61.0,3.6515,,,,,,,,,,,,0
Kullu,Bhuntar,,2020-08-10T06:00:00,negative,Green,1092.0,4.737,247.03,9.423,1.875,100.1,35.0,3.3881,,,,,,,,,,,,0
Kullu,Bhuntar,,1982-06-10T06:00:00,negative,Green,1092.0,4.737,247.03,9.423,1.875,100.1,35.0,3.3881,,,,,,,,,,,,0
Kullu,Bhuntar,,1982-07-15T06:00:00,negative,Green,1092.0,4.737,247.03,9.423,1.875,100.1,35.0,3.3881,,,,,,,,,,,,0
Kullu,Kullu_town_district_HQ,,1970-06-05T06:00:00,negative,Green,1229.0,4.737,112.97,9.9666,2.875,163.3,61.0,3.6515,,,,,,,,,,,,0
Kullu,Kullu_town_district_HQ,,2020-08-25T06:00:00,negative,Green,1229.0,4.737,112.97,9.9666,2.875,163.3,61.0,3.6515,,,,,,,,,,,,0
Kullu,Bhuntar,,2000-11-25T06:00:00,negative,Green,1092.0,4.737,247.03,9.423,1.875,100.1,35.0,3.3881,,,,,,,,,,,,0
Kullu,Kullu_town_district_HQ,,1999-11-10T06:00:00,negative,Green,1229.0,4.737,112.97,9.9666,2.875,163.3,61.0,3.6515,,,,,,,,,,,,0
Kullu,Manali,,2001-11-05T06:00:00,negative,Green,1896.0,6.593,261.96,6.6054,1.75,96.4,2.0,3.1675,,,,,,,,,,,,0
Kullu,Kullu_town_district_HQ,,2022-08-20T06:00:00,negative,Green,1229.0,4.737,112.97,9.9666,2.875,163.3,61.0,3.6515,,,,,,,,,,,,0
Kullu,Manali,,1995-06-20T06:00:00,negative,Green,1896.0,6.593,261.96,6.6054,1.75,96.4,2.0,3.1675,,,,,,,,,,,,0
Kullu,Bhuntar,,1993-10-05T06:00:00,negative,Green,1092.0,4.737,247.03,9.423,1.875,100.1,35.0,3.3881,,,,,,,,,,,,0
Kullu,Bhuntar,,1969-07-20T06:00:00,negative,Green,1092.0,4.737,247.03,9.423,1.875,100.1,35.0,3.3881,,,,,,,,,,,,0
Kullu,Bhuntar,,2012-07-20T06:00:00,negative,Green,1092.0,4.737,247.03,9.423,1.875,100.1,35.0,3.3881,,,,,,,,,,,,0
Kullu,Manali,,1992-07-05T06:00:00,negative,Green,1896.0,6.593,261.96,6.6054,1.75,96.4,2.0,3.1675,,,,,,,,,,,,0
Kullu,Bhuntar,,1989-06-20T06:00:00,negative,Green,1092.0,4.737,247.03,9.423,1.875,100.1,35.0,3.3881,,,,,,,,,,,,0
Kullu,Kullu_town_district_HQ,,1972-06-20T06:00:00,negative,Green,1229.0,4.737,112.97,9.9666,2.875,163.3,61.0,3.6515,,,,,,,,,,,,0
Kullu,Kullu_town_district_HQ,,1981-06-05T06:00:00,negative,Green,1229.0,4.737,112.97,9.9666,2.875,163.3,61.0,3.6515,,,,,,,,,,,,0
Kullu,Manali,,1987-07-25T06:00:00,negative,Green,1896.0,6.593,261.96,6.6054,1.75,96.4,2.0,3.1675,,,,,,,,,,,,0
Kullu,Manali,,1972-07-10T06:00:00,negative,Green,1896.0,6.593,261.96,6.6054,1.75,96.4,2.0,3.1675,,,,,,,,,,,,0
Kullu,Bhuntar,,1973-11-05T06:00:00,negative,Green,1092.0,4.737,247.03,9.423,1.875,100.1,35.0,3.3881,,,,,,,,,,,,0
Kullu,Manali,,1997-07-05T06:00:00,negative,Green,1896.0,6.593,261.96,6.6054,1.75,96.4,2.0,3.1675,,,,,,,,,,,,0
Kullu,Manali,,1974-08-05T06:00:00,negative,Green,1896.0,6.593,261.96,6.6054,1.75,96.4,2.0,3.1675,,,,,,,,,,,,0
Kullu,Kullu_town_district_HQ,,1988-08-05T06:00:00,negative,Green,1229.0,4.737,112.97,9.9666,2.875,163.3,61.0,3.6515,,,,,,,,,,,,0
Kullu,Bhuntar,,1997-09-25T06:00:00,negative,Green,1092.0,4.737,247.03,9.423,1.875,100.1,35.0,3.3881,,,,,,,,,,,,0
Kullu,Kullu_town_district_HQ,,2007-10-25T06:00:00,negative,Green,1229.0,4.737,112.97,9.9666,2.875,163.3,61.0,3.6515,,,,,,,,,,,,0
Kullu,Manali,,1993-09-25T06:00:00,negative,Green,1896.0,6.593,261.96,6.6054,1.75,96.4,2.0,3.1675,,,,,,,,,,,,0
Kullu,Manali,,2023-06-10T06:00:00,negative,Green,1896.0,6.593,261.96,6.6054,1.75,96.4,2.0,3.1675,,,,,,,,,,,,0
Kullu,Kullu_town_district_HQ,,2009-08-15T06:00:00,negative,Green,1229.0,4.737,112.97,9.9666,2.875,163.3,61.0,3.6515,,,,,,,,,,,,0
Kullu,Manali,,1977-10-10T06:00:00,negative,Green,1896.0,6.593,261.96,6.6054,1.75,96.4,2.0,3.1675,,,,,,,,,,,,0
Kullu,Manali,,2000-10-25T06:00:00,negative,Green,1896.0,6.593,261.96,6.6054,1.75,96.4,2.0,3.1675,,,,,,,,,,,,0
Kullu,Manali,,2018-10-05T06:00:00,negative,Green,1896.0,6.593,261.96,6.6054,1.75,96.4,2.0,3.1675,,,,,,,,,,,,0
Kullu,Kullu_town_district_HQ,,1993-08-10T06:00:00,negative,Green,1229.0,4.737,112.97,9.9666,2.875,163.3,61.0,3.6515,,,,,,,,,,,,0
Kullu,Bhuntar,,1969-09-10T06:00:00,negative,Green,1092.0,4.737,247.03,9.423,1.875,100.1,35.0,3.3881,,,,,,,,,,,,0
Kullu,Manali,,2018-07-25T06:00:00,negative,Green,1896.0,6.593,261.96,6.6054,1.75,96.4,2.0,3.1675,,,,,,,,,,,,0
Kullu,Manali,,1974-07-25T06:00:00,negative,Green,1896.0,6.593,261.96,6.6054,1.75,96.4,2.0,3.1675,,,,,,,,,,,,0
Kullu,Bhuntar,,1986-08-20T06:00:00,negative,Green,1092.0,4.737,247.03,9.423,1.875,100.1,35.0,3.3881,,,,,,,,,,,,0
Kullu,Kullu_town_district_HQ,,1996-06-15T06:00:00,negative,Green,1229.0,4.737,112.97,9.9666,2.875,163.3,61.0,3.6515,,,,,,,,,,,,0
Kullu,Manali,,1989-10-15T06:00:00,negative,Green,1896.0,6.593,261.96,6.6054,1.75,96.4,2.0,3.1675,,,,,,,,,,,,0
Kullu,Manali,,1975-07-20T06:00:00,negative,Green,1896.0,6.593,261.96,6.6054,1.75,96.4,2.0,3.1675,,,,,,,,,,,,0
Kullu,Bhuntar,,1989-07-15T06:00:00,negative,Green,1092.0,4.737,247.03,9.423,1.875,100.1,35.0,3.3881,,,,,,,,,,,,0
Kullu,Kullu_town_district_HQ,,2022-06-15T06:00:00,negative,Green,1229.0,4.737,112.97,9.9666,2.875,163.3,61.0,3.6515,,,,,,,,,,,,0
Kullu,Bhuntar,,1975-08-25T06:00:00,negative,Green,1092.0,4.737,247.03,9.423,1.875,100.1,35.0,3.3881,,,,,,,,,,,,0
Kullu,Manali,,2015-06-20T06:00:00,negative,Green,1896.0,6.593,261.96,6.6054,1.75,96.4,2.0,3.1675,,,,,,,,,,,,0
Kullu,Bhuntar,,1977-07-20T06:00:00,negative,Green,1092.0,4.737,247.03,9.423,1.875,100.1,35.0,3.3881,,,,,,,,,,,,0
Kullu,Manali,,1999-11-25T06:00:00,negative,Green,1896.0,6.593,261.96,6.6054,1.75,96.4,2.0,3.1675,,,,,,,,,,,,0
Kullu,Kullu_town_district_HQ,,2016-09-10T06:00:00,negative,Green,1229.0,4.737,112.97,9.9666,2.875,163.3,61.0,3.6515,,,,,,,,,,,,0
Kullu,Manali,,2004-07-20T06:00:00,negative,Green,1896.0,6.593,261.96,6.6054,1.75,96.4,2.0,3.1675,,,,,,,,,,,,0
Kullu,Manali,,1992-11-25T06:00:00,negative,Green,1896.0,6.593,261.96,6.6054,1.75,96.4,2.0,3.1675,,,,,,,,,,,,0
Kullu,Manali,,1977-06-10T06:00:00,negative,Green,1896.0,6.593,261.96,6.6054,1.75,96.4,2.0,3.1675,,,,,,,,,,,,0
Kullu,Kullu_town_district_HQ,,1978-07-15T06:00:00,negative,Green,1229.0,4.737,112.97,9.9666,2.875,163.3,61.0,3.6515,,,,,,,,,,,,0
Kullu,Manali,,1997-11-10T06:00:00,negative,Green,1896.0,6.593,261.96,6.6054,1.75,96.4,2.0,3.1675,,,,,,,,,,,,0
Kullu,Manali,,1987-06-20T06:00:00,negative,Green,1896.0,6.593,261.96,6.6054,1.75,96.4,2.0,3.1675,,,,,,,,,,,,0
Kullu,Manali,,1994-06-15T06:00:00,negative,Green,1896.0,6.593,261.96,6.6054,1.75,96.4,2.0,3.1675,,,,,,,,,,,,0
Kullu,Kullu_town_district_HQ,,1970-08-10T06:00:00,negative,Green,1229.0,4.737,112.97,9.9666,2.875,163.3,61.0,3.6515,,,,,,,,,,,,0
Kullu,Kullu_town_district_HQ,,1980-11-05T06:00:00,negative,Green,1229.0,4.737,112.97,9.9666,2.875,163.3,61.0,3.6515,,,,,,,,,,,,0
Kullu,Bhuntar,,1970-08-15T06:00:00,negative,Green,1092.0,4.737,247.03,9.423,1.875,100.1,35.0,3.3881,,,,,,,,,,,,0
Kullu,Manali,,1980-09-25T06:00:00,negative,Green,1896.0,6.593,261.96,6.6054,1.75,96.4,2.0,3.1675,,,,,,,,,,,,0
Kullu,Manali,,1970-06-20T06:00:00,negative,Green,1896.0,6.593,261.96,6.6054,1.75,96.4,2.0,3.1675,,,,,,,,,,,,0
Kullu,Bhuntar,,1972-06-20T06:00:00,negative,Green,1092.0,4.737,247.03,9.423,1.875,100.1,35.0,3.3881,,,,,,,,,,,,0
Kullu,Manali,,2012-08-20T06:00:00,negative,Green,1896.0,6.593,261.96,6.6054,1.75,96.4,2.0,3.1675,,,,,,,,,,,,0
Kullu,Kullu_town_district_HQ,,1977-09-20T06:00:00,negative,Green,1229.0,4.737,112.97,9.9666,2.875,163.3,61.0,3.6515,,,,,,,,,,,,0
Kullu,Kullu_town_district_HQ,,1982-10-25T06:00:00,negative,Green,1229.0,4.737,112.97,9.9666,2.875,163.3,61.0,3.6515,,,,,,,,,,,,0
Kullu,Bhuntar,,2003-11-05T06:00:00,negative,Green,1092.0,4.737,247.03,9.423,1.875,100.1,35.0,3.3881,,,,,,,,,,,,0
Kullu,Bhuntar,,1993-11-25T06:00:00,negative,Green,1092.0,4.737,247.03,9.423,1.875,100.1,35.0,3.3881,,,,,,,,,,,,0
Kullu,Manali,,2014-06-10T06:00:00,negative,Green,1896.0,6.593,261.96,6.6054,1.75,96.4,2.0,3.1675,,,,,,,,,,,,0
Kullu,Bhuntar,,1977-08-05T06:00:00,negative,Green,1092.0,4.737,247.03,9.423,1.875,100.1,35.0,3.3881,,,,,,,,,,,,0
Kullu,Kullu_town_district_HQ,,1972-07-05T06:00:00,negative,Green,1229.0,4.737,112.97,9.9666,2.875,163.3,61.0,3.6515,,,,,,,,,,,,0
Kullu,Kullu_town_district_HQ,,1976-08-05T06:00:00,negative,Green,1229.0,4.737,112.97,9.9666,2.875,163.3,61.0,3.6515,,,,,,,,,,,,0
Kullu,Kullu_town_district_HQ,,1985-11-10T06:00:00,negative,Green,1229.0,4.737,112.97,9.9666,2.875,163.3,61.0,3.6515,,,,,,,,,,,,0
Kullu,Bhuntar,,1971-10-10T06:00:00,negative,Green,1092.0,4.737,247.03,9.423,1.875,100.1,35.0,3.3881,,,,,,,,,,,,0
Kullu,Bhuntar,,2004-06-15T06:00:00,negative,Green,1092.0,4.737,247.03,9.423,1.875,100.1,35.0,3.3881,,,,,,,,,,,,0
Kullu,Kullu_town_district_HQ,,1982-11-25T06:00:00,negative,Green,1229.0,4.737,112.97,9.9666,2.875,163.3,61.0,3.6515,,,,,,,,,,,,0
Kullu,Manali,,2006-09-25T06:00:00,negative,Green,1896.0,6.593,261.96,6.6054,1.75,96.4,2.0,3.1675,,,,,,,,,,,,0
Kullu,Bhuntar,,1996-08-05T06:00:00,negative,Green,1092.0,4.737,247.03,9.423,1.875,100.1,35.0,3.3881,,,,,,,,,,,,0
Kullu,Manali,,2002-09-05T06:00:00,negative,Green,1896.0,6.593,261.96,6.6054,1.75,96.4,2.0,3.1675,,,,,,,,,,,,0
Kullu,Bhuntar,,1987-10-10T06:00:00,negative,Green,1092.0,4.737,247.03,9.423,1.875,100.1,35.0,3.3881,,,,,,,,,,,,0
Kullu,Bhuntar,,1995-10-25T06:00:00,negative,Green,1092.0,4.737,247.03,9.423,1.875,100.1,35.0,3.3881,,,,,,,,,,,,0
Kullu,Manali,,1978-10-10T06:00:00,negative,Green,1896.0,6.593,261.96,6.6054,1.75,96.4,2.0,3.1675,,,,,,,,,,,,0
Kullu,Manali,,1983-09-20T06:00:00,negative,Green,1896.0,6.593,261.96,6.6054,1.75,96.4,2.0,3.1675,,,,,,,,,,,,0
Kullu,Kullu_town_district_HQ,,2006-07-10T06:00:00,negative,Green,1229.0,4.737,112.97,9.9666,2.875,163.3,61.0,3.6515,,,,,,,,,,,,0
Kullu,Kullu_town_district_HQ,,2010-07-10T06:00:00,negative,Green,1229.0,4.737,112.97,9.9666,2.875,163.3,61.0,3.6515,,,,,,,,,,,,0
Kullu,Kullu_town_district_HQ,,1997-06-20T06:00:00,negative,Green,1229.0,4.737,112.97,9.9666,2.875,163.3,61.0,3.6515,,,,,,,,,,,,0
Kullu,Manali,,2012-09-20T06:00:00,negative,Green,1896.0,6.593,261.96,6.6054,1.75,96.4,2.0,3.1675,,,,,,,,,,,,0
Kullu,Kullu_town_district_HQ,,2019-11-15T06:00:00,negative,Green,1229.0,4.737,112.97,9.9666,2.875,163.3,61.0,3.6515,,,,,,,,,,,,0
Kullu,Manali,,2011-11-10T06:00:00,negative,Green,1896.0,6.593,261.96,6.6054,1.75,96.4,2.0,3.1675,,,,,,,,,,,,0
Kullu,Manali,,1969-10-05T06:00:00,negative,Green,1896.0,6.593,261.96,6.6054,1.75,96.4,2.0,3.1675,,,,,,,,,,,,0
Kullu,Kullu_town_district_HQ,,2004-07-20T06:00:00,negative,Green,1229.0,4.737,112.97,9.9666,2.875,163.3,61.0,3.6515,,,,,,,,,,,,0
Kullu,Kullu_town_district_HQ,,1988-07-15T06:00:00,negative,Green,1229.0,4.737,112.97,9.9666,2.875,163.3,61.0,3.6515,,,,,,,,,,,,0
Kullu,Kullu_town_district_HQ,,1989-09-10T06:00:00,negative,Green,1229.0,4.737,112.97,9.9666,2.875,163.3,61.0,3.6515,,,,,,,,,,,,0
Kullu,Manali,,1989-10-05T06:00:00,negative,Green,1896.0,6.593,261.96,6.6054,1.75,96.4,2.0,3.1675,,,,,,,,,,,,0
Kullu,Manali,,2004-08-20T06:00:00,negative,Green,1896.0,6.593,261.96,6.6054,1.75,96.4,2.0,3.1675,,,,,,,,,,,,0
Kullu,Bhuntar,,2012-08-10T06:00:00,negative,Green,1092.0,4.737,247.03,9.423,1.875,100.1,35.0,3.3881,,,,,,,,,,,,0
Kullu,Kullu_town_district_HQ,,2017-09-05T06:00:00,negative,Green,1229.0,4.737,112.97,9.9666,2.875,163.3,61.0,3.6515,,,,,,,,,,,,0
Kullu,Bhuntar,,2005-08-15T06:00:00,negative,Green,1092.0,4.737,247.03,9.423,1.875,100.1,35.0,3.3881,,,,,,,,,,,,0
Kullu,Bhuntar,,1999-07-20T06:00:00,negative,Green,1092.0,4.737,247.03,9.423,1.875,100.1,35.0,3.3881,,,,,,,,,,,,0
Kullu,Kullu_town_district_HQ,,1981-06-15T06:00:00,negative,Green,1229.0,4.737,112.97,9.9666,2.875,163.3,61.0,3.6515,,,,,,,,,,,,0
Kullu,Bhuntar,,2014-09-10T06:00:00,negative,Green,1092.0,4.737,247.03,9.423,1.875,100.1,35.0,3.3881,,,,,,,,,,,,0
Kullu,Manali,,2006-11-05T06:00:00,negative,Green,1896.0,6.593,261.96,6.6054,1.75,96.4,2.0,3.1675,,,,,,,,,,,,0
Kullu,Manali,,1979-11-15T06:00:00,negative,Green,1896.0,6.593,261.96,6.6054,1.75,96.4,2.0,3.1675,,,,,,,,,,,,0
Kullu,Kullu_town_district_HQ,,1989-09-05T06:00:00,negative,Green,1229.0,4.737,112.97,9.9666,2.875,163.3,61.0,3.6515,,,,,,,,,,,,0
Kullu,Bhuntar,,1975-11-10T06:00:00,negative,Green,1092.0,4.737,247.03,9.423,1.875,100.1,35.0,3.3881,,,,,,,,,,,,0
Kullu,Manali,,1971-06-15T06:00:00,negative,Green,1896.0,6.593,261.96,6.6054,1.75,96.4,2.0,3.1675,,,,,,,,,,,,0
Kullu,Bhuntar,,1985-11-05T06:00:00,negative,Green,1092.0,4.737,247.03,9.423,1.875,100.1,35.0,3.3881,,,,,,,,,,,,0
Kullu,Bhuntar,,1974-09-05T06:00:00,negative,Green,1092.0,4.737,247.03,9.423,1.875,100.1,35.0,3.3881,,,,,,,,,,,,0
Kullu,Kullu_town_district_HQ,,1989-11-05T06:00:00,negative,Green,1229.0,4.737,112.97,9.9666,2.875,163.3,61.0,3.6515,,,,,,,,,,,,0
Kullu,Bhuntar,,1991-10-15T06:00:00,negative,Green,1092.0,4.737,247.03,9.423,1.875,100.1,35.0,3.3881,,,,,,,,,,,,0
Kullu,Manali,,1990-06-05T06:00:00,negative,Green,1896.0,6.593,261.96,6.6054,1.75,96.4,2.0,3.1675,,,,,,,,,,,,0
Kullu,Bhuntar,,1991-07-10T06:00:00,negative,Green,1092.0,4.737,247.03,9.423,1.875,100.1,35.0,3.3881,,,,,,,,,,,,0
Kullu,Kullu_town_district_HQ,,2002-06-20T06:00:00,negative,Green,1229.0,4.737,112.97,9.9666,2.875,163.3,61.0,3.6515,,,,,,,,,,,,0
Kullu,Bhuntar,,1969-06-05T06:00:00,negative,Green,1092.0,4.737,247.03,9.423,1.875,100.1,35.0,3.3881,,,,,,,,,,,,0
Kullu,Manali,,2020-07-10T06:00:00,negative,Green,1896.0,6.593,261.96,6.6054,1.75,96.4,2.0,3.1675,,,,,,,,,,,,0
Kullu,Bhuntar,,2020-07-20T06:00:00,negative,Green,1092.0,4.737,247.03,9.423,1.875,100.1,35.0,3.3881,,,,,,,,,,,,0
Kullu,Kullu_town_district_HQ,,1982-11-05T06:00:00,negative,Green,1229.0,4.737,112.97,9.9666,2.875,163.3,61.0,3.6515,,,,,,,,,,,,0
Kullu,Manali,,1976-08-05T06:00:00,negative,Green,1896.0,6.593,261.96,6.6054,1.75,96.4,2.0,3.1675,,,,,,,,,,,,0
Kullu,Kullu_town_district_HQ,,2019-09-10T06:00:00,negative,Green,1229.0,4.737,112.97,9.9666,2.875,163.3,61.0,3.6515,,,,,,,,,,,,0
Kullu,Kullu_town_district_HQ,,2017-09-10T06:00:00,negative,Green,1229.0,4.737,112.97,9.9666,2.875,163.3,61.0,3.6515,,,,,,,,,,,,0
Kullu,Kullu_town_district_HQ,,1996-11-10T06:00:00,negative,Green,1229.0,4.737,112.97,9.9666,2.875,163.3,61.0,3.6515,,,,,,,,,,,,0
Kullu,Bhuntar,,1981-11-05T06:00:00,negative,Green,1092.0,4.737,247.03,9.423,1.875,100.1,35.0,3.3881,,,,,,,,,,,,0
Kullu,Bhuntar,,1980-07-20T06:00:00,negative,Green,1092.0,4.737,247.03,9.423,1.875,100.1,35.0,3.3881,,,,,,,,,,,,0
Kullu,Manali,,1992-06-25T06:00:00,negative,Green,1896.0,6.593,261.96,6.6054,1.75,96.4,2.0,3.1675,,,,,,,,,,,,0
Dhemaji,Gogamukh,,2019-11-05T06:00:00,negative,Green,99.0,0.0,0.0,10.9723,1.375,283.7,1.0,2.0092,,,,,,,,,,,,0
Dhemaji,Gogamukh,,2005-11-15T06:00:00,negative,Green,99.0,0.0,0.0,10.9723,1.375,283.7,1.0,2.0092,,,,,,,,,,,,0
Dhemaji,Jonai,,1992-07-05T06:00:00,negative,Green,118.0,2.79,311.57,7.0858,0.75,27.4,1.0,2.759,,,,,,,,,,,,0
Dhemaji,Gogamukh,,2021-10-20T06:00:00,negative,Green,99.0,0.0,0.0,10.9723,1.375,283.7,1.0,2.0092,,,,,,,,,,,,0
Dhemaji,Gogamukh,,1995-09-10T06:00:00,negative,Green,99.0,0.0,0.0,10.9723,1.375,283.7,1.0,2.0092,,,,,,,,,,,,0
Dhemaji,Jonai,,1990-06-20T06:00:00,negative,Green,118.0,2.79,311.57,7.0858,0.75,27.4,1.0,2.759,,,,,,,,,,,,0
Dhemaji,Jonai,,1996-06-15T06:00:00,negative,Green,118.0,2.79,311.57,7.0858,0.75,27.4,1.0,2.759,,,,,,,,,,,,0
Dhemaji,Gogamukh,,2016-07-05T06:00:00,negative,Green,99.0,0.0,0.0,10.9723,1.375,283.7,1.0,2.0092,,,,,,,,,,,,0
Dhemaji,Dhemaji_town_district_HQ,,2008-07-20T06:00:00,negative,Green,105.0,3.265,253.53,6.9285,1.0,124.0,1.0,1.6962,,,,,,,,,,,,0
Dhemaji,Dhemaji_town_district_HQ,,2012-10-20T06:00:00,negative,Green,105.0,3.265,253.53,6.9285,1.0,124.0,1.0,1.6962,,,,,,,,,,,,0
Dhemaji,Gogamukh,,2011-10-15T06:00:00,negative,Green,99.0,0.0,0.0,10.9723,1.375,283.7,1.0,2.0092,,,,,,,,,,,,0
Dhemaji,Gogamukh,,1997-07-15T06:00:00,negative,Green,99.0,0.0,0.0,10.9723,1.375,283.7,1.0,2.0092,,,,,,,,,,,,0
Dhemaji,Dhemaji_town_district_HQ,,1996-11-20T06:00:00,negative,Green,105.0,3.265,253.53,6.9285,1.0,124.0,1.0,1.6962,,,,,,,,,,,,0
Dhemaji,Jonai,,2009-07-25T06:00:00,negative,Green,118.0,2.79,311.57,7.0858,0.75,27.4,1.0,2.759,,,,,,,,,,,,0
Dhemaji,Gogamukh,,2005-11-05T06:00:00,negative,Green,99.0,0.0,0.0,10.9723,1.375,283.7,1.0,2.0092,,,,,,,,,,,,0
Dhemaji,Jonai,,2020-11-25T06:00:00,negative,Green,118.0,2.79,311.57,7.0858,0.75,27.4,1.0,2.759,,,,,,,,,,,,0
Dhemaji,Dhemaji_town_district_HQ,,2000-10-20T06:00:00,negative,Green,105.0,3.265,253.53,6.9285,1.0,124.0,1.0,1.6962,,,,,,,,,,,,0
Dhemaji,Dhemaji_town_district_HQ,,2001-06-10T06:00:00,negative,Green,105.0,3.265,253.53,6.9285,1.0,124.0,1.0,1.6962,,,,,,,,,,,,0
Dhemaji,Jonai,,1995-10-10T06:00:00,negative,Green,118.0,2.79,311.57,7.0858,0.75,27.4,1.0,2.759,,,,,,,,,,,,0
Dhemaji,Jonai,,2003-10-15T06:00:00,negative,Green,118.0,2.79,311.57,7.0858,0.75,27.4,1.0,2.759,,,,,,,,,,,,0
Dhemaji,Dhemaji_town_district_HQ,,2023-09-15T06:00:00,negative,Green,105.0,3.265,253.53,6.9285,1.0,124.0,1.0,1.6962,,,,,,,,,,104.32,0.0,0
Dhemaji,Gogamukh,,2014-06-05T06:00:00,negative,Green,99.0,0.0,0.0,10.9723,1.375,283.7,1.0,2.0092,,,,,,,,,,,,0
Dhemaji,Jonai,,2002-06-25T06:00:00,negative,Green,118.0,2.79,311.57,7.0858,0.75,27.4,1.0,2.759,,,,,,,,,,,,0
Dhemaji,Dhemaji_town_district_HQ,,2006-08-10T06:00:00,negative,Green,105.0,3.265,253.53,6.9285,1.0,124.0,1.0,1.6962,,,,,,,,,,,,0
Dhemaji,Gogamukh,,2007-08-10T06:00:00,negative,Green,99.0,0.0,0.0,10.9723,1.375,283.7,1.0,2.0092,,,,,,,,,,,,0
Dhemaji,Dhemaji_town_district_HQ,,1988-07-10T06:00:00,negative,Green,105.0,3.265,253.53,6.9285,1.0,124.0,1.0,1.6962,,,,,,,,,,,,0
Dhemaji,Jonai,,2015-11-15T06:00:00,negative,Green,118.0,2.79,311.57,7.0858,0.75,27.4,1.0,2.759,,,,,,,,,,,,0
Dhemaji,Gogamukh,,2005-08-10T06:00:00,negative,Green,99.0,0.0,0.0,10.9723,1.375,283.7,1.0,2.0092,,,,,,,,,,,,0
Dhemaji,Jonai,,2009-11-10T06:00:00,negative,Green,118.0,2.79,311.57,7.0858,0.75,27.4,1.0,2.759,,,,,,,,,,,,0
Dhemaji,Jonai,,2002-06-05T06:00:00,negative,Green,118.0,2.79,311.57,7.0858,0.75,27.4,1.0,2.759,,,,,,,,,,,,0
Dhemaji,Dhemaji_town_district_HQ,,2021-06-10T06:00:00,negative,Green,105.0,3.265,253.53,6.9285,1.0,124.0,1.0,1.6962,,,,,,,,,,104.68,-0.02,0
Dhemaji,Dhemaji_town_district_HQ,,2011-11-20T06:00:00,negative,Green,105.0,3.265,253.53,6.9285,1.0,124.0,1.0,1.6962,,,,,,,,,,,,0
Dhemaji,Gogamukh,,2011-09-10T06:00:00,negative,Green,99.0,0.0,0.0,10.9723,1.375,283.7,1.0,2.0092,,,,,,,,,,,,0
Dhemaji,Gogamukh,,2001-10-25T06:00:00,negative,Green,99.0,0.0,0.0,10.9723,1.375,283.7,1.0,2.0092,,,,,,,,,,,,0
Dhemaji,Gogamukh,,1999-10-15T06:00:00,negative,Green,99.0,0.0,0.0,10.9723,1.375,283.7,1.0,2.0092,,,,,,,,,,,,0
Dhemaji,Gogamukh,,1996-10-20T06:00:00,negative,Green,99.0,0.0,0.0,10.9723,1.375,283.7,1.0,2.0092,,,,,,,,,,,,0
Dhemaji,Dhemaji_town_district_HQ,,1988-06-05T06:00:00,negative,Green,105.0,3.265,253.53,6.9285,1.0,124.0,1.0,1.6962,,,,,,,,,,,,0
Dhemaji,Jonai,,2022-11-15T06:00:00,negative,Green,118.0,2.79,311.57,7.0858,0.75,27.4,1.0,2.759,,,,,,,,,,,,0
Dhemaji,Gogamukh,,2016-10-20T06:00:00,negative,Green,99.0,0.0,0.0,10.9723,1.375,283.7,1.0,2.0092,,,,,,,,,,,,0
Dhemaji,Dhemaji_town_district_HQ,,2021-07-20T06:00:00,negative,Green,105.0,3.265,253.53,6.9285,1.0,124.0,1.0,1.6962,,,,,,,,,,104.28,0.0,0
Dhemaji,Dhemaji_town_district_HQ,,1999-08-05T06:00:00,negative,Green,105.0,3.265,253.53,6.9285,1.0,124.0,1.0,1.6962,,,,,,,,,,,,0
Dhemaji,Gogamukh,,1991-11-05T06:00:00,negative,Green,99.0,0.0,0.0,10.9723,1.375,283.7,1.0,2.0092,,,,,,,,,,,,0
Dhemaji,Gogamukh,,2005-09-25T06:00:00,negative,Green,99.0,0.0,0.0,10.9723,1.375,283.7,1.0,2.0092,,,,,,,,,,,,0
Dhemaji,Dhemaji_town_district_HQ,,2006-09-25T06:00:00,negative,Green,105.0,3.265,253.53,6.9285,1.0,124.0,1.0,1.6962,,,,,,,,,,,,0
Dhemaji,Dhemaji_town_district_HQ,,2002-11-20T06:00:00,negative,Green,105.0,3.265,253.53,6.9285,1.0,124.0,1.0,1.6962,,,,,,,,,,,,0
Dhemaji,Dhemaji_town_district_HQ,,2003-08-25T06:00:00,negative,Green,105.0,3.265,253.53,6.9285,1.0,124.0,1.0,1.6962,,,,,,,,,,,,0
Dhemaji,Jonai,,2022-08-05T06:00:00,negative,Green,118.0,2.79,311.57,7.0858,0.75,27.4,1.0,2.759,,,,,,,,,,,,0
Dhemaji,Dhemaji_town_district_HQ,,1993-10-15T06:00:00,negative,Green,105.0,3.265,253.53,6.9285,1.0,124.0,1.0,1.6962,,,,,,,,,,,,0
Dhemaji,Dhemaji_town_district_HQ,,2019-08-15T06:00:00,negative,Green,105.0,3.265,253.53,6.9285,1.0,124.0,1.0,1.6962,,,,,,,,,,,,0
Dhemaji,Jonai,,2018-11-05T06:00:00,negative,Green,118.0,2.79,311.57,7.0858,0.75,27.4,1.0,2.759,,,,,,,,,,,,0
Dhemaji,Jonai,,1992-11-25T06:00:00,negative,Green,118.0,2.79,311.57,7.0858,0.75,27.4,1.0,2.759,,,,,,,,,,,,0
Dhemaji,Jonai,,1988-11-25T06:00:00,negative,Green,118.0,2.79,311.57,7.0858,0.75,27.4,1.0,2.759,,,,,,,,,,,,0
