event_id,region,hazard,grade,provenance,severity,lat,lon,geocode_status,position_uncertainty_m,time_uncertainty_h,onset_known,terrain_reliable,hex_assignable,elevation_m,slope_deg,relief_m_440,sample_id,label,offset_h,pred_time,sample_weight,rain_1h,rain_3h,rain_6h,rain_12h,rain_24h,antecedent_rain_3d,antecedent_rain_7d,antecedent_rain_15d,rain_max_1h_6h,soil_moisture_0_7,soil_moisture_7_28
WAYANAD-2024-LS-01,Southern Western Ghats,landslide,A,REAL_VALIDATED,critical,11.4868992,76.1552526,OK,1000.0,3.5,True,True,True,924.0,5.222687946624509,103.0,WAYANAD-2024-LS-01|pos|72,1,72.0,2024-07-26T21:30:00,1.0,0.6,2.1,3.9,15.9,25.3,69.0,95.8,429.5,1.1,0.512,0.511
WAYANAD-2024-LS-01,Southern Western Ghats,landslide,A,REAL_VALIDATED,critical,11.4868992,76.1552526,OK,1000.0,3.5,True,True,True,924.0,5.222687946624509,103.0,WAYANAD-2024-LS-01|pos|48,1,48.0,2024-07-27T21:30:00,1.0,0.0,0.0,0.0,2.3,5.8,66.5,93.0,419.19999999999993,0.0,0.489,0.501
WAYANAD-2024-LS-01,Southern Western Ghats,landslide,A,REAL_VALIDATED,critical,11.4868992,76.1552526,OK,1000.0,3.5,True,True,True,924.0,5.222687946624509,103.0,WAYANAD-2024-LS-01|pos|24,1,24.0,2024-07-28T21:30:00,1.0,0.6,1.2,2.6,6.7,7.1000000000000005,38.2,91.69999999999999,406.29999999999995,0.8,0.489,0.491
WAYANAD-2024-LS-01,Southern Western Ghats,landslide,A,REAL_VALIDATED,critical,11.4868992,76.1552526,OK,1000.0,3.5,True,True,True,924.0,5.222687946624509,103.0,WAYANAD-2024-LS-01|pos|12,1,12.0,2024-07-29T09:30:00,1.0,1.3,2.4000000000000004,3.5,5.0,11.7,33.8,96.5,408.50000000000006,1.3,0.507,0.492
WAYANAD-2024-LS-01,Southern Western Ghats,landslide,A,REAL_VALIDATED,critical,11.4868992,76.1552526,OK,1000.0,3.5,True,True,True,924.0,5.222687946624509,103.0,WAYANAD-2024-LS-01|pos|6,1,6.0,2024-07-29T15:30:00,1.0,2.5,8.3,13.3,16.8,20.9,35.099999999999994,107.3,416.90000000000003,3.5,0.517,0.513
WAYANAD-2024-LS-01,Southern Western Ghats,landslide,A,REAL_VALIDATED,critical,11.4868992,76.1552526,OK,1000.0,3.5,True,True,True,924.0,5.222687946624509,103.0,WAYANAD-2024-LS-01|neg|0,0,,2024-06-04T21:00:00,0.5,0.0,0.0,0.5,5.6000000000000005,9.9,47.599999999999994,97.2,235.10000000000002,0.3,0.487,0.489
WAYANAD-2024-LS-01,Southern Western Ghats,landslide,A,REAL_VALIDATED,critical,11.4868992,76.1552526,OK,1000.0,3.5,True,True,True,924.0,5.222687946624509,103.0,WAYANAD-2024-LS-01|neg|1,0,,2024-08-20T09:00:00,0.5,0.1,0.30000000000000004,2.6,3.1,19.5,34.4,122.89999999999999,216.6,1.4,0.492,0.486
WAYANAD-2024-LS-01,Southern Western Ghats,landslide,A,REAL_VALIDATED,critical,11.4868992,76.1552526,OK,1000.0,3.5,True,True,True,924.0,5.222687946624509,103.0,WAYANAD-2024-LS-01|neg|2,0,,2024-08-20T21:00:00,0.5,2.3,6.3999999999999995,11.5,19.3,22.400000000000002,49.7,135.6,227.8,2.6,0.51,0.512
WAYANAD-2024-LS-01,Southern Western Ghats,landslide,A,REAL_VALIDATED,critical,11.4868992,76.1552526,OK,1000.0,3.5,True,True,True,924.0,5.222687946624509,103.0,WAYANAD-2024-LS-01|neg|3,0,,2024-06-09T09:00:00,0.5,1.0,1.2,1.2,1.3,11.9,49.2,124.4,182.60000000000002,1.0,0.502,0.503
WAYANAD-2024-LS-01,Southern Western Ghats,landslide,A,REAL_VALIDATED,critical,11.4868992,76.1552526,OK,1000.0,3.5,True,True,True,924.0,5.222687946624509,103.0,WAYANAD-2024-LS-01|neg|4,0,,2024-07-01T21:00:00,0.5,0.0,0.9,4.8,8.8,10.799999999999999,15.7,176.39999999999998,274.5,3.0,0.508,0.513
WAYANAD-2024-LS-01,Southern Western Ghats,landslide,A,REAL_VALIDATED,critical,11.4868992,76.1552526,OK,1000.0,3.5,True,True,True,924.0,5.222687946624509,103.0,WAYANAD-2024-LS-01|neg|5,0,,2024-06-07T09:00:00,0.5,0.1,0.1,1.0,6.199999999999999,21.8,55.6,128.2,193.8,0.5,0.484,0.482
WAYANAD-2024-LS-01,Southern Western Ghats,landslide,A,REAL_VALIDATED,critical,11.4868992,76.1552526,OK,1000.0,3.5,True,True,True,924.0,5.222687946624509,103.0,WAYANAD-2024-LS-01|neg|6,0,,2024-08-19T21:00:00,0.5,0.4,1.2999999999999998,3.2999999999999994,16.4,16.5,32.4,120.29999999999998,213.7,0.7,0.49,0.482
WAYANAD-2024-LS-01,Southern Western Ghats,landslide,A,REAL_VALIDATED,critical,11.4868992,76.1552526,OK,1000.0,3.5,True,True,True,924.0,5.222687946624509,103.0,WAYANAD-2024-LS-01|neg|7,0,,2024-08-18T09:00:00,0.5,0.1,0.30000000000000004,0.30000000000000004,0.7999999999999999,4.8,55.10000000000001,112.60000000000001,201.89999999999998,0.1,0.491,0.491
WAYANAD-2024-LS-01,Southern Western Ghats,landslide,A,REAL_VALIDATED,critical,11.4868992,76.1552526,OK,1000.0,3.5,True,True,True,924.0,5.222687946624509,103.0,WAYANAD-2024-LS-01|neg|8,0,,2024-06-05T21:00:00,0.5,0.0,0.6,1.0,3.9000000000000004,15.8,37.099999999999994,99.6,217.10000000000002,0.6,0.479,0.48
WAYANAD-2024-LS-01,Southern Western Ghats,landslide,A,REAL_VALIDATED,critical,11.4868992,76.1552526,OK,1000.0,3.5,True,True,True,924.0,5.222687946624509,103.0,WAYANAD-2024-LS-01|neg|9,0,,2024-06-05T09:00:00,0.5,7.4,11.4,11.7,11.9,17.5,58.9,109.00000000000001,241.5,7.4,0.504,0.501
WAYANAD-2024-LS-01,Southern Western Ghats,landslide,A,REAL_VALIDATED,critical,11.4868992,76.1552526,OK,1000.0,3.5,True,True,True,924.0,5.222687946624509,103.0,WAYANAD-2024-LS-01|neg|10,0,,2024-08-21T21:00:00,0.5,0.5,1.2,4.5,16.2,25.1,64.0,130.0,234.6,1.6,0.506,0.508
WAYANAD-2024-LS-01,Southern Western Ghats,landslide,A,REAL_VALIDATED,critical,11.4868992,76.1552526,OK,1000.0,3.5,True,True,True,924.0,5.222687946624509,103.0,WAYANAD-2024-LS-01|neg|11,0,,2024-06-08T09:00:00,0.5,0.3,0.5,0.7,1.3,15.5,53.6,126.2,180.2,0.3,0.487,0.483
WAYANAD-2024-LS-01,Southern Western Ghats,landslide,A,REAL_VALIDATED,critical,11.4868992,76.1552526,OK,1000.0,3.5,True,True,True,924.0,5.222687946624509,103.0,WAYANAD-2024-LS-01|neg|12,0,,2024-08-16T21:00:00,0.5,0.1,0.7999999999999999,6.8999999999999995,27.9,28.7,80.8,117.9,200.9,3.5,0.506,0.502
WAYANAD-2024-LS-01,Southern Western Ghats,landslide,A,REAL_VALIDATED,critical,11.4868992,76.1552526,OK,1000.0,3.5,True,True,True,924.0,5.222687946624509,103.0,WAYANAD-2024-LS-01|neg|13,0,,2024-06-24T09:00:00,0.5,1.4,1.7999999999999998,3.3,5.699999999999999,23.200000000000003,63.199999999999996,79.5,116.69999999999999,1.4,0.507,0.506
WAYANAD-2024-LS-01,Southern Western Ghats,landslide,A,REAL_VALIDATED,critical,11.4868992,76.1552526,OK,1000.0,3.5,True,True,True,924.0,5.222687946624509,103.0,WAYANAD-2024-LS-01|neg|14,0,,2024-09-05T09:00:00,0.5,0.1,0.1,0.1,0.1,1.6,13.3,46.7,101.0,0.1,0.465,0.469
WAYANAD-2024-LS-01,Southern Western Ghats,landslide,A,REAL_VALIDATED,critical,11.4868992,76.1552526,OK,1000.0,3.5,True,True,True,924.0,5.222687946624509,103.0,WAYANAD-2024-LS-01|neg|15,0,,2024-08-26T09:00:00,0.5,0.6,1.9,2.6,3.1,7.8,19.200000000000003,85.89999999999999,208.6,0.8,0.494,0.486
WAYANAD-2024-LS-01,Southern Western Ghats,landslide,A,REAL_VALIDATED,critical,11.4868992,76.1552526,OK,1000.0,3.5,True,True,True,924.0,5.222687946624509,103.0,WAYANAD-2024-LS-01|neg|16,0,,2024-06-17T09:00:00,0.5,0.0,0.0,0.0,0.0,2.3,2.8999999999999995,25.1,161.6,0.0,0.458,0.458
WAYANAD-2024-LS-01,Southern Western Ghats,landslide,A,REAL_VALIDATED,critical,11.4868992,76.1552526,OK,1000.0,3.5,True,True,True,924.0,5.222687946624509,103.0,WAYANAD-2024-LS-01|neg|17,0,,2024-06-03T21:00:00,0.5,0.0,0.30000000000000004,2.7,10.899999999999999,11.4,57.400000000000006,89.9,323.7,1.4,0.501,0.496
WAYANAD-2024-LS-01,Southern Western Ghats,landslide,A,REAL_VALIDATED,critical,11.4868992,76.1552526,OK,1000.0,3.5,True,True,True,924.0,5.222687946624509,103.0,WAYANAD-2024-LS-01|neg|18,0,,2024-06-29T21:00:00,0.5,0.0,0.0,0.4,2.2,2.8,44.300000000000004,213.59999999999997,264.2,0.2,0.487,0.489
WAYANAD-2024-LS-01,Southern Western Ghats,landslide,A,REAL_VALIDATED,critical,11.4868992,76.1552526,OK,1000.0,3.5,True,True,True,924.0,5.222687946624509,103.0,WAYANAD-2024-LS-01|neg|19,0,,2024-06-14T21:00:00,0.5,0.0,0.0,0.0,0.30000000000000004,0.4,14.8,47.8,191.79999999999998,0.0,0.467,0.478
WAYANAD-2024-LS-01,Southern Western Ghats,landslide,A,REAL_VALIDATED,critical,11.4868992,76.1552526,OK,1000.0,3.5,True,True,True,924.0,5.222687946624509,103.0,WAYANAD-2024-LS-01|neg|20,0,,2024-09-04T09:00:00,0.5,0.4,0.7000000000000001,1.0,1.0,3.7,18.8,49.3,127.6,0.4,0.475,0.473
WAYANAD-2024-LS-01,Southern Western Ghats,landslide,A,REAL_VALIDATED,critical,11.4868992,76.1552526,OK,1000.0,3.5,True,True,True,924.0,5.222687946624509,103.0,WAYANAD-2024-LS-01|neg|21,0,,2024-05-30T21:00:00,0.5,0.0,0.0,1.6,3.9999999999999996,4.0,20.0,51.400000000000006,314.6,0.9,0.493,0.468
WAYANAD-2024-LS-01,Southern Western Ghats,landslide,A,REAL_VALIDATED,critical,11.4868992,76.1552526,OK,1000.0,3.5,True,True,True,924.0,5.222687946624509,103.0,WAYANAD-2024-LS-01|neg|22,0,,2024-08-12T21:00:00,0.5,0.1,0.7999999999999999,2.8,7.8,9.200000000000001,30.0,85.1,284.0,1.6,0.496,0.489
WAYANAD-2024-LS-01,Southern Western Ghats,landslide,A,REAL_VALIDATED,critical,11.4868992,76.1552526,OK,1000.0,3.5,True,True,True,924.0,5.222687946624509,103.0,WAYANAD-2024-LS-01|neg|23,0,,2024-07-05T21:00:00,0.5,0.7,1.5999999999999999,4.1,13.1,13.2,19.599999999999998,36.8,281.2,1.5,0.488,0.478
WAYANAD-2024-LS-01,Southern Western Ghats,landslide,A,REAL_VALIDATED,critical,11.4868992,76.1552526,OK,1000.0,3.5,True,True,True,924.0,5.222687946624509,103.0,WAYANAD-2024-LS-01|neg|24,0,,2024-07-04T21:00:00,0.5,0.0,0.0,0.2,2.3000000000000003,2.5,7.9,30.2,272.70000000000005,0.2,0.478,0.482
KAVALAPPARA-2019-LS-01,Southern Western Ghats,landslide,B,REAL_RECONSTRUCTED,critical,11.4082009,76.2368496,OK,500.0,12.0,False,True,True,178.0,23.83404078323584,186.0,KAVALAPPARA-2019-LS-01|pos|72,1,72.0,2019-08-05T00:00:00,1.0,1.8,4.6,10.5,24.700000000000003,33.900000000000006,78.3,96.89999999999999,383.0,2.8,0.498,0.517
KAVALAPPARA-2019-LS-01,Southern Western Ghats,landslide,B,REAL_RECONSTRUCTED,critical,11.4082009,76.2368496,OK,500.0,12.0,False,True,True,178.0,23.83404078323584,186.0,KAVALAPPARA-2019-LS-01|pos|48,1,48.0,2019-08-06T00:00:00,1.0,1.0,2.3,7.8,16.700000000000003,42.5,112.10000000000001,133.0,336.2,2.1,0.517,0.514
KAVALAPPARA-2019-LS-01,Southern Western Ghats,landslide,B,REAL_RECONSTRUCTED,critical,11.4082009,76.2368496,OK,500.0,12.0,False,True,True,178.0,23.83404078323584,186.0,KAVALAPPARA-2019-LS-01|pos|24,1,24.0,2019-08-07T00:00:00,1.0,4.1,10.299999999999999,26.299999999999997,55.099999999999994,85.0,161.39999999999998,217.1,357.90000000000003,8.1,0.52,0.514
KAVALAPPARA-2019-LS-01,Southern Western Ghats,landslide,B,REAL_RECONSTRUCTED,critical,11.4082009,76.2368496,OK,500.0,12.0,False,True,True,178.0,23.83404078323584,186.0,KAVALAPPARA-2019-LS-01|pos|12,1,12.0,2019-08-07T12:00:00,1.0,3.3,8.5,12.899999999999999,33.5,88.6,185.7,247.8,381.7,3.3,0.508,0.52
KAVALAPPARA-2019-LS-01,Southern Western Ghats,landslide,B,REAL_RECONSTRUCTED,critical,11.4082009,76.2368496,OK,500.0,12.0,False,True,True,178.0,23.83404078323584,186.0,KAVALAPPARA-2019-LS-01|neg|0,0,,2019-08-29T00:00:00,0.5,1.9,8.3,16.099999999999998,49.0,86.5,234.8,403.70000000000005,775.8,3.2,0.52,0.516
KAVALAPPARA-2019-LS-01,Southern Western Ghats,landslide,B,REAL_RECONSTRUCTED,critical,11.4082009,76.2368496,OK,500.0,12.0,False,True,True,178.0,23.83404078323584,186.0,KAVALAPPARA-2019-LS-01|neg|1,0,,2019-07-02T12:00:00,0.5,1.2,4.1,6.7,15.299999999999999,29.400000000000002,48.5,131.9,577.5999999999999,1.7,0.501,0.514
KAVALAPPARA-2019-LS-01,Southern Western Ghats,landslide,B,REAL_RECONSTRUCTED,critical,11.4082009,76.2368496,OK,500.0,12.0,False,True,True,178.0,23.83404078323584,186.0,KAVALAPPARA-2019-LS-01|neg|2,0,,2019-08-24T00:00:00,0.5,0.2,0.4,1.0,12.6,24.8,65.1,200.89999999999998,670.8,0.4,0.501,0.507
KAVALAPPARA-2019-LS-01,Southern Western Ghats,landslide,B,REAL_RECONSTRUCTED,critical,11.4082009,76.2368496,OK,500.0,12.0,False,True,True,178.0,23.83404078323584,186.0,KAVALAPPARA-2019-LS-01|neg|3,0,,2019-06-20T12:00:00,0.5,3.7,5.4,8.2,20.799999999999997,117.9,165.9,276.0,609.8,3.7,0.507,0.519
KAVALAPPARA-2019-LS-01,Southern Western Ghats,landslide,B,REAL_RECONSTRUCTED,critical,11.4082009,76.2368496,OK,500.0,12.0,False,True,True,178.0,23.83404078323584,186.0,KAVALAPPARA-2019-LS-01|neg|4,0,,2019-07-01T12:00:00,0.5,0.8,1.6,2.2,4.3,12.1,23.9,149.3,560.7,0.8,0.499,0.496
KAVALAPPARA-2019-LS-01,Southern Western Ghats,landslide,B,REAL_RECONSTRUCTED,critical,11.4082009,76.2368496,OK,500.0,12.0,False,True,True,178.0,23.83404078323584,186.0,KAVALAPPARA-2019-LS-01|neg|5,0,,2019-06-13T12:00:00,0.5,2.3,6.2,9.2,15.5,35.800000000000004,187.5,322.3,429.6,2.3,0.502,0.517
KAVALAPPARA-2019-LS-01,Southern Western Ghats,landslide,B,REAL_RECONSTRUCTED,critical,11.4082009,76.2368496,OK,500.0,12.0,False,True,True,178.0,23.83404078323584,186.0,KAVALAPPARA-2019-LS-01|neg|6,0,,2019-06-14T00:00:00,0.5,1.4,3.4,9.600000000000001,23.5,39.0,163.2,344.1,452.09999999999997,4.0,0.519,0.513
KAVALAPPARA-2019-LS-01,Southern Western Ghats,landslide,B,REAL_RECONSTRUCTED,critical,11.4082009,76.2368496,OK,500.0,12.0,False,True,True,178.0,23.83404078323584,186.0,KAVALAPPARA-2019-LS-01|neg|7,0,,2019-07-18T12:00:00,0.5,1.4,4.699999999999999,5.699999999999999,5.699999999999999,27.900000000000002,108.00000000000001,171.5,436.5,1.9,0.51,0.482
KAVALAPPARA-2019-LS-01,Southern Western Ghats,landslide,B,REAL_RECONSTRUCTED,critical,11.4082009,76.2368496,OK,500.0,12.0,False,True,True,178.0,23.83404078323584,186.0,KAVALAPPARA-2019-LS-01|neg|8,0,,2019-06-30T12:00:00,0.5,0.7,1.1,1.7,2.5,7.0,24.200000000000003,174.0,575.8,0.7,0.498,0.488
KAVALAPPARA-2019-LS-01,Southern Western Ghats,landslide,B,REAL_RECONSTRUCTED,critical,11.4082009,76.2368496,OK,500.0,12.0,False,True,True,178.0,23.83404078323584,186.0,KAVALAPPARA-2019-LS-01|neg|9,0,,2019-07-10T12:00:00,0.5,2.0,4.8,6.0,11.6,53.900000000000006,96.69999999999999,238.10000000000002,396.8,2.0,0.507,0.52
KAVALAPPARA-2019-LS-01,Southern Western Ghats,landslide,B,REAL_RECONSTRUCTED,critical,11.4082009,76.2368496,OK,500.0,12.0,False,True,True,178.0,23.83404078323584,186.0,KAVALAPPARA-2019-LS-01|neg|10,0,,2019-07-21T12:00:00,0.5,3.8,8.2,17.2,44.800000000000004,102.2,227.6,363.09999999999997,551.6,3.8,0.503,0.518
KAVALAPPARA-2019-LS-01,Southern Western Ghats,landslide,B,REAL_RECONSTRUCTED,critical,11.4082009,76.2368496,OK,500.0,12.0,False,True,True,178.0,23.83404078323584,186.0,KAVALAPPARA-2019-LS-01|neg|11,0,,2019-07-13T00:00:00,0.5,0.0,0.0,2.3,6.1,6.4,45.6,175.39999999999998,352.4,1.5,0.496,0.488
KAVALAPPARA-2019-LS-01,Southern Western Ghats,landslide,B,REAL_RECONSTRUCTED,critical,11.4082009,76.2368496,OK,500.0,12.0,False,True,True,178.0,23.83404078323584,186.0,KAVALAPPARA-2019-LS-01|neg|12,0,,2019-06-17T12:00:00,0.5,0.4,0.7000000000000001,0.9,1.5,12.5,70.6,297.6,512.2,0.4,0.487,0.485
KAVALAPPARA-2019-LS-01,Southern Western Ghats,landslide,B,REAL_RECONSTRUCTED,critical,11.4082009,76.2368496,OK,500.0,12.0,False,True,True,178.0,23.83404078323584,186.0,KAVALAPPARA-2019-LS-01|neg|13,0,,2019-06-16T12:00:00,0.5,0.2,0.5,1.3,6.8999999999999995,27.2,97.6,354.7,505.20000000000005,0.4,0.499,0.497
KAVALAPPARA-2019-LS-01,Southern Western Ghats,landslide,B,REAL_RECONSTRUCTED,critical,11.4082009,76.2368496,OK,500.0,12.0,False,True,True,178.0,23.83404078323584,186.0,KAVALAPPARA-2019-LS-01|neg|14,0,,2019-09-11T00:00:00,0.5,0.0,0.0,0.7,15.299999999999999,25.2,66.0,191.3,719.9,0.3,0.499,0.509
KAVALAPPARA-2019-LS-01,Southern Western Ghats,landslide,B,REAL_RECONSTRUCTED,critical,11.4082009,76.2368496,OK,500.0,12.0,False,True,True,178.0,23.83404078323584,186.0,KAVALAPPARA-2019-LS-01|neg|15,0,,2019-09-01T12:00:00,0.5,7.2,24.099999999999998,30.2,47.1,72.5,211.0,546.2,771.7,10.5,0.519,0.52
KAVALAPPARA-2019-LS-01,Southern Western Ghats,landslide,B,REAL_RECONSTRUCTED,critical,11.4082009,76.2368496,OK,500.0,12.0,False,True,True,178.0,23.83404078323584,186.0,KAVALAPPARA-2019-LS-01|neg|16,0,,2019-06-11T12:00:00,0.5,1.9,8.5,19.999999999999996,49.8,97.60000000000001,176.1,268.6,341.1,4.4,0.517,0.505
KAVALAPPARA-2019-LS-01,Southern Western Ghats,landslide,B,REAL_RECONSTRUCTED,critical,11.4082009,76.2368496,OK,500.0,12.0,False,True,True,178.0,23.83404078323584,186.0,KAVALAPPARA-2019-LS-01|neg|17,0,,2019-09-20T12:00:00,0.5,2.5,6.5,10.100000000000001,20.599999999999998,43.300000000000004,89.0,213.7,407.7,2.8,0.52,0.506
KAVALAPPARA-2019-LS-01,Southern Western Ghats,landslide,B,REAL_RECONSTRUCTED,critical,11.4082009,76.2368496,OK,500.0,12.0,False,True,True,178.0,23.83404078323584,186.0,KAVALAPPARA-2019-LS-01|neg|18,0,,2019-07-22T00:00:00,0.5,1.9,8.799999999999999,19.2,44.5,89.3,244.39999999999998,386.09999999999997,577.9000000000001,4.4,0.496,0.518
KAVALAPPARA-2019-LS-01,Southern Western Ghats,landslide,B,REAL_RECONSTRUCTED,critical,11.4082009,76.2368496,OK,500.0,12.0,False,True,True,178.0,23.83404078323584,186.0,KAVALAPPARA-2019-LS-01|neg|19,0,,2019-07-08T12:00:00,0.5,0.4,1.9,6.7,10.5,18.200000000000003,80.0,215.8,401.90000000000003,2.0,0.508,0.514
PUTHUMALA-2019-LS-01,Southern Western Ghats,landslide,B,REAL_RECONSTRUCTED,high,11.5585138,76.1287506,OK,500.0,12.0,False,True,True,822.0,8.760585627564495,82.0,PUTHUMALA-2019-LS-01|pos|72,1,72.0,2019-08-05T00:00:00,1.0,2.1,5.0,7.199999999999999,14.600000000000001,21.700000000000003,47.400000000000006,60.8,300.0,2.1,0.501,0.517
PUTHUMALA-2019-LS-01,Southern Western Ghats,landslide,B,REAL_RECONSTRUCTED,high,11.5585138,76.1287506,OK,500.0,12.0,False,True,True,822.0,8.760585627564495,82.0,PUTHUMALA-2019-LS-01|pos|48,1,48.0,2019-08-06T00:00:00,1.0,1.2,2.7,4.4,8.4,31.4,70.60000000000001,88.5,228.0,1.2,0.505,0.516
PUTHUMALA-2019-LS-01,Southern Western Ghats,landslide,B,REAL_RECONSTRUCTED,high,11.5585138,76.1287506,OK,500.0,12.0,False,True,True,822.0,8.760585627564495,82.0,PUTHUMALA-2019-LS-01|pos|24,1,24.0,2019-08-07T00:00:00,1.0,3.6,9.9,14.1,29.7,56.7,109.80000000000001,143.6,217.5,4.3,0.496,0.519
PUTHUMALA-2019-LS-01,Southern Western Ghats,landslide,B,REAL_RECONSTRUCTED,high,11.5585138,76.1287506,OK,500.0,12.0,False,True,True,822.0,8.760585627564495,82.0,PUTHUMALA-2019-LS-01|pos|12,1,12.0,2019-08-07T12:00:00,1.0,3.9,8.5,12.3,23.0,52.699999999999996,125.7,163.0,233.4,3.9,0.503,0.517
PUTHUMALA-2019-LS-01,Southern Western Ghats,landslide,B,REAL_RECONSTRUCTED,high,11.5585138,76.1287506,OK,500.0,12.0,False,True,True,822.0,8.760585627564495,82.0,PUTHUMALA-2019-LS-01|neg|0,0,,2019-06-18T12:00:00,0.5,0.4,0.6000000000000001,0.7000000000000001,1.2,1.8,10.5,101.9,262.79999999999995,0.4,0.481,0.48
PUTHUMALA-2019-LS-01,Southern Western Ghats,landslide,B,REAL_RECONSTRUCTED,high,11.5585138,76.1287506,OK,500.0,12.0,False,True,True,822.0,8.760585627564495,82.0,PUTHUMALA-2019-LS-01|neg|1,0,,2019-06-26T00:00:00,0.5,0.1,0.30000000000000004,0.30000000000000004,2.9,4.6000000000000005,28.0,217.0,337.0,0.1,0.499,0.507
PUTHUMALA-2019-LS-01,Southern Western Ghats,landslide,B,REAL_RECONSTRUCTED,high,11.5585138,76.1287506,OK,500.0,12.0,False,True,True,822.0,8.760585627564495,82.0,PUTHUMALA-2019-LS-01|neg|2,0,,2019-09-02T12:00:00,0.5,1.4,4.300000000000001,7.1,10.4,21.900000000000002,60.2,138.0,307.2,1.6,0.514,0.515
PUTHUMALA-2019-LS-01,Southern Western Ghats,landslide,B,REAL_RECONSTRUCTED,high,11.5585138,76.1287506,OK,500.0,12.0,False,True,True,822.0,8.760585627564495,82.0,PUTHUMALA-2019-LS-01|neg|3,0,,2019-08-24T12:00:00,0.5,1.7,3.3,3.8,6.2,9.9,31.400000000000002,103.4,394.50000000000006,1.7,0.519,0.512
PUTHUMALA-2019-LS-01,Southern Western Ghats,landslide,B,REAL_RECONSTRUCTED,high,11.5585138,76.1287506,OK,500.0,12.0,False,True,True,822.0,8.760585627564495,82.0,PUTHUMALA-2019-LS-01|neg|4,0,,2019-06-20T12:00:00,0.5,18.5,20.8,24.2,47.7,76.3,83.80000000000001,124.60000000000001,326.4,18.5,0.516,0.52
PUTHUMALA-2019-LS-01,Southern Western Ghats,landslide,B,REAL_RECONSTRUCTED,high,11.5585138,76.1287506,OK,500.0,12.0,False,True,True,822.0,8.760585627564495,82.0,PUTHUMALA-2019-LS-01|neg|5,0,,2019-06-14T12:00:00,0.5,1.8,4.2,5.1000000000000005,8.5,20.6,79.9,190.89999999999998,281.0,1.8,0.515,0.516
PUTHUMALA-2019-LS-01,Southern Western Ghats,landslide,B,REAL_RECONSTRUCTED,high,11.5585138,76.1287506,OK,500.0,12.0,False,True,True,822.0,8.760585627564495,82.0,PUTHUMALA-2019-LS-01|neg|6,0,,2019-06-23T00:00:00,0.5,1.4,8.5,9.700000000000001,25.2,40.1,157.8,196.89999999999998,365.0,4.0,0.518,0.494
PUTHUMALA-2019-LS-01,Southern Western Ghats,landslide,B,REAL_RECONSTRUCTED,high,11.5585138,76.1287506,OK,500.0,12.0,False,True,True,822.0,8.760585627564495,82.0,PUTHUMALA-2019-LS-01|neg|7,0,,2019-06-26T12:00:00,0.5,0.6,0.8,1.8000000000000003,6.3999999999999995,9.3,20.9,220.8,328.4,0.6,0.506,0.505
PUTHUMALA-2019-LS-01,Southern Western Ghats,landslide,B,REAL_RECONSTRUCTED,high,11.5585138,76.1287506,OK,500.0,12.0,False,True,True,822.0,8.760585627564495,82.0,PUTHUMALA-2019-LS-01|neg|8,0,,2019-09-10T00:00:00,0.5,0.1,0.4,0.5,4.699999999999999,10.4,48.599999999999994,137.9,303.1,0.2,0.499,0.504
PUTHUMALA-2019-LS-01,Southern Western Ghats,landslide,B,REAL_RECONSTRUCTED,high,11.5585138,76.1287506,OK,500.0,12.0,False,True,True,822.0,8.760585627564495,82.0,PUTHUMALA-2019-LS-01|neg|9,0,,2019-07-19T12:00:00,0.5,6.4,22.200000000000003,37.3,50.5,71.6,111.4,165.0,320.70000000000005,9.4,0.509,0.494
PUTHUMALA-2019-LS-01,Southern Western Ghats,landslide,B,REAL_RECONSTRUCTED,high,11.5585138,76.1287506,OK,500.0,12.0,False,True,True,822.0,8.760585627564495,82.0,PUTHUMALA-2019-LS-01|neg|10,0,,2019-09-02T00:00:00,0.5,1.1,3.2,4.2,11.500000000000002,30.5,55.900000000000006,143.7,309.5,1.8,0.493,0.517
PUTHUMALA-2019-LS-01,Southern Western Ghats,landslide,B,REAL_RECONSTRUCTED,high,11.5585138,76.1287506,OK,500.0,12.0,False,True,True,822.0,8.760585627564495,82.0,PUTHUMALA-2019-LS-01|neg|11,0,,2019-06-11T12:00:00,0.5,0.9,2.3,4.800000000000001,15.000000000000002,32.0,70.30000000000001,154.4,215.2,0.9,0.517,0.514
PUTHUMALA-2019-LS-01,Southern Western Ghats,landslide,B,REAL_RECONSTRUCTED,high,11.5585138,76.1287506,OK,500.0,12.0,False,True,True,822.0,8.760585627564495,82.0,PUTHUMALA-2019-LS-01|neg|12,0,,2019-07-22T00:00:00,0.5,1.5,7.2,26.099999999999998,49.7,103.39999999999999,264.3,353.09999999999997,480.70000000000005,9.6,0.518,0.508
PUTHUMALA-2019-LS-01,Southern Western Ghats,landslide,B,REAL_RECONSTRUCTED,high,11.5585138,76.1287506,OK,500.0,12.0,False,True,True,822.0,8.760585627564495,82.0,PUTHUMALA-2019-LS-01|neg|13,0,,2019-09-19T12:00:00,0.5,0.2,2.0,4.4,5.4,9.7,40.8,71.2,189.2,1.7,0.507,0.511
PUTHUMALA-2019-LS-01,Southern Western Ghats,landslide,B,REAL_RECONSTRUCTED,high,11.5585138,76.1287506,OK,500.0,12.0,False,True,True,822.0,8.760585627564495,82.0,PUTHUMALA-2019-LS-01|neg|14,0,,2019-06-11T00:00:00,0.5,0.5,1.4,3.5999999999999996,17.0,43.1,56.0,141.0,202.99999999999997,1.4,0.515,0.515
PUTHUMALA-2019-LS-01,Southern Western Ghats,landslide,B,REAL_RECONSTRUCTED,high,11.5585138,76.1287506,OK,500.0,12.0,False,True,True,822.0,8.760585627564495,82.0,PUTHUMALA-2019-LS-01|neg|15,0,,2019-08-30T00:00:00,0.5,0.4,1.6,2.2,6.300000000000001,12.200000000000001,47.8,171.8,305.9,1.1,0.512,0.51
PUTHUMALA-2019-LS-01,Southern Western Ghats,landslide,B,REAL_RECONSTRUCTED,high,11.5585138,76.1287506,OK,500.0,12.0,False,True,True,822.0,8.760585627564495,82.0,PUTHUMALA-2019-LS-01|neg|16,0,,2019-07-18T12:00:00,0.5,7.7,10.9,11.1,11.1,16.3,56.599999999999994,95.9,265.6,7.7,0.52,0.513
PUTHUMALA-2019-LS-01,Southern Western Ghats,landslide,B,REAL_RECONSTRUCTED,high,11.5585138,76.1287506,OK,500.0,12.0,False,True,True,822.0,8.760585627564495,82.0,PUTHUMALA-2019-LS-01|neg|17,0,,2019-07-02T00:00:00,0.5,2.4,3.0999999999999996,3.5,5.0,10.2,29.8,59.0,277.3,2.4,0.518,0.503
PUTHUMALA-2019-LS-01,Southern Western Ghats,landslide,B,REAL_RECONSTRUCTED,high,11.5585138,76.1287506,OK,500.0,12.0,False,True,True,822.0,8.760585627564495,82.0,PUTHUMALA-2019-LS-01|neg|18,0,,2019-06-16T12:00:00,0.5,0.0,0.1,1.0,1.6,7.300000000000001,39.4,164.6,283.6,0.5,0.498,0.501
PUTHUMALA-2019-LS-01,Southern Western Ghats,landslide,B,REAL_RECONSTRUCTED,high,11.5585138,76.1287506,OK,500.0,12.0,False,True,True,822.0,8.760585627564495,82.0,PUTHUMALA-2019-LS-01|neg|19,0,,2019-07-01T12:00:00,0.5,0.3,0.6000000000000001,1.5000000000000002,5.2,13.5,26.700000000000003,57.2,272.70000000000005,0.4,0.505,0.506
PETTIMUDI-2020-LS-01,Southern Western Ghats,landslide,B,REAL_RECONSTRUCTED,critical,10.0869959,77.0600915,COARSE,10000.0,12.0,False,False,False,1457.0,7.540819124247191,51.0,PETTIMUDI-2020-LS-01|pos|72,1,72.0,2020-08-03T00:00:00,1.0,2.7,6.6,15.5,35.1,66.5,121.3,185.5,280.4,4.7,0.43,0.43
PETTIMUDI-2020-LS-01,Southern Western Ghats,landslide,B,REAL_RECONSTRUCTED,critical,10.0869959,77.0600915,COARSE,10000.0,12.0,False,False,False,1457.0,7.540819124247191,51.0,PETTIMUDI-2020-LS-01|pos|48,1,48.0,2020-08-04T00:00:00,1.0,2.9,11.6,23.2,42.0,78.0,176.89999999999998,262.0,333.7,4.5,0.43,0.43
PETTIMUDI-2020-LS-01,Southern Western Ghats,landslide,B,REAL_RECONSTRUCTED,critical,10.0869959,77.0600915,COARSE,10000.0,12.0,False,False,False,1457.0,7.540819124247191,51.0,PETTIMUDI-2020-LS-01|pos|24,1,24.0,2020-08-05T00:00:00,1.0,2.5,6.199999999999999,13.899999999999999,30.6,66.5,211.0,322.09999999999997,375.4,2.9,0.43,0.43
PETTIMUDI-2020-LS-01,Southern Western Ghats,landslide,B,REAL_RECONSTRUCTED,critical,10.0869959,77.0600915,COARSE,10000.0,12.0,False,False,False,1457.0,7.540819124247191,51.0,PETTIMUDI-2020-LS-01|pos|12,1,12.0,2020-08-05T12:00:00,1.0,1.8,4.7,13.100000000000001,36.199999999999996,66.8,215.8,346.6,408.79999999999995,3.5,0.43,0.428
PETTIMUDI-2020-LS-01,Southern Western Ghats,landslide,B,REAL_RECONSTRUCTED,critical,10.0869959,77.0600915,COARSE,10000.0,12.0,False,False,False,1457.0,7.540819124247191,51.0,PETTIMUDI-2020-LS-01|neg|0,0,,2020-06-30T00:00:00,0.5,0.3,1.2,3.3,18.0,26.599999999999998,45.699999999999996,91.0,149.20000000000002,1.5,0.427,0.427
PETTIMUDI-2020-LS-01,Southern Western Ghats,landslide,B,REAL_RECONSTRUCTED,critical,10.0869959,77.0600915,COARSE,10000.0,12.0,False,False,False,1457.0,7.540819124247191,51.0,PETTIMUDI-2020-LS-01|neg|1,0,,2020-06-11T12:00:00,0.5,0.1,1.0,2.4,4.299999999999999,12.900000000000002,19.7,110.4,232.4,0.5,0.421,0.42
PETTIMUDI-2020-LS-01,Southern Western Ghats,landslide,B,REAL_RECONSTRUCTED,critical,10.0869959,77.0600915,COARSE,10000.0,12.0,False,False,False,1457.0,7.540819124247191,51.0,PETTIMUDI-2020-LS-01|neg|2,0,,2020-06-14T00:00:00,0.5,0.5,1.2,2.7,12.500000000000002,20.1,43.8,86.39999999999999,214.2,0.6,0.428,0.427
PETTIMUDI-2020-LS-01,Southern Western Ghats,landslide,B,REAL_RECONSTRUCTED,critical,10.0869959,77.0600915,COARSE,10000.0,12.0,False,False,False,1457.0,7.540819124247191,51.0,PETTIMUDI-2020-LS-01|neg|3,0,,2020-06-19T00:00:00,0.5,0.0,0.0,0.0,2.9,4.5,25.3,79.2,204.8,0.0,0.409,0.411
PETTIMUDI-2020-LS-01,Southern Western Ghats,landslide,B,REAL_RECONSTRUCTED,critical,10.0869959,77.0600915,COARSE,10000.0,12.0,False,False,False,1457.0,7.540819124247191,51.0,PETTIMUDI-2020-LS-01|neg|4,0,,2020-08-27T00:00:00,0.5,0.0,0.1,2.5000000000000004,26.3,33.3,82.5,93.9,130.10000000000002,1.6,0.421,0.424
PETTIMUDI-2020-LS-01,Southern Western Ghats,landslide,B,REAL_RECONSTRUCTED,critical,10.0869959,77.0600915,COARSE,10000.0,12.0,False,False,False,1457.0,7.540819124247191,51.0,PETTIMUDI-2020-LS-01|neg|5,0,,2020-06-22T12:00:00,0.5,0.7,2.0999999999999996,6.199999999999999,6.6,8.9,19.8,52.1,149.4,2.2,0.427,0.423
PETTIMUDI-2020-LS-01,Southern Western Ghats,landslide,B,REAL_RECONSTRUCTED,critical,10.0869959,77.0600915,COARSE,10000.0,12.0,False,False,False,1457.0,7.540819124247191,51.0,PETTIMUDI-2020-LS-01|neg|6,0,,2020-09-15T00:00:00,0.5,0.1,0.2,0.7999999999999999,9.3,13.700000000000001,44.8,164.5,394.9,0.5,0.421,0.424
PETTIMUDI-2020-LS-01,Southern Western Ghats,landslide,B,REAL_RECONSTRUCTED,critical,10.0869959,77.0600915,COARSE,10000.0,12.0,False,False,False,1457.0,7.540819124247191,51.0,PETTIMUDI-2020-LS-01|neg|7,0,,2020-07-06T00:00:00,0.5,2.5,5.3,7.6,17.1,44.400000000000006,101.4,143.0,226.2,2.5,0.43,0.43
PETTIMUDI-2020-LS-01,Southern Western Ghats,landslide,B,REAL_RECONSTRUCTED,critical,10.0869959,77.0600915,COARSE,10000.0,12.0,False,False,False,1457.0,7.540819124247191,51.0,PETTIMUDI-2020-LS-01|neg|8,0,,2020-06-14T12:00:00,0.5,0.6,2.8000000000000003,7.3999999999999995,14.4,26.9,53.9,93.8,228.1,3.0,0.428,0.429
PETTIMUDI-2020-LS-01,Southern Western Ghats,landslide,B,REAL_RECONSTRUCTED,critical,10.0869959,77.0600915,COARSE,10000.0,12.0,False,False,False,1457.0,7.540819124247191,51.0,PETTIMUDI-2020-LS-01|neg|9,0,,2020-06-10T12:00:00,0.5,2.8,3.1999999999999997,3.1999999999999997,3.1999999999999997,4.8999999999999995,27.0,111.6,227.89999999999998,2.8,0.42,0.402
PETTIMUDI-2020-LS-01,Southern Western Ghats,landslide,B,REAL_RECONSTRUCTED,critical,10.0869959,77.0600915,COARSE,10000.0,12.0,False,False,False,1457.0,7.540819124247191,51.0,PETTIMUDI-2020-LS-01|neg|10,0,,2020-06-27T12:00:00,0.5,0.0,1.7000000000000002,6.8999999999999995,8.5,13.4,52.0,73.5,150.89999999999998,2.0,0.425,0.427
PETTIMUDI-2020-LS-01,Southern Western Ghats,landslide,B,REAL_RECONSTRUCTED,critical,10.0869959,77.0600915,COARSE,10000.0,12.0,False,False,False,1457.0,7.540819124247191,51.0,PETTIMUDI-2020-LS-01|neg|11,0,,2020-06-24T12:00:00,0.5,0.5,0.6,0.6,0.6,0.7999999999999999,15.7,44.900000000000006,134.1,0.5,0.402,0.405
PETTIMUDI-2020-LS-01,Southern Western Ghats,landslide,B,REAL_RECONSTRUCTED,critical,10.0869959,77.0600915,COARSE,10000.0,12.0,False,False,False,1457.0,7.540819124247191,51.0,PETTIMUDI-2020-LS-01|neg|12,0,,2020-09-10T12:00:00,0.5,1.9,5.9,10.3,32.2,49.8,70.6,169.5,332.8,2.8,0.43,0.43
PETTIMUDI-2020-LS-01,Southern Western Ghats,landslide,B,REAL_RECONSTRUCTED,critical,10.0869959,77.0600915,COARSE,10000.0,12.0,False,False,False,1457.0,7.540819124247191,51.0,PETTIMUDI-2020-LS-01|neg|13,0,,2020-07-02T00:00:00,0.5,0.0,0.0,0.30000000000000004,2.2,4.0,33.300000000000004,84.3,145.6,0.2,0.404,0.408
PETTIMUDI-2020-LS-01,Southern Western Ghats,landslide,B,REAL_RECONSTRUCTED,critical,10.0869959,77.0600915,COARSE,10000.0,12.0,False,False,False,1457.0,7.540819124247191,51.0,PETTIMUDI-2020-LS-01|neg|14,0,,2020-07-18T12:00:00,0.5,0.3,1.0,1.0,2.4,19.1,79.7,99.6,223.2,0.4,0.417,0.421
PETTIMUDI-2020-LS-01,Southern Western Ghats,landslide,B,REAL_RECONSTRUCTED,critical,10.0869959,77.0600915,COARSE,10000.0,12.0,False,False,False,1457.0,7.540819124247191,51.0,PETTIMUDI-2020-LS-01|neg|15,0,,2020-07-01T12:00:00,0.5,0.3,0.7,1.7,1.8,3.7,34.8,93.69999999999999,146.3,0.5,0.41,0.41
PETTIMUDI-2020-LS-01,Southern Western Ghats,landslide,B,REAL_RECONSTRUCTED,critical,10.0869959,77.0600915,COARSE,10000.0,12.0,False,False,False,1457.0,7.540819124247191,51.0,PETTIMUDI-2020-LS-01|neg|16,0,,2020-07-09T12:00:00,0.5,0.2,1.8,1.8,1.8,3.2,13.5,128.8,225.5,1.5,0.409,0.406
PETTIMUDI-2020-LS-01,Southern Western Ghats,landslide,B,REAL_RECONSTRUCTED,critical,10.0869959,77.0600915,COARSE,10000.0,12.0,False,False,False,1457.0,7.540819124247191,51.0,PETTIMUDI-2020-LS-01|neg|17,0,,2020-07-12T12:00:00,0.5,0.5,0.8,1.1,2.8000000000000003,5.699999999999999,21.5,58.5,195.0,0.5,0.414,0.414
PETTIMUDI-2020-LS-01,Southern Western Ghats,landslide,B,REAL_RECONSTRUCTED,critical,10.0869959,77.0600915,COARSE,10000.0,12.0,False,False,False,1457.0,7.540819124247191,51.0,PETTIMUDI-2020-LS-01|neg|18,0,,2020-06-27T00:00:00,0.5,0.1,0.2,0.30000000000000004,4.8999999999999995,23.9,44.099999999999994,66.0,154.5,0.1,0.415,0.418
PETTIMUDI-2020-LS-01,Southern Western Ghats,landslide,B,REAL_RECONSTRUCTED,critical,10.0869959,77.0600915,COARSE,10000.0,12.0,False,False,False,1457.0,7.540819124247191,51.0,PETTIMUDI-2020-LS-01|neg|19,0,,2020-09-13T00:00:00,0.5,0.0,0.0,0.4,6.5,15.8,100.2,190.5,370.6,0.3,0.421,0.425
KOOTTICKAL-2021-LS-01,Southern Western Ghats,landslide,B,REAL_RECONSTRUCTED,high,8.9742228,76.7944427,OK,5000.0,12.0,False,False,False,57.0,1.423724873198208,18.0,KOOTTICKAL-2021-LS-01|pos|72,1,72.0,2021-10-13T00:00:00,1.0,0.1,0.6,1.8,8.500000000000002,20.200000000000003,81.30000000000001,122.9,308.70000000000005,0.5,0.492,0.471
KOOTTICKAL-2021-LS-01,Southern Western Ghats,landslide,B,REAL_RECONSTRUCTED,high,8.9742228,76.7944427,OK,5000.0,12.0,False,False,False,57.0,1.423724873198208,18.0,KOOTTICKAL-2021-LS-01|pos|48,1,48.0,2021-10-14T00:00:00,1.0,0.0,1.4000000000000001,1.4000000000000001,2.6,3.7,65.0,117.50000000000001,289.20000000000005,1.1,0.481,0.467
KOOTTICKAL-2021-LS-01,Southern Western Ghats,landslide,B,REAL_RECONSTRUCTED,high,8.9742228,76.7944427,OK,5000.0,12.0,False,False,False,57.0,1.423724873198208,18.0,KOOTTICKAL-2021-LS-01|pos|24,1,24.0,2021-10-15T00:00:00,1.0,0.1,0.2,0.7,1.8000000000000003,5.2,29.1,118.6,290.90000000000003,0.3,0.486,0.48
KOOTTICKAL-2021-LS-01,Southern Western Ghats,landslide,B,REAL_RECONSTRUCTED,high,8.9742228,76.7944427,OK,5000.0,12.0,False,False,False,57.0,1.423724873198208,18.0,KOOTTICKAL-2021-LS-01|pos|12,1,12.0,2021-10-15T12:00:00,1.0,0.6,0.6,1.7999999999999998,3.4999999999999996,5.3,20.9,118.5,292.3,0.6,0.49,0.482
KOOTTICKAL-2021-LS-01,Southern Western Ghats,landslide,B,REAL_RECONSTRUCTED,high,8.9742228,76.7944427,OK,5000.0,12.0,False,False,False,57.0,1.423724873198208,18.0,KOOTTICKAL-2021-LS-01|neg|0,0,,2021-11-18T00:00:00,0.5,0.0,0.0,0.2,5.7,6.1,55.8,177.4,298.4,0.1,0.465,0.48
KOOTTICKAL-2021-LS-01,Southern Western Ghats,landslide,B,REAL_RECONSTRUCTED,high,8.9742228,76.7944427,OK,5000.0,12.0,False,False,False,57.0,1.423724873198208,18.0,KOOTTICKAL-2021-LS-01|neg|1,0,,2021-10-01T12:00:00,0.5,0.3,0.7,2.6,3.7000000000000006,4.9,20.4,123.9,157.0,1.8,0.493,0.476
KOOTTICKAL-2021-LS-01,Southern Western Ghats,landslide,B,REAL_RECONSTRUCTED,high,8.9742228,76.7944427,OK,5000.0,12.0,False,False,False,57.0,1.423724873198208,18.0,KOOTTICKAL-2021-LS-01|neg|2,0,,2021-11-05T00:00:00,0.5,0.1,0.1,0.4,7.899999999999999,23.9,68.9,160.0,329.70000000000005,0.2,0.496,0.507
KOOTTICKAL-2021-LS-01,Southern Western Ghats,landslide,B,REAL_RECONSTRUCTED,high,8.9742228,76.7944427,OK,5000.0,12.0,False,False,False,57.0,1.423724873198208,18.0,KOOTTICKAL-2021-LS-01|neg|3,0,,2021-11-16T00:00:00,0.5,0.2,3.1000000000000005,4.1,7.8999999999999995,35.0,138.5,171.0,332.6,1.8,0.512,0.513
KOOTTICKAL-2021-LS-01,Southern Western Ghats,landslide,B,REAL_RECONSTRUCTED,high,8.9742228,76.7944427,OK,5000.0,12.0,False,False,False,57.0,1.423724873198208,18.0,KOOTTICKAL-2021-LS-01|neg|4,0,,2021-11-09T00:00:00,0.5,0.4,2.1,3.9,12.4,20.0,30.6,122.89999999999999,300.09999999999997,1.0,0.515,0.514
KOOTTICKAL-2021-LS-01,Southern Western Ghats,landslide,B,REAL_RECONSTRUCTED,high,8.9742228,76.7944427,OK,5000.0,12.0,False,False,False,57.0,1.423724873198208,18.0,KOOTTICKAL-2021-LS-01|neg|5,0,,2021-11-17T12:00:00,0.5,0.2,0.4,0.4,0.4,9.9,83.6,171.70000000000002,308.5,0.2,0.48,0.494
KOOTTICKAL-2021-LS-01,Southern Western Ghats,landslide,B,REAL_RECONSTRUCTED,high,8.9742228,76.7944427,OK,5000.0,12.0,False,False,False,57.0,1.423724873198208,18.0,KOOTTICKAL-2021-LS-01|neg|6,0,,2021-09-30T00:00:00,0.5,0.5,0.6,0.6,2.4,3.5,80.39999999999999,122.8,175.8,0.5,0.482,0.484
KOOTTICKAL-2021-LS-01,Southern Western Ghats,landslide,B,REAL_RECONSTRUCTED,high,8.9742228,76.7944427,OK,5000.0,12.0,False,False,False,57.0,1.423724873198208,18.0,KOOTTICKAL-2021-LS-01|neg|7,0,,2021-11-08T00:00:00,0.5,0.1,0.30000000000000004,0.30000000000000004,2.0000000000000004,2.4,34.0,141.6,284.0,0.1,0.474,0.472
KOOTTICKAL-2021-LS-01,Southern Western Ghats,landslide,B,REAL_RECONSTRUCTED,high,8.9742228,76.7944427,OK,5000.0,12.0,False,False,False,57.0,1.423724873198208,18.0,KOOTTICKAL-2021-LS-01|neg|8,0,,2021-11-29T12:00:00,0.5,0.5,3.3,3.8,4.0,20.9,72.3,151.5,267.5,2.0,0.513,0.508
KOOTTICKAL-2021-LS-01,Southern Western Ghats,landslide,B,REAL_RECONSTRUCTED,high,8.9742228,76.7944427,OK,5000.0,12.0,False,False,False,57.0,1.423724873198208,18.0,KOOTTICKAL-2021-LS-01|neg|9,0,,2021-11-19T00:00:00,0.5,0.0,0.0,0.0,1.5,5.9,26.7,180.79999999999998,275.6,0.0,0.48,0.474
KOOTTICKAL-2021-LS-01,Southern Western Ghats,landslide,B,REAL_RECONSTRUCTED,high,8.9742228,76.7944427,OK,5000.0,12.0,False,False,False,57.0,1.423724873198208,18.0,KOOTTICKAL-2021-LS-01|neg|10,0,,2021-11-10T12:00:00,0.5,0.0,0.0,0.3,7.2,12.100000000000001,36.4,111.6,298.4,0.3,0.487,0.49
KOOTTICKAL-2021-LS-01,Southern Western Ghats,landslide,B,REAL_RECONSTRUCTED,high,8.9742228,76.7944427,OK,5000.0,12.0,False,False,False,57.0,1.423724873198208,18.0,KOOTTICKAL-2021-LS-01|neg|11,0,,2021-11-22T00:00:00,0.5,0.0,0.0,0.0,0.0,0.0,20.799999999999997,82.5,240.9,0.0,0.458,0.478
KOOTTICKAL-2021-LS-01,Southern Western Ghats,landslide,B,REAL_RECONSTRUCTED,high,8.9742228,76.7944427,OK,5000.0,12.0,False,False,False,57.0,1.423724873198208,18.0,KOOTTICKAL-2021-LS-01|neg|12,0,,2021-11-21T00:00:00,0.5,0.0,0.0,0.0,0.30000000000000004,5.2,26.700000000000003,137.3,249.09999999999997,0.0,0.48,0.495
KOOTTICKAL-2021-LS-01,Southern Western Ghats,landslide,B,REAL_RECONSTRUCTED,high,8.9742228,76.7944427,OK,5000.0,12.0,False,False,False,57.0,1.423724873198208,18.0,KOOTTICKAL-2021-LS-01|neg|13,0,,2021-08-22T12:00:00,0.5,0.0,0.30000000000000004,0.4,0.4,4.1000000000000005,11.3,58.900000000000006,186.7,0.2,0.462,0.463
KOOTTICKAL-2021-LS-01,Southern Western Ghats,landslide,B,REAL_RECONSTRUCTED,high,8.9742228,76.7944427,OK,5000.0,12.0,False,False,False,57.0,1.423724873198208,18.0,KOOTTICKAL-2021-LS-01|neg|14,0,,2021-08-19T00:00:00,0.5,0.3,1.0,2.9000000000000004,13.3,22.4,43.5,81.9,236.3,0.8,0.512,0.512
KOOTTICKAL-2021-LS-01,Southern Western Ghats,landslide,B,REAL_RECONSTRUCTED,high,8.9742228,76.7944427,OK,5000.0,12.0,False,False,False,57.0,1.423724873198208,18.0,KOOTTICKAL-2021-LS-01|neg|15,0,,2021-09-24T00:00:00,0.5,0.0,0.2,1.0,2.0000000000000004,5.2,9.400000000000002,27.1,105.8,0.4,0.467,0.451
KOOTTICKAL-2021-LS-01,Southern Western Ghats,landslide,B,REAL_RECONSTRUCTED,high,8.9742228,76.7944427,OK,5000.0,12.0,False,False,False,57.0,1.423724873198208,18.0,KOOTTICKAL-2021-LS-01|neg|16,0,,2021-09-16T00:00:00,0.5,0.1,1.1,1.1,9.999999999999998,17.4,34.3,65.0,153.5,0.7,0.503,0.503
KOOTTICKAL-2021-LS-01,Southern Western Ghats,landslide,B,REAL_RECONSTRUCTED,high,8.9742228,76.7944427,OK,5000.0,12.0,False,False,False,57.0,1.423724873198208,18.0,KOOTTICKAL-2021-LS-01|neg|17,0,,2021-11-04T12:00:00,0.5,12.4,12.700000000000001,13.6,16.0,35.3,89.7,162.09999999999997,338.2,12.4,0.504,0.518
KOOTTICKAL-2021-LS-01,Southern Western Ghats,landslide,B,REAL_RECONSTRUCTED,high,8.9742228,76.7944427,OK,5000.0,12.0,False,False,False,57.0,1.423724873198208,18.0,KOOTTICKAL-2021-LS-01|neg|18,0,,2021-11-23T00:00:00,0.5,0.0,0.0,0.0,0.2,0.2,5.4,47.7,238.70000000000002,0.0,0.446,0.468
KOOTTICKAL-2021-LS-01,Southern Western Ghats,landslide,B,REAL_RECONSTRUCTED,high,8.9742228,76.7944427,OK,5000.0,12.0,False,False,False,57.0,1.423724873198208,18.0,KOOTTICKAL-2021-LS-01|neg|19,0,,2021-08-24T12:00:00,0.5,0.2,0.30000000000000004,0.8,0.9000000000000001,3.9000000000000004,13.2,57.900000000000006,146.60000000000002,0.3,0.469,0.463
KATTIPPARA-2018-LS-01,Southern Western Ghats,landslide,B,REAL_RECONSTRUCTED,high,11.4593,75.9211,MANUAL,1500.0,6.0,False,True,True,64.0,3.3191997565440716,58.0,KATTIPPARA-2018-LS-01|pos|72,1,72.0,2018-06-11T00:00:00,1.0,1.9,5.5,11.200000000000001,24.899999999999995,53.6,189.1,333.0,615.9,2.3,0.499,0.518
KATTIPPARA-2018-LS-01,Southern Western Ghats,landslide,B,REAL_RECONSTRUCTED,high,11.4593,75.9211,MANUAL,1500.0,6.0,False,True,True,64.0,3.3191997565440716,58.0,KATTIPPARA-2018-LS-01|pos|48,1,48.0,2018-06-12T00:00:00,1.0,1.6,3.9,6.5,23.299999999999997,41.8,175.5,318.70000000000005,638.2,1.6,0.496,0.518
KATTIPPARA-2018-LS-01,Southern Western Ghats,landslide,B,REAL_RECONSTRUCTED,high,11.4593,75.9211,MANUAL,1500.0,6.0,False,True,True,64.0,3.3191997565440716,58.0,KATTIPPARA-2018-LS-01|pos|24,1,24.0,2018-06-13T00:00:00,1.0,2.0,3.7,6.3999999999999995,16.1,33.9,129.3,329.6,597.4,2.0,0.503,0.518
KATTIPPARA-2018-LS-01,Southern Western Ghats,landslide,B,REAL_RECONSTRUCTED,high,11.4593,75.9211,MANUAL,1500.0,6.0,False,True,True,64.0,3.3191997565440716,58.0,KATTIPPARA-2018-LS-01|pos|12,1,12.0,2018-06-13T12:00:00,1.0,2.2,2.8000000000000003,4.4,13.200000000000003,29.299999999999997,113.8,336.59999999999997,568.0,2.2,0.52,0.511
KATTIPPARA-2018-LS-01,Southern Western Ghats,landslide,B,REAL_RECONSTRUCTED,high,11.4593,75.9211,MANUAL,1500.0,6.0,False,True,True,64.0,3.3191997565440716,58.0,KATTIPPARA-2018-LS-01|pos|6,1,6.0,2018-06-13T18:00:00,1.0,1.2,5.3,14.999999999999998,19.4,34.6,115.1,342.2,560.7,4.7,0.515,0.516
KATTIPPARA-2018-LS-01,Southern Western Ghats,landslide,B,REAL_RECONSTRUCTED,high,11.4593,75.9211,MANUAL,1500.0,6.0,False,True,True,64.0,3.3191997565440716,58.0,KATTIPPARA-2018-LS-01|neg|0,0,,2018-07-20T00:00:00,0.5,1.9,5.4,11.200000000000001,20.999999999999996,45.7,135.9,334.9,528.2,2.7,0.504,0.518
KATTIPPARA-2018-LS-01,Southern Western Ghats,landslide,B,REAL_RECONSTRUCTED,high,11.4593,75.9211,MANUAL,1500.0,6.0,False,True,True,64.0,3.3191997565440716,58.0,KATTIPPARA-2018-LS-01|neg|1,0,,2018-05-29T00:00:00,0.5,36.8,63.9,65.3,72.4,74.7,152.1,221.7,372.09999999999997,36.8,0.52,0.51
KATTIPPARA-2018-LS-01,Southern Western Ghats,landslide,B,REAL_RECONSTRUCTED,high,11.4593,75.9211,MANUAL,1500.0,6.0,False,True,True,64.0,3.3191997565440716,58.0,KATTIPPARA-2018-LS-01|neg|2,0,,2018-05-13T00:00:00,0.5,0.0,0.0,0.0,13.8,19.6,66.89999999999999,170.6,254.3,0.0,0.494,0.491
KATTIPPARA-2018-LS-01,Southern Western Ghats,landslide,B,REAL_RECONSTRUCTED,high,11.4593,75.9211,MANUAL,1500.0,6.0,False,True,True,64.0,3.3191997565440716,58.0,KATTIPPARA-2018-LS-01|neg|3,0,,2018-07-27T00:00:00,0.5,0.3,1.1,2.6,5.5,17.8,68.39999999999999,184.5,541.4,0.6,0.513,0.511
KATTIPPARA-2018-LS-01,Southern Western Ghats,landslide,B,REAL_RECONSTRUCTED,high,11.4593,75.9211,MANUAL,1500.0,6.0,False,True,True,64.0,3.3191997565440716,58.0,KATTIPPARA-2018-LS-01|neg|4,0,,2018-07-24T00:00:00,0.5,0.6,2.2,4.699999999999999,15.4,32.0,84.0,252.0,589.9,1.0,0.516,0.514
KATTIPPARA-2018-LS-01,Southern Western Ghats,landslide,B,REAL_RECONSTRUCTED,high,11.4593,75.9211,MANUAL,1500.0,6.0,False,True,True,64.0,3.3191997565440716,58.0,KATTIPPARA-2018-LS-01|neg|5,0,,2018-07-25T12:00:00,0.5,2.3,3.0999999999999996,4.4,6.799999999999999,23.0,81.2,215.0,572.5,2.3,0.511,0.517
KATTIPPARA-2018-LS-01,Southern Western Ghats,landslide,B,REAL_RECONSTRUCTED,high,11.4593,75.9211,MANUAL,1500.0,6.0,False,True,True,64.0,3.3191997565440716,58.0,KATTIPPARA-2018-LS-01|neg|6,0,,2018-05-09T00:00:00,0.5,4.8,12.0,35.6,42.99999999999999,48.5,72.7,130.4,185.4,9.6,0.519,0.52
KATTIPPARA-2018-LS-01,Southern Western Ghats,landslide,B,REAL_RECONSTRUCTED,high,11.4593,75.9211,MANUAL,1500.0,6.0,False,True,True,64.0,3.3191997565440716,58.0,KATTIPPARA-2018-LS-01|neg|7,0,,2018-07-25T00:00:00,0.5,0.8,2.0,3.7,16.2,29.0,86.0,226.59999999999997,585.7,1.0,0.516,0.507
KATTIPPARA-2018-LS-01,Southern Western Ghats,landslide,B,REAL_RECONSTRUCTED,high,11.4593,75.9211,MANUAL,1500.0,6.0,False,True,True,64.0,3.3191997565440716,58.0,KATTIPPARA-2018-LS-01|neg|8,0,,2018-05-11T12:00:00,0.5,0.1,0.1,0.1,3.7,21.700000000000003,96.3,141.50000000000003,210.3,0.1,0.479,0.484
KATTIPPARA-2018-LS-01,Southern Western Ghats,landslide,B,REAL_RECONSTRUCTED,high,11.4593,75.9211,MANUAL,1500.0,6.0,False,True,True,64.0,3.3191997565440716,58.0,KATTIPPARA-2018-LS-01|neg|9,0,,2018-07-04T12:00:00,0.5,0.1,0.30000000000000004,0.7000000000000001,1.8,6.4,43.2,162.0,489.2,0.4,0.488,0.494
KATTIPPARA-2018-LS-01,Southern Western Ghats,landslide,B,REAL_RECONSTRUCTED,high,11.4593,75.9211,MANUAL,1500.0,6.0,False,True,True,64.0,3.3191997565440716,58.0,KATTIPPARA-2018-LS-01|neg|10,0,,2018-05-17T12:00:00,0.5,0.1,0.1,0.1,0.1,6.8,70.8,161.1,314.1,0.1,0.487,0.488
KATTIPPARA-2018-LS-01,Southern Western Ghats,landslide,B,REAL_RECONSTRUCTED,high,11.4593,75.9211,MANUAL,1500.0,6.0,False,True,True,64.0,3.3191997565440716,58.0,KATTIPPARA-2018-LS-01|neg|11,0,,2018-07-27T12:00:00,0.5,0.3,1.1,1.9000000000000001,7.1,12.6,62.699999999999996,174.10000000000002,541.2,0.5,0.507,0.51
KATTIPPARA-2018-LS-01,Southern Western Ghats,landslide,B,REAL_RECONSTRUCTED,high,11.4593,75.9211,MANUAL,1500.0,6.0,False,True,True,64.0,3.3191997565440716,58.0,KATTIPPARA-2018-LS-01|neg|12,0,,2018-04-28T00:00:00,0.5,0.0,0.0,0.2,0.2,0.2,11.999999999999998,95.5,162.6,0.1,0.43,0.43
KATTIPPARA-2018-LS-01,Southern Western Ghats,landslide,B,REAL_RECONSTRUCTED,high,11.4593,75.9211,MANUAL,1500.0,6.0,False,True,True,64.0,3.3191997565440716,58.0,KATTIPPARA-2018-LS-01|neg|13,0,,2018-06-29T12:00:00,0.5,2.6,17.7,27.0,31.9,49.699999999999996,104.9,239.6,639.5,8.5,0.517,0.489
KATTIPPARA-2018-LS-01,Southern Western Ghats,landslide,B,REAL_RECONSTRUCTED,high,11.4593,75.9211,MANUAL,1500.0,6.0,False,True,True,64.0,3.3191997565440716,58.0,KATTIPPARA-2018-LS-01|neg|14,0,,2018-07-01T00:00:00,0.5,0.0,0.0,0.4,7.8,19.5,96.1,204.8,616.3,0.4,0.5,0.511
KATTIPPARA-2018-LS-01,Southern Western Ghats,landslide,B,REAL_RECONSTRUCTED,high,11.4593,75.9211,MANUAL,1500.0,6.0,False,True,True,64.0,3.3191997565440716,58.0,KATTIPPARA-2018-LS-01|neg|15,0,,2018-07-21T12:00:00,0.5,2.1,4.800000000000001,6.300000000000001,10.6,25.200000000000003,105.8,312.3,563.9000000000001,2.1,0.499,0.517
KATTIPPARA-2018-LS-01,Southern Western Ghats,landslide,B,REAL_RECONSTRUCTED,high,11.4593,75.9211,MANUAL,1500.0,6.0,False,True,True,64.0,3.3191997565440716,58.0,KATTIPPARA-2018-LS-01|neg|16,0,,2018-05-14T12:00:00,0.5,0.1,0.1,0.1,1.6000000000000003,23.799999999999997,68.60000000000001,189.10000000000002,272.79999999999995,0.1,0.486,0.49
KATTIPPARA-2018-LS-01,Southern Western Ghats,landslide,B,REAL_RECONSTRUCTED,high,11.4593,75.9211,MANUAL,1500.0,6.0,False,True,True,64.0,3.3191997565440716,58.0,KATTIPPARA-2018-LS-01|neg|17,0,,2018-07-23T00:00:00,0.5,0.5,4.1,7.8,13.400000000000002,25.0,84.1,267.4,575.7,2.3,0.51,0.515
KATTIPPARA-2018-LS-01,Southern Western Ghats,landslide,B,REAL_RECONSTRUCTED,high,11.4593,75.9211,MANUAL,1500.0,6.0,False,True,True,64.0,3.3191997565440716,58.0,KATTIPPARA-2018-LS-01|neg|18,0,,2018-04-25T12:00:00,0.5,1.8,2.1,2.1,2.1,2.7,37.6,105.5,200.0,1.8,0.483,0.458
KATTIPPARA-2018-LS-01,Southern Western Ghats,landslide,B,REAL_RECONSTRUCTED,high,11.4593,75.9211,MANUAL,1500.0,6.0,False,True,True,64.0,3.3191997565440716,58.0,KATTIPPARA-2018-LS-01|neg|19,0,,2018-04-21T00:00:00,0.5,0.0,0.0,0.0,3.4000000000000004,4.1,21.4,63.900000000000006,137.9,0.0,0.48,0.441
KATTIPPARA-2018-LS-01,Southern Western Ghats,landslide,B,REAL_RECONSTRUCTED,high,11.4593,75.9211,MANUAL,1500.0,6.0,False,True,True,64.0,3.3191997565440716,58.0,KATTIPPARA-2018-LS-01|neg|20,0,,2018-05-18T12:00:00,0.5,0.0,0.0,0.3,9.0,19.3,68.9,158.7,314.1,0.3,0.493,0.498
KATTIPPARA-2018-LS-01,Southern Western Ghats,landslide,B,REAL_RECONSTRUCTED,high,11.4593,75.9211,MANUAL,1500.0,6.0,False,True,True,64.0,3.3191997565440716,58.0,KATTIPPARA-2018-LS-01|neg|21,0,,2018-05-24T00:00:00,0.5,0.1,16.4,16.4,21.3,23.499999999999996,36.1,106.8,299.4,8.2,0.508,0.515
KATTIPPARA-2018-LS-01,Southern Western Ghats,landslide,B,REAL_RECONSTRUCTED,high,11.4593,75.9211,MANUAL,1500.0,6.0,False,True,True,64.0,3.3191997565440716,58.0,KATTIPPARA-2018-LS-01|neg|22,0,,2018-07-11T12:00:00,0.5,3.4,11.9,14.9,21.0,44.8,108.2,153.4,336.5,4.8,0.506,0.517
KATTIPPARA-2018-LS-01,Southern Western Ghats,landslide,B,REAL_RECONSTRUCTED,high,11.4593,75.9211,MANUAL,1500.0,6.0,False,True,True,64.0,3.3191997565440716,58.0,KATTIPPARA-2018-LS-01|neg|23,0,,2018-05-13T12:00:00,0.5,0.1,0.2,0.2,0.2,14.0,66.5,170.6,254.10000000000002,0.1,0.48,0.481
KATTIPPARA-2018-LS-01,Southern Western Ghats,landslide,B,REAL_RECONSTRUCTED,high,11.4593,75.9211,MANUAL,1500.0,6.0,False,True,True,64.0,3.3191997565440716,58.0,KATTIPPARA-2018-LS-01|neg|24,0,,2018-05-30T00:00:00,0.5,0.8,3.0,11.1,33.4,76.0,170.2,292.5,435.30000000000007,5.2,0.514,0.501
KODAGU-2018-LS-01,Southern Western Ghats,landslide,B,REAL_RECONSTRUCTED,high,12.3827332,75.6640715,OK,67128.0,48.0,False,False,False,924.0,11.726887826641583,71.0,KODAGU-2018-LS-01|pos|72,1,72.0,2018-08-14T00:00:00,0.2,2.0,7.6,14.3,19.400000000000002,39.6,117.0,201.8,291.4,2.9,0.502,0.516
KODAGU-2018-LS-01,Southern Western Ghats,landslide,B,REAL_RECONSTRUCTED,high,12.3827332,75.6640715,OK,67128.0,48.0,False,False,False,924.0,11.726887826641583,71.0,KODAGU-2018-LS-01|pos|48,1,48.0,2018-08-15T00:00:00,0.2,2.7,5.8,9.899999999999999,30.5,61.9,157.0,239.4,342.1,2.7,0.507,0.518
KODAGU-2018-LS-01,Southern Western Ghats,landslide,B,REAL_RECONSTRUCTED,high,12.3827332,75.6640715,OK,67128.0,48.0,False,False,False,924.0,11.726887826641583,71.0,KODAGU-2018-LS-01|neg|0,0,,2018-07-16T12:00:00,0.5,2.8,7.2,15.899999999999999,28.0,51.0,157.29999999999998,314.90000000000003,449.40000000000003,3.8,0.499,0.518
KODAGU-2018-LS-01,Southern Western Ghats,landslide,B,REAL_RECONSTRUCTED,high,12.3827332,75.6640715,OK,67128.0,48.0,False,False,False,924.0,11.726887826641583,71.0,KODAGU-2018-LS-01|neg|1,0,,2018-07-17T12:00:00,0.5,2.5,8.0,15.099999999999998,23.099999999999998,44.699999999999996,154.70000000000002,320.0,488.80000000000007,2.8,0.52,0.516
KODAGU-2018-LS-01,Southern Western Ghats,landslide,B,REAL_RECONSTRUCTED,high,12.3827332,75.6640715,OK,67128.0,48.0,False,False,False,924.0,11.726887826641583,71.0,KODAGU-2018-LS-01|neg|2,0,,2018-07-20T12:00:00,0.5,1.4,5.300000000000001,9.700000000000001,20.799999999999997,37.4,106.4,308.4,572.9,2.2,0.507,0.515
KODAGU-2018-LS-01,Southern Western Ghats,landslide,B,REAL_RECONSTRUCTED,high,12.3827332,75.6640715,OK,67128.0,48.0,False,False,False,924.0,11.726887826641583,71.0,KODAGU-2018-LS-01|neg|3,0,,2018-07-25T12:00:00,0.5,1.2,2.7,4.6,6.800000000000001,16.3,91.0,231.89999999999998,592.5,1.2,0.517,0.513
KODAGU-2018-LS-01,Southern Western Ghats,landslide,B,REAL_RECONSTRUCTED,high,12.3827332,75.6640715,OK,67128.0,48.0,False,False,False,924.0,11.726887826641583,71.0,KODAGU-2018-LS-01|neg|4,0,,2018-07-22T00:00:00,0.5,1.0,5.4,10.9,23.6,43.3,106.0,292.70000000000005,598.1,2.6,0.516,0.497
KODAGU-2018-LS-01,Southern Western Ghats,landslide,B,REAL_RECONSTRUCTED,high,12.3827332,75.6640715,OK,67128.0,48.0,False,False,False,924.0,11.726887826641583,71.0,KODAGU-2018-LS-01|neg|5,0,,2018-09-12T12:00:00,0.5,0.0,0.0,0.0,0.0,9.6,10.1,25.700000000000003,70.5,0.0,0.475,0.486
KODAGU-2018-LS-01,Southern Western Ghats,landslide,B,REAL_RECONSTRUCTED,high,12.3827332,75.6640715,OK,67128.0,48.0,False,False,False,924.0,11.726887826641583,71.0,KODAGU-2018-LS-01|neg|6,0,,2018-09-09T12:00:00,0.5,0.0,0.0,0.0,0.0,2.2,13.700000000000001,20.900000000000002,96.0,0.0,0.475,0.484
KODAGU-2018-LS-01,Southern Western Ghats,landslide,B,REAL_RECONSTRUCTED,high,12.3827332,75.6640715,OK,67128.0,48.0,False,False,False,924.0,11.726887826641583,71.0,KODAGU-2018-LS-01|neg|7,0,,2018-06-26T00:00:00,0.5,1.4,3.4,4.9,15.2,20.8,87.1,228.0,329.1,1.4,0.497,0.518
KODAGU-2018-LS-01,Southern Western Ghats,landslide,B,REAL_RECONSTRUCTED,high,12.3827332,75.6640715,OK,67128.0,48.0,False,False,False,924.0,11.726887826641583,71.0,KODAGU-2018-LS-01|neg|8,0,,2018-07-27T00:00:00,0.5,0.4,1.5,2.6,5.7,12.399999999999999,51.2,207.4,551.1,0.6,0.515,0.513
KODAGU-2018-LS-01,Southern Western Ghats,landslide,B,REAL_RECONSTRUCTED,high,12.3827332,75.6640715,OK,67128.0,48.0,False,False,False,924.0,11.726887826641583,71.0,KODAGU-2018-LS-01|neg|9,0,,2018-07-29T00:00:00,0.5,0.1,0.4,1.6,5.6,8.4,30.000000000000004,147.4,492.4,0.5,0.507,0.508
TALACAUVERY-2020-LS-01,Southern Western Ghats,landslide,B,REAL_RECONSTRUCTED,moderate,12.3857285,75.5290234,COARSE,3103.0,12.0,False,False,True,899.0,1.384513363982732,26.0,TALACAUVERY-2020-LS-01|pos|72,1,72.0,2020-08-02T00:00:00,1.0,2.9,7.5,14.1,28.7,43.60000000000001,85.3,183.2,288.8,3.9,0.495,0.519
TALACAUVERY-2020-LS-01,Southern Western Ghats,landslide,B,REAL_RECONSTRUCTED,moderate,12.3857285,75.5290234,COARSE,3103.0,12.0,False,False,True,899.0,1.384513363982732,26.0,TALACAUVERY-2020-LS-01|pos|48,1,48.0,2020-08-03T00:00:00,1.0,3.9,8.8,19.2,45.199999999999996,88.19999999999999,158.10000000000002,268.0,355.4,5.4,0.508,0.518
TALACAUVERY-2020-LS-01,Southern Western Ghats,landslide,B,REAL_RECONSTRUCTED,moderate,12.3857285,75.5290234,COARSE,3103.0,12.0,False,False,True,899.0,1.384513363982732,26.0,TALACAUVERY-2020-LS-01|pos|24,1,24.0,2020-08-04T00:00:00,1.0,1.9,6.700000000000001,13.200000000000001,31.099999999999998,59.8,191.6,318.79999999999995,394.29999999999995,2.7,0.518,0.517
TALACAUVERY-2020-LS-01,Southern Western Ghats,landslide,B,REAL_RECONSTRUCTED,moderate,12.3857285,75.5290234,COARSE,3103.0,12.0,False,False,True,899.0,1.384513363982732,26.0,TALACAUVERY-2020-LS-01|pos|12,1,12.0,2020-08-04T12:00:00,1.0,3.5,9.5,15.2,25.6,56.7,202.3,340.6,419.1,3.5,0.516,0.497
TALACAUVERY-2020-LS-01,Southern Western Ghats,landslide,B,REAL_RECONSTRUCTED,moderate,12.3857285,75.5290234,COARSE,3103.0,12.0,False,False,True,899.0,1.384513363982732,26.0,TALACAUVERY-2020-LS-01|neg|0,0,,2020-07-09T12:00:00,0.5,0.4,1.2000000000000002,1.9,2.9,5.1,43.8,202.10000000000002,365.0,0.5,0.503,0.501
TALACAUVERY-2020-LS-01,Southern Western Ghats,landslide,B,REAL_RECONSTRUCTED,moderate,12.3857285,75.5290234,COARSE,3103.0,12.0,False,False,True,899.0,1.384513363982732,26.0,TALACAUVERY-2020-LS-01|neg|1,0,,2020-06-27T00:00:00,0.5,0.4,0.5,0.6000000000000001,4.8999999999999995,7.7,35.4,73.7,228.29999999999998,0.4,0.495,0.501
TALACAUVERY-2020-LS-01,Southern Western Ghats,landslide,B,REAL_RECONSTRUCTED,moderate,12.3857285,75.5290234,COARSE,3103.0,12.0,False,False,True,899.0,1.384513363982732,26.0,TALACAUVERY-2020-LS-01|neg|2,0,,2020-07-12T00:00:00,0.5,0.0,0.1,0.4,6.199999999999999,12.4,36.9,120.69999999999999,365.1,0.1,0.501,0.509
TALACAUVERY-2020-LS-01,Southern Western Ghats,landslide,B,REAL_RECONSTRUCTED,moderate,12.3857285,75.5290234,COARSE,3103.0,12.0,False,False,True,899.0,1.384513363982732,26.0,TALACAUVERY-2020-LS-01|neg|3,0,,2020-06-10T00:00:00,0.5,0.2,0.4,0.7,2.5000000000000004,5.199999999999999,21.9,64.1,125.2,0.2,0.5,0.497
TALACAUVERY-2020-LS-01,Southern Western Ghats,landslide,B,REAL_RECONSTRUCTED,moderate,12.3857285,75.5290234,COARSE,3103.0,12.0,False,False,True,899.0,1.384513363982732,26.0,TALACAUVERY-2020-LS-01|neg|4,0,,2020-09-19T00:00:00,0.5,1.9,3.9,6.0,13.4,31.4,67.5,143.1,313.70000000000005,1.9,0.514,0.517
TALACAUVERY-2020-LS-01,Southern Western Ghats,landslide,B,REAL_RECONSTRUCTED,moderate,12.3857285,75.5290234,COARSE,3103.0,12.0,False,False,True,899.0,1.384513363982732,26.0,TALACAUVERY-2020-LS-01|neg|5,0,,2020-06-24T00:00:00,0.5,0.0,0.0,0.1,1.7000000000000002,3.8,31.700000000000003,91.0,228.5,0.1,0.492,0.498
TALACAUVERY-2020-LS-01,Southern Western Ghats,landslide,B,REAL_RECONSTRUCTED,moderate,12.3857285,75.5290234,COARSE,3103.0,12.0,False,False,True,899.0,1.384513363982732,26.0,TALACAUVERY-2020-LS-01|neg|6,0,,2020-06-25T12:00:00,0.5,1.7,1.9,2.1,2.2,9.0,21.8,72.8,230.0,1.7,0.501,0.487
TALACAUVERY-2020-LS-01,Southern Western Ghats,landslide,B,REAL_RECONSTRUCTED,moderate,12.3857285,75.5290234,COARSE,3103.0,12.0,False,False,True,899.0,1.384513363982732,26.0,TALACAUVERY-2020-LS-01|neg|7,0,,2020-07-11T00:00:00,0.5,0.2,0.5,1.3,8.699999999999998,15.0,32.5,144.20000000000002,360.4,0.4,0.496,0.494
TALACAUVERY-2020-LS-01,Southern Western Ghats,landslide,B,REAL_RECONSTRUCTED,moderate,12.3857285,75.5290234,COARSE,3103.0,12.0,False,False,True,899.0,1.384513363982732,26.0,TALACAUVERY-2020-LS-01|neg|8,0,,2020-09-09T00:00:00,0.5,0.0,0.0,0.2,2.1,7.6000000000000005,59.19999999999999,124.39999999999999,165.8,0.1,0.495,0.495
TALACAUVERY-2020-LS-01,Southern Western Ghats,landslide,B,REAL_RECONSTRUCTED,moderate,12.3857285,75.5290234,COARSE,3103.0,12.0,False,False,True,899.0,1.384513363982732,26.0,TALACAUVERY-2020-LS-01|neg|9,0,,2020-06-15T00:00:00,0.5,1.5,3.6,5.5,11.3,24.7,72.6,111.89999999999999,202.8,1.5,0.494,0.518
TALACAUVERY-2020-LS-01,Southern Western Ghats,landslide,B,REAL_RECONSTRUCTED,moderate,12.3857285,75.5290234,COARSE,3103.0,12.0,False,False,True,899.0,1.384513363982732,26.0,TALACAUVERY-2020-LS-01|neg|10,0,,2020-07-02T00:00:00,0.5,0.1,1.5,2.8000000000000003,9.599999999999998,13.7,67.9,149.3,248.6,0.7,0.51,0.507
TALACAUVERY-2020-LS-01,Southern Western Ghats,landslide,B,REAL_RECONSTRUCTED,moderate,12.3857285,75.5290234,COARSE,3103.0,12.0,False,False,True,899.0,1.384513363982732,26.0,TALACAUVERY-2020-LS-01|neg|11,0,,2020-08-21T12:00:00,0.5,0.6,1.1,1.4,3.0000000000000004,9.5,40.0,119.30000000000001,466.6,0.6,0.503,0.509
TALACAUVERY-2020-LS-01,Southern Western Ghats,landslide,B,REAL_RECONSTRUCTED,moderate,12.3857285,75.5290234,COARSE,3103.0,12.0,False,False,True,899.0,1.384513363982732,26.0,TALACAUVERY-2020-LS-01|neg|12,0,,2020-06-16T12:00:00,0.5,0.8,2.4000000000000004,3.6999999999999993,8.000000000000002,14.4,63.89999999999999,127.5,220.7,0.9,0.514,0.513
TALACAUVERY-2020-LS-01,Southern Western Ghats,landslide,B,REAL_RECONSTRUCTED,moderate,12.3857285,75.5290234,COARSE,3103.0,12.0,False,False,True,899.0,1.384513363982732,26.0,TALACAUVERY-2020-LS-01|neg|13,0,,2020-09-04T00:00:00,0.5,0.0,0.0,0.0,2.5,7.1000000000000005,46.5,73.39999999999999,124.7,0.0,0.494,0.505
TALACAUVERY-2020-LS-01,Southern Western Ghats,landslide,B,REAL_RECONSTRUCTED,moderate,12.3857285,75.5290234,COARSE,3103.0,12.0,False,False,True,899.0,1.384513363982732,26.0,TALACAUVERY-2020-LS-01|neg|14,0,,2020-06-07T12:00:00,0.5,0.4,3.5999999999999996,11.4,12.400000000000002,15.0,34.0,89.9,144.8,3.6,0.513,0.513
TALACAUVERY-2020-LS-01,Southern Western Ghats,landslide,B,REAL_RECONSTRUCTED,moderate,12.3857285,75.5290234,COARSE,3103.0,12.0,False,False,True,899.0,1.384513363982732,26.0,TALACAUVERY-2020-LS-01|neg|15,0,,2020-09-02T12:00:00,0.5,1.1,1.5,1.5,1.5,7.4,26.1,39.3,106.8,1.1,0.485,0.487
TALACAUVERY-2020-LS-01,Southern Western Ghats,landslide,B,REAL_RECONSTRUCTED,moderate,12.3857285,75.5290234,COARSE,3103.0,12.0,False,False,True,899.0,1.384513363982732,26.0,TALACAUVERY-2020-LS-01|neg|16,0,,2020-07-05T00:00:00,0.5,0.3,0.7,2.5,21.200000000000006,35.9,122.20000000000002,234.8,318.1,0.8,0.507,0.498
TALACAUVERY-2020-LS-01,Southern Western Ghats,landslide,B,REAL_RECONSTRUCTED,moderate,12.3857285,75.5290234,COARSE,3103.0,12.0,False,False,True,899.0,1.384513363982732,26.0,TALACAUVERY-2020-LS-01|neg|17,0,,2020-08-23T00:00:00,0.5,0.0,0.0,0.1,4.8999999999999995,8.8,33.9,112.69999999999999,386.9,0.1,0.495,0.502
TALACAUVERY-2020-LS-01,Southern Western Ghats,landslide,B,REAL_RECONSTRUCTED,moderate,12.3857285,75.5290234,COARSE,3103.0,12.0,False,False,True,899.0,1.384513363982732,26.0,TALACAUVERY-2020-LS-01|neg|18,0,,2020-07-14T00:00:00,0.5,0.3,1.1,1.9999999999999998,10.200000000000001,18.3,43.2,99.80000000000001,341.6,0.5,0.506,0.51
TALACAUVERY-2020-LS-01,Southern Western Ghats,landslide,B,REAL_RECONSTRUCTED,moderate,12.3857285,75.5290234,COARSE,3103.0,12.0,False,False,True,899.0,1.384513363982732,26.0,TALACAUVERY-2020-LS-01|neg|19,0,,2020-07-04T00:00:00,0.5,2.8,5.3,9.100000000000001,19.900000000000002,35.0,100.0,208.5,301.29999999999995,2.8,0.517,0.511
MALIN-2014-LS-01,Northern Western Ghats,landslide,B,REAL_RECONSTRUCTED,critical,19.1608672,73.6885014,OK,3054.0,12.0,False,False,True,783.0,15.548160484971026,194.0,MALIN-2014-LS-01|pos|72,1,72.0,2014-07-27T00:00:00,1.0,0.3,1.5,2.8999999999999995,6.6000000000000005,13.8,45.5,193.5,396.70000000000005,0.7,0.429,0.423
MALIN-2014-LS-01,Northern Western Ghats,landslide,B,REAL_RECONSTRUCTED,critical,19.1608672,73.6885014,OK,3054.0,12.0,False,False,True,783.0,15.548160484971026,194.0,MALIN-2014-LS-01|pos|48,1,48.0,2014-07-28T00:00:00,1.0,1.2,5.0,10.199999999999998,28.0,42.0,65.8,218.5,412.8,2.4,0.422,0.432
MALIN-2014-LS-01,Northern Western Ghats,landslide,B,REAL_RECONSTRUCTED,critical,19.1608672,73.6885014,OK,3054.0,12.0,False,False,True,783.0,15.548160484971026,194.0,MALIN-2014-LS-01|pos|24,1,24.0,2014-07-29T00:00:00,1.0,2.4,7.5,12.8,23.499999999999996,48.3,104.1,245.29999999999998,453.5,2.9,0.426,0.434
MALIN-2014-LS-01,Northern Western Ghats,landslide,B,REAL_RECONSTRUCTED,critical,19.1608672,73.6885014,OK,3054.0,12.0,False,False,True,783.0,15.548160484971026,194.0,MALIN-2014-LS-01|pos|12,1,12.0,2014-07-29T12:00:00,1.0,1.3,6.7,16.7,34.599999999999994,58.1,131.5,262.90000000000003,486.30000000000007,3.8,0.425,0.421
MALIN-2014-LS-01,Northern Western Ghats,landslide,B,REAL_RECONSTRUCTED,critical,19.1608672,73.6885014,OK,3054.0,12.0,False,False,True,783.0,15.548160484971026,194.0,MALIN-2014-LS-01|neg|0,0,,2014-09-03T00:00:00,0.5,0.3,1.0,2.5,5.6,18.5,174.39999999999998,268.70000000000005,386.9000000000001,0.6,0.428,0.426
MALIN-2014-LS-01,Northern Western Ghats,landslide,B,REAL_RECONSTRUCTED,critical,19.1608672,73.6885014,OK,3054.0,12.0,False,False,True,783.0,15.548160484971026,194.0,MALIN-2014-LS-01|neg|1,0,,2014-09-02T12:00:00,0.5,0.6,5.199999999999999,7.8,12.9,50.7,188.00000000000003,283.70000000000005,382.1,2.8,0.403,0.429
MALIN-2014-LS-01,Northern Western Ghats,landslide,B,REAL_RECONSTRUCTED,critical,19.1608672,73.6885014,OK,3054.0,12.0,False,False,True,783.0,15.548160484971026,194.0,MALIN-2014-LS-01|neg|2,0,,2014-09-06T00:00:00,0.5,0.4,1.0,1.3000000000000003,8.5,18.1,41.7,237.3,394.6,0.4,0.418,0.423
MALIN-2014-LS-01,Northern Western Ghats,landslide,B,REAL_RECONSTRUCTED,critical,19.1608672,73.6885014,OK,3054.0,12.0,False,False,True,783.0,15.548160484971026,194.0,MALIN-2014-LS-01|neg|3,0,,2014-09-07T00:00:00,0.5,0.0,0.4,0.8,2.9000000000000004,7.699999999999999,39.7,223.79999999999998,370.5,0.2,0.419,0.42
MALIN-2014-LS-01,Northern Western Ghats,landslide,B,REAL_RECONSTRUCTED,critical,19.1608672,73.6885014,OK,3054.0,12.0,False,False,True,783.0,15.548160484971026,194.0,MALIN-2014-LS-01|neg|4,0,,2014-09-04T00:00:00,0.5,1.2,1.6,3.4000000000000004,6.600000000000001,9.7,94.9,247.29999999999998,389.6,1.2,0.429,0.427
MALIN-2014-LS-01,Northern Western Ghats,landslide,B,REAL_RECONSTRUCTED,critical,19.1608672,73.6885014,OK,3054.0,12.0,False,False,True,783.0,15.548160484971026,194.0,MALIN-2014-LS-01|neg|5,0,,2014-09-05T12:00:00,0.5,0.6,1.9,5.3,9.6,18.1,38.8,254.5,397.2,1.2,0.423,0.428
MALIN-2014-LS-01,Northern Western Ghats,landslide,B,REAL_RECONSTRUCTED,critical,19.1608672,73.6885014,OK,3054.0,12.0,False,False,True,783.0,15.548160484971026,194.0,MALIN-2014-LS-01|neg|6,0,,2014-09-01T12:00:00,0.5,1.5,9.6,16.5,28.9,75.9,165.0,247.7,333.6,4.2,0.418,0.438
MALIN-2014-LS-01,Northern Western Ghats,landslide,B,REAL_RECONSTRUCTED,critical,19.1608672,73.6885014,OK,3054.0,12.0,False,False,True,783.0,15.548160484971026,194.0,MALIN-2014-LS-01|neg|7,0,,2014-09-01T00:00:00,0.5,3.0,9.5,18.900000000000002,47.0,89.19999999999999,141.3,222.9,308.59999999999997,3.7,0.43,0.435
MALIN-2014-LS-01,Northern Western Ghats,landslide,B,REAL_RECONSTRUCTED,critical,19.1608672,73.6885014,OK,3054.0,12.0,False,False,True,783.0,15.548160484971026,194.0,MALIN-2014-LS-01|neg|8,0,,2014-09-04T12:00:00,0.5,0.4,1.4,2.9,5.3999999999999995,12.0,71.39999999999999,248.40000000000003,392.20000000000005,0.6,0.424,0.427
MALIN-2014-LS-01,Northern Western Ghats,landslide,B,REAL_RECONSTRUCTED,critical,19.1608672,73.6885014,OK,3054.0,12.0,False,False,True,783.0,15.548160484971026,194.0,MALIN-2014-LS-01|neg|9,0,,2014-09-05T00:00:00,0.5,0.5,1.1,3.0999999999999996,8.5,13.9,42.1,250.09999999999997,389.3,1.0,0.432,0.43
MALIN-2014-LS-01,Northern Western Ghats,landslide,B,REAL_RECONSTRUCTED,critical,19.1608672,73.6885014,OK,3054.0,12.0,False,False,True,783.0,15.548160484971026,194.0,MALIN-2014-LS-01|neg|10,0,,2014-07-13T12:00:00,0.5,0.3,1.1,1.6,5.1,20.400000000000002,51.8,72.9,98.5,0.5,0.417,0.411
MALIN-2014-LS-01,Northern Western Ghats,landslide,B,REAL_RECONSTRUCTED,critical,19.1608672,73.6885014,OK,3054.0,12.0,False,False,True,783.0,15.548160484971026,194.0,MALIN-2014-LS-01|neg|11,0,,2014-06-19T12:00:00,0.5,0.0,0.3,0.7,1.0,2.5,9.100000000000001,19.200000000000003,32.7,0.3,0.318,0.255
MALIN-2014-LS-01,Northern Western Ghats,landslide,B,REAL_RECONSTRUCTED,critical,19.1608672,73.6885014,OK,3054.0,12.0,False,False,True,783.0,15.548160484971026,194.0,MALIN-2014-LS-01|neg|12,0,,2014-08-22T12:00:00,0.5,4.2,10.5,13.899999999999999,14.7,25.8,48.60000000000001,74.4,167.2,4.2,0.434,0.437
MALIN-2014-LS-01,Northern Western Ghats,landslide,B,REAL_RECONSTRUCTED,critical,19.1608672,73.6885014,OK,3054.0,12.0,False,False,True,783.0,15.548160484971026,194.0,MALIN-2014-LS-01|neg|13,0,,2014-09-03T12:00:00,0.5,0.3,0.6000000000000001,1.5000000000000002,3.1000000000000005,8.7,135.29999999999998,261.8,389.9,0.4,0.421,0.425
MALIN-2014-LS-01,Northern Western Ghats,landslide,B,REAL_RECONSTRUCTED,critical,19.1608672,73.6885014,OK,3054.0,12.0,False,False,True,783.0,15.548160484971026,194.0,MALIN-2014-LS-01|neg|14,0,,2014-07-01T12:00:00,0.5,0.4,1.5,2.4,2.4999999999999996,2.9000000000000004,4.0,14.000000000000002,57.0,0.7,0.344,0.318
MALIN-2014-LS-01,Northern Western Ghats,landslide,B,REAL_RECONSTRUCTED,critical,19.1608672,73.6885014,OK,3054.0,12.0,False,False,True,783.0,15.548160484971026,194.0,MALIN-2014-LS-01|neg|15,0,,2014-08-29T00:00:00,0.5,0.0,0.0,2.6,6.8,11.100000000000001,75.1,126.39999999999999,210.5,1.2,0.42,0.423
MALIN-2014-LS-01,Northern Western Ghats,landslide,B,REAL_RECONSTRUCTED,critical,19.1608672,73.6885014,OK,3054.0,12.0,False,False,True,783.0,15.548160484971026,194.0,MALIN-2014-LS-01|neg|16,0,,2014-06-23T00:00:00,0.5,0.2,0.5,1.0,2.6000000000000005,6.699999999999999,19.400000000000002,32.7,54.2,0.2,0.371,0.303
MALIN-2014-LS-01,Northern Western Ghats,landslide,B,REAL_RECONSTRUCTED,critical,19.1608672,73.6885014,OK,3054.0,12.0,False,False,True,783.0,15.548160484971026,194.0,MALIN-2014-LS-01|neg|17,0,,2014-07-03T00:00:00,0.5,0.0,0.2,0.2,0.5,3.8000000000000003,8.5,10.4,56.8,0.1,0.354,0.321
MALIN-2014-LS-01,Northern Western Ghats,landslide,B,REAL_RECONSTRUCTED,critical,19.1608672,73.6885014,OK,3054.0,12.0,False,False,True,783.0,15.548160484971026,194.0,MALIN-2014-LS-01|neg|18,0,,2014-06-01T00:00:00,0.5,0.0,0.0,0.0,0.0,0.0,2.6,27.200000000000003,35.2,0.0,0.246,0.219
MALIN-2014-LS-01,Northern Western Ghats,landslide,B,REAL_RECONSTRUCTED,critical,19.1608672,73.6885014,OK,3054.0,12.0,False,False,True,783.0,15.548160484971026,194.0,MALIN-2014-LS-01|neg|19,0,,2014-06-23T12:00:00,0.5,0.3,1.1,2.2,4.199999999999999,6.800000000000001,21.099999999999998,35.8,58.400000000000006,0.5,0.377,0.312
TALIYE-2021-LS-01,Northern Western Ghats,landslide,B,REAL_RECONSTRUCTED,critical,18.112347,73.5836577,OK,3063.0,12.0,False,False,True,307.0,7.619819345806814,81.0,TALIYE-2021-LS-01|pos|72,1,72.0,2021-07-19T00:00:00,1.0,2.8,7.5,18.2,44.599999999999994,92.0,182.0,457.90000000000003,564.1999999999999,4.3,0.436,0.433
TALIYE-2021-LS-01,Northern Western Ghats,landslide,B,REAL_RECONSTRUCTED,critical,18.112347,73.5836577,OK,3063.0,12.0,False,False,True,307.0,7.619819345806814,81.0,TALIYE-2021-LS-01|pos|48,1,48.0,2021-07-20T00:00:00,1.0,2.0,6.2,16.7,36.900000000000006,75.89999999999999,190.4,480.9,633.1000000000001,4.2,0.438,0.437
TALIYE-2021-LS-01,Northern Western Ghats,landslide,B,REAL_RECONSTRUCTED,critical,18.112347,73.5836577,OK,3063.0,12.0,False,False,True,307.0,7.619819345806814,81.0,TALIYE-2021-LS-01|pos|24,1,24.0,2021-07-21T00:00:00,1.0,6.4,20.4,38.0,67.6,95.3,263.20000000000005,515.4000000000001,724.2,7.1,0.439,0.439
TALIYE-2021-LS-01,Northern Western Ghats,landslide,B,REAL_RECONSTRUCTED,critical,18.112347,73.5836577,OK,3063.0,12.0,False,False,True,307.0,7.619819345806814,81.0,TALIYE-2021-LS-01|pos|12,1,12.0,2021-07-21T12:00:00,1.0,4.2,11.3,27.2,67.4,135.0,283.2,538.4000000000001,791.2,6.4,0.439,0.439
TALIYE-2021-LS-01,Northern Western Ghats,landslide,B,REAL_RECONSTRUCTED,critical,18.112347,73.5836577,OK,3063.0,12.0,False,False,True,307.0,7.619819345806814,81.0,TALIYE-2021-LS-01|neg|0,0,,2021-06-22T00:00:00,0.5,0.1,0.7999999999999999,1.2000000000000002,7.9,14.8,93.60000000000001,272.20000000000005,485.40000000000003,0.4,0.425,0.424
TALIYE-2021-LS-01,Northern Western Ghats,landslide,B,REAL_RECONSTRUCTED,critical,18.112347,73.5836577,OK,3063.0,12.0,False,False,True,307.0,7.619819345806814,81.0,TALIYE-2021-LS-01|neg|1,0,,2021-06-14T00:00:00,0.5,0.2,1.2,2.7,10.399999999999999,14.3,101.19999999999999,198.5,293.0,0.8,0.43,0.431
TALIYE-2021-LS-01,Northern Western Ghats,landslide,B,REAL_RECONSTRUCTED,critical,18.112347,73.5836577,OK,3063.0,12.0,False,False,True,307.0,7.619819345806814,81.0,TALIYE-2021-LS-01|neg|2,0,,2021-09-02T00:00:00,0.5,0.3,1.1,2.9999999999999996,14.500000000000002,20.6,58.7,83.30000000000001,182.8,0.9,0.43,0.43
TALIYE-2021-LS-01,Northern Western Ghats,landslide,B,REAL_RECONSTRUCTED,critical,18.112347,73.5836577,OK,3063.0,12.0,False,False,True,307.0,7.619819345806814,81.0,TALIYE-2021-LS-01|neg|3,0,,2021-08-14T12:00:00,0.5,3.4,7.3,10.3,16.0,30.8,77.30000000000001,127.9,408.29999999999995,3.4,0.439,0.439
TALIYE-2021-LS-01,Northern Western Ghats,landslide,B,REAL_RECONSTRUCTED,critical,18.112347,73.5836577,OK,3063.0,12.0,False,False,True,307.0,7.619819345806814,81.0,TALIYE-2021-LS-01|neg|4,0,,2021-09-03T00:00:00,0.5,0.4,1.2000000000000002,2.9999999999999996,9.3,15.299999999999999,61.0,87.80000000000001,185.2,0.7,0.431,0.429
TALIYE-2021-LS-01,Northern Western Ghats,landslide,B,REAL_RECONSTRUCTED,critical,18.112347,73.5836577,OK,3063.0,12.0,False,False,True,307.0,7.619819345806814,81.0,TALIYE-2021-LS-01|neg|5,0,,2021-08-11T00:00:00,0.5,0.3,0.9000000000000001,2.9,8.0,12.399999999999999,34.7,152.5,492.2,0.8,0.43,0.43
TALIYE-2021-LS-01,Northern Western Ghats,landslide,B,REAL_RECONSTRUCTED,critical,18.112347,73.5836577,OK,3063.0,12.0,False,False,True,307.0,7.619819345806814,81.0,TALIYE-2021-LS-01|neg|6,0,,2021-07-03T12:00:00,0.5,0.9,2.3,3.1999999999999997,4.800000000000001,6.800000000000001,26.0,72.30000000000001,281.50000000000006,0.9,0.423,0.413
TALIYE-2021-LS-01,Northern Western Ghats,landslide,B,REAL_RECONSTRUCTED,critical,18.112347,73.5836577,OK,3063.0,12.0,False,False,True,307.0,7.619819345806814,81.0,TALIYE-2021-LS-01|neg|7,0,,2021-06-23T00:00:00,0.5,0.2,0.7,1.3,5.0,12.1,57.599999999999994,270.6,491.79999999999995,0.3,0.423,0.42
TALIYE-2021-LS-01,Northern Western Ghats,landslide,B,REAL_RECONSTRUCTED,critical,18.112347,73.5836577,OK,3063.0,12.0,False,False,True,307.0,7.619819345806814,81.0,TALIYE-2021-LS-01|neg|8,0,,2021-07-05T00:00:00,0.5,0.2,0.4,0.8999999999999999,4.699999999999999,7.000000000000001,21.5,54.5,204.00000000000003,0.3,0.414,0.407
TALIYE-2021-LS-01,Northern Western Ghats,landslide,B,REAL_RECONSTRUCTED,critical,18.112347,73.5836577,OK,3063.0,12.0,False,False,True,307.0,7.619819345806814,81.0,TALIYE-2021-LS-01|neg|9,0,,2021-08-09T00:00:00,0.5,0.1,0.30000000000000004,1.1,6.999999999999999,12.299999999999999,54.2,214.50000000000003,582.2,0.3,0.421,0.427
TALIYE-2021-LS-01,Northern Western Ghats,landslide,B,REAL_RECONSTRUCTED,critical,18.112347,73.5836577,OK,3063.0,12.0,False,False,True,307.0,7.619819345806814,81.0,TALIYE-2021-LS-01|neg|10,0,,2021-08-28T12:00:00,0.5,0.4,1.2999999999999998,1.2999999999999998,1.5,5.300000000000001,22.200000000000003,40.099999999999994,217.5,0.7,0.406,0.404
TALIYE-2021-LS-01,Northern Western Ghats,landslide,B,REAL_RECONSTRUCTED,critical,18.112347,73.5836577,OK,3063.0,12.0,False,False,True,307.0,7.619819345806814,81.0,TALIYE-2021-LS-01|neg|11,0,,2021-06-21T00:00:00,0.5,0.5,2.2,6.8,13.400000000000002,30.700000000000003,148.60000000000002,272.1,473.1,1.9,0.434,0.435
TALIYE-2021-LS-01,Northern Western Ghats,landslide,B,REAL_RECONSTRUCTED,critical,18.112347,73.5836577,OK,3063.0,12.0,False,False,True,307.0,7.619819345806814,81.0,TALIYE-2021-LS-01|neg|12,0,,2021-05-26T00:00:00,0.5,0.3,1.0,1.5,2.5999999999999996,3.7,17.6,36.8,116.5,0.4,0.338,0.306
TALIYE-2021-LS-01,Northern Western Ghats,landslide,B,REAL_RECONSTRUCTED,critical,18.112347,73.5836577,OK,3063.0,12.0,False,False,True,307.0,7.619819345806814,81.0,TALIYE-2021-LS-01|neg|13,0,,2021-08-15T12:00:00,0.5,1.3,4.3,5.8999999999999995,11.9,32.3,86.2,147.2,403.0,2.6,0.439,0.436
TALIYE-2021-LS-01,Northern Western Ghats,landslide,B,REAL_RECONSTRUCTED,critical,18.112347,73.5836577,OK,3063.0,12.0,False,False,True,307.0,7.619819345806814,81.0,TALIYE-2021-LS-01|neg|14,0,,2021-08-13T12:00:00,0.5,3.1,5.2,7.1,11.2,23.1,62.7,119.0,426.5,3.1,0.435,0.439
TALIYE-2021-LS-01,Northern Western Ghats,landslide,B,REAL_RECONSTRUCTED,critical,18.112347,73.5836577,OK,3063.0,12.0,False,False,True,307.0,7.619819345806814,81.0,TALIYE-2021-LS-01|neg|15,0,,2021-06-22T12:00:00,0.5,0.7,2.5,4.2,7.100000000000001,15.0,79.60000000000002,271.8,490.80000000000007,0.9,0.432,0.431
TALIYE-2021-LS-01,Northern Western Ghats,landslide,B,REAL_RECONSTRUCTED,critical,18.112347,73.5836577,OK,3063.0,12.0,False,False,True,307.0,7.619819345806814,81.0,TALIYE-2021-LS-01|neg|16,0,,2021-06-24T00:00:00,0.5,0.9,2.3,3.9,9.4,13.9,40.8,231.60000000000002,484.6,0.9,0.435,0.422
TALIYE-2021-LS-01,Northern Western Ghats,landslide,B,REAL_RECONSTRUCTED,critical,18.112347,73.5836577,OK,3063.0,12.0,False,False,True,307.0,7.619819345806814,81.0,TALIYE-2021-LS-01|neg|17,0,,2021-08-12T12:00:00,0.5,2.5,5.7,9.1,12.9,23.4,52.3,125.80000000000001,456.1,2.5,0.439,0.438
TALIYE-2021-LS-01,Northern Western Ghats,landslide,B,REAL_RECONSTRUCTED,critical,18.112347,73.5836577,OK,3063.0,12.0,False,False,True,307.0,7.619819345806814,81.0,TALIYE-2021-LS-01|neg|18,0,,2021-08-08T00:00:00,0.5,0.2,0.8,1.7999999999999998,7.700000000000001,19.6,78.0,233.79999999999998,623.3,0.4,0.427,0.429
TALIYE-2021-LS-01,Northern Western Ghats,landslide,B,REAL_RECONSTRUCTED,critical,18.112347,73.5836577,OK,3063.0,12.0,False,False,True,307.0,7.619819345806814,81.0,TALIYE-2021-LS-01|neg|19,0,,2021-06-04T12:00:00,0.5,0.8,0.9,0.9,0.9,5.9,45.7,77.4,105.80000000000001,0.8,0.397,0.388
SATARA-2021-LS-01,Northern Western Ghats,landslide,B,REAL_RECONSTRUCTED,high,17.3565267,73.8634207,COARSE,33650.0,12.0,False,False,False,612.0,2.8898349367651357,38.0,SATARA-2021-LS-01|pos|72,1,72.0,2021-07-19T00:00:00,0.2971768202080238,2.3,10.8,28.2,45.699999999999996,51.599999999999994,87.6,221.89999999999998,304.2,6.8,0.496,0.519
SATARA-2021-LS-01,Northern Western Ghats,landslide,B,REAL_RECONSTRUCTED,high,17.3565267,73.8634207,COARSE,33650.0,12.0,False,False,False,612.0,2.8898349367651357,38.0,SATARA-2021-LS-01|pos|48,1,48.0,2021-07-20T00:00:00,0.2971768202080238,1.6,4.300000000000001,8.6,24.0,60.0,133.2,255.89999999999998,363.79999999999995,1.7,0.494,0.519
SATARA-2021-LS-01,Northern Western Ghats,landslide,B,REAL_RECONSTRUCTED,high,17.3565267,73.8634207,COARSE,33650.0,12.0,False,False,False,612.0,2.8898349367651357,38.0,SATARA-2021-LS-01|pos|24,1,24.0,2021-07-21T00:00:00,0.2971768202080238,3.6,12.799999999999999,24.300000000000004,38.400000000000006,46.7,158.29999999999998,277.9,408.90000000000003,5.0,0.507,0.518
SATARA-2021-LS-01,Northern Western Ghats,landslide,B,REAL_RECONSTRUCTED,high,17.3565267,73.8634207,COARSE,33650.0,12.0,False,False,False,612.0,2.8898349367651357,38.0,SATARA-2021-LS-01|pos|12,1,12.0,2021-07-21T12:00:00,0.2971768202080238,2.4,7.699999999999999,17.599999999999998,31.2,69.6,183.60000000000002,282.4,438.0,3.9,0.52,0.516
SATARA-2021-LS-01,Northern Western Ghats,landslide,B,REAL_RECONSTRUCTED,high,17.3565267,73.8634207,COARSE,33650.0,12.0,False,False,False,612.0,2.8898349367651357,38.0,SATARA-2021-LS-01|neg|0,0,,2021-05-27T12:00:00,0.5,0.0,0.0,0.0,0.0,0.0,0.0,4.3,151.20000000000002,0.0,0.397,0.424
SATARA-2021-LS-01,Northern Western Ghats,landslide,B,REAL_RECONSTRUCTED,high,17.3565267,73.8634207,COARSE,33650.0,12.0,False,False,False,612.0,2.8898349367651357,38.0,SATARA-2021-LS-01|neg|1,0,,2021-06-01T00:00:00,0.5,0.0,0.0,0.1,9.1,13.200000000000001,29.0,29.4,83.69999999999999,0.1,0.481,0.451
SATARA-2021-LS-01,Northern Western Ghats,landslide,B,REAL_RECONSTRUCTED,high,17.3565267,73.8634207,COARSE,33650.0,12.0,False,False,False,612.0,2.8898349367651357,38.0,SATARA-2021-LS-01|neg|2,0,,2021-08-12T12:00:00,0.5,1.1,2.0,2.3000000000000003,2.8000000000000003,4.800000000000001,9.8,28.1,116.9,1.1,0.487,0.471
SATARA-2021-LS-01,Northern Western Ghats,landslide,B,REAL_RECONSTRUCTED,high,17.3565267,73.8634207,COARSE,33650.0,12.0,False,False,False,612.0,2.8898349367651357,38.0,SATARA-2021-LS-01|neg|3,0,,2021-06-09T12:00:00,0.5,0.4,4.4,12.200000000000001,13.000000000000002,16.599999999999998,18.599999999999998,56.5,98.1,3.8,0.513,0.509
SATARA-2021-LS-01,Northern Western Ghats,landslide,B,REAL_RECONSTRUCTED,high,17.3565267,73.8634207,COARSE,33650.0,12.0,False,False,False,612.0,2.8898349367651357,38.0,SATARA-2021-LS-01|neg|4,0,,2021-09-04T12:00:00,0.5,0.6,0.9,1.2999999999999998,1.4,3.1,11.7,32.300000000000004,55.900000000000006,0.6,0.469,0.456
SATARA-2021-LS-01,Northern Western Ghats,landslide,B,REAL_RECONSTRUCTED,high,17.3565267,73.8634207,COARSE,33650.0,12.0,False,False,False,612.0,2.8898349367651357,38.0,SATARA-2021-LS-01|neg|5,0,,2021-08-16T12:00:00,0.5,0.1,0.4,0.8999999999999999,1.7000000000000002,4.1,16.3,31.8,95.7,0.2,0.493,0.491
SATARA-2021-LS-01,Northern Western Ghats,landslide,B,REAL_RECONSTRUCTED,high,17.3565267,73.8634207,COARSE,33650.0,12.0,False,False,False,612.0,2.8898349367651357,38.0,SATARA-2021-LS-01|neg|6,0,,2021-08-17T00:00:00,0.5,0.1,0.30000000000000004,1.5,2.7,4.4,16.8,33.2,94.7,0.5,0.501,0.493
SATARA-2021-LS-01,Northern Western Ghats,landslide,B,REAL_RECONSTRUCTED,high,17.3565267,73.8634207,COARSE,33650.0,12.0,False,False,False,612.0,2.8898349367651357,38.0,SATARA-2021-LS-01|neg|7,0,,2021-08-12T00:00:00,0.5,0.0,0.0,0.1,2.0,4.0,7.8,29.800000000000004,121.1,0.1,0.473,0.472
SATARA-2021-LS-01,Northern Western Ghats,landslide,B,REAL_RECONSTRUCTED,high,17.3565267,73.8634207,COARSE,33650.0,12.0,False,False,False,612.0,2.8898349367651357,38.0,SATARA-2021-LS-01|neg|8,0,,2021-08-15T12:00:00,0.5,0.5,0.8,1.2000000000000002,1.8,6.9,17.9,30.6,99.7,0.5,0.496,0.492
SATARA-2021-LS-01,Northern Western Ghats,landslide,B,REAL_RECONSTRUCTED,high,17.3565267,73.8634207,COARSE,33650.0,12.0,False,False,False,612.0,2.8898349367651357,38.0,SATARA-2021-LS-01|neg|9,0,,2021-06-27T12:00:00,0.5,1.6,3.3000000000000003,3.7,3.9000000000000004,5.1000000000000005,20.6,36.400000000000006,224.0,1.6,0.509,0.479
SATARA-2021-LS-01,Northern Western Ghats,landslide,B,REAL_RECONSTRUCTED,high,17.3565267,73.8634207,COARSE,33650.0,12.0,False,False,False,612.0,2.8898349367651357,38.0,SATARA-2021-LS-01|neg|10,0,,2021-08-25T12:00:00,0.5,0.4,0.5,0.5,0.5,2.9000000000000004,4.9,35.7,79.6,0.4,0.453,0.462
SATARA-2021-LS-01,Northern Western Ghats,landslide,B,REAL_RECONSTRUCTED,high,17.3565267,73.8634207,COARSE,33650.0,12.0,False,False,False,612.0,2.8898349367651357,38.0,SATARA-2021-LS-01|neg|11,0,,2021-05-30T12:00:00,0.5,0.8,2.0,2.0,2.0,3.8000000000000003,7.6000000000000005,10.700000000000001,154.7,1.2,0.408,0.404
SATARA-2021-LS-01,Northern Western Ghats,landslide,B,REAL_RECONSTRUCTED,high,17.3565267,73.8634207,COARSE,33650.0,12.0,False,False,False,612.0,2.8898349367651357,38.0,SATARA-2021-LS-01|neg|12,0,,2021-06-22T00:00:00,0.5,0.0,0.0,0.1,1.2000000000000002,3.7,30.6,184.09999999999997,268.2,0.1,0.491,0.488
SATARA-2021-LS-01,Northern Western Ghats,landslide,B,REAL_RECONSTRUCTED,high,17.3565267,73.8634207,COARSE,33650.0,12.0,False,False,False,612.0,2.8898349367651357,38.0,SATARA-2021-LS-01|neg|13,0,,2021-07-02T12:00:00,0.5,0.1,0.4,0.7,0.7,1.6,5.0,21.8,115.99999999999999,0.2,0.463,0.465
SATARA-2021-LS-01,Northern Western Ghats,landslide,B,REAL_RECONSTRUCTED,high,17.3565267,73.8634207,COARSE,33650.0,12.0,False,False,False,612.0,2.8898349367651357,38.0,SATARA-2021-LS-01|neg|14,0,,2021-06-03T12:00:00,0.5,5.7,5.8,5.8,5.9,12.6,33.9,54.2,61.0,5.7,0.517,0.507
SATARA-2021-LS-01,Northern Western Ghats,landslide,B,REAL_RECONSTRUCTED,high,17.3565267,73.8634207,COARSE,33650.0,12.0,False,False,False,612.0,2.8898349367651357,38.0,SATARA-2021-LS-01|neg|15,0,,2021-05-27T00:00:00,0.5,0.0,0.0,0.0,0.0,0.0,0.8,4.4,151.20000000000002,0.0,0.402,0.427
SATARA-2021-LS-01,Northern Western Ghats,landslide,B,REAL_RECONSTRUCTED,high,17.3565267,73.8634207,COARSE,33650.0,12.0,False,False,False,612.0,2.8898349367651357,38.0,SATARA-2021-LS-01|neg|16,0,,2021-06-11T00:00:00,0.5,0.0,0.0,0.4,9.7,28.700000000000003,50.3,70.69999999999999,130.9,0.2,0.498,0.507
SATARA-2021-LS-01,Northern Western Ghats,landslide,B,REAL_RECONSTRUCTED,high,17.3565267,73.8634207,COARSE,33650.0,12.0,False,False,False,612.0,2.8898349367651357,38.0,SATARA-2021-LS-01|neg|17,0,,2021-06-17T12:00:00,0.5,1.4,5.0,11.5,18.399999999999995,42.9,111.9,152.7,232.29999999999998,2.8,0.518,0.515
SATARA-2021-LS-01,Northern Western Ghats,landslide,B,REAL_RECONSTRUCTED,high,17.3565267,73.8634207,COARSE,33650.0,12.0,False,False,False,612.0,2.8898349367651357,38.0,SATARA-2021-LS-01|neg|18,0,,2021-06-03T00:00:00,0.5,0.2,0.30000000000000004,0.30000000000000004,6.699999999999999,6.8,32.099999999999994,48.300000000000004,62.2,0.2,0.495,0.49
SATARA-2021-LS-01,Northern Western Ghats,landslide,B,REAL_RECONSTRUCTED,high,17.3565267,73.8634207,COARSE,33650.0,12.0,False,False,False,612.0,2.8898349367651357,38.0,SATARA-2021-LS-01|neg|19,0,,2021-07-05T00:00:00,0.5,0.0,0.0,0.0,0.1,0.4,2.7,9.100000000000001,56.70000000000001,0.0,0.424,0.444
IRSHALWADI-2023-LS-01,Northern Western Ghats,landslide,B,REAL_RECONSTRUCTED,critical,18.932866,73.2344583,OK,3056.0,1.0,True,False,True,442.0,11.603198631290677,127.0,IRSHALWADI-2023-LS-01|pos|72,1,72.0,2023-07-16T21:30:00,1.0,0.6,2.8000000000000003,6.3999999999999995,10.799999999999999,15.3,59.5,87.9,373.6,2.9,0.436,0.436
IRSHALWADI-2023-LS-01,Northern Western Ghats,landslide,B,REAL_RECONSTRUCTED,critical,18.932866,73.2344583,OK,3056.0,1.0,True,False,True,442.0,11.603198631290677,127.0,IRSHALWADI-2023-LS-01|pos|48,1,48.0,2023-07-17T21:30:00,1.0,1.0,2.5,8.3,17.0,35.5,65.00000000000001,116.50000000000001,364.5,2.7,0.438,0.436
IRSHALWADI-2023-LS-01,Northern Western Ghats,landslide,B,REAL_RECONSTRUCTED,critical,18.932866,73.2344583,OK,3056.0,1.0,True,False,True,442.0,11.603198631290677,127.0,IRSHALWADI-2023-LS-01|pos|24,1,24.0,2023-07-18T21:30:00,1.0,1.0,5.6,13.499999999999998,24.199999999999996,42.39999999999999,93.2,153.29999999999998,389.1,4.6,0.434,0.432
IRSHALWADI-2023-LS-01,Northern Western Ghats,landslide,B,REAL_RECONSTRUCTED,critical,18.932866,73.2344583,OK,3056.0,1.0,True,False,True,442.0,11.603198631290677,127.0,IRSHALWADI-2023-LS-01|pos|12,1,12.0,2023-07-19T09:30:00,1.0,3.9,9.3,13.2,24.400000000000002,48.599999999999994,113.1,176.0,406.40000000000003,3.9,0.439,0.435
IRSHALWADI-2023-LS-01,Northern Western Ghats,landslide,B,REAL_RECONSTRUCTED,critical,18.932866,73.2344583,OK,3056.0,1.0,True,False,True,442.0,11.603198631290677,127.0,IRSHALWADI-2023-LS-01|pos|6,1,6.0,2023-07-19T15:30:00,1.0,1.4,7.9,13.4,26.6,51.3,122.1,186.5,410.8,3.3,0.436,0.427
IRSHALWADI-2023-LS-01,Northern Western Ghats,landslide,B,REAL_RECONSTRUCTED,critical,18.932866,73.2344583,OK,3056.0,1.0,True,False,True,442.0,11.603198631290677,127.0,IRSHALWADI-2023-LS-01|pos|3,1,3.0,2023-07-19T18:30:00,1.0,3.8,5.699999999999999,13.599999999999998,28.399999999999995,49.1,124.2,190.1,413.40000000000003,3.8,0.439,0.435
IRSHALWADI-2023-LS-01,Northern Western Ghats,landslide,B,REAL_RECONSTRUCTED,critical,18.932866,73.2344583,OK,3056.0,1.0,True,False,True,442.0,11.603198631290677,127.0,IRSHALWADI-2023-LS-01|pos|1,1,1.0,2023-07-19T20:30:00,1.0,4.0,13.1,16.4,32.3,53.8,131.3,199.1,422.2,5.3,0.438,0.439
IRSHALWADI-2023-LS-01,Northern Western Ghats,landslide,B,REAL_RECONSTRUCTED,critical,18.932866,73.2344583,OK,3056.0,1.0,True,False,True,442.0,11.603198631290677,127.0,IRSHALWADI-2023-LS-01|neg|0,0,,2023-07-01T21:00:00,0.5,0.3,0.6000000000000001,3.6,12.899999999999999,41.6,151.10000000000002,239.39999999999998,291.4,2.0,0.424,0.425
IRSHALWADI-2023-LS-01,Northern Western Ghats,landslide,B,REAL_RECONSTRUCTED,critical,18.932866,73.2344583,OK,3056.0,1.0,True,False,True,442.0,11.603198631290677,127.0,IRSHALWADI-2023-LS-01|neg|1,0,,2023-07-02T21:00:00,0.5,6.8,8.3,11.4,24.5,44.599999999999994,149.8,272.20000000000005,330.1,6.8,0.439,0.439
IRSHALWADI-2023-LS-01,Northern Western Ghats,landslide,B,REAL_RECONSTRUCTED,critical,18.932866,73.2344583,OK,3056.0,1.0,True,False,True,442.0,11.603198631290677,127.0,IRSHALWADI-2023-LS-01|neg|2,0,,2023-06-29T09:00:00,0.5,1.5,6.7,14.6,29.200000000000003,63.0,96.9,147.70000000000002,181.2,3.3,0.437,0.432
IRSHALWADI-2023-LS-01,Northern Western Ghats,landslide,B,REAL_RECONSTRUCTED,critical,18.932866,73.2344583,OK,3056.0,1.0,True,False,True,442.0,11.603198631290677,127.0,IRSHALWADI-2023-LS-01|neg|3,0,,2023-07-03T21:00:00,0.5,0.1,0.30000000000000004,4.499999999999999,12.299999999999997,17.8,104.0,271.4,343.70000000000005,2.6,0.419,0.43
IRSHALWADI-2023-LS-01,Northern Western Ghats,landslide,B,REAL_RECONSTRUCTED,critical,18.932866,73.2344583,OK,3056.0,1.0,True,False,True,442.0,11.603198631290677,127.0,IRSHALWADI-2023-LS-01|neg|4,0,,2023-07-02T09:00:00,0.5,1.4,7.800000000000001,13.799999999999999,20.099999999999998,33.0,142.0,253.6,309.3,5.3,0.435,0.435
IRSHALWADI-2023-LS-01,Northern Western Ghats,landslide,B,REAL_RECONSTRUCTED,critical,18.932866,73.2344583,OK,3056.0,1.0,True,False,True,442.0,11.603198631290677,127.0,IRSHALWADI-2023-LS-01|neg|5,0,,2023-07-01T09:00:00,0.5,1.7,6.5,15.899999999999999,28.7,67.5,172.0,251.2,283.0,3.9,0.438,0.436
IRSHALWADI-2023-LS-01,Northern Western Ghats,landslide,B,REAL_RECONSTRUCTED,critical,18.932866,73.2344583,OK,3056.0,1.0,True,False,True,442.0,11.603198631290677,127.0,IRSHALWADI-2023-LS-01|neg|6,0,,2023-07-04T21:00:00,0.5,0.6,1.1,4.2,13.2,20.3,82.7,277.1,361.4,2.1,0.428,0.433
IRSHALWADI-2023-LS-01,Northern Western Ghats,landslide,B,REAL_RECONSTRUCTED,critical,18.932866,73.2344583,OK,3056.0,1.0,True,False,True,442.0,11.603198631290677,127.0,IRSHALWADI-2023-LS-01|neg|7,0,,2023-08-03T09:00:00,0.5,0.9,1.2000000000000002,3.0,5.8,14.799999999999999,44.10000000000001,140.2,475.20000000000005,0.9,0.43,0.431
IRSHALWADI-2023-LS-01,Northern Western Ghats,landslide,B,REAL_RECONSTRUCTED,critical,18.932866,73.2344583,OK,3056.0,1.0,True,False,True,442.0,11.603198631290677,127.0,IRSHALWADI-2023-LS-01|neg|8,0,,2023-07-05T09:00:00,0.5,0.2,0.4,0.5,1.5999999999999999,14.8,64.2,269.2,359.8,0.2,0.412,0.424
IRSHALWADI-2023-LS-01,Northern Western Ghats,landslide,B,REAL_RECONSTRUCTED,critical,18.932866,73.2344583,OK,3056.0,1.0,True,False,True,442.0,11.603198631290677,127.0,IRSHALWADI-2023-LS-01|neg|9,0,,2023-06-30T09:00:00,0.5,1.5,6.2,13.0,24.799999999999997,41.5,122.5,187.1,217.9,3.0,0.437,0.433
IRSHALWADI-2023-LS-01,Northern Western Ghats,landslide,B,REAL_RECONSTRUCTED,critical,18.932866,73.2344583,OK,3056.0,1.0,True,False,True,442.0,11.603198631290677,127.0,IRSHALWADI-2023-LS-01|neg|10,0,,2023-07-03T09:00:00,0.5,0.2,0.4,1.8000000000000003,5.499999999999999,30.0,130.5,268.9,334.09999999999997,0.9,0.422,0.428
IRSHALWADI-2023-LS-01,Northern Western Ghats,landslide,B,REAL_RECONSTRUCTED,critical,18.932866,73.2344583,OK,3056.0,1.0,True,False,True,442.0,11.603198631290677,127.0,IRSHALWADI-2023-LS-01|neg|11,0,,2023-06-30T21:00:00,0.5,2.8,10.5,19.0,38.8,63.6,152.79999999999998,223.4,255.5,4.1,0.436,0.438
IRSHALWADI-2023-LS-01,Northern Western Ghats,landslide,B,REAL_RECONSTRUCTED,critical,18.932866,73.2344583,OK,3056.0,1.0,True,False,True,442.0,11.603198631290677,127.0,IRSHALWADI-2023-LS-01|neg|12,0,,2023-08-02T21:00:00,0.5,0.7,2.8,5.3,8.999999999999998,13.0,42.800000000000004,183.10000000000002,493.8,1.9,0.433,0.435
IRSHALWADI-2023-LS-01,Northern Western Ghats,landslide,B,REAL_RECONSTRUCTED,critical,18.932866,73.2344583,OK,3056.0,1.0,True,False,True,442.0,11.603198631290677,127.0,IRSHALWADI-2023-LS-01|neg|13,0,,2023-07-05T21:00:00,0.5,6.1,8.899999999999999,13.5,31.799999999999997,33.400000000000006,71.5,267.2,390.8,6.1,0.439,0.439
IRSHALWADI-2023-LS-01,Northern Western Ghats,landslide,B,REAL_RECONSTRUCTED,critical,18.932866,73.2344583,OK,3056.0,1.0,True,False,True,442.0,11.603198631290677,127.0,IRSHALWADI-2023-LS-01|neg|14,0,,2023-07-04T09:00:00,0.5,0.2,1.2,3.3000000000000003,7.1,19.400000000000002,82.4,272.4,348.29999999999995,1.5,0.427,0.426
IRSHALWADI-2023-LS-01,Northern Western Ghats,landslide,B,REAL_RECONSTRUCTED,critical,18.932866,73.2344583,OK,3056.0,1.0,True,False,True,442.0,11.603198631290677,127.0,IRSHALWADI-2023-LS-01|neg|15,0,,2023-06-29T21:00:00,0.5,0.7,2.3,6.8,16.7,45.89999999999999,103.79999999999998,164.1,193.29999999999998,2.3,0.434,0.425
IRSHALWADI-2023-LS-01,Northern Western Ghats,landslide,B,REAL_RECONSTRUCTED,critical,18.932866,73.2344583,OK,3056.0,1.0,True,False,True,442.0,11.603198631290677,127.0,IRSHALWADI-2023-LS-01|neg|16,0,,2023-05-21T09:00:00,0.5,0.0,0.0,0.0,0.0,1.2,1.3,4.699999999999999,14.2,0.0,0.154,0.158
IRSHALWADI-2023-LS-01,Northern Western Ghats,landslide,B,REAL_RECONSTRUCTED,critical,18.932866,73.2344583,OK,3056.0,1.0,True,False,True,442.0,11.603198631290677,127.0,IRSHALWADI-2023-LS-01|neg|17,0,,2023-08-16T09:00:00,0.5,0.5,1.2,1.9000000000000001,3.0,6.3,20.3,49.199999999999996,129.2,0.5,0.391,0.37
IRSHALWADI-2023-LS-01,Northern Western Ghats,landslide,B,REAL_RECONSTRUCTED,critical,18.932866,73.2344583,OK,3056.0,1.0,True,False,True,442.0,11.603198631290677,127.0,IRSHALWADI-2023-LS-01|neg|18,0,,2023-08-25T21:00:00,0.5,0.4,1.7000000000000002,3.5000000000000004,6.400000000000001,9.9,20.5,48.8,97.6,1.1,0.421,0.4
IRSHALWADI-2023-LS-01,Northern Western Ghats,landslide,B,REAL_RECONSTRUCTED,critical,18.932866,73.2344583,OK,3056.0,1.0,True,False,True,442.0,11.603198631290677,127.0,IRSHALWADI-2023-LS-01|neg|19,0,,2023-05-30T21:00:00,0.5,0.0,0.0,0.0,0.2,0.2,0.2,1.4,5.1,0.0,0.143,0.156
IRSHALWADI-2023-LS-01,Northern Western Ghats,landslide,B,REAL_RECONSTRUCTED,critical,18.932866,73.2344583,OK,3056.0,1.0,True,False,True,442.0,11.603198631290677,127.0,IRSHALWADI-2023-LS-01|neg|20,0,,2023-05-23T09:00:00,0.5,0.0,0.0,0.0,0.0,0.0,1.2,2.5999999999999996,8.4,0.0,0.148,0.149
IRSHALWADI-2023-LS-01,Northern Western Ghats,landslide,B,REAL_RECONSTRUCTED,critical,18.932866,73.2344583,OK,3056.0,1.0,True,False,True,442.0,11.603198631290677,127.0,IRSHALWADI-2023-LS-01|neg|21,0,,2023-08-27T09:00:00,0.5,0.2,1.0999999999999999,3.9000000000000004,6.1000000000000005,14.8,39.3,62.60000000000001,114.70000000000002,1.4,0.424,0.42
IRSHALWADI-2023-LS-01,Northern Western Ghats,landslide,B,REAL_RECONSTRUCTED,critical,18.932866,73.2344583,OK,3056.0,1.0,True,False,True,442.0,11.603198631290677,127.0,IRSHALWADI-2023-LS-01|neg|22,0,,2023-05-24T09:00:00,0.5,0.0,0.0,0.0,0.0,0.6,0.6,3.1999999999999997,6.1,0.0,0.155,0.161
IRSHALWADI-2023-LS-01,Northern Western Ghats,landslide,B,REAL_RECONSTRUCTED,critical,18.932866,73.2344583,OK,3056.0,1.0,True,False,True,442.0,11.603198631290677,127.0,IRSHALWADI-2023-LS-01|neg|23,0,,2023-08-28T21:00:00,0.5,0.0,0.0,1.9,4.6,6.4,36.900000000000006,69.0,111.69999999999999,1.7,0.408,0.404
IRSHALWADI-2023-LS-01,Northern Western Ghats,landslide,B,REAL_RECONSTRUCTED,critical,18.932866,73.2344583,OK,3056.0,1.0,True,False,True,442.0,11.603198631290677,127.0,IRSHALWADI-2023-LS-01|neg|24,0,,2023-06-22T09:00:00,0.5,0.2,0.2,0.5,1.2,3.0,9.200000000000001,28.7,49.6,0.2,0.237,0.129
IRSHALWADI-2023-LS-01,Northern Western Ghats,landslide,B,REAL_RECONSTRUCTED,critical,18.932866,73.2344583,OK,3056.0,1.0,True,False,True,442.0,11.603198631290677,127.0,IRSHALWADI-2023-LS-01|neg|25,0,,2023-08-10T21:00:00,0.5,0.2,0.6000000000000001,4.7,7.7,9.6,21.5,59.0,255.4,3.3,0.407,0.403
IRSHALWADI-2023-LS-01,Northern Western Ghats,landslide,B,REAL_RECONSTRUCTED,critical,18.932866,73.2344583,OK,3056.0,1.0,True,False,True,442.0,11.603198631290677,127.0,IRSHALWADI-2023-LS-01|neg|26,0,,2023-05-29T21:00:00,0.5,0.0,0.0,0.0,0.0,0.0,0.0,1.7999999999999998,6.5,0.0,0.146,0.15
IRSHALWADI-2023-LS-01,Northern Western Ghats,landslide,B,REAL_RECONSTRUCTED,critical,18.932866,73.2344583,OK,3056.0,1.0,True,False,True,442.0,11.603198631290677,127.0,IRSHALWADI-2023-LS-01|neg|27,0,,2023-06-09T21:00:00,0.5,0.0,0.0,1.9,2.5999999999999996,2.5999999999999996,4.2,19.1,21.3,1.9,0.17,0.162
IRSHALWADI-2023-LS-01,Northern Western Ghats,landslide,B,REAL_RECONSTRUCTED,critical,18.932866,73.2344583,OK,3056.0,1.0,True,False,True,442.0,11.603198631290677,127.0,IRSHALWADI-2023-LS-01|neg|28,0,,2023-08-31T09:00:00,0.5,0.0,0.0,0.1,0.1,2.3,10.600000000000001,57.699999999999996,104.4,0.1,0.376,0.38
IRSHALWADI-2023-LS-01,Northern Western Ghats,landslide,B,REAL_RECONSTRUCTED,critical,18.932866,73.2344583,OK,3056.0,1.0,True,False,True,442.0,11.603198631290677,127.0,IRSHALWADI-2023-LS-01|neg|29,0,,2023-05-28T21:00:00,0.5,0.0,0.0,0.0,0.0,0.0,1.1,1.7999999999999998,6.499999999999999,0.0,0.157,0.16
IRSHALWADI-2023-LS-01,Northern Western Ghats,landslide,B,REAL_RECONSTRUCTED,critical,18.932866,73.2344583,OK,3056.0,1.0,True,False,True,442.0,11.603198631290677,127.0,IRSHALWADI-2023-LS-01|neg|30,0,,2023-06-05T21:00:00,0.5,0.0,0.0,0.0,0.4,2.9000000000000004,14.3,15.4,17.2,0.0,0.2,0.176
IRSHALWADI-2023-LS-01,Northern Western Ghats,landslide,B,REAL_RECONSTRUCTED,critical,18.932866,73.2344583,OK,3056.0,1.0,True,False,True,442.0,11.603198631290677,127.0,IRSHALWADI-2023-LS-01|neg|31,0,,2023-06-03T21:00:00,0.5,0.0,0.0,0.3,0.4,2.1,2.4,3.2,6.2,0.3,0.156,0.157
IRSHALWADI-2023-LS-01,Northern Western Ghats,landslide,B,REAL_RECONSTRUCTED,critical,18.932866,73.2344583,OK,3056.0,1.0,True,False,True,442.0,11.603198631290677,127.0,IRSHALWADI-2023-LS-01|neg|32,0,,2023-06-19T09:00:00,0.5,0.4,1.0,1.5,2.5,5.200000000000001,17.1,31.700000000000003,52.900000000000006,0.4,0.253,0.119
IRSHALWADI-2023-LS-01,Northern Western Ghats,landslide,B,REAL_RECONSTRUCTED,critical,18.932866,73.2344583,OK,3056.0,1.0,True,False,True,442.0,11.603198631290677,127.0,IRSHALWADI-2023-LS-01|neg|33,0,,2023-05-20T21:00:00,0.5,0.0,0.0,0.0,1.2,1.2,1.4,4.699999999999999,14.2,0.0,0.159,0.161
IRSHALWADI-2023-LS-01,Northern Western Ghats,landslide,B,REAL_RECONSTRUCTED,critical,18.932866,73.2344583,OK,3056.0,1.0,True,False,True,442.0,11.603198631290677,127.0,IRSHALWADI-2023-LS-01|neg|34,0,,2023-06-13T21:00:00,0.5,0.2,1.5,2.0,3.1,3.5000000000000004,7.0,14.599999999999998,30.6,1.3,0.179,0.136
CANACONA-2009-FF-01,Northern Western Ghats,flash_flood,A,REAL_VALIDATED,low,15.0077046,74.0518205,OK,5000.0,24.0,False,False,True,16.0,1.2269596417476505,32.0,CANACONA-2009-FF-01|pos|72,1,72.0,2009-10-05T00:00:00,1.0,0.2,2.1,3.3000000000000003,5.8,17.700000000000003,84.2,206.3,293.9,1.1,0.474,0.456
CANACONA-2009-FF-01,Northern Western Ghats,flash_flood,A,REAL_VALIDATED,low,15.0077046,74.0518205,OK,5000.0,24.0,False,False,True,16.0,1.2269596417476505,32.0,CANACONA-2009-FF-01|pos|48,1,48.0,2009-10-06T00:00:00,1.0,0.4,1.1,1.7000000000000002,3.4,9.2,65.5,214.3,287.0,0.4,0.49,0.468
CANACONA-2009-FF-01,Northern Western Ghats,flash_flood,A,REAL_VALIDATED,low,15.0077046,74.0518205,OK,5000.0,24.0,False,False,True,16.0,1.2269596417476505,32.0,CANACONA-2009-FF-01|pos|24,1,24.0,2009-10-07T00:00:00,1.0,0.0,0.0,0.0,0.4,2.0,28.900000000000002,179.89999999999998,259.7,0.0,0.474,0.469
CANACONA-2009-FF-01,Northern Western Ghats,flash_flood,A,REAL_VALIDATED,low,15.0077046,74.0518205,OK,5000.0,24.0,False,False,True,16.0,1.2269596417476505,32.0,CANACONA-2009-FF-01|neg|0,0,,2009-09-06T12:00:00,0.5,0.6,1.7000000000000002,3.2,7.699999999999999,24.6,200.5,283.7,479.0,0.6,0.499,0.486
CANACONA-2009-FF-01,Northern Western Ghats,flash_flood,A,REAL_VALIDATED,low,15.0077046,74.0518205,OK,5000.0,24.0,False,False,True,16.0,1.2269596417476505,32.0,CANACONA-2009-FF-01|neg|1,0,,2009-09-05T12:00:00,0.5,1.9,6.5,13.0,35.3,97.5,209.10000000000002,270.6,464.29999999999995,2.9,0.492,0.492
CANACONA-2009-FF-01,Northern Western Ghats,flash_flood,A,REAL_VALIDATED,low,15.0077046,74.0518205,OK,5000.0,24.0,False,False,True,16.0,1.2269596417476505,32.0,CANACONA-2009-FF-01|neg|2,0,,2009-09-08T00:00:00,0.5,0.1,0.5,0.9,1.8000000000000003,7.0,71.7,273.1,428.40000000000003,0.2,0.499,0.496
CANACONA-2009-FF-01,Northern Western Ghats,flash_flood,A,REAL_VALIDATED,low,15.0077046,74.0518205,OK,5000.0,24.0,False,False,True,16.0,1.2269596417476505,32.0,CANACONA-2009-FF-01|neg|3,0,,2009-09-11T00:00:00,0.5,0.3,0.6000000000000001,0.6000000000000001,1.3,3.9,10.4,196.7,340.1,0.3,0.49,0.486
CANACONA-2009-FF-01,Northern Western Ghats,flash_flood,A,REAL_VALIDATED,low,15.0077046,74.0518205,OK,5000.0,24.0,False,False,True,16.0,1.2269596417476505,32.0,CANACONA-2009-FF-01|neg|4,0,,2009-09-09T12:00:00,0.5,0.0,0.0,0.2,1.1,2.3,15.899999999999999,249.60000000000002,353.1,0.2,0.491,0.49
CANACONA-2009-FF-01,Northern Western Ghats,flash_flood,A,REAL_VALIDATED,low,15.0077046,74.0518205,OK,5000.0,24.0,False,False,True,16.0,1.2269596417476505,32.0,CANACONA-2009-FF-01|neg|5,0,,2009-09-07T12:00:00,0.5,1.0,2.0,3.1,5.2,10.0,132.1,284.1,470.79999999999995,1.0,0.504,0.498
CANACONA-2009-FF-01,Northern Western Ghats,flash_flood,A,REAL_VALIDATED,low,15.0077046,74.0518205,OK,5000.0,24.0,False,False,True,16.0,1.2269596417476505,32.0,CANACONA-2009-FF-01|neg|6,0,,2009-09-10T12:00:00,0.5,0.2,0.4,1.0999999999999999,2.6000000000000005,5.0,10.9,221.4,342.1,0.3,0.493,0.488
CANACONA-2009-FF-01,Northern Western Ghats,flash_flood,A,REAL_VALIDATED,low,15.0077046,74.0518205,OK,5000.0,24.0,False,False,True,16.0,1.2269596417476505,32.0,CANACONA-2009-FF-01|neg|7,0,,2009-09-19T00:00:00,0.5,0.0,0.0,0.0,16.5,18.5,23.3,45.7,245.29999999999995,0.0,0.44,0.483
CANACONA-2009-FF-01,Northern Western Ghats,flash_flood,A,REAL_VALIDATED,low,15.0077046,74.0518205,OK,5000.0,24.0,False,False,True,16.0,1.2269596417476505,32.0,CANACONA-2009-FF-01|neg|8,0,,2009-09-13T00:00:00,0.5,0.0,0.0,0.0,0.5,1.5,8.3,34.300000000000004,329.8,0.0,0.473,0.477
CANACONA-2009-FF-01,Northern Western Ghats,flash_flood,A,REAL_VALIDATED,low,15.0077046,74.0518205,OK,5000.0,24.0,False,False,True,16.0,1.2269596417476505,32.0,CANACONA-2009-FF-01|neg|9,0,,2009-11-20T00:00:00,0.5,0.0,0.0,0.0,7.6,8.0,20.4,84.30000000000001,198.0,0.0,0.432,0.48
CANACONA-2009-FF-01,Northern Western Ghats,flash_flood,A,REAL_VALIDATED,low,15.0077046,74.0518205,OK,5000.0,24.0,False,False,True,16.0,1.2269596417476505,32.0,CANACONA-2009-FF-01|neg|10,0,,2009-11-14T00:00:00,0.5,0.0,0.0,0.0,0.0,0.2,41.9,113.7,113.89999999999999,0.0,0.462,0.467
CANACONA-2009-FF-01,Northern Western Ghats,flash_flood,A,REAL_VALIDATED,low,15.0077046,74.0518205,OK,5000.0,24.0,False,False,True,16.0,1.2269596417476505,32.0,CANACONA-2009-FF-01|neg|11,0,,2009-10-24T12:00:00,0.5,0.0,0.0,0.0,0.0,0.0,0.0,6.9,22.9,0.0,0.398,0.418
CANACONA-2009-FF-01,Northern Western Ghats,flash_flood,A,REAL_VALIDATED,low,15.0077046,74.0518205,OK,5000.0,24.0,False,False,True,16.0,1.2269596417476505,32.0,CANACONA-2009-FF-01|neg|12,0,,2009-10-30T00:00:00,0.5,0.0,0.0,0.0,0.4,0.4,0.4,0.4,7.5,0.0,0.349,0.381
CANACONA-2009-FF-01,Northern Western Ghats,flash_flood,A,REAL_VALIDATED,low,15.0077046,74.0518205,OK,5000.0,24.0,False,False,True,16.0,1.2269596417476505,32.0,CANACONA-2009-FF-01|neg|13,0,,2009-10-25T12:00:00,0.5,0.0,0.0,0.0,0.0,0.0,0.0,3.0,22.9,0.0,0.389,0.411
CANACONA-2009-FF-01,Northern Western Ghats,flash_flood,A,REAL_VALIDATED,low,15.0077046,74.0518205,OK,5000.0,24.0,False,False,True,16.0,1.2269596417476505,32.0,CANACONA-2009-FF-01|neg|14,0,,2009-08-24T12:00:00,0.5,3.2,6.6,14.600000000000001,31.400000000000002,75.6,103.7,148.8,189.29999999999998,3.2,0.495,0.508
SATTARI-2021-FF-01,Northern Western Ghats,flash_flood,C,REAL_RECONSTRUCTED,low,15.5520495,74.1774854,OK,10000.0,24.0,False,False,False,123.0,1.9370185626856802,38.0,SATTARI-2021-FF-01|pos|72,1,72.0,2021-07-20T00:00:00,1.0,0.8,2.7,10.200000000000001,32.6,90.6,268.8,659.3,979.4,2.6,0.518,0.516
SATTARI-2021-FF-01,Northern Western Ghats,flash_flood,C,REAL_RECONSTRUCTED,low,15.5520495,74.1774854,OK,10000.0,24.0,False,False,False,123.0,1.9370185626856802,38.0,SATTARI-2021-FF-01|pos|48,1,48.0,2021-07-21T00:00:00,1.0,2.5,7.4,14.2,36.6,66.8,298.5,614.1,1027.2,2.8,0.52,0.505
SATTARI-2021-FF-01,Northern Western Ghats,flash_flood,C,REAL_RECONSTRUCTED,low,15.5520495,74.1774854,OK,10000.0,24.0,False,False,False,123.0,1.9370185626856802,38.0,SATTARI-2021-FF-01|pos|24,1,24.0,2021-07-22T00:00:00,1.0,2.9,12.3,26.6,56.1,88.30000000000001,245.7,597.1,1110.1999999999998,5.0,0.501,0.518
SATTARI-2021-FF-01,Northern Western Ghats,flash_flood,C,REAL_RECONSTRUCTED,low,15.5520495,74.1774854,OK,10000.0,24.0,False,False,False,123.0,1.9370185626856802,38.0,SATTARI-2021-FF-01|neg|0,0,,2021-06-20T00:00:00,0.5,1.8,7.6,12.3,31.799999999999997,74.5,233.9,865.1999999999999,1148.8999999999999,3.4,0.514,0.48
SATTARI-2021-FF-01,Northern Western Ghats,flash_flood,C,REAL_RECONSTRUCTED,low,15.5520495,74.1774854,OK,10000.0,24.0,False,False,False,123.0,1.9370185626856802,38.0,SATTARI-2021-FF-01|neg|1,0,,2021-06-22T00:00:00,0.5,0.1,0.30000000000000004,1.3000000000000003,4.0,14.200000000000001,124.99999999999999,626.8000000000001,1183.6999999999998,0.4,0.507,0.509
SATTARI-2021-FF-01,Northern Western Ghats,flash_flood,C,REAL_RECONSTRUCTED,low,15.5520495,74.1774854,OK,10000.0,24.0,False,False,False,123.0,1.9370185626856802,38.0,SATTARI-2021-FF-01|neg|2,0,,2021-06-17T12:00:00,0.5,1.7,7.2,13.1,28.599999999999998,72.0,447.59999999999997,828.6,999.4,3.1,0.512,0.516
SATTARI-2021-FF-01,Northern Western Ghats,flash_flood,C,REAL_RECONSTRUCTED,low,15.5520495,74.1774854,OK,10000.0,24.0,False,False,False,123.0,1.9370185626856802,38.0,SATTARI-2021-FF-01|neg|3,0,,2021-06-15T12:00:00,0.5,6.6,21.5,41.3,82.79999999999998,159.39999999999998,435.79999999999995,616.3999999999999,756.1999999999998,8.6,0.52,0.519
SATTARI-2021-FF-01,Northern Western Ghats,flash_flood,C,REAL_RECONSTRUCTED,low,15.5520495,74.1774854,OK,10000.0,24.0,False,False,False,123.0,1.9370185626856802,38.0,SATTARI-2021-FF-01|neg|4,0,,2021-06-18T12:00:00,0.5,3.5,9.7,16.299999999999997,30.8,70.9,359.1,881.5,1064.6000000000001,4.5,0.514,0.518
SATTARI-2021-FF-01,Northern Western Ghats,flash_flood,C,REAL_RECONSTRUCTED,low,15.5520495,74.1774854,OK,10000.0,24.0,False,False,False,123.0,1.9370185626856802,38.0,SATTARI-2021-FF-01|neg|5,0,,2021-06-17T00:00:00,0.5,3.1,12.1,23.0,43.4,94.30000000000001,501.79999999999995,814.5999999999999,983.2,4.5,0.498,0.513
SATTARI-2021-FF-01,Northern Western Ghats,flash_flood,C,REAL_RECONSTRUCTED,low,15.5520495,74.1774854,OK,10000.0,24.0,False,False,False,123.0,1.9370185626856802,38.0,SATTARI-2021-FF-01|neg|6,0,,2021-06-21T12:00:00,0.5,0.1,0.7999999999999999,3.3,10.200000000000001,26.5,180.90000000000003,699.4,1181.9,1.2,0.508,0.512
SATTARI-2021-FF-01,Northern Western Ghats,flash_flood,C,REAL_RECONSTRUCTED,low,15.5520495,74.1774854,OK,10000.0,24.0,False,False,False,123.0,1.9370185626856802,38.0,SATTARI-2021-FF-01|neg|7,0,,2021-08-23T12:00:00,0.5,0.6,1.0,1.0,1.0,11.7,24.5,103.8,200.9,0.6,0.492,0.499
SATTARI-2021-FF-01,Northern Western Ghats,flash_flood,C,REAL_RECONSTRUCTED,low,15.5520495,74.1774854,OK,10000.0,24.0,False,False,False,123.0,1.9370185626856802,38.0,SATTARI-2021-FF-01|neg|8,0,,2021-05-28T00:00:00,0.5,0.0,0.2,0.2,0.2,1.8,8.4,58.5,341.8,0.2,0.461,0.471
SATTARI-2021-FF-01,Northern Western Ghats,flash_flood,C,REAL_RECONSTRUCTED,low,15.5520495,74.1774854,OK,10000.0,24.0,False,False,False,123.0,1.9370185626856802,38.0,SATTARI-2021-FF-01|neg|9,0,,2021-06-01T00:00:00,0.5,0.0,0.2,1.1,16.300000000000004,17.3,56.5,77.0,247.5,0.5,0.5,0.51
SATTARI-2021-FF-01,Northern Western Ghats,flash_flood,C,REAL_RECONSTRUCTED,low,15.5520495,74.1774854,OK,10000.0,24.0,False,False,False,123.0,1.9370185626856802,38.0,SATTARI-2021-FF-01|neg|10,0,,2021-05-25T00:00:00,0.5,0.0,0.0,0.0,19.299999999999997,21.099999999999998,30.0,145.79999999999998,345.0,0.0,0.494,0.503
SATTARI-2021-FF-01,Northern Western Ghats,flash_flood,C,REAL_RECONSTRUCTED,low,15.5520495,74.1774854,OK,10000.0,24.0,False,False,False,123.0,1.9370185626856802,38.0,SATTARI-2021-FF-01|neg|11,0,,2021-05-24T12:00:00,0.5,1.2,1.5,1.7999999999999998,1.7999999999999998,5.699999999999999,30.299999999999997,132.1,326.2,1.2,0.48,0.463
SATTARI-2021-FF-01,Northern Western Ghats,flash_flood,C,REAL_RECONSTRUCTED,low,15.5520495,74.1774854,OK,10000.0,24.0,False,False,False,123.0,1.9370185626856802,38.0,SATTARI-2021-FF-01|neg|12,0,,2021-08-17T00:00:00,0.5,0.1,0.30000000000000004,1.6000000000000003,12.5,15.499999999999998,43.5,87.2,350.59999999999997,0.5,0.503,0.492
SATTARI-2021-FF-01,Northern Western Ghats,flash_flood,C,REAL_RECONSTRUCTED,low,15.5520495,74.1774854,OK,10000.0,24.0,False,False,False,123.0,1.9370185626856802,38.0,SATTARI-2021-FF-01|neg|13,0,,2021-08-28T12:00:00,0.5,0.6,3.3000000000000003,4.3999999999999995,6.0,22.6,59.69999999999999,101.69999999999999,223.1,1.7,0.514,0.514
SATTARI-2021-FF-01,Northern Western Ghats,flash_flood,C,REAL_RECONSTRUCTED,low,15.5520495,74.1774854,OK,10000.0,24.0,False,False,False,123.0,1.9370185626856802,38.0,SATTARI-2021-FF-01|neg|14,0,,2021-08-20T12:00:00,0.5,0.8,1.9000000000000001,3.5999999999999996,4.4,13.000000000000002,55.9,114.30000000000001,269.2,0.9,0.513,0.511
MARAPPALAM-1993-LS-01,Nilgiris-Anamalai-Palani,landslide,B,REAL_RECONSTRUCTED,high,11.3352,76.8177,MANUAL,3109.0,12.0,False,False,True,1279.0,23.791829970150715,320.0,MARAPPALAM-1993-LS-01|pos|72,1,72.0,1993-11-08T00:00:00,1.0,0.0,0.0,0.0,0.1,0.4,6.299999999999999,20.6,38.099999999999994,0.0,0.395,0.397
MARAPPALAM-1993-LS-01,Nilgiris-Anamalai-Palani,landslide,B,REAL_RECONSTRUCTED,high,11.3352,76.8177,MANUAL,3109.0,12.0,False,False,True,1279.0,23.791829970150715,320.0,MARAPPALAM-1993-LS-01|pos|48,1,48.0,1993-11-09T00:00:00,1.0,6.9,14.9,23.700000000000003,35.6,35.900000000000006,40.4,53.800000000000004,69.7,6.9,0.43,0.43
MARAPPALAM-1993-LS-01,Nilgiris-Anamalai-Palani,landslide,B,REAL_RECONSTRUCTED,high,11.3352,76.8177,MANUAL,3109.0,12.0,False,False,True,1279.0,23.791829970150715,320.0,MARAPPALAM-1993-LS-01|pos|24,1,24.0,1993-11-10T00:00:00,1.0,0.8,3.2,6.999999999999999,26.400000000000002,49.3,85.60000000000001,98.3,119.0,1.4,0.426,0.429
MARAPPALAM-1993-LS-01,Nilgiris-Anamalai-Palani,landslide,B,REAL_RECONSTRUCTED,high,11.3352,76.8177,MANUAL,3109.0,12.0,False,False,True,1279.0,23.791829970150715,320.0,MARAPPALAM-1993-LS-01|pos|12,1,12.0,1993-11-10T12:00:00,1.0,0.6,1.7000000000000002,6.299999999999999,13.299999999999999,39.699999999999996,98.6,110.50000000000001,131.9,2.3,0.428,0.428
MARAPPALAM-1993-LS-01,Nilgiris-Anamalai-Palani,landslide,B,REAL_RECONSTRUCTED,high,11.3352,76.8177,MANUAL,3109.0,12.0,False,False,True,1279.0,23.791829970150715,320.0,MARAPPALAM-1993-LS-01|neg|0,0,,1993-10-12T00:00:00,0.5,0.2,0.8999999999999999,1.2,3.6000000000000005,10.0,27.700000000000003,102.60000000000001,175.5,0.6,0.425,0.422
MARAPPALAM-1993-LS-01,Nilgiris-Anamalai-Palani,landslide,B,REAL_RECONSTRUCTED,high,11.3352,76.8177,MANUAL,3109.0,12.0,False,False,True,1279.0,23.791829970150715,320.0,MARAPPALAM-1993-LS-01|neg|1,0,,1993-10-16T00:00:00,0.5,0.2,0.30000000000000004,0.30000000000000004,9.2,13.5,40.599999999999994,90.0,208.3,0.2,0.418,0.422
MARAPPALAM-1993-LS-01,Nilgiris-Anamalai-Palani,landslide,B,REAL_RECONSTRUCTED,high,11.3352,76.8177,MANUAL,3109.0,12.0,False,False,True,1279.0,23.791829970150715,320.0,MARAPPALAM-1993-LS-01|neg|2,0,,1993-10-17T12:00:00,0.5,0.6,0.6,0.6,0.6,7.1,30.799999999999997,85.4,203.60000000000002,0.6,0.416,0.418
MARAPPALAM-1993-LS-01,Nilgiris-Anamalai-Palani,landslide,B,REAL_RECONSTRUCTED,high,11.3352,76.8177,MANUAL,3109.0,12.0,False,False,True,1279.0,23.791829970150715,320.0,MARAPPALAM-1993-LS-01|neg|3,0,,1993-10-21T00:00:00,0.5,0.0,0.2,0.5,13.299999999999999,14.100000000000001,30.599999999999998,73.3,191.0,0.2,0.422,0.423
MARAPPALAM-1993-LS-01,Nilgiris-Anamalai-Palani,landslide,B,REAL_RECONSTRUCTED,high,11.3352,76.8177,MANUAL,3109.0,12.0,False,False,True,1279.0,23.791829970150715,320.0,MARAPPALAM-1993-LS-01|neg|4,0,,1993-10-25T00:00:00,0.5,0.0,0.0,0.1,2.4,4.300000000000001,30.3,76.9,168.6,0.1,0.412,0.415
MARAPPALAM-1993-LS-01,Nilgiris-Anamalai-Palani,landslide,B,REAL_RECONSTRUCTED,high,11.3352,76.8177,MANUAL,3109.0,12.0,False,False,True,1279.0,23.791829970150715,320.0,MARAPPALAM-1993-LS-01|neg|5,0,,1993-10-25T12:00:00,0.5,0.0,0.0,0.0,0.0,2.4,27.0,74.8,167.60000000000002,0.0,0.403,0.41
MARAPPALAM-1993-LS-01,Nilgiris-Anamalai-Palani,landslide,B,REAL_RECONSTRUCTED,high,11.3352,76.8177,MANUAL,3109.0,12.0,False,False,True,1279.0,23.791829970150715,320.0,MARAPPALAM-1993-LS-01|neg|6,0,,1993-10-14T00:00:00,0.5,0.5,0.5,0.6,4.800000000000001,11.6,43.300000000000004,96.5,199.2,0.5,0.426,0.424
MARAPPALAM-1993-LS-01,Nilgiris-Anamalai-Palani,landslide,B,REAL_RECONSTRUCTED,high,11.3352,76.8177,MANUAL,3109.0,12.0,False,False,True,1279.0,23.791829970150715,320.0,MARAPPALAM-1993-LS-01|neg|7,0,,1993-10-20T12:00:00,0.5,0.6,0.8,0.8,0.8,10.5,22.6,64.8,193.8,0.6,0.411,0.416
MARAPPALAM-1993-LS-01,Nilgiris-Anamalai-Palani,landslide,B,REAL_RECONSTRUCTED,high,11.3352,76.8177,MANUAL,3109.0,12.0,False,False,True,1279.0,23.791829970150715,320.0,MARAPPALAM-1993-LS-01|neg|8,0,,1993-10-18T00:00:00,0.5,0.1,0.2,1.3,5.3,5.9,27.200000000000003,85.99999999999999,202.40000000000003,0.7,0.421,0.422
MARAPPALAM-1993-LS-01,Nilgiris-Anamalai-Palani,landslide,B,REAL_RECONSTRUCTED,high,11.3352,76.8177,MANUAL,3109.0,12.0,False,False,True,1279.0,23.791829970150715,320.0,MARAPPALAM-1993-LS-01|neg|9,0,,1993-10-08T00:00:00,0.5,0.2,0.5,0.5,8.699999999999998,15.899999999999999,55.3,98.7,130.6,0.2,0.422,0.422
MARAPPALAM-1993-LS-01,Nilgiris-Anamalai-Palani,landslide,B,REAL_RECONSTRUCTED,high,11.3352,76.8177,MANUAL,3109.0,12.0,False,False,True,1279.0,23.791829970150715,320.0,MARAPPALAM-1993-LS-01|neg|10,0,,1993-10-22T12:00:00,0.5,1.3,3.0,3.3,3.3,14.3,43.1,72.8,181.9,1.4,0.421,0.419
MARAPPALAM-1993-LS-01,Nilgiris-Anamalai-Palani,landslide,B,REAL_RECONSTRUCTED,high,11.3352,76.8177,MANUAL,3109.0,12.0,False,False,True,1279.0,23.791829970150715,320.0,MARAPPALAM-1993-LS-01|neg|11,0,,1993-11-25T00:00:00,0.5,1.1,2.0,2.0,2.9,3.3,3.3,5.0,103.0,1.1,0.395,0.373
MARAPPALAM-1993-LS-01,Nilgiris-Anamalai-Palani,landslide,B,REAL_RECONSTRUCTED,high,11.3352,76.8177,MANUAL,3109.0,12.0,False,False,True,1279.0,23.791829970150715,320.0,MARAPPALAM-1993-LS-01|neg|12,0,,1993-10-05T12:00:00,0.5,1.3,2.1,2.1,2.1,3.4,32.400000000000006,73.9,89.0,1.3,0.417,0.409
MARAPPALAM-1993-LS-01,Nilgiris-Anamalai-Palani,landslide,B,REAL_RECONSTRUCTED,high,11.3352,76.8177,MANUAL,3109.0,12.0,False,False,True,1279.0,23.791829970150715,320.0,MARAPPALAM-1993-LS-01|neg|13,0,,1993-09-22T00:00:00,0.5,0.0,0.0,0.0,6.6,8.2,25.5,42.4,67.8,0.0,0.402,0.401
MARAPPALAM-1993-LS-01,Nilgiris-Anamalai-Palani,landslide,B,REAL_RECONSTRUCTED,high,11.3352,76.8177,MANUAL,3109.0,12.0,False,False,True,1279.0,23.791829970150715,320.0,MARAPPALAM-1993-LS-01|neg|14,0,,1993-10-16T12:00:00,0.5,0.5,1.1,1.1,1.3,10.500000000000002,35.1,88.9,206.7,0.5,0.417,0.418
MARAPPALAM-1993-LS-01,Nilgiris-Anamalai-Palani,landslide,B,REAL_RECONSTRUCTED,high,11.3352,76.8177,MANUAL,3109.0,12.0,False,False,True,1279.0,23.791829970150715,320.0,MARAPPALAM-1993-LS-01|neg|15,0,,1993-10-01T12:00:00,0.5,0.5,2.3,2.5,2.9,11.4,31.3,33.8,76.19999999999999,1.4,0.398,0.391
MARAPPALAM-1993-LS-01,Nilgiris-Anamalai-Palani,landslide,B,REAL_RECONSTRUCTED,high,11.3352,76.8177,MANUAL,3109.0,12.0,False,False,True,1279.0,23.791829970150715,320.0,MARAPPALAM-1993-LS-01|neg|16,0,,1993-10-15T00:00:00,0.5,0.0,0.1,0.9999999999999999,8.9,15.5,48.8,96.1,203.8,0.4,0.422,0.426
MARAPPALAM-1993-LS-01,Nilgiris-Anamalai-Palani,landslide,B,REAL_RECONSTRUCTED,high,11.3352,76.8177,MANUAL,3109.0,12.0,False,False,True,1279.0,23.791829970150715,320.0,MARAPPALAM-1993-LS-01|neg|17,0,,1993-09-26T12:00:00,0.5,0.4,0.4,0.4,0.4,0.6000000000000001,1.6,23.300000000000004,60.8,0.4,0.364,0.369
MARAPPALAM-1993-LS-01,Nilgiris-Anamalai-Palani,landslide,B,REAL_RECONSTRUCTED,high,11.3352,76.8177,MANUAL,3109.0,12.0,False,False,True,1279.0,23.791829970150715,320.0,MARAPPALAM-1993-LS-01|neg|18,0,,1993-11-29T12:00:00,0.5,0.0,0.0,0.0,0.0,0.0,0.1,12.8,33.1,0.0,0.365,0.373
MARAPPALAM-1993-LS-01,Nilgiris-Anamalai-Palani,landslide,B,REAL_RECONSTRUCTED,high,11.3352,76.8177,MANUAL,3109.0,12.0,False,False,True,1279.0,23.791829970150715,320.0,MARAPPALAM-1993-LS-01|neg|19,0,,1993-12-01T12:00:00,0.5,0.0,0.0,0.0,0.0,0.4,0.4,12.8,29.0,0.0,0.359,0.365
NILGIRIS-2009-LS-01,Nilgiris-Anamalai-Palani,landslide,B,REAL_RECONSTRUCTED,critical,11.3459447,76.7965283,COARSE,15000.0,48.0,False,False,False,1738.0,4.5730875462968035,89.0,NILGIRIS-2009-LS-01|pos|72,1,72.0,2009-11-07T00:00:00,0.6666666666666666,0.2,0.6000000000000001,1.7,3.3000000000000003,8.4,20.2,26.7,47.9,0.5,0.416,0.409
NILGIRIS-2009-LS-01,Nilgiris-Anamalai-Palani,landslide,B,REAL_RECONSTRUCTED,critical,11.3459447,76.7965283,COARSE,15000.0,48.0,False,False,False,1738.0,4.5730875462968035,89.0,NILGIRIS-2009-LS-01|pos|48,1,48.0,2009-11-08T00:00:00,0.6666666666666666,3.1,6.7,12.0,31.600000000000005,37.2,48.7,60.5,85.1,3.1,0.43,0.43
NILGIRIS-2009-LS-01,Nilgiris-Anamalai-Palani,landslide,B,REAL_RECONSTRUCTED,critical,11.3459447,76.7965283,COARSE,15000.0,48.0,False,False,False,1738.0,4.5730875462968035,89.0,NILGIRIS-2009-LS-01|neg|0,0,,2009-09-29T00:00:00,0.5,0.0,0.0,0.0,2.1,3.2,21.6,47.9,180.39999999999998,0.0,0.399,0.402
NILGIRIS-2009-LS-01,Nilgiris-Anamalai-Palani,landslide,B,REAL_RECONSTRUCTED,critical,11.3459447,76.7965283,COARSE,15000.0,48.0,False,False,False,1738.0,4.5730875462968035,89.0,NILGIRIS-2009-LS-01|neg|1,0,,2009-09-16T12:00:00,0.5,3.9,4.3,4.3,4.3,13.4,41.2,48.20000000000001,108.9,3.9,0.414,0.412
NILGIRIS-2009-LS-01,Nilgiris-Anamalai-Palani,landslide,B,REAL_RECONSTRUCTED,critical,11.3459447,76.7965283,COARSE,15000.0,48.0,False,False,False,1738.0,4.5730875462968035,89.0,NILGIRIS-2009-LS-01|neg|2,0,,2009-10-15T12:00:00,0.5,0.4,0.7000000000000001,0.7000000000000001,0.7000000000000001,3.9000000000000004,37.300000000000004,41.5,83.7,0.4,0.402,0.404
NILGIRIS-2009-LS-01,Nilgiris-Anamalai-Palani,landslide,B,REAL_RECONSTRUCTED,critical,11.3459447,76.7965283,COARSE,15000.0,48.0,False,False,False,1738.0,4.5730875462968035,89.0,NILGIRIS-2009-LS-01|neg|3,0,,2009-10-16T00:00:00,0.5,0.0,0.0,0.2,2.1,2.8,20.200000000000003,42.800000000000004,85.80000000000001,0.2,0.402,0.402
NILGIRIS-2009-LS-01,Nilgiris-Anamalai-Palani,landslide,B,REAL_RECONSTRUCTED,critical,11.3459447,76.7965283,COARSE,15000.0,48.0,False,False,False,1738.0,4.5730875462968035,89.0,NILGIRIS-2009-LS-01|neg|4,0,,2009-10-06T12:00:00,0.5,0.1,0.2,0.2,0.2,0.2,8.899999999999999,40.1,90.9,0.1,0.392,0.398
NILGIRIS-2009-LS-01,Nilgiris-Anamalai-Palani,landslide,B,REAL_RECONSTRUCTED,critical,11.3459447,76.7965283,COARSE,15000.0,48.0,False,False,False,1738.0,4.5730875462968035,89.0,NILGIRIS-2009-LS-01|neg|5,0,,2009-12-11T00:00:00,0.5,0.0,0.0,0.0,0.0,0.0,0.0,8.3,21.0,0.0,0.355,0.363
NILGIRIS-2009-LS-01,Nilgiris-Anamalai-Palani,landslide,B,REAL_RECONSTRUCTED,critical,11.3459447,76.7965283,COARSE,15000.0,48.0,False,False,False,1738.0,4.5730875462968035,89.0,NILGIRIS-2009-LS-01|neg|6,0,,2009-12-16T00:00:00,0.5,0.1,0.30000000000000004,1.9,3.3000000000000003,3.7,5.6000000000000005,6.800000000000001,27.500000000000004,0.7,0.388,0.362
NILGIRIS-2009-LS-01,Nilgiris-Anamalai-Palani,landslide,B,REAL_RECONSTRUCTED,critical,11.3459447,76.7965283,COARSE,15000.0,48.0,False,False,False,1738.0,4.5730875462968035,89.0,NILGIRIS-2009-LS-01|neg|7,0,,2009-12-18T12:00:00,0.5,0.1,0.1,0.1,0.1,2.0,20.6,24.1,35.199999999999996,0.1,0.398,0.4
NILGIRIS-2009-LS-01,Nilgiris-Anamalai-Palani,landslide,B,REAL_RECONSTRUCTED,critical,11.3459447,76.7965283,COARSE,15000.0,48.0,False,False,False,1738.0,4.5730875462968035,89.0,NILGIRIS-2009-LS-01|neg|8,0,,2009-10-08T12:00:00,0.5,0.5,0.6,0.6,0.6,2.5,2.8,41.6,76.60000000000001,0.5,0.378,0.386
NILGIRIS-2009-LS-01,Nilgiris-Anamalai-Palani,landslide,B,REAL_RECONSTRUCTED,critical,11.3459447,76.7965283,COARSE,15000.0,48.0,False,False,False,1738.0,4.5730875462968035,89.0,NILGIRIS-2009-LS-01|neg|9,0,,2009-12-04T00:00:00,0.5,0.0,0.0,0.0,2.7999999999999994,3.4999999999999996,12.4,12.700000000000001,37.1,0.0,0.388,0.387
AVALANCHE-2019-LS-01,Nilgiris-Anamalai-Palani,landslide,B,REAL_RECONSTRUCTED,moderate,11.3324458,76.6180797,OK,10000.0,48.0,False,False,False,1982.0,0.0,0.0,AVALANCHE-2019-LS-01|pos|72,1,72.0,2019-08-05T00:00:00,1.0,0.7,1.8,2.7,4.9,7.9,13.2,14.399999999999999,99.89999999999999,0.7,0.396,0.369
AVALANCHE-2019-LS-01,Nilgiris-Anamalai-Palani,landslide,B,REAL_RECONSTRUCTED,moderate,11.3324458,76.6180797,OK,10000.0,48.0,False,False,False,1982.0,0.0,0.0,AVALANCHE-2019-LS-01|pos|48,1,48.0,2019-08-06T00:00:00,1.0,0.3,0.8999999999999999,2.1,4.7,14.600000000000001,27.2,28.8,81.9,0.5,0.406,0.396
AVALANCHE-2019-LS-01,Nilgiris-Anamalai-Palani,landslide,B,REAL_RECONSTRUCTED,moderate,11.3324458,76.6180797,OK,10000.0,48.0,False,False,False,1982.0,0.0,0.0,AVALANCHE-2019-LS-01|neg|0,0,,2019-08-30T12:00:00,0.5,0.0,0.0,0.2,11.100000000000001,12.0,18.0,60.4,126.7,0.1,0.411,0.415
AVALANCHE-2019-LS-01,Nilgiris-Anamalai-Palani,landslide,B,REAL_RECONSTRUCTED,moderate,11.3324458,76.6180797,OK,10000.0,48.0,False,False,False,1982.0,0.0,0.0,AVALANCHE-2019-LS-01|neg|1,0,,2019-07-08T12:00:00,0.5,0.1,0.30000000000000004,0.7999999999999999,0.9999999999999999,3.3000000000000003,23.1,37.1,42.800000000000004,0.2,0.396,0.396
AVALANCHE-2019-LS-01,Nilgiris-Anamalai-Palani,landslide,B,REAL_RECONSTRUCTED,moderate,11.3324458,76.6180797,OK,10000.0,48.0,False,False,False,1982.0,0.0,0.0,AVALANCHE-2019-LS-01|neg|2,0,,2019-06-17T00:00:00,0.5,0.0,0.0,0.0,0.0,0.0,3.3,60.0,119.9,0.0,0.38,0.388
AVALANCHE-2019-LS-01,Nilgiris-Anamalai-Palani,landslide,B,REAL_RECONSTRUCTED,moderate,11.3324458,76.6180797,OK,10000.0,48.0,False,False,False,1982.0,0.0,0.0,AVALANCHE-2019-LS-01|neg|3,0,,2019-07-20T12:00:00,0.5,1.5,3.1,4.6,6.300000000000001,19.7,79.5,89.8,138.39999999999998,1.5,0.428,0.424
AVALANCHE-2019-LS-01,Nilgiris-Anamalai-Palani,landslide,B,REAL_RECONSTRUCTED,moderate,11.3324458,76.6180797,OK,10000.0,48.0,False,False,False,1982.0,0.0,0.0,AVALANCHE-2019-LS-01|neg|4,0,,2019-06-29T00:00:00,0.5,0.0,0.0,0.0,0.0,0.0,1.9,22.0,43.300000000000004,0.0,0.353,0.364
AVALANCHE-2019-LS-01,Nilgiris-Anamalai-Palani,landslide,B,REAL_RECONSTRUCTED,moderate,11.3324458,76.6180797,OK,10000.0,48.0,False,False,False,1982.0,0.0,0.0,AVALANCHE-2019-LS-01|neg|5,0,,2019-07-13T12:00:00,0.5,0.6,1.1,1.1,1.1,1.6,7.7,38.6,64.10000000000001,0.6,0.398,0.397
AVALANCHE-2019-LS-01,Nilgiris-Anamalai-Palani,landslide,B,REAL_RECONSTRUCTED,moderate,11.3324458,76.6180797,OK,10000.0,48.0,False,False,False,1982.0,0.0,0.0,AVALANCHE-2019-LS-01|neg|6,0,,2019-09-10T12:00:00,0.5,0.1,0.4,0.4,0.4,1.0,8.8,31.8,88.9,0.2,0.387,0.391
AVALANCHE-2019-LS-01,Nilgiris-Anamalai-Palani,landslide,B,REAL_RECONSTRUCTED,moderate,11.3324458,76.6180797,OK,10000.0,48.0,False,False,False,1982.0,0.0,0.0,AVALANCHE-2019-LS-01|neg|7,0,,2019-09-11T12:00:00,0.5,0.1,0.1,0.1,0.1,0.6000000000000001,4.199999999999999,25.0,74.19999999999999,0.1,0.378,0.385
AVALANCHE-2019-LS-01,Nilgiris-Anamalai-Palani,landslide,B,REAL_RECONSTRUCTED,moderate,11.3324458,76.6180797,OK,10000.0,48.0,False,False,False,1982.0,0.0,0.0,AVALANCHE-2019-LS-01|neg|8,0,,2019-07-09T00:00:00,0.5,0.0,0.0,0.0,0.30000000000000004,1.3,19.200000000000003,37.400000000000006,42.2,0.0,0.39,0.392
AVALANCHE-2019-LS-01,Nilgiris-Anamalai-Palani,landslide,B,REAL_RECONSTRUCTED,moderate,11.3324458,76.6180797,OK,10000.0,48.0,False,False,False,1982.0,0.0,0.0,AVALANCHE-2019-LS-01|neg|9,0,,2019-09-14T00:00:00,0.5,0.0,0.0,0.0,0.4,0.5,1.5,12.5,68.7,0.0,0.366,0.372
VALPARAI-2024-LS-01,Nilgiris-Anamalai-Palani,landslide,C,REAL_RECONSTRUCTED,low,11.0018115,76.9628425,COARSE,24887.0,24.0,False,False,False,421.0,1.0688559813630099,11.0,VALPARAI-2024-LS-01|pos|72,1,72.0,2024-07-27T00:00:00,0.4018162092658818,0.0,0.0,0.2,0.4,1.1,3.5,4.6000000000000005,59.70000000000001,0.1,0.284,0.274
VALPARAI-2024-LS-01,Nilgiris-Anamalai-Palani,landslide,C,REAL_RECONSTRUCTED,low,11.0018115,76.9628425,COARSE,24887.0,24.0,False,False,False,421.0,1.0688559813630099,11.0,VALPARAI-2024-LS-01|pos|48,1,48.0,2024-07-28T00:00:00,0.4018162092658818,0.0,0.0,0.0,0.0,0.30000000000000004,3.7,4.6000000000000005,39.10000000000001,0.0,0.261,0.265
VALPARAI-2024-LS-01,Nilgiris-Anamalai-Palani,landslide,C,REAL_RECONSTRUCTED,low,11.0018115,76.9628425,COARSE,24887.0,24.0,False,False,False,421.0,1.0688559813630099,11.0,VALPARAI-2024-LS-01|pos|24,1,24.0,2024-07-29T00:00:00,0.4018162092658818,0.0,0.0,0.0,0.0,0.0,1.4000000000000001,4.0,37.7,0.0,0.239,0.255
VALPARAI-2024-LS-01,Nilgiris-Anamalai-Palani,landslide,C,REAL_RECONSTRUCTED,low,11.0018115,76.9628425,COARSE,24887.0,24.0,False,False,False,421.0,1.0688559813630099,11.0,VALPARAI-2024-LS-01|neg|0,0,,2024-07-13T00:00:00,0.5,0.0,0.0,0.6000000000000001,8.4,20.9,25.7,30.900000000000002,45.3,0.4,0.364,0.275
VALPARAI-2024-LS-01,Nilgiris-Anamalai-Palani,landslide,C,REAL_RECONSTRUCTED,low,11.0018115,76.9628425,COARSE,24887.0,24.0,False,False,False,421.0,1.0688559813630099,11.0,VALPARAI-2024-LS-01|neg|1,0,,2024-06-20T12:00:00,0.5,0.0,0.0,0.0,0.0,3.3000000000000003,10.3,12.700000000000001,48.400000000000006,0.0,0.153,0.141
VALPARAI-2024-LS-01,Nilgiris-Anamalai-Palani,landslide,C,REAL_RECONSTRUCTED,low,11.0018115,76.9628425,COARSE,24887.0,24.0,False,False,False,421.0,1.0688559813630099,11.0,VALPARAI-2024-LS-01|neg|2,0,,2024-09-13T00:00:00,0.5,0.0,0.0,0.0,0.6,1.1,1.2000000000000002,7.1000000000000005,21.9,0.0,0.15,0.153
VALPARAI-2024-LS-01,Nilgiris-Anamalai-Palani,landslide,C,REAL_RECONSTRUCTED,low,11.0018115,76.9628425,COARSE,24887.0,24.0,False,False,False,421.0,1.0688559813630099,11.0,VALPARAI-2024-LS-01|neg|3,0,,2024-09-06T00:00:00,0.5,0.0,0.0,0.0,0.0,0.8,2.8999999999999995,11.600000000000001,16.7,0.0,0.161,0.169
VALPARAI-2024-LS-01,Nilgiris-Anamalai-Palani,landslide,C,REAL_RECONSTRUCTED,low,11.0018115,76.9628425,COARSE,24887.0,24.0,False,False,False,421.0,1.0688559813630099,11.0,VALPARAI-2024-LS-01|neg|4,0,,2024-06-22T00:00:00,0.5,0.0,0.0,0.0,0.30000000000000004,0.7,6.1000000000000005,12.9,31.699999999999996,0.0,0.165,0.142
VALPARAI-2024-LS-01,Nilgiris-Anamalai-Palani,landslide,C,REAL_RECONSTRUCTED,low,11.0018115,76.9628425,COARSE,24887.0,24.0,False,False,False,421.0,1.0688559813630099,11.0,VALPARAI-2024-LS-01|neg|5,0,,2024-07-08T12:00:00,0.5,0.2,0.5,0.8,1.3,1.3,3.4,15.800000000000002,110.40000000000002,0.3,0.29,0.27
VALPARAI-2024-LS-01,Nilgiris-Anamalai-Palani,landslide,C,REAL_RECONSTRUCTED,low,11.0018115,76.9628425,COARSE,24887.0,24.0,False,False,False,421.0,1.0688559813630099,11.0,VALPARAI-2024-LS-01|neg|6,0,,2024-06-04T00:00:00,0.5,0.0,0.0,0.0,0.6,2.2,13.600000000000001,17.1,124.6,0.0,0.199,0.201
VALPARAI-2024-LS-01,Nilgiris-Anamalai-Palani,landslide,C,REAL_RECONSTRUCTED,low,11.0018115,76.9628425,COARSE,24887.0,24.0,False,False,False,421.0,1.0688559813630099,11.0,VALPARAI-2024-LS-01|neg|7,0,,2024-07-05T12:00:00,0.5,0.3,4.3,4.3,4.3,7.3,11.5,13.6,122.10000000000001,4.0,0.35,0.287
VALPARAI-2024-LS-01,Nilgiris-Anamalai-Palani,landslide,C,REAL_RECONSTRUCTED,low,11.0018115,76.9628425,COARSE,24887.0,24.0,False,False,False,421.0,1.0688559813630099,11.0,VALPARAI-2024-LS-01|neg|8,0,,2024-06-09T00:00:00,0.5,0.0,2.5,9.6,10.8,10.8,33.0,43.9,57.9,2.6,0.335,0.173
VALPARAI-2024-LS-01,Nilgiris-Anamalai-Palani,landslide,C,REAL_RECONSTRUCTED,low,11.0018115,76.9628425,COARSE,24887.0,24.0,False,False,False,421.0,1.0688559813630099,11.0,VALPARAI-2024-LS-01|neg|9,0,,2024-09-06T12:00:00,0.5,1.8,2.4,2.4,2.4,2.4,5.299999999999999,13.9,19.1,1.8,0.18,0.167
VALPARAI-2024-LS-01,Nilgiris-Anamalai-Palani,landslide,C,REAL_RECONSTRUCTED,low,11.0018115,76.9628425,COARSE,24887.0,24.0,False,False,False,421.0,1.0688559813630099,11.0,VALPARAI-2024-LS-01|neg|10,0,,2024-08-16T00:00:00,0.5,0.0,0.0,0.0,0.0,0.2,33.199999999999996,51.6,107.1,0.0,0.328,0.33
VALPARAI-2024-LS-01,Nilgiris-Anamalai-Palani,landslide,C,REAL_RECONSTRUCTED,low,11.0018115,76.9628425,COARSE,24887.0,24.0,False,False,False,421.0,1.0688559813630099,11.0,VALPARAI-2024-LS-01|neg|11,0,,2024-09-09T12:00:00,0.5,0.0,0.0,0.0,0.0,0.0,3.0,12.0,21.5,0.0,0.172,0.163
VALPARAI-2024-LS-01,Nilgiris-Anamalai-Palani,landslide,C,REAL_RECONSTRUCTED,low,11.0018115,76.9628425,COARSE,24887.0,24.0,False,False,False,421.0,1.0688559813630099,11.0,VALPARAI-2024-LS-01|neg|12,0,,2024-07-06T00:00:00,0.5,0.0,0.0,0.0,0.8,5.1,12.3,14.4,122.80000000000001,0.0,0.297,0.281
VALPARAI-2024-LS-01,Nilgiris-Anamalai-Palani,landslide,C,REAL_RECONSTRUCTED,low,11.0018115,76.9628425,COARSE,24887.0,24.0,False,False,False,421.0,1.0688559813630099,11.0,VALPARAI-2024-LS-01|neg|13,0,,2024-08-30T12:00:00,0.5,0.0,0.1,0.1,0.1,0.7999999999999999,4.4,5.2,10.8,0.1,0.163,0.191
VALPARAI-2024-LS-01,Nilgiris-Anamalai-Palani,landslide,C,REAL_RECONSTRUCTED,low,11.0018115,76.9628425,COARSE,24887.0,24.0,False,False,False,421.0,1.0688559813630099,11.0,VALPARAI-2024-LS-01|neg|14,0,,2024-06-17T00:00:00,0.5,0.0,0.0,0.0,0.4,0.4,0.6000000000000001,3.4000000000000004,47.699999999999996,0.0,0.145,0.147
MEDARASOLA-2014-LS-01,Eastern Ghats,landslide,C,REAL_RECONSTRUCTED,moderate,17.7460977,83.22222,COARSE,10000.0,48.0,False,False,False,34.0,3.7677031364194926,47.0,MEDARASOLA-2014-LS-01|pos|72,1,72.0,2014-10-09T00:00:00,1.0,0.0,0.0,0.0,1.0,2.7,9.7,13.600000000000001,17.200000000000003,0.0,0.262,0.234
MEDARASOLA-2014-LS-01,Eastern Ghats,landslide,C,REAL_RECONSTRUCTED,moderate,17.7460977,83.22222,COARSE,10000.0,48.0,False,False,False,34.0,3.7677031364194926,47.0,MEDARASOLA-2014-LS-01|pos|48,1,48.0,2014-10-10T00:00:00,1.0,0.0,0.0,0.0,0.0,0.0,6.5,12.7,16.1,0.0,0.237,0.231
MEDARASOLA-2014-LS-01,Eastern Ghats,landslide,C,REAL_RECONSTRUCTED,moderate,17.7460977,83.22222,COARSE,10000.0,48.0,False,False,False,34.0,3.7677031364194926,47.0,MEDARASOLA-2014-LS-01|neg|0,0,,2014-09-07T00:00:00,0.5,0.6,1.1,6.1,16.599999999999998,34.900000000000006,56.4,97.19999999999999,162.8,1.9,0.361,0.365
MEDARASOLA-2014-LS-01,Eastern Ghats,landslide,C,REAL_RECONSTRUCTED,moderate,17.7460977,83.22222,COARSE,10000.0,48.0,False,False,False,34.0,3.7677031364194926,47.0,MEDARASOLA-2014-LS-01|neg|1,0,,2014-11-16T12:00:00,0.5,0.0,0.0,0.0,0.0,0.0,1.8,13.899999999999999,18.0,0.0,0.203,0.196
MEDARASOLA-2014-LS-01,Eastern Ghats,landslide,C,REAL_RECONSTRUCTED,moderate,17.7460977,83.22222,COARSE,10000.0,48.0,False,False,False,34.0,3.7677031364194926,47.0,MEDARASOLA-2014-LS-01|neg|2,0,,2014-09-02T12:00:00,0.5,0.0,0.0,0.2,9.0,12.399999999999999,39.8,96.1,105.9,0.2,0.333,0.343
MEDARASOLA-2014-LS-01,Eastern Ghats,landslide,C,REAL_RECONSTRUCTED,moderate,17.7460977,83.22222,COARSE,10000.0,48.0,False,False,False,34.0,3.7677031364194926,47.0,MEDARASOLA-2014-LS-01|neg|3,0,,2014-08-29T12:00:00,0.5,0.4,0.6000000000000001,1.5,3.8000000000000003,17.1,43.10000000000001,50.00000000000001,59.30000000000001,0.8,0.326,0.316
MEDARASOLA-2014-LS-01,Eastern Ghats,landslide,C,REAL_RECONSTRUCTED,moderate,17.7460977,83.22222,COARSE,10000.0,48.0,False,False,False,34.0,3.7677031364194926,47.0,MEDARASOLA-2014-LS-01|neg|4,0,,2014-09-22T00:00:00,0.5,0.0,0.0,0.0,0.0,0.3,11.7,69.7,79.69999999999999,0.0,0.305,0.317
MEDARASOLA-2014-LS-01,Eastern Ghats,landslide,C,REAL_RECONSTRUCTED,moderate,17.7460977,83.22222,COARSE,10000.0,48.0,False,False,False,34.0,3.7677031364194926,47.0,MEDARASOLA-2014-LS-01|neg|5,0,,2014-09-13T12:00:00,0.5,0.2,0.2,0.8,0.8,1.5,2.7,21.299999999999997,117.5,0.4,0.267,0.267
MEDARASOLA-2014-LS-01,Eastern Ghats,landslide,C,REAL_RECONSTRUCTED,moderate,17.7460977,83.22222,COARSE,10000.0,48.0,False,False,False,34.0,3.7677031364194926,47.0,MEDARASOLA-2014-LS-01|neg|6,0,,2014-09-04T12:00:00,0.5,0.0,0.0,0.0,0.9000000000000001,4.300000000000001,16.700000000000003,74.4,108.79999999999998,0.0,0.307,0.309
MEDARASOLA-2014-LS-01,Eastern Ghats,landslide,C,REAL_RECONSTRUCTED,moderate,17.7460977,83.22222,COARSE,10000.0,48.0,False,False,False,34.0,3.7677031364194926,47.0,MEDARASOLA-2014-LS-01|neg|7,0,,2014-09-11T00:00:00,0.5,0.0,0.0,0.0,0.0,0.0,0.5,58.400000000000006,155.3,0.0,0.268,0.283
MEDARASOLA-2014-LS-01,Eastern Ghats,landslide,C,REAL_RECONSTRUCTED,moderate,17.7460977,83.22222,COARSE,10000.0,48.0,False,False,False,34.0,3.7677031364194926,47.0,MEDARASOLA-2014-LS-01|neg|8,0,,2014-11-03T00:00:00,0.5,0.0,0.0,0.0,0.0,0.0,0.0,5.7,8.200000000000001,0.0,0.189,0.218
MEDARASOLA-2014-LS-01,Eastern Ghats,landslide,C,REAL_RECONSTRUCTED,moderate,17.7460977,83.22222,COARSE,10000.0,48.0,False,False,False,34.0,3.7677031364194926,47.0,MEDARASOLA-2014-LS-01|neg|9,0,,2014-08-26T00:00:00,0.5,1.2,1.2,1.2,1.2,2.6999999999999997,5.6,7.5,18.0,1.2,0.233,0.186
BARAGHARA-2018-LS-01,Eastern Ghats,landslide,C,REAL_RECONSTRUCTED,high,18.9659986,84.1928746,COARSE,17253.0,24.0,False,False,False,692.0,12.279000151327883,106.0,BARAGHARA-2018-LS-01|pos|72,1,72.0,2018-10-08T00:00:00,0.579609343302614,0.0,0.0,0.0,0.0,0.0,0.7000000000000001,2.7,34.6,0.0,0.302,0.326
BARAGHARA-2018-LS-01,Eastern Ghats,landslide,C,REAL_RECONSTRUCTED,high,18.9659986,84.1928746,COARSE,17253.0,24.0,False,False,False,692.0,12.279000151327883,106.0,BARAGHARA-2018-LS-01|pos|48,1,48.0,2018-10-09T00:00:00,0.579609343302614,0.0,0.0,0.0,0.0,0.0,0.4,1.8000000000000003,31.900000000000002,0.0,0.29,0.318
BARAGHARA-2018-LS-01,Eastern Ghats,landslide,C,REAL_RECONSTRUCTED,high,18.9659986,84.1928746,COARSE,17253.0,24.0,False,False,False,692.0,12.279000151327883,106.0,BARAGHARA-2018-LS-01|pos|24,1,24.0,2018-10-10T00:00:00,0.579609343302614,0.0,0.0,0.0,0.0,0.0,0.0,0.8,27.9,0.0,0.278,0.31
BARAGHARA-2018-LS-01,Eastern Ghats,landslide,C,REAL_RECONSTRUCTED,high,18.9659986,84.1928746,COARSE,17253.0,24.0,False,False,False,692.0,12.279000151327883,106.0,BARAGHARA-2018-LS-01|neg|0,0,,2018-08-24T12:00:00,0.5,0.2,1.1,1.4,1.5,5.6,9.0,51.7,267.6,0.5,0.398,0.396
BARAGHARA-2018-LS-01,Eastern Ghats,landslide,C,REAL_RECONSTRUCTED,high,18.9659986,84.1928746,COARSE,17253.0,24.0,False,False,False,692.0,12.279000151327883,106.0,BARAGHARA-2018-LS-01|neg|1,0,,2018-10-30T12:00:00,0.5,0.2,0.2,0.2,0.2,0.2,10.1,10.7,14.899999999999999,0.2,0.287,0.301
BARAGHARA-2018-LS-01,Eastern Ghats,landslide,C,REAL_RECONSTRUCTED,high,18.9659986,84.1928746,COARSE,17253.0,24.0,False,False,False,692.0,12.279000151327883,106.0,BARAGHARA-2018-LS-01|neg|2,0,,2018-11-23T00:00:00,0.5,0.0,0.0,0.0,0.0,0.0,0.0,1.7000000000000002,3.3000000000000003,0.0,0.171,0.22
BARAGHARA-2018-LS-01,Eastern Ghats,landslide,C,REAL_RECONSTRUCTED,high,18.9659986,84.1928746,COARSE,17253.0,24.0,False,False,False,692.0,12.279000151327883,106.0,BARAGHARA-2018-LS-01|neg|3,0,,2018-09-07T12:00:00,0.5,0.7,0.8999999999999999,1.0,1.9000000000000001,19.699999999999996,55.3,73.7,180.5,0.7,0.414,0.416
BARAGHARA-2018-LS-01,Eastern Ghats,landslide,C,REAL_RECONSTRUCTED,high,18.9659986,84.1928746,COARSE,17253.0,24.0,False,False,False,692.0,12.279000151327883,106.0,BARAGHARA-2018-LS-01|neg|4,0,,2018-09-12T12:00:00,0.5,0.0,0.0,0.0,0.0,2.4000000000000004,44.4,101.0,135.2,0.0,0.393,0.403
BARAGHARA-2018-LS-01,Eastern Ghats,landslide,C,REAL_RECONSTRUCTED,high,18.9659986,84.1928746,COARSE,17253.0,24.0,False,False,False,692.0,12.279000151327883,106.0,BARAGHARA-2018-LS-01|neg|5,0,,2018-11-14T12:00:00,0.5,0.0,0.0,0.0,0.0,0.0,0.0,2.3,8.5,0.0,0.209,0.251
BARAGHARA-2018-LS-01,Eastern Ghats,landslide,C,REAL_RECONSTRUCTED,high,18.9659986,84.1928746,COARSE,17253.0,24.0,False,False,False,692.0,12.279000151327883,106.0,BARAGHARA-2018-LS-01|neg|6,0,,2018-08-16T12:00:00,0.5,0.1,0.30000000000000004,0.8999999999999999,1.9000000000000004,14.900000000000002,102.80000000000001,210.7,294.5,0.4,0.413,0.418
BARAGHARA-2018-LS-01,Eastern Ghats,landslide,C,REAL_RECONSTRUCTED,high,18.9659986,84.1928746,COARSE,17253.0,24.0,False,False,False,692.0,12.279000151327883,106.0,BARAGHARA-2018-LS-01|neg|7,0,,2018-10-29T12:00:00,0.5,0.0,0.0,0.0,0.4,9.7,9.899999999999999,10.599999999999998,22.299999999999997,0.0,0.299,0.304
BARAGHARA-2018-LS-01,Eastern Ghats,landslide,C,REAL_RECONSTRUCTED,high,18.9659986,84.1928746,COARSE,17253.0,24.0,False,False,False,692.0,12.279000151327883,106.0,BARAGHARA-2018-LS-01|neg|8,0,,2018-11-09T00:00:00,0.5,0.0,0.0,0.0,1.0,1.6,2.6,8.100000000000001,18.6,0.0,0.254,0.272
BARAGHARA-2018-LS-01,Eastern Ghats,landslide,C,REAL_RECONSTRUCTED,high,18.9659986,84.1928746,COARSE,17253.0,24.0,False,False,False,692.0,12.279000151327883,106.0,BARAGHARA-2018-LS-01|neg|9,0,,2018-11-13T00:00:00,0.5,0.0,0.0,0.0,0.0,0.0,0.0,2.6,9.100000000000001,0.0,0.221,0.258
BARAGHARA-2018-LS-01,Eastern Ghats,landslide,C,REAL_RECONSTRUCTED,high,18.9659986,84.1928746,COARSE,17253.0,24.0,False,False,False,692.0,12.279000151327883,106.0,BARAGHARA-2018-LS-01|neg|10,0,,2018-11-15T00:00:00,0.5,0.0,0.0,0.0,0.0,0.0,0.0,1.6,8.1,0.0,0.206,0.249
BARAGHARA-2018-LS-01,Eastern Ghats,landslide,C,REAL_RECONSTRUCTED,high,18.9659986,84.1928746,COARSE,17253.0,24.0,False,False,False,692.0,12.279000151327883,106.0,BARAGHARA-2018-LS-01|neg|11,0,,2018-11-21T00:00:00,0.5,0.0,0.0,0.0,0.0,0.0,1.7000000000000002,1.7000000000000002,4.300000000000001,0.0,0.182,0.227
BARAGHARA-2018-LS-01,Eastern Ghats,landslide,C,REAL_RECONSTRUCTED,high,18.9659986,84.1928746,COARSE,17253.0,24.0,False,False,False,692.0,12.279000151327883,106.0,BARAGHARA-2018-LS-01|neg|12,0,,2018-09-15T12:00:00,0.5,0.0,0.0,0.0,0.0,0.8,4.300000000000001,54.49999999999999,130.9,0.0,0.39,0.399
BARAGHARA-2018-LS-01,Eastern Ghats,landslide,C,REAL_RECONSTRUCTED,high,18.9659986,84.1928746,COARSE,17253.0,24.0,False,False,False,692.0,12.279000151327883,106.0,BARAGHARA-2018-LS-01|neg|13,0,,2018-08-28T12:00:00,0.5,2.5,5.4,5.5,7.2,7.9,75.69999999999999,101.60000000000001,252.29999999999998,2.6,0.426,0.421
BARAGHARA-2018-LS-01,Eastern Ghats,landslide,C,REAL_RECONSTRUCTED,high,18.9659986,84.1928746,COARSE,17253.0,24.0,False,False,False,692.0,12.279000151327883,106.0,BARAGHARA-2018-LS-01|neg|14,0,,2018-11-20T12:00:00,0.5,0.0,0.0,0.0,0.0,0.5,1.7000000000000002,1.7000000000000002,4.5,0.0,0.184,0.227
ANNAMAYYA-2021-FF-01,Eastern Ghats,flash_flood,B,REAL_RECONSTRUCTED,high,14.2520923,79.0796962,COARSE,28096.0,6.0,False,False,False,148.0,0.20533702679381388,4.0,ANNAMAYYA-2021-FF-01|pos|72,1,72.0,2021-11-16T00:00:00,0.3559225512528474,0.1,0.2,1.2000000000000002,4.599999999999999,5.4,16.9,107.2,229.4,0.5,0.49,0.479
ANNAMAYYA-2021-FF-01,Eastern Ghats,flash_flood,B,REAL_RECONSTRUCTED,high,14.2520923,79.0796962,COARSE,28096.0,6.0,False,False,False,148.0,0.20533702679381388,4.0,ANNAMAYYA-2021-FF-01|pos|48,1,48.0,2021-11-17T00:00:00,0.3559225512528474,0.1,0.1,0.8999999999999999,1.6,2.8,17.7,109.39999999999999,223.2,0.7,0.476,0.468
ANNAMAYYA-2021-FF-01,Eastern Ghats,flash_flood,B,REAL_RECONSTRUCTED,high,14.2520923,79.0796962,COARSE,28096.0,6.0,False,False,False,148.0,0.20533702679381388,4.0,ANNAMAYYA-2021-FF-01|pos|24,1,24.0,2021-11-18T00:00:00,0.3559225512528474,2.9,5.3,6.800000000000001,11.200000000000001,12.200000000000001,20.4,113.7,229.29999999999998,2.9,0.51,0.476
ANNAMAYYA-2021-FF-01,Eastern Ghats,flash_flood,B,REAL_RECONSTRUCTED,high,14.2520923,79.0796962,COARSE,28096.0,6.0,False,False,False,148.0,0.20533702679381388,4.0,ANNAMAYYA-2021-FF-01|pos|12,1,12.0,2021-11-18T12:00:00,0.3559225512528474,4.6,10.899999999999999,20.4,42.599999999999994,53.8,62.2,114.6,263.70000000000005,5.0,0.52,0.52
ANNAMAYYA-2021-FF-01,Eastern Ghats,flash_flood,B,REAL_RECONSTRUCTED,high,14.2520923,79.0796962,COARSE,28096.0,6.0,False,False,False,148.0,0.20533702679381388,4.0,ANNAMAYYA-2021-FF-01|pos|6,1,6.0,2021-11-18T18:00:00,0.3559225512528474,1.5,11.899999999999999,27.5,47.9,76.89999999999999,86.3,129.3,287.0,6.8,0.514,0.516
ANNAMAYYA-2021-FF-01,Eastern Ghats,flash_flood,B,REAL_RECONSTRUCTED,high,14.2520923,79.0796962,COARSE,28096.0,6.0,False,False,False,148.0,0.20533702679381388,4.0,ANNAMAYYA-2021-FF-01|neg|0,0,,2021-10-21T12:00:00,0.5,0.0,0.0,0.0,0.0,13.0,13.1,31.0,80.0,0.0,0.403,0.35
ANNAMAYYA-2021-FF-01,Eastern Ghats,flash_flood,B,REAL_RECONSTRUCTED,high,14.2520923,79.0796962,COARSE,28096.0,6.0,False,False,False,148.0,0.20533702679381388,4.0,ANNAMAYYA-2021-FF-01|neg|1,0,,2021-10-29T12:00:00,0.5,0.2,1.3,1.9,2.9000000000000004,4.800000000000001,4.800000000000001,40.49999999999999,87.79999999999998,1.0,0.399,0.382
ANNAMAYYA-2021-FF-01,Eastern Ghats,flash_flood,B,REAL_RECONSTRUCTED,high,14.2520923,79.0796962,COARSE,28096.0,6.0,False,False,False,148.0,0.20533702679381388,4.0,ANNAMAYYA-2021-FF-01|neg|2,0,,2021-10-29T00:00:00,0.5,0.2,1.8,1.9,1.9,1.9,2.0,37.60000000000001,84.9,0.9,0.384,0.385
ANNAMAYYA-2021-FF-01,Eastern Ghats,flash_flood,B,REAL_RECONSTRUCTED,high,14.2520923,79.0796962,COARSE,28096.0,6.0,False,False,False,148.0,0.20533702679381388,4.0,ANNAMAYYA-2021-FF-01|neg|3,0,,2021-12-30T12:00:00,0.5,0.2,0.8999999999999999,1.0,1.1,2.8,3.4,3.4,3.9,0.4,0.358,0.383
ANNAMAYYA-2021-FF-01,Eastern Ghats,flash_flood,B,REAL_RECONSTRUCTED,high,14.2520923,79.0796962,COARSE,28096.0,6.0,False,False,False,148.0,0.20533702679381388,4.0,ANNAMAYYA-2021-FF-01|neg|4,0,,2021-12-21T00:00:00,0.5,0.0,0.0,0.0,0.0,0.0,0.0,2.3000000000000003,36.0,0.0,0.415,0.435
ANNAMAYYA-2021-FF-01,Eastern Ghats,flash_flood,B,REAL_RECONSTRUCTED,high,14.2520923,79.0796962,COARSE,28096.0,6.0,False,False,False,148.0,0.20533702679381388,4.0,ANNAMAYYA-2021-FF-01|neg|5,0,,2021-12-24T12:00:00,0.5,0.0,0.0,0.0,0.0,0.0,0.0,0.0,31.599999999999998,0.0,0.367,0.401
ANNAMAYYA-2021-FF-01,Eastern Ghats,flash_flood,B,REAL_RECONSTRUCTED,high,14.2520923,79.0796962,COARSE,28096.0,6.0,False,False,False,148.0,0.20533702679381388,4.0,ANNAMAYYA-2021-FF-01|neg|6,0,,2021-12-10T00:00:00,0.5,0.1,0.4,5.899999999999999,11.699999999999998,13.799999999999999,15.9,16.1,81.80000000000001,4.1,0.491,0.453
ANNAMAYYA-2021-FF-01,Eastern Ghats,flash_flood,B,REAL_RECONSTRUCTED,high,14.2520923,79.0796962,COARSE,28096.0,6.0,False,False,False,148.0,0.20533702679381388,4.0,ANNAMAYYA-2021-FF-01|neg|7,0,,2021-11-01T12:00:00,0.5,0.1,0.6,2.4000000000000004,6.3,8.2,24.4,29.5,94.4,0.8,0.499,0.48
ANNAMAYYA-2021-FF-01,Eastern Ghats,flash_flood,B,REAL_RECONSTRUCTED,high,14.2520923,79.0796962,COARSE,28096.0,6.0,False,False,False,148.0,0.20533702679381388,4.0,ANNAMAYYA-2021-FF-01|neg|8,0,,2021-10-17T12:00:00,0.5,0.0,0.0,0.0,0.0,2.9000000000000004,17.799999999999997,23.4,95.2,0.0,0.435,0.382
ANNAMAYYA-2021-FF-01,Eastern Ghats,flash_flood,B,REAL_RECONSTRUCTED,high,14.2520923,79.0796962,COARSE,28096.0,6.0,False,False,False,148.0,0.20533702679381388,4.0,ANNAMAYYA-2021-FF-01|neg|9,0,,2021-11-04T12:00:00,0.5,0.2,0.7,2.4,4.2,8.6,25.6,54.8,119.8,0.9,0.495,0.476
ANNAMAYYA-2021-FF-01,Eastern Ghats,flash_flood,B,REAL_RECONSTRUCTED,high,14.2520923,79.0796962,COARSE,28096.0,6.0,False,False,False,148.0,0.20533702679381388,4.0,ANNAMAYYA-2021-FF-01|neg|10,0,,2021-12-14T00:00:00,0.5,0.0,0.0,0.5,2.5,7.2,16.1,33.5,53.0,0.3,0.486,0.46
ANNAMAYYA-2021-FF-01,Eastern Ghats,flash_flood,B,REAL_RECONSTRUCTED,high,14.2520923,79.0796962,COARSE,28096.0,6.0,False,False,False,148.0,0.20533702679381388,4.0,ANNAMAYYA-2021-FF-01|neg|11,0,,2021-12-06T12:00:00,0.5,0.1,0.2,0.2,0.2,0.2,0.2,18.0,99.7,0.1,0.43,0.446
ANNAMAYYA-2021-FF-01,Eastern Ghats,flash_flood,B,REAL_RECONSTRUCTED,high,14.2520923,79.0796962,COARSE,28096.0,6.0,False,False,False,148.0,0.20533702679381388,4.0,ANNAMAYYA-2021-FF-01|neg|12,0,,2021-10-07T00:00:00,0.5,3.1,3.8,4.5,14.499999999999998,21.300000000000004,39.699999999999996,54.3,79.1,3.1,0.502,0.3
ANNAMAYYA-2021-FF-01,Eastern Ghats,flash_flood,B,REAL_RECONSTRUCTED,high,14.2520923,79.0796962,COARSE,28096.0,6.0,False,False,False,148.0,0.20533702679381388,4.0,ANNAMAYYA-2021-FF-01|neg|13,0,,2021-12-17T12:00:00,0.5,0.0,0.0,0.0,0.0,0.0,2.0,19.200000000000003,36.0,0.0,0.443,0.456
ANNAMAYYA-2021-FF-01,Eastern Ghats,flash_flood,B,REAL_RECONSTRUCTED,high,14.2520923,79.0796962,COARSE,28096.0,6.0,False,False,False,148.0,0.20533702679381388,4.0,ANNAMAYYA-2021-FF-01|neg|14,0,,2021-10-20T12:00:00,0.5,0.0,0.1,0.1,0.1,0.1,0.2,18.099999999999998,90.19999999999999,0.1,0.353,0.355
ANNAMAYYA-2021-FF-01,Eastern Ghats,flash_flood,B,REAL_RECONSTRUCTED,high,14.2520923,79.0796962,COARSE,28096.0,6.0,False,False,False,148.0,0.20533702679381388,4.0,ANNAMAYYA-2021-FF-01|neg|15,0,,2021-10-08T00:00:00,0.5,0.2,4.7,5.1,9.7,10.7,49.7,59.2,85.1,2.8,0.47,0.31
ANNAMAYYA-2021-FF-01,Eastern Ghats,flash_flood,B,REAL_RECONSTRUCTED,high,14.2520923,79.0796962,COARSE,28096.0,6.0,False,False,False,148.0,0.20533702679381388,4.0,ANNAMAYYA-2021-FF-01|neg|16,0,,2021-12-27T12:00:00,0.5,0.0,0.0,0.0,0.0,0.0,0.0,0.0,11.3,0.0,0.346,0.388
ANNAMAYYA-2021-FF-01,Eastern Ghats,flash_flood,B,REAL_RECONSTRUCTED,high,14.2520923,79.0796962,COARSE,28096.0,6.0,False,False,False,148.0,0.20533702679381388,4.0,ANNAMAYYA-2021-FF-01|neg|17,0,,2021-10-25T12:00:00,0.5,0.0,0.0,0.0,0.0,11.1,35.400000000000006,64.8,88.3,0.0,0.451,0.428
ANNAMAYYA-2021-FF-01,Eastern Ghats,flash_flood,B,REAL_RECONSTRUCTED,high,14.2520923,79.0796962,COARSE,28096.0,6.0,False,False,False,148.0,0.20533702679381388,4.0,ANNAMAYYA-2021-FF-01|neg|18,0,,2021-12-04T12:00:00,0.5,0.0,0.0,0.0,0.0,0.0,1.1,62.9,133.0,0.0,0.45,0.469
ANNAMAYYA-2021-FF-01,Eastern Ghats,flash_flood,B,REAL_RECONSTRUCTED,high,14.2520923,79.0796962,COARSE,28096.0,6.0,False,False,False,148.0,0.20533702679381388,4.0,ANNAMAYYA-2021-FF-01|neg|19,0,,2021-10-04T12:00:00,0.5,0.0,0.1,0.1,0.1,1.1,7.800000000000001,14.9,47.7,0.1,0.312,0.277
ANNAMAYYA-2021-FF-01,Eastern Ghats,flash_flood,B,REAL_RECONSTRUCTED,high,14.2520923,79.0796962,COARSE,28096.0,6.0,False,False,False,148.0,0.20533702679381388,4.0,ANNAMAYYA-2021-FF-01|neg|20,0,,2021-10-12T00:00:00,0.5,0.2,0.2,0.2,1.8999999999999997,1.9,9.5,72.0,88.19999999999999,0.2,0.373,0.339
ANNAMAYYA-2021-FF-01,Eastern Ghats,flash_flood,B,REAL_RECONSTRUCTED,high,14.2520923,79.0796962,COARSE,28096.0,6.0,False,False,False,148.0,0.20533702679381388,4.0,ANNAMAYYA-2021-FF-01|neg|21,0,,2021-12-28T00:00:00,0.5,0.0,0.0,0.0,0.0,0.0,0.0,0.0,9.5,0.0,0.34,0.383
ANNAMAYYA-2021-FF-01,Eastern Ghats,flash_flood,B,REAL_RECONSTRUCTED,high,14.2520923,79.0796962,COARSE,28096.0,6.0,False,False,False,148.0,0.20533702679381388,4.0,ANNAMAYYA-2021-FF-01|neg|22,0,,2021-12-18T12:00:00,0.5,0.0,0.0,0.0,0.0,0.0,0.5,15.6,36.0,0.0,0.426,0.445
ANNAMAYYA-2021-FF-01,Eastern Ghats,flash_flood,B,REAL_RECONSTRUCTED,high,14.2520923,79.0796962,COARSE,28096.0,6.0,False,False,False,148.0,0.20533702679381388,4.0,ANNAMAYYA-2021-FF-01|neg|23,0,,2021-09-24T00:00:00,0.5,1.2,1.4,1.4,3.0,4.1,16.5,17.0,20.1,1.2,0.305,0.281
ANNAMAYYA-2021-FF-01,Eastern Ghats,flash_flood,B,REAL_RECONSTRUCTED,high,14.2520923,79.0796962,COARSE,28096.0,6.0,False,False,False,148.0,0.20533702679381388,4.0,ANNAMAYYA-2021-FF-01|neg|24,0,,2021-12-28T12:00:00,0.5,0.1,0.30000000000000004,0.30000000000000004,0.30000000000000004,0.30000000000000004,0.30000000000000004,0.30000000000000004,5.1,0.1,0.34,0.382
MOGALRAJAPURAM-2024-LS-01,Eastern Ghats,landslide,B,REAL_RECONSTRUCTED,moderate,16.5061635,80.6470729,OK,500.0,12.0,False,True,True,42.0,10.14659730760533,63.0,MOGALRAJAPURAM-2024-LS-01|pos|72,1,72.0,2024-08-28T00:00:00,1.0,0.3,0.3,0.3,0.4,0.4,1.7,29.199999999999996,66.1,0.3,0.238,0.22
MOGALRAJAPURAM-2024-LS-01,Eastern Ghats,landslide,B,REAL_RECONSTRUCTED,moderate,16.5061635,80.6470729,OK,500.0,12.0,False,True,True,42.0,10.14659730760533,63.0,MOGALRAJAPURAM-2024-LS-01|pos|48,1,48.0,2024-08-29T00:00:00,1.0,0.0,0.0,0.0,1.2,1.2,1.7999999999999998,29.6,66.8,0.0,0.231,0.215
MOGALRAJAPURAM-2024-LS-01,Eastern Ghats,landslide,B,REAL_RECONSTRUCTED,moderate,16.5061635,80.6470729,OK,500.0,12.0,False,True,True,42.0,10.14659730760533,63.0,MOGALRAJAPURAM-2024-LS-01|pos|24,1,24.0,2024-08-30T00:00:00,1.0,0.3,1.1,1.3,1.5,1.7,3.3000000000000003,12.3,67.6,0.5,0.237,0.212
MOGALRAJAPURAM-2024-LS-01,Eastern Ghats,landslide,B,REAL_RECONSTRUCTED,moderate,16.5061635,80.6470729,OK,500.0,12.0,False,True,True,42.0,10.14659730760533,63.0,MOGALRAJAPURAM-2024-LS-01|pos|12,1,12.0,2024-08-30T12:00:00,1.0,1.9,17.3,21.5,26.1,27.6,29.4,34.6,93.5,8.8,0.409,0.261
MOGALRAJAPURAM-2024-LS-01,Eastern Ghats,landslide,B,REAL_RECONSTRUCTED,moderate,16.5061635,80.6470729,OK,500.0,12.0,False,True,True,42.0,10.14659730760533,63.0,MOGALRAJAPURAM-2024-LS-01|neg|0,0,,2024-07-14T12:00:00,0.5,1.7,5.0,6.6000000000000005,8.2,20.400000000000002,62.30000000000001,103.0,144.9,2.1,0.428,0.413
MOGALRAJAPURAM-2024-LS-01,Eastern Ghats,landslide,B,REAL_RECONSTRUCTED,moderate,16.5061635,80.6470729,OK,500.0,12.0,False,True,True,42.0,10.14659730760533,63.0,MOGALRAJAPURAM-2024-LS-01|neg|1,0,,2024-07-23T12:00:00,0.5,0.0,0.1,0.7,0.8999999999999999,2.5,36.5,159.6,287.59999999999997,0.3,0.403,0.406
MOGALRAJAPURAM-2024-LS-01,Eastern Ghats,landslide,B,REAL_RECONSTRUCTED,moderate,16.5061635,80.6470729,OK,500.0,12.0,False,True,True,42.0,10.14659730760533,63.0,MOGALRAJAPURAM-2024-LS-01|neg|2,0,,2024-07-16T12:00:00,0.5,0.4,0.8,3.6,5.8999999999999995,14.6,46.2,92.19999999999999,156.2,1.9,0.416,0.409
MOGALRAJAPURAM-2024-LS-01,Eastern Ghats,landslide,B,REAL_RECONSTRUCTED,moderate,16.5061635,80.6470729,OK,500.0,12.0,False,True,True,42.0,10.14659730760533,63.0,MOGALRAJAPURAM-2024-LS-01|neg|3,0,,2024-07-18T00:00:00,0.5,0.0,0.1,0.5,1.9000000000000004,13.8,41.5,108.9,176.1,0.2,0.388,0.387
MOGALRAJAPURAM-2024-LS-01,Eastern Ghats,landslide,B,REAL_RECONSTRUCTED,moderate,16.5061635,80.6470729,OK,500.0,12.0,False,True,True,42.0,10.14659730760533,63.0,MOGALRAJAPURAM-2024-LS-01|neg|4,0,,2024-07-02T00:00:00,0.5,0.0,0.0,0.0,0.0,11.7,14.5,69.9,90.4,0.0,0.361,0.34
MOGALRAJAPURAM-2024-LS-01,Eastern Ghats,landslide,B,REAL_RECONSTRUCTED,moderate,16.5061635,80.6470729,OK,500.0,12.0,False,True,True,42.0,10.14659730760533,63.0,MOGALRAJAPURAM-2024-LS-01|neg|5,0,,2024-09-15T12:00:00,0.5,0.0,0.0,0.0,0.0,0.0,0.0,34.199999999999996,299.20000000000005,0.0,0.295,0.33
MOGALRAJAPURAM-2024-LS-01,Eastern Ghats,landslide,B,REAL_RECONSTRUCTED,moderate,16.5061635,80.6470729,OK,500.0,12.0,False,True,True,42.0,10.14659730760533,63.0,MOGALRAJAPURAM-2024-LS-01|neg|6,0,,2024-09-15T00:00:00,0.5,0.0,0.0,0.0,0.0,0.0,0.0,47.4,432.9,0.0,0.302,0.336
MOGALRAJAPURAM-2024-LS-01,Eastern Ghats,landslide,B,REAL_RECONSTRUCTED,moderate,16.5061635,80.6470729,OK,500.0,12.0,False,True,True,42.0,10.14659730760533,63.0,MOGALRAJAPURAM-2024-LS-01|neg|7,0,,2024-07-05T00:00:00,0.5,0.1,0.1,0.1,0.1,0.1,1.4000000000000001,27.800000000000004,81.1,0.1,0.265,0.288
MOGALRAJAPURAM-2024-LS-01,Eastern Ghats,landslide,B,REAL_RECONSTRUCTED,moderate,16.5061635,80.6470729,OK,500.0,12.0,False,True,True,42.0,10.14659730760533,63.0,MOGALRAJAPURAM-2024-LS-01|neg|8,0,,2024-08-08T12:00:00,0.5,0.0,0.2,2.0,6.000000000000001,9.700000000000001,19.9,28.799999999999997,70.6,1.1,0.389,0.359
MOGALRAJAPURAM-2024-LS-01,Eastern Ghats,landslide,B,REAL_RECONSTRUCTED,moderate,16.5061635,80.6470729,OK,500.0,12.0,False,True,True,42.0,10.14659730760533,63.0,MOGALRAJAPURAM-2024-LS-01|neg|9,0,,2024-08-01T00:00:00,0.5,0.0,0.0,0.0,0.4,1.2000000000000002,23.7,38.400000000000006,201.4,0.0,0.366,0.374
MOGALRAJAPURAM-2024-LS-01,Eastern Ghats,landslide,B,REAL_RECONSTRUCTED,moderate,16.5061635,80.6470729,OK,500.0,12.0,False,True,True,42.0,10.14659730760533,63.0,MOGALRAJAPURAM-2024-LS-01|neg|10,0,,2024-07-11T12:00:00,0.5,0.0,0.0,0.9,0.9,1.0,39.9,66.8,124.6,0.8,0.352,0.349
MOGALRAJAPURAM-2024-LS-01,Eastern Ghats,landslide,B,REAL_RECONSTRUCTED,moderate,16.5061635,80.6470729,OK,500.0,12.0,False,True,True,42.0,10.14659730760533,63.0,MOGALRAJAPURAM-2024-LS-01|neg|11,0,,2024-09-21T00:00:00,0.5,0.1,7.0,9.299999999999999,11.1,11.3,11.4,11.5,95.3,6.7,0.333,0.272
MOGALRAJAPURAM-2024-LS-01,Eastern Ghats,landslide,B,REAL_RECONSTRUCTED,moderate,16.5061635,80.6470729,OK,500.0,12.0,False,True,True,42.0,10.14659730760533,63.0,MOGALRAJAPURAM-2024-LS-01|neg|12,0,,2024-07-31T00:00:00,0.5,0.1,3.0,3.2,3.3,12.400000000000002,23.2,42.1,212.2,2.8,0.403,0.386
MOGALRAJAPURAM-2024-LS-01,Eastern Ghats,landslide,B,REAL_RECONSTRUCTED,moderate,16.5061635,80.6470729,OK,500.0,12.0,False,True,True,42.0,10.14659730760533,63.0,MOGALRAJAPURAM-2024-LS-01|neg|13,0,,2024-10-07T12:00:00,0.5,4.7,4.7,4.7,4.7,5.1000000000000005,5.6000000000000005,6.800000000000001,77.1,4.7,0.23,0.229
MOGALRAJAPURAM-2024-LS-01,Eastern Ghats,landslide,B,REAL_RECONSTRUCTED,moderate,16.5061635,80.6470729,OK,500.0,12.0,False,True,True,42.0,10.14659730760533,63.0,MOGALRAJAPURAM-2024-LS-01|neg|14,0,,2024-07-09T00:00:00,0.5,0.4,6.800000000000001,6.800000000000001,8.3,8.299999999999999,33.4,36.5,106.8,6.0,0.412,0.354
MOGALRAJAPURAM-2024-LS-01,Eastern Ghats,landslide,B,REAL_RECONSTRUCTED,moderate,16.5061635,80.6470729,OK,500.0,12.0,False,True,True,42.0,10.14659730760533,63.0,MOGALRAJAPURAM-2024-LS-01|neg|15,0,,2024-09-25T12:00:00,0.5,0.0,0.2,0.5,7.6,13.5,36.099999999999994,66.39999999999999,66.49999999999999,0.1,0.352,0.313
MOGALRAJAPURAM-2024-LS-01,Eastern Ghats,landslide,B,REAL_RECONSTRUCTED,moderate,16.5061635,80.6470729,OK,500.0,12.0,False,True,True,42.0,10.14659730760533,63.0,MOGALRAJAPURAM-2024-LS-01|neg|16,0,,2024-09-24T00:00:00,0.5,0.1,1.6,7.199999999999999,7.999999999999998,13.0,39.3,50.699999999999996,66.1,5.6,0.384,0.272
MOGALRAJAPURAM-2024-LS-01,Eastern Ghats,landslide,B,REAL_RECONSTRUCTED,moderate,16.5061635,80.6470729,OK,500.0,12.0,False,True,True,42.0,10.14659730760533,63.0,MOGALRAJAPURAM-2024-LS-01|neg|17,0,,2024-08-08T00:00:00,0.5,0.9,1.2000000000000002,3.3000000000000003,3.7,8.4,14.3,22.799999999999997,66.1,1.4,0.394,0.346
MOGALRAJAPURAM-2024-LS-01,Eastern Ghats,landslide,B,REAL_RECONSTRUCTED,moderate,16.5061635,80.6470729,OK,500.0,12.0,False,True,True,42.0,10.14659730760533,63.0,MOGALRAJAPURAM-2024-LS-01|neg|18,0,,2024-10-12T00:00:00,0.5,0.0,0.0,0.2,1.2000000000000002,3.4000000000000004,25.0,41.199999999999996,70.99999999999999,0.2,0.328,0.276
MOGALRAJAPURAM-2024-LS-01,Eastern Ghats,landslide,B,REAL_RECONSTRUCTED,moderate,16.5061635,80.6470729,OK,500.0,12.0,False,True,True,42.0,10.14659730760533,63.0,MOGALRAJAPURAM-2024-LS-01|neg|19,0,,2024-08-07T12:00:00,0.5,1.1,2.8000000000000003,3.7,4.7,8.0,10.7,19.5,67.0,1.1,0.378,0.339
KOTRUPI-2017-LS-01,Himachal Pradesh,landslide,B,REAL_RECONSTRUCTED,high,31.9131,76.8875,MANUAL,2912.0,12.0,False,True,True,1378.0,28.398230003341766,213.0,KOTRUPI-2017-LS-01|pos|72,1,72.0,2017-08-10T00:00:00,1.0,0.4,0.6000000000000001,0.7000000000000001,10.0,14.3,44.699999999999996,173.4,286.1,0.4,0.503,0.509
KOTRUPI-2017-LS-01,Himachal Pradesh,landslide,B,REAL_RECONSTRUCTED,high,31.9131,76.8875,MANUAL,2912.0,12.0,False,True,True,1378.0,28.398230003341766,213.0,KOTRUPI-2017-LS-01|pos|48,1,48.0,2017-08-11T00:00:00,1.0,0.2,0.5,0.8,2.8000000000000007,4.5,34.300000000000004,148.9,288.29999999999995,0.2,0.504,0.506
KOTRUPI-2017-LS-01,Himachal Pradesh,landslide,B,REAL_RECONSTRUCTED,high,31.9131,76.8875,MANUAL,2912.0,12.0,False,True,True,1378.0,28.398230003341766,213.0,KOTRUPI-2017-LS-01|pos|24,1,24.0,2017-08-12T00:00:00,1.0,8.0,17.200000000000003,20.4,26.5,28.900000000000006,47.7,122.10000000000001,311.79999999999995,8.0,0.514,0.52
KOTRUPI-2017-LS-01,Himachal Pradesh,landslide,B,REAL_RECONSTRUCTED,high,31.9131,76.8875,MANUAL,2912.0,12.0,False,True,True,1378.0,28.398230003341766,213.0,KOTRUPI-2017-LS-01|pos|12,1,12.0,2017-08-12T12:00:00,1.0,0.3,1.0,1.0,14.100000000000001,40.6,57.5,109.8,325.0,0.4,0.502,0.501
KOTRUPI-2017-LS-01,Himachal Pradesh,landslide,B,REAL_RECONSTRUCTED,high,31.9131,76.8875,MANUAL,2912.0,12.0,False,True,True,1378.0,28.398230003341766,213.0,KOTRUPI-2017-LS-01|neg|0,0,,2017-07-13T12:00:00,0.5,0.5,0.8,4.0,16.6,24.1,122.6,138.2,195.20000000000002,2.4,0.506,0.514
KOTRUPI-2017-LS-01,Himachal Pradesh,landslide,B,REAL_RECONSTRUCTED,high,31.9131,76.8875,MANUAL,2912.0,12.0,False,True,True,1378.0,28.398230003341766,213.0,KOTRUPI-2017-LS-01|neg|1,0,,2017-07-16T00:00:00,0.5,0.0,0.0,0.0,0.8,0.8,18.1,137.9,162.5,0.0,0.45,0.466
KOTRUPI-2017-LS-01,Himachal Pradesh,landslide,B,REAL_RECONSTRUCTED,high,31.9131,76.8875,MANUAL,2912.0,12.0,False,True,True,1378.0,28.398230003341766,213.0,KOTRUPI-2017-LS-01|neg|2,0,,2017-07-14T12:00:00,0.5,0.0,0.0,0.0,0.0,0.7,103.80000000000001,138.2,172.5,0.0,0.467,0.484
KOTRUPI-2017-LS-01,Himachal Pradesh,landslide,B,REAL_RECONSTRUCTED,high,31.9131,76.8875,MANUAL,2912.0,12.0,False,True,True,1378.0,28.398230003341766,213.0,KOTRUPI-2017-LS-01|neg|3,0,,2017-07-17T00:00:00,0.5,0.2,0.2,0.6000000000000001,1.4,1.7000000000000002,2.5,135.8,160.50000000000003,0.4,0.467,0.462
KOTRUPI-2017-LS-01,Himachal Pradesh,landslide,B,REAL_RECONSTRUCTED,high,31.9131,76.8875,MANUAL,2912.0,12.0,False,True,True,1378.0,28.398230003341766,213.0,KOTRUPI-2017-LS-01|neg|4,0,,2017-07-15T12:00:00,0.5,0.0,0.0,0.0,0.0,0.0,24.8,137.8,165.4,0.0,0.446,0.47
KOTRUPI-2017-LS-01,Himachal Pradesh,landslide,B,REAL_RECONSTRUCTED,high,31.9131,76.8875,MANUAL,2912.0,12.0,False,True,True,1378.0,28.398230003341766,213.0,KOTRUPI-2017-LS-01|neg|5,0,,2017-07-18T00:00:00,0.5,1.6,1.8,1.8,3.3000000000000003,5.8999999999999995,8.4,127.7,164.10000000000002,1.6,0.495,0.465
KOTRUPI-2017-LS-01,Himachal Pradesh,landslide,B,REAL_RECONSTRUCTED,high,31.9131,76.8875,MANUAL,2912.0,12.0,False,True,True,1378.0,28.398230003341766,213.0,KOTRUPI-2017-LS-01|neg|6,0,,2017-07-13T00:00:00,0.5,0.4,1.1,1.1,7.5,65.4,116.0,121.60000000000001,198.60000000000002,0.7,0.508,0.508
KOTRUPI-2017-LS-01,Himachal Pradesh,landslide,B,REAL_RECONSTRUCTED,high,31.9131,76.8875,MANUAL,2912.0,12.0,False,True,True,1378.0,28.398230003341766,213.0,KOTRUPI-2017-LS-01|neg|7,0,,2017-07-15T00:00:00,0.5,0.0,0.0,0.0,0.0,0.0,82.7,137.8,171.5,0.0,0.459,0.476
KOTRUPI-2017-LS-01,Himachal Pradesh,landslide,B,REAL_RECONSTRUCTED,high,31.9131,76.8875,MANUAL,2912.0,12.0,False,True,True,1378.0,28.398230003341766,213.0,KOTRUPI-2017-LS-01|neg|8,0,,2017-07-14T00:00:00,0.5,0.0,0.0,0.0,0.7,17.3,119.3,138.20000000000002,179.10000000000002,0.0,0.487,0.494
KOTRUPI-2017-LS-01,Himachal Pradesh,landslide,B,REAL_RECONSTRUCTED,high,31.9131,76.8875,MANUAL,2912.0,12.0,False,True,True,1378.0,28.398230003341766,213.0,KOTRUPI-2017-LS-01|neg|9,0,,2017-07-18T12:00:00,0.5,0.0,0.3,4.7,10.400000000000002,13.7,18.8,122.60000000000001,173.9,2.0,0.503,0.499
KOTRUPI-2017-LS-01,Himachal Pradesh,landslide,B,REAL_RECONSTRUCTED,high,31.9131,76.8875,MANUAL,2912.0,12.0,False,True,True,1378.0,28.398230003341766,213.0,KOTRUPI-2017-LS-01|neg|10,0,,2017-08-27T12:00:00,0.5,0.0,0.9,1.0,1.0,1.0,14.2,24.4,65.8,0.5,0.458,0.475
KOTRUPI-2017-LS-01,Himachal Pradesh,landslide,B,REAL_RECONSTRUCTED,high,31.9131,76.8875,MANUAL,2912.0,12.0,False,True,True,1378.0,28.398230003341766,213.0,KOTRUPI-2017-LS-01|neg|11,0,,2017-07-29T00:00:00,0.5,0.6,0.9,0.9,3.400000000000001,4.3,12.000000000000002,105.19999999999999,131.4,0.6,0.498,0.489
KOTRUPI-2017-LS-01,Himachal Pradesh,landslide,B,REAL_RECONSTRUCTED,high,31.9131,76.8875,MANUAL,2912.0,12.0,False,True,True,1378.0,28.398230003341766,213.0,KOTRUPI-2017-LS-01|neg|12,0,,2017-07-25T12:00:00,0.5,0.7,5.500000000000001,5.6000000000000005,6.7,12.3,23.300000000000004,97.5,239.6,4.4,0.508,0.515
KOTRUPI-2017-LS-01,Himachal Pradesh,landslide,B,REAL_RECONSTRUCTED,high,31.9131,76.8875,MANUAL,2912.0,12.0,False,True,True,1378.0,28.398230003341766,213.0,KOTRUPI-2017-LS-01|neg|13,0,,2017-09-13T00:00:00,0.5,0.0,0.0,0.0,0.4,0.4,4.5,25.4,67.2,0.0,0.414,0.444
KOTRUPI-2017-LS-01,Himachal Pradesh,landslide,B,REAL_RECONSTRUCTED,high,31.9131,76.8875,MANUAL,2912.0,12.0,False,True,True,1378.0,28.398230003341766,213.0,KOTRUPI-2017-LS-01|neg|14,0,,2017-07-17T12:00:00,0.5,0.1,0.1,0.1,2.6,4.0,5.1,128.4,162.70000000000002,0.1,0.463,0.462
KOTRUPI-2017-LS-01,Himachal Pradesh,landslide,B,REAL_RECONSTRUCTED,high,31.9131,76.8875,MANUAL,2912.0,12.0,False,True,True,1378.0,28.398230003341766,213.0,KOTRUPI-2017-LS-01|neg|15,0,,2017-06-18T12:00:00,0.5,0.0,0.0,0.0,0.0,0.0,0.7,1.6999999999999997,13.7,0.0,0.141,0.283
KOTRUPI-2017-LS-01,Himachal Pradesh,landslide,B,REAL_RECONSTRUCTED,high,31.9131,76.8875,MANUAL,2912.0,12.0,False,True,True,1378.0,28.398230003341766,213.0,KOTRUPI-2017-LS-01|neg|16,0,,2017-06-16T00:00:00,0.5,0.0,0.0,0.0,0.0,0.1,0.7999999999999999,3.8,15.7,0.0,0.164,0.286
KOTRUPI-2017-LS-01,Himachal Pradesh,landslide,B,REAL_RECONSTRUCTED,high,31.9131,76.8875,MANUAL,2912.0,12.0,False,True,True,1378.0,28.398230003341766,213.0,KOTRUPI-2017-LS-01|neg|17,0,,2017-09-24T12:00:00,0.5,0.0,0.0,0.0,3.5,10.8,47.699999999999996,49.49999999999999,55.1,0.0,0.484,0.481
KOTRUPI-2017-LS-01,Himachal Pradesh,landslide,B,REAL_RECONSTRUCTED,high,31.9131,76.8875,MANUAL,2912.0,12.0,False,True,True,1378.0,28.398230003341766,213.0,KOTRUPI-2017-LS-01|neg|18,0,,2017-07-29T12:00:00,0.5,1.9,8.9,13.8,14.8,18.2,25.3,53.2,146.2,3.6,0.497,0.518
KOTRUPI-2017-LS-01,Himachal Pradesh,landslide,B,REAL_RECONSTRUCTED,high,31.9131,76.8875,MANUAL,2912.0,12.0,False,True,True,1378.0,28.398230003341766,213.0,KOTRUPI-2017-LS-01|neg|19,0,,2017-09-21T12:00:00,0.5,0.0,0.0,0.0,0.0,1.1,1.8,1.8,28.099999999999998,0.0,0.3,0.391
BATSERI-2021-LS-01,Himachal Pradesh,landslide,B,REAL_RECONSTRUCTED,moderate,31.4098851,78.3125346,COARSE,3000.0,12.0,False,True,True,2883.0,38.746951409661044,358.0,BATSERI-2021-LS-01|pos|72,1,72.0,2021-07-22T00:00:00,1.0,0.0,0.0,0.1,5.8,13.2,59.89999999999999,69.5,119.4,0.1,0.398,0.405
BATSERI-2021-LS-01,Himachal Pradesh,landslide,B,REAL_RECONSTRUCTED,moderate,31.4098851,78.3125346,COARSE,3000.0,12.0,False,True,True,2883.0,38.746951409661044,358.0,BATSERI-2021-LS-01|pos|48,1,48.0,2021-07-23T00:00:00,1.0,0.2,0.8,1.4000000000000001,4.4,9.0,31.200000000000003,71.7,128.39999999999998,0.3,0.41,0.404
BATSERI-2021-LS-01,Himachal Pradesh,landslide,B,REAL_RECONSTRUCTED,moderate,31.4098851,78.3125346,COARSE,3000.0,12.0,False,True,True,2883.0,38.746951409661044,358.0,BATSERI-2021-LS-01|pos|24,1,24.0,2021-07-24T00:00:00,1.0,0.0,0.0,0.0,0.4,5.2,27.4,76.2,133.0,0.0,0.404,0.406
BATSERI-2021-LS-01,Himachal Pradesh,landslide,B,REAL_RECONSTRUCTED,moderate,31.4098851,78.3125346,COARSE,3000.0,12.0,False,True,True,2883.0,38.746951409661044,358.0,BATSERI-2021-LS-01|pos|12,1,12.0,2021-07-24T12:00:00,1.0,0.0,0.0,1.3,1.3,1.7000000000000002,21.3,76.8,134.1,0.8,0.4,0.402
BATSERI-2021-LS-01,Himachal Pradesh,landslide,B,REAL_RECONSTRUCTED,moderate,31.4098851,78.3125346,COARSE,3000.0,12.0,False,True,True,2883.0,38.746951409661044,358.0,BATSERI-2021-LS-01|neg|0,0,,2021-06-21T12:00:00,0.5,0.0,0.0,0.0,0.2,4.800000000000001,47.300000000000004,73.49999999999999,75.39999999999999,0.0,0.399,0.409
BATSERI-2021-LS-01,Himachal Pradesh,landslide,B,REAL_RECONSTRUCTED,moderate,31.4098851,78.3125346,COARSE,3000.0,12.0,False,True,True,2883.0,38.746951409661044,358.0,BATSERI-2021-LS-01|neg|1,0,,2021-06-23T00:00:00,0.5,0.0,0.0,0.0,0.1,0.1,17.900000000000002,72.5,75.3,0.0,0.378,0.388
BATSERI-2021-LS-01,Himachal Pradesh,landslide,B,REAL_RECONSTRUCTED,moderate,31.4098851,78.3125346,COARSE,3000.0,12.0,False,True,True,2883.0,38.746951409661044,358.0,BATSERI-2021-LS-01|neg|2,0,,2021-06-22T12:00:00,0.5,0.0,0.0,0.0,0.0,0.0,24.5,72.4,75.30000000000001,0.0,0.378,0.393
BATSERI-2021-LS-01,Himachal Pradesh,landslide,B,REAL_RECONSTRUCTED,moderate,31.4098851,78.3125346,COARSE,3000.0,12.0,False,True,True,2883.0,38.746951409661044,358.0,BATSERI-2021-LS-01|neg|3,0,,2021-06-21T00:00:00,0.5,0.0,0.0,0.1,4.6,17.6,68.5,73.9,76.00000000000001,0.1,0.416,0.419
BATSERI-2021-LS-01,Himachal Pradesh,landslide,B,REAL_RECONSTRUCTED,moderate,31.4098851,78.3125346,COARSE,3000.0,12.0,False,True,True,2883.0,38.746951409661044,358.0,BATSERI-2021-LS-01|neg|4,0,,2021-06-22T00:00:00,0.5,0.0,0.0,0.0,0.0,0.2,25.1,72.80000000000001,75.29999999999998,0.0,0.389,0.398
BATSERI-2021-LS-01,Himachal Pradesh,landslide,B,REAL_RECONSTRUCTED,moderate,31.4098851,78.3125346,COARSE,3000.0,12.0,False,True,True,2883.0,38.746951409661044,358.0,BATSERI-2021-LS-01|neg|5,0,,2021-06-24T00:00:00,0.5,0.0,0.0,0.0,0.4,0.6000000000000001,0.9,71.19999999999999,75.89999999999999,0.0,0.368,0.379
BATSERI-2021-LS-01,Himachal Pradesh,landslide,B,REAL_RECONSTRUCTED,moderate,31.4098851,78.3125346,COARSE,3000.0,12.0,False,True,True,2883.0,38.746951409661044,358.0,BATSERI-2021-LS-01|neg|6,0,,2021-06-23T12:00:00,0.5,0.1,0.2,0.2,0.2,0.30000000000000004,5.1,71.89999999999999,75.49999999999999,0.1,0.371,0.384
BATSERI-2021-LS-01,Himachal Pradesh,landslide,B,REAL_RECONSTRUCTED,moderate,31.4098851,78.3125346,COARSE,3000.0,12.0,False,True,True,2883.0,38.746951409661044,358.0,BATSERI-2021-LS-01|neg|7,0,,2021-08-21T12:00:00,0.5,0.1,1.6,4.3999999999999995,10.1,18.9,22.0,22.400000000000002,36.0,1.0,0.398,0.354
BATSERI-2021-LS-01,Himachal Pradesh,landslide,B,REAL_RECONSTRUCTED,moderate,31.4098851,78.3125346,COARSE,3000.0,12.0,False,True,True,2883.0,38.746951409661044,358.0,BATSERI-2021-LS-01|neg|8,0,,2021-08-12T00:00:00,0.5,0.0,0.0,0.0,0.2,0.4,3.9000000000000004,19.0,106.19999999999999,0.0,0.366,0.378
BATSERI-2021-LS-01,Himachal Pradesh,landslide,B,REAL_RECONSTRUCTED,moderate,31.4098851,78.3125346,COARSE,3000.0,12.0,False,True,True,2883.0,38.746951409661044,358.0,BATSERI-2021-LS-01|neg|9,0,,2021-06-03T00:00:00,0.5,0.0,0.0,0.0,0.0,0.0,6.9,6.9,68.9,0.0,0.42,0.424
BATSERI-2021-LS-01,Himachal Pradesh,landslide,B,REAL_RECONSTRUCTED,moderate,31.4098851,78.3125346,COARSE,3000.0,12.0,False,True,True,2883.0,38.746951409661044,358.0,BATSERI-2021-LS-01|neg|10,0,,2021-06-20T12:00:00,0.5,1.1,2.5,6.800000000000001,13.0,19.7,64.8,69.9,71.49999999999999,2.2,0.428,0.424
BATSERI-2021-LS-01,Himachal Pradesh,landslide,B,REAL_RECONSTRUCTED,moderate,31.4098851,78.3125346,COARSE,3000.0,12.0,False,True,True,2883.0,38.746951409661044,358.0,BATSERI-2021-LS-01|neg|11,0,,2021-05-30T00:00:00,0.5,0.0,0.0,0.0,0.0,0.0,0.0,0.6,62.5,0.0,0.419,0.422
BATSERI-2021-LS-01,Himachal Pradesh,landslide,B,REAL_RECONSTRUCTED,moderate,31.4098851,78.3125346,COARSE,3000.0,12.0,False,True,True,2883.0,38.746951409661044,358.0,BATSERI-2021-LS-01|neg|12,0,,2021-06-08T00:00:00,0.5,0.0,0.0,0.0,0.1,0.1,1.1,3.0000000000000004,8.0,0.0,0.388,0.396
BATSERI-2021-LS-01,Himachal Pradesh,landslide,B,REAL_RECONSTRUCTED,moderate,31.4098851,78.3125346,COARSE,3000.0,12.0,False,True,True,2883.0,38.746951409661044,358.0,BATSERI-2021-LS-01|neg|13,0,,2021-08-25T12:00:00,0.5,0.0,0.0,0.0,0.0,1.7999999999999998,2.5,26.3,28.800000000000004,0.0,0.337,0.348
BATSERI-2021-LS-01,Himachal Pradesh,landslide,B,REAL_RECONSTRUCTED,moderate,31.4098851,78.3125346,COARSE,3000.0,12.0,False,True,True,2883.0,38.746951409661044,358.0,BATSERI-2021-LS-01|neg|14,0,,2021-08-11T00:00:00,0.5,0.0,0.0,0.0,0.0,0.0,8.3,19.6,119.7,0.0,0.375,0.385
BATSERI-2021-LS-01,Himachal Pradesh,landslide,B,REAL_RECONSTRUCTED,moderate,31.4098851,78.3125346,COARSE,3000.0,12.0,False,True,True,2883.0,38.746951409661044,358.0,BATSERI-2021-LS-01|neg|15,0,,2021-07-04T12:00:00,0.5,0.0,0.0,0.0,0.0,0.2,1.5,2.1,31.6,0.0,0.3,0.32
BATSERI-2021-LS-01,Himachal Pradesh,landslide,B,REAL_RECONSTRUCTED,moderate,31.4098851,78.3125346,COARSE,3000.0,12.0,False,True,True,2883.0,38.746951409661044,358.0,BATSERI-2021-LS-01|neg|16,0,,2021-08-30T12:00:00,0.5,0.0,0.0,0.0,0.0,0.0,13.5,17.2,41.800000000000004,0.0,0.345,0.356
BATSERI-2021-LS-01,Himachal Pradesh,landslide,B,REAL_RECONSTRUCTED,moderate,31.4098851,78.3125346,COARSE,3000.0,12.0,False,True,True,2883.0,38.746951409661044,358.0,BATSERI-2021-LS-01|neg|17,0,,2021-08-10T00:00:00,0.5,0.0,0.0,0.0,0.5,3.5,9.3,27.7,128.4,0.0,0.393,0.392
BATSERI-2021-LS-01,Himachal Pradesh,landslide,B,REAL_RECONSTRUCTED,moderate,31.4098851,78.3125346,COARSE,3000.0,12.0,False,True,True,2883.0,38.746951409661044,358.0,BATSERI-2021-LS-01|neg|18,0,,2021-08-09T12:00:00,0.5,0.3,0.9000000000000001,1.1,3.0,4.800000000000001,11.0,37.7,130.1,0.4,0.401,0.392
BATSERI-2021-LS-01,Himachal Pradesh,landslide,B,REAL_RECONSTRUCTED,moderate,31.4098851,78.3125346,COARSE,3000.0,12.0,False,True,True,2883.0,38.746951409661044,358.0,BATSERI-2021-LS-01|neg|19,0,,2021-08-27T12:00:00,0.5,0.4,0.7000000000000001,0.9,1.2000000000000002,1.5,3.6,25.000000000000004,29.7,0.4,0.331,0.337
NIGULSARI-2021-LS-01,Himachal Pradesh,landslide,B,REAL_RECONSTRUCTED,high,31.5568228,77.8837812,OK,2917.0,0.5,True,True,True,1672.0,17.838972720003987,163.0,NIGULSARI-2021-LS-01|pos|72,1,72.0,2021-08-08T12:00:00,1.0,0.0,0.1,0.1,0.1,0.2,5.5,26.0,120.0,0.1,0.434,0.448
NIGULSARI-2021-LS-01,Himachal Pradesh,landslide,B,REAL_RECONSTRUCTED,high,31.5568228,77.8837812,OK,2917.0,0.5,True,True,True,1672.0,17.838972720003987,163.0,NIGULSARI-2021-LS-01|pos|48,1,48.0,2021-08-09T12:00:00,1.0,0.1,0.1,0.1,0.2,0.30000000000000004,4.4,20.800000000000004,118.40000000000002,0.1,0.437,0.444
NIGULSARI-2021-LS-01,Himachal Pradesh,landslide,B,REAL_RECONSTRUCTED,high,31.5568228,77.8837812,OK,2917.0,0.5,True,True,True,1672.0,17.838972720003987,163.0,NIGULSARI-2021-LS-01|pos|24,1,24.0,2021-08-10T12:00:00,1.0,0.1,0.2,0.2,0.2,0.4,0.9000000000000001,6.5,112.9,0.1,0.424,0.439
NIGULSARI-2021-LS-01,Himachal Pradesh,landslide,B,REAL_RECONSTRUCTED,high,31.5568228,77.8837812,OK,2917.0,0.5,True,True,True,1672.0,17.838972720003987,163.0,NIGULSARI-2021-LS-01|pos|12,1,12.0,2021-08-11T00:00:00,1.0,0.0,0.0,0.0,0.30000000000000004,0.5,1.1,6.800000000000001,111.10000000000001,0.0,0.419,0.436
NIGULSARI-2021-LS-01,Himachal Pradesh,landslide,B,REAL_RECONSTRUCTED,high,31.5568228,77.8837812,OK,2917.0,0.5,True,True,True,1672.0,17.838972720003987,163.0,NIGULSARI-2021-LS-01|pos|6,1,6.0,2021-08-11T06:00:00,1.0,0.0,0.0,0.0,0.0,0.5,1.1,6.800000000000001,109.3,0.0,0.423,0.437
NIGULSARI-2021-LS-01,Himachal Pradesh,landslide,B,REAL_RECONSTRUCTED,high,31.5568228,77.8837812,OK,2917.0,0.5,True,True,True,1672.0,17.838972720003987,163.0,NIGULSARI-2021-LS-01|pos|3,1,3.0,2021-08-11T09:00:00,1.0,0.0,0.0,0.0,0.0,0.5,1.1,6.800000000000001,108.8,0.0,0.421,0.436
NIGULSARI-2021-LS-01,Himachal Pradesh,landslide,B,REAL_RECONSTRUCTED,high,31.5568228,77.8837812,OK,2917.0,0.5,True,True,True,1672.0,17.838972720003987,163.0,NIGULSARI-2021-LS-01|pos|1,1,1.0,2021-08-11T11:00:00,1.0,0.0,0.0,0.0,0.0,0.4,1.0,6.800000000000001,107.7,0.0,0.416,0.435
NIGULSARI-2021-LS-01,Himachal Pradesh,landslide,B,REAL_RECONSTRUCTED,high,31.5568228,77.8837812,OK,2917.0,0.5,True,True,True,1672.0,17.838972720003987,163.0,NIGULSARI-2021-LS-01|neg|0,0,,2021-06-12T12:00:00,0.5,0.0,0.0,0.0,0.7,0.7,1.0,14.0,42.1,0.0,0.338,0.388
NIGULSARI-2021-LS-01,Himachal Pradesh,landslide,B,REAL_RECONSTRUCTED,high,31.5568228,77.8837812,OK,2917.0,0.5,True,True,True,1672.0,17.838972720003987,163.0,NIGULSARI-2021-LS-01|neg|1,0,,2021-09-21T00:00:00,0.5,0.0,0.0,0.1,0.5,0.8,0.8,8.700000000000001,83.60000000000001,0.1,0.421,0.443
NIGULSARI-2021-LS-01,Himachal Pradesh,landslide,B,REAL_RECONSTRUCTED,high,31.5568228,77.8837812,OK,2917.0,0.5,True,True,True,1672.0,17.838972720003987,163.0,NIGULSARI-2021-LS-01|neg|2,0,,2021-07-22T00:00:00,0.5,2.2,4.300000000000001,5.2,7.4,19.799999999999997,70.0,87.3,161.8,2.2,0.517,0.508
NIGULSARI-2021-LS-01,Himachal Pradesh,landslide,B,REAL_RECONSTRUCTED,high,31.5568228,77.8837812,OK,2917.0,0.5,True,True,True,1672.0,17.838972720003987,163.0,NIGULSARI-2021-LS-01|neg|3,0,,2021-06-25T00:00:00,0.5,0.0,0.0,0.0,0.0,0.2,0.30000000000000004,39.6,67.5,0.0,0.404,0.436
NIGULSARI-2021-LS-01,Himachal Pradesh,landslide,B,REAL_RECONSTRUCTED,high,31.5568228,77.8837812,OK,2917.0,0.5,True,True,True,1672.0,17.838972720003987,163.0,NIGULSARI-2021-LS-01|neg|4,0,,2021-09-04T12:00:00,0.5,0.0,0.0,0.1,1.4000000000000001,2.5,15.400000000000002,21.5,100.30000000000001,0.1,0.482,0.48
NIGULSARI-2021-LS-01,Himachal Pradesh,landslide,B,REAL_RECONSTRUCTED,high,31.5568228,77.8837812,OK,2917.0,0.5,True,True,True,1672.0,17.838972720003987,163.0,NIGULSARI-2021-LS-01|neg|5,0,,2021-07-15T00:00:00,0.5,0.1,0.1,0.1,0.1,0.7000000000000001,70.1,73.8,77.60000000000001,0.1,0.466,0.476
NIGULSARI-2021-LS-01,Himachal Pradesh,landslide,B,REAL_RECONSTRUCTED,high,31.5568228,77.8837812,OK,2917.0,0.5,True,True,True,1672.0,17.838972720003987,163.0,NIGULSARI-2021-LS-01|neg|6,0,,2021-07-15T12:00:00,0.5,0.0,0.0,0.0,5.5,5.6000000000000005,25.4,79.3,83.1,0.0,0.475,0.474
NIGULSARI-2021-LS-01,Himachal Pradesh,landslide,B,REAL_RECONSTRUCTED,high,31.5568228,77.8837812,OK,2917.0,0.5,True,True,True,1672.0,17.838972720003987,163.0,NIGULSARI-2021-LS-01|neg|7,0,,2021-09-01T12:00:00,0.5,0.0,0.0,0.0,1.2000000000000002,2.4000000000000004,2.4000000000000004,42.5,99.70000000000002,0.0,0.455,0.468
NIGULSARI-2021-LS-01,Himachal Pradesh,landslide,B,REAL_RECONSTRUCTED,high,31.5568228,77.8837812,OK,2917.0,0.5,True,True,True,1672.0,17.838972720003987,163.0,NIGULSARI-2021-LS-01|neg|8,0,,2021-09-09T00:00:00,0.5,0.0,0.0,0.0,2.3,11.2,14.9,28.0,75.20000000000002,0.0,0.479,0.466
NIGULSARI-2021-LS-01,Himachal Pradesh,landslide,B,REAL_RECONSTRUCTED,high,31.5568228,77.8837812,OK,2917.0,0.5,True,True,True,1672.0,17.838972720003987,163.0,NIGULSARI-2021-LS-01|neg|9,0,,2021-09-25T00:00:00,0.5,1.5,2.7,2.9,2.9,6.200000000000001,35.900000000000006,37.0,88.1,1.5,0.503,0.477
NIGULSARI-2021-LS-01,Himachal Pradesh,landslide,B,REAL_RECONSTRUCTED,high,31.5568228,77.8837812,OK,2917.0,0.5,True,True,True,1672.0,17.838972720003987,163.0,NIGULSARI-2021-LS-01|neg|10,0,,2021-06-24T00:00:00,0.5,0.0,0.0,0.0,0.0,0.0,0.2,56.0,67.3,0.0,0.419,0.447
NIGULSARI-2021-LS-01,Himachal Pradesh,landslide,B,REAL_RECONSTRUCTED,high,31.5568228,77.8837812,OK,2917.0,0.5,True,True,True,1672.0,17.838972720003987,163.0,NIGULSARI-2021-LS-01|neg|11,0,,2021-09-20T00:00:00,0.5,0.0,0.0,0.0,0.0,0.0,1.2000000000000002,16.5,83.19999999999999,0.0,0.428,0.45
NIGULSARI-2021-LS-01,Himachal Pradesh,landslide,B,REAL_RECONSTRUCTED,high,31.5568228,77.8837812,OK,2917.0,0.5,True,True,True,1672.0,17.838972720003987,163.0,NIGULSARI-2021-LS-01|neg|12,0,,2021-08-30T00:00:00,0.5,0.0,0.0,0.0,0.0,0.5,32.3,45.50000000000001,97.30000000000001,0.0,0.48,0.493
NIGULSARI-2021-LS-01,Himachal Pradesh,landslide,B,REAL_RECONSTRUCTED,high,31.5568228,77.8837812,OK,2917.0,0.5,True,True,True,1672.0,17.838972720003987,163.0,NIGULSARI-2021-LS-01|neg|13,0,,2021-09-12T12:00:00,0.5,0.3,1.2,3.0999999999999996,11.000000000000002,18.4,35.1,66.6,88.1,0.8,0.509,0.512
NIGULSARI-2021-LS-01,Himachal Pradesh,landslide,B,REAL_RECONSTRUCTED,high,31.5568228,77.8837812,OK,2917.0,0.5,True,True,True,1672.0,17.838972720003987,163.0,NIGULSARI-2021-LS-01|neg|14,0,,2021-07-17T12:00:00,0.5,0.0,0.0,0.0,2.5,3.3,9.0,82.1,84.4,0.0,0.463,0.458
NIGULSARI-2021-LS-01,Himachal Pradesh,landslide,B,REAL_RECONSTRUCTED,high,31.5568228,77.8837812,OK,2917.0,0.5,True,True,True,1672.0,17.838972720003987,163.0,NIGULSARI-2021-LS-01|neg|15,0,,2021-09-04T00:00:00,0.5,0.0,0.1,1.0000000000000002,1.1,3.4,15.2,34.60000000000001,111.2,0.4,0.485,0.476
NIGULSARI-2021-LS-01,Himachal Pradesh,landslide,B,REAL_RECONSTRUCTED,high,31.5568228,77.8837812,OK,2917.0,0.5,True,True,True,1672.0,17.838972720003987,163.0,NIGULSARI-2021-LS-01|neg|16,0,,2021-08-27T12:00:00,0.5,1.5,3.0,4.5,7.4,12.4,19.799999999999997,57.6,75.3,1.5,0.512,0.494
NIGULSARI-2021-LS-01,Himachal Pradesh,landslide,B,REAL_RECONSTRUCTED,high,31.5568228,77.8837812,OK,2917.0,0.5,True,True,True,1672.0,17.838972720003987,163.0,NIGULSARI-2021-LS-01|neg|17,0,,2021-07-04T12:00:00,0.5,0.0,0.0,0.0,0.0,0.2,2.7,3.4000000000000004,20.900000000000006,0.0,0.318,0.37
NIGULSARI-2021-LS-01,Himachal Pradesh,landslide,B,REAL_RECONSTRUCTED,high,31.5568228,77.8837812,OK,2917.0,0.5,True,True,True,1672.0,17.838972720003987,163.0,NIGULSARI-2021-LS-01|neg|18,0,,2021-07-06T12:00:00,0.5,0.0,0.0,0.0,0.0,0.1,0.4,2.9,4.6000000000000005,0.0,0.299,0.359
NIGULSARI-2021-LS-01,Himachal Pradesh,landslide,B,REAL_RECONSTRUCTED,high,31.5568228,77.8837812,OK,2917.0,0.5,True,True,True,1672.0,17.838972720003987,163.0,NIGULSARI-2021-LS-01|neg|19,0,,2021-06-23T12:00:00,0.5,0.0,0.0,0.0,0.0,0.1,2.6,58.9,67.3,0.0,0.429,0.453
NIGULSARI-2021-LS-01,Himachal Pradesh,landslide,B,REAL_RECONSTRUCTED,high,31.5568228,77.8837812,OK,2917.0,0.5,True,True,True,1672.0,17.838972720003987,163.0,NIGULSARI-2021-LS-01|neg|20,0,,2021-06-27T00:00:00,0.5,0.0,0.0,0.0,0.0,0.0,0.8,11.3,67.80000000000001,0.0,0.39,0.42
NIGULSARI-2021-LS-01,Himachal Pradesh,landslide,B,REAL_RECONSTRUCTED,high,31.5568228,77.8837812,OK,2917.0,0.5,True,True,True,1672.0,17.838972720003987,163.0,NIGULSARI-2021-LS-01|neg|21,0,,2021-07-03T00:00:00,0.5,0.0,0.0,0.0,0.4,0.6000000000000001,2.5,3.2,43.400000000000006,0.0,0.33,0.379
NIGULSARI-2021-LS-01,Himachal Pradesh,landslide,B,REAL_RECONSTRUCTED,high,31.5568228,77.8837812,OK,2917.0,0.5,True,True,True,1672.0,17.838972720003987,163.0,NIGULSARI-2021-LS-01|neg|22,0,,2021-09-23T12:00:00,0.5,3.3,7.199999999999999,15.2,16.900000000000002,21.599999999999998,22.5,24.900000000000002,93.0,3.6,0.518,0.475
NIGULSARI-2021-LS-01,Himachal Pradesh,landslide,B,REAL_RECONSTRUCTED,high,31.5568228,77.8837812,OK,2917.0,0.5,True,True,True,1672.0,17.838972720003987,163.0,NIGULSARI-2021-LS-01|neg|23,0,,2021-09-07T12:00:00,0.5,0.1,0.1,0.1,0.7,1.5,1.9000000000000001,19.7,64.9,0.1,0.447,0.46
NIGULSARI-2021-LS-01,Himachal Pradesh,landslide,B,REAL_RECONSTRUCTED,high,31.5568228,77.8837812,OK,2917.0,0.5,True,True,True,1672.0,17.838972720003987,163.0,NIGULSARI-2021-LS-01|neg|24,0,,2021-07-19T00:00:00,0.5,0.3,2.0,2.5,6.8,7.4,11.7,87.39999999999999,92.19999999999999,0.9,0.484,0.457
NIGULSARI-2021-LS-01,Himachal Pradesh,landslide,B,REAL_RECONSTRUCTED,high,31.5568228,77.8837812,OK,2917.0,0.5,True,True,True,1672.0,17.838972720003987,163.0,NIGULSARI-2021-LS-01|neg|25,0,,2021-09-07T00:00:00,0.5,0.2,0.2,0.2,0.8,0.8,2.6,19.0,64.5,0.2,0.445,0.461
NIGULSARI-2021-LS-01,Himachal Pradesh,landslide,B,REAL_RECONSTRUCTED,high,31.5568228,77.8837812,OK,2917.0,0.5,True,True,True,1672.0,17.838972720003987,163.0,NIGULSARI-2021-LS-01|neg|26,0,,2021-09-14T00:00:00,0.5,0.4,0.4,0.5,0.8,8.600000000000001,32.7,74.1,93.10000000000001,0.4,0.495,0.502
NIGULSARI-2021-LS-01,Himachal Pradesh,landslide,B,REAL_RECONSTRUCTED,high,31.5568228,77.8837812,OK,2917.0,0.5,True,True,True,1672.0,17.838972720003987,163.0,NIGULSARI-2021-LS-01|neg|27,0,,2021-09-10T12:00:00,0.5,0.0,0.30000000000000004,1.3,2.3000000000000003,2.9000000000000004,32.5,36.9,89.5,0.8,0.492,0.491
NIGULSARI-2021-LS-01,Himachal Pradesh,landslide,B,REAL_RECONSTRUCTED,high,31.5568228,77.8837812,OK,2917.0,0.5,True,True,True,1672.0,17.838972720003987,163.0,NIGULSARI-2021-LS-01|neg|28,0,,2021-09-17T00:00:00,0.5,0.0,0.0,0.2,0.9,1.2000000000000002,6.699999999999999,49.900000000000006,94.70000000000002,0.1,0.455,0.471
NIGULSARI-2021-LS-01,Himachal Pradesh,landslide,B,REAL_RECONSTRUCTED,high,31.5568228,77.8837812,OK,2917.0,0.5,True,True,True,1672.0,17.838972720003987,163.0,NIGULSARI-2021-LS-01|neg|29,0,,2021-07-12T12:00:00,0.5,3.8,17.2,33.699999999999996,50.2,51.4,53.60000000000001,54.900000000000006,58.400000000000006,7.4,0.517,0.47
NIGULSARI-2021-LS-01,Himachal Pradesh,landslide,B,REAL_RECONSTRUCTED,high,31.5568228,77.8837812,OK,2917.0,0.5,True,True,True,1672.0,17.838972720003987,163.0,NIGULSARI-2021-LS-01|neg|30,0,,2021-07-18T00:00:00,0.5,0.2,0.4,0.6000000000000001,1.0,3.5,9.9,82.4,85.0,0.2,0.465,0.457
NIGULSARI-2021-LS-01,Himachal Pradesh,landslide,B,REAL_RECONSTRUCTED,high,31.5568228,77.8837812,OK,2917.0,0.5,True,True,True,1672.0,17.838972720003987,163.0,NIGULSARI-2021-LS-01|neg|31,0,,2021-06-21T12:00:00,0.5,0.0,0.0,0.0,0.0,2.4,21.1,62.800000000000004,67.10000000000001,0.0,0.473,0.479
NIGULSARI-2021-LS-01,Himachal Pradesh,landslide,B,REAL_RECONSTRUCTED,high,31.5568228,77.8837812,OK,2917.0,0.5,True,True,True,1672.0,17.838972720003987,163.0,NIGULSARI-2021-LS-01|neg|32,0,,2021-07-14T00:00:00,0.5,0.0,0.0,0.0,1.1,12.999999999999998,71.80000000000001,73.8,76.9,0.0,0.49,0.492
NIGULSARI-2021-LS-01,Himachal Pradesh,landslide,B,REAL_RECONSTRUCTED,high,31.5568228,77.8837812,OK,2917.0,0.5,True,True,True,1672.0,17.838972720003987,163.0,NIGULSARI-2021-LS-01|neg|33,0,,2021-09-19T12:00:00,0.5,0.0,0.0,0.0,0.0,0.0,2.1,16.6,83.19999999999999,0.0,0.431,0.453
NIGULSARI-2021-LS-01,Himachal Pradesh,landslide,B,REAL_RECONSTRUCTED,high,31.5568228,77.8837812,OK,2917.0,0.5,True,True,True,1672.0,17.838972720003987,163.0,NIGULSARI-2021-LS-01|neg|34,0,,2021-09-09T12:00:00,0.5,1.2,6.5,14.399999999999999,16.2,18.5,31.099999999999998,37.599999999999994,89.4,3.3,0.515,0.502
BEAS-2023-FF-01,Himachal Pradesh,flash_flood,B,REAL_RECONSTRUCTED,high,32.2454608,77.1872926,COARSE,20000.0,24.0,False,False,False,1905.0,4.764723472720792,55.0,BEAS-2023-FF-01|pos|72,1,72.0,2023-07-06T00:00:00,0.5,0.0,0.0,0.2,4.6,7.9,11.4,38.6,59.8,0.2,0.402,0.386
BEAS-2023-FF-01,Himachal Pradesh,flash_flood,B,REAL_RECONSTRUCTED,high,32.2454608,77.1872926,COARSE,20000.0,24.0,False,False,False,1905.0,4.764723472720792,55.0,BEAS-2023-FF-01|pos|48,1,48.0,2023-07-07T00:00:00,0.5,0.0,0.0,0.1,0.4,0.5,9.3,34.9,60.30000000000001,0.1,0.373,0.377
BEAS-2023-FF-01,Himachal Pradesh,flash_flood,B,REAL_RECONSTRUCTED,high,32.2454608,77.1872926,COARSE,20000.0,24.0,False,False,False,1905.0,4.764723472720792,55.0,BEAS-2023-FF-01|pos|24,1,24.0,2023-07-08T00:00:00,0.5,1.0,1.0,1.0,1.0,5.3999999999999995,13.8,32.8,65.6,1.0,0.395,0.38
BEAS-2023-FF-01,Himachal Pradesh,flash_flood,B,REAL_RECONSTRUCTED,high,32.2454608,77.1872926,COARSE,20000.0,24.0,False,False,False,1905.0,4.764723472720792,55.0,BEAS-2023-FF-01|neg|0,0,,2023-05-28T00:00:00,0.5,0.4,1.6999999999999997,9.0,10.5,21.0,44.3,64.39999999999999,76.49999999999999,3.0,0.429,0.432
BEAS-2023-FF-01,Himachal Pradesh,flash_flood,B,REAL_RECONSTRUCTED,high,32.2454608,77.1872926,COARSE,20000.0,24.0,False,False,False,1905.0,4.764723472720792,55.0,BEAS-2023-FF-01|neg|1,0,,2023-08-16T00:00:00,0.5,0.0,0.0,0.2,1.0,3.4000000000000004,71.9,82.60000000000001,145.7,0.1,0.397,0.412
BEAS-2023-FF-01,Himachal Pradesh,flash_flood,B,REAL_RECONSTRUCTED,high,32.2454608,77.1872926,COARSE,20000.0,24.0,False,False,False,1905.0,4.764723472720792,55.0,BEAS-2023-FF-01|neg|2,0,,2023-05-12T12:00:00,0.5,0.0,0.0,0.0,0.0,0.0,22.6,89.70000000000002,202.59999999999997,0.0,0.406,0.405
BEAS-2023-FF-01,Himachal Pradesh,flash_flood,B,REAL_RECONSTRUCTED,high,32.2454608,77.1872926,COARSE,20000.0,24.0,False,False,False,1905.0,4.764723472720792,55.0,BEAS-2023-FF-01|neg|3,0,,2023-05-10T00:00:00,0.5,0.0,0.2,9.5,22.6,33.6,67.4,157.20000000000002,203.29999999999998,4.6,0.42,0.427
BEAS-2023-FF-01,Himachal Pradesh,flash_flood,B,REAL_RECONSTRUCTED,high,32.2454608,77.1872926,COARSE,20000.0,24.0,False,False,False,1905.0,4.764723472720792,55.0,BEAS-2023-FF-01|neg|4,0,,2023-06-07T12:00:00,0.5,0.1,0.1,0.6,0.6,3.1,3.4000000000000004,47.0,142.7,0.3,0.356,0.374
BEAS-2023-FF-01,Himachal Pradesh,flash_flood,B,REAL_RECONSTRUCTED,high,32.2454608,77.1872926,COARSE,20000.0,24.0,False,False,False,1905.0,4.764723472720792,55.0,BEAS-2023-FF-01|neg|5,0,,2023-07-26T12:00:00,0.5,0.2,0.30000000000000004,0.30000000000000004,2.6,16.4,57.5,97.2,99.29999999999998,0.2,0.411,0.423
BEAS-2023-FF-01,Himachal Pradesh,flash_flood,B,REAL_RECONSTRUCTED,high,32.2454608,77.1872926,COARSE,20000.0,24.0,False,False,False,1905.0,4.764723472720792,55.0,BEAS-2023-FF-01|neg|6,0,,2023-08-17T00:00:00,0.5,0.0,0.0,0.0,0.5,0.7000000000000001,36.2,82.0,146.2,0.0,0.382,0.398
BEAS-2023-FF-01,Himachal Pradesh,flash_flood,B,REAL_RECONSTRUCTED,high,32.2454608,77.1872926,COARSE,20000.0,24.0,False,False,False,1905.0,4.764723472720792,55.0,BEAS-2023-FF-01|neg|7,0,,2023-06-17T12:00:00,0.5,0.0,0.0,0.0,0.0,0.1,11.6,13.1,40.0,0.0,0.258,0.293
BEAS-2023-FF-01,Himachal Pradesh,flash_flood,B,REAL_RECONSTRUCTED,high,32.2454608,77.1872926,COARSE,20000.0,24.0,False,False,False,1905.0,4.764723472720792,55.0,BEAS-2023-FF-01|neg|8,0,,2023-05-28T12:00:00,0.5,0.1,0.1,0.1,0.2,10.7,35.6,64.60000000000001,76.69999999999999,0.1,0.406,0.414
BEAS-2023-FF-01,Himachal Pradesh,flash_flood,B,REAL_RECONSTRUCTED,high,32.2454608,77.1872926,COARSE,20000.0,24.0,False,False,False,1905.0,4.764723472720792,55.0,BEAS-2023-FF-01|neg|9,0,,2023-05-16T00:00:00,0.5,0.0,0.0,0.0,0.0,0.0,0.5,34.1,202.0,0.0,0.414,0.428
BEAS-2023-FF-01,Himachal Pradesh,flash_flood,B,REAL_RECONSTRUCTED,high,32.2454608,77.1872926,COARSE,20000.0,24.0,False,False,False,1905.0,4.764723472720792,55.0,BEAS-2023-FF-01|neg|10,0,,2023-07-24T12:00:00,0.5,0.1,0.1,0.30000000000000004,8.799999999999999,18.200000000000003,48.7,58.49999999999999,218.00000000000003,0.1,0.405,0.414
BEAS-2023-FF-01,Himachal Pradesh,flash_flood,B,REAL_RECONSTRUCTED,high,32.2454608,77.1872926,COARSE,20000.0,24.0,False,False,False,1905.0,4.764723472720792,55.0,BEAS-2023-FF-01|neg|11,0,,2023-05-10T12:00:00,0.5,0.0,0.0,0.0,0.0,22.6,59.400000000000006,129.2,203.29999999999998,0.0,0.404,0.417
BEAS-2023-FF-01,Himachal Pradesh,flash_flood,B,REAL_RECONSTRUCTED,high,32.2454608,77.1872926,COARSE,20000.0,24.0,False,False,False,1905.0,4.764723472720792,55.0,BEAS-2023-FF-01|neg|12,0,,2023-05-11T00:00:00,0.5,0.0,0.0,0.0,0.0,0.0,53.2,100.9,203.3,0.0,0.407,0.412
BEAS-2023-FF-01,Himachal Pradesh,flash_flood,B,REAL_RECONSTRUCTED,high,32.2454608,77.1872926,COARSE,20000.0,24.0,False,False,False,1905.0,4.764723472720792,55.0,BEAS-2023-FF-01|neg|13,0,,2023-08-09T12:00:00,0.5,0.3,0.4,0.4,0.4,1.1,50.400000000000006,63.2,111.1,0.3,0.384,0.398
BEAS-2023-FF-01,Himachal Pradesh,flash_flood,B,REAL_RECONSTRUCTED,high,32.2454608,77.1872926,COARSE,20000.0,24.0,False,False,False,1905.0,4.764723472720792,55.0,BEAS-2023-FF-01|neg|14,0,,2023-06-03T00:00:00,0.5,1.7,2.5,4.3999999999999995,5.9,7.6,30.799999999999997,80.0,124.5,1.7,0.428,0.414
SUMMERHILL-2023-LS-01,Himachal Pradesh,landslide,B,REAL_RECONSTRUCTED,high,31.1097358,77.1381732,COARSE,3000.0,1.0,True,True,True,2026.0,26.059900057041915,176.0,SUMMERHILL-2023-LS-01|pos|72,1,72.0,2023-08-11T07:00:00,1.0,0.7,1.4,1.7,1.9999999999999998,7.999999999999999,10.4,24.7,102.99999999999999,0.7,0.473,0.444
SUMMERHILL-2023-LS-01,Himachal Pradesh,landslide,B,REAL_RECONSTRUCTED,high,31.1097358,77.1381732,COARSE,3000.0,1.0,True,True,True,2026.0,26.059900057041915,176.0,SUMMERHILL-2023-LS-01|pos|48,1,48.0,2023-08-12T07:00:00,1.0,0.2,0.4,0.6000000000000001,0.6000000000000001,3.9,12.9,20.5,85.1,0.2,0.463,0.443
SUMMERHILL-2023-LS-01,Himachal Pradesh,landslide,B,REAL_RECONSTRUCTED,high,31.1097358,77.1381732,COARSE,3000.0,1.0,True,True,True,2026.0,26.059900057041915,176.0,SUMMERHILL-2023-LS-01|pos|24,1,24.0,2023-08-13T07:00:00,1.0,1.0,3.7,6.9,11.0,19.5,31.400000000000002,37.6,86.8,1.4,0.512,0.481
SUMMERHILL-2023-LS-01,Himachal Pradesh,landslide,B,REAL_RECONSTRUCTED,high,31.1097358,77.1381732,COARSE,3000.0,1.0,True,True,True,2026.0,26.059900057041915,176.0,SUMMERHILL-2023-LS-01|pos|12,1,12.0,2023-08-13T19:00:00,1.0,0.2,0.8999999999999999,2.5000000000000004,10.700000000000001,21.7,36.099999999999994,47.4,73.4,0.9,0.504,0.499
SUMMERHILL-2023-LS-01,Himachal Pradesh,landslide,B,REAL_RECONSTRUCTED,high,31.1097358,77.1381732,COARSE,3000.0,1.0,True,True,True,2026.0,26.059900057041915,176.0,SUMMERHILL-2023-LS-01|pos|6,1,6.0,2023-08-14T01:00:00,1.0,0.4,0.6000000000000001,1.2,3.7000000000000006,18.8,37.0,48.6,74.6,0.5,0.504,0.5
SUMMERHILL-2023-LS-01,Himachal Pradesh,landslide,B,REAL_RECONSTRUCTED,high,31.1097358,77.1381732,COARSE,3000.0,1.0,True,True,True,2026.0,26.059900057041915,176.0,SUMMERHILL-2023-LS-01|pos|3,1,3.0,2023-08-14T04:00:00,1.0,6.0,8.1,8.7,10.2,23.700000000000003,44.8,56.7,82.7,6.0,0.508,0.52
SUMMERHILL-2023-LS-01,Himachal Pradesh,landslide,B,REAL_RECONSTRUCTED,high,31.1097358,77.1381732,COARSE,3000.0,1.0,True,True,True,2026.0,26.059900057041915,176.0,SUMMERHILL-2023-LS-01|pos|1,1,1.0,2023-08-14T06:00:00,1.0,0.9,22.7,25.2,26.2,37.7,60.800000000000004,73.4,99.4,15.8,0.518,0.51
SUMMERHILL-2023-LS-01,Himachal Pradesh,landslide,B,REAL_RECONSTRUCTED,high,31.1097358,77.1381732,COARSE,3000.0,1.0,True,True,True,2026.0,26.059900057041915,176.0,SUMMERHILL-2023-LS-01|neg|0,0,,2023-08-29T19:00:00,0.5,0.0,0.0,0.0,0.0,0.0,1.8000000000000003,52.49999999999999,86.2,0.0,0.428,0.444
SUMMERHILL-2023-LS-01,Himachal Pradesh,landslide,B,REAL_RECONSTRUCTED,high,31.1097358,77.1381732,COARSE,3000.0,1.0,True,True,True,2026.0,26.059900057041915,176.0,SUMMERHILL-2023-LS-01|neg|1,0,,2023-07-05T19:00:00,0.5,0.6,1.9,3.1,6.6,8.299999999999999,18.7,35.5,108.1,1.3,0.5,0.461
SUMMERHILL-2023-LS-01,Himachal Pradesh,landslide,B,REAL_RECONSTRUCTED,high,31.1097358,77.1381732,COARSE,3000.0,1.0,True,True,True,2026.0,26.059900057041915,176.0,SUMMERHILL-2023-LS-01|neg|2,0,,2023-07-15T07:00:00,0.5,0.1,0.1,0.4,1.0,4.0,38.199999999999996,151.7,195.8,0.1,0.498,0.503
SUMMERHILL-2023-LS-01,Himachal Pradesh,landslide,B,REAL_RECONSTRUCTED,high,31.1097358,77.1381732,COARSE,3000.0,1.0,True,True,True,2026.0,26.059900057041915,176.0,SUMMERHILL-2023-LS-01|neg|3,0,,2023-06-25T07:00:00,0.5,2.0,4.1,9.2,9.8,13.899999999999999,30.3,40.6,60.7,4.6,0.485,0.394
SUMMERHILL-2023-LS-01,Himachal Pradesh,landslide,B,REAL_RECONSTRUCTED,high,31.1097358,77.1381732,COARSE,3000.0,1.0,True,True,True,2026.0,26.059900057041915,176.0,SUMMERHILL-2023-LS-01|neg|4,0,,2023-07-18T19:00:00,0.5,0.1,0.5,2.7,8.5,8.5,31.8,78.69999999999999,229.3,1.9,0.491,0.489
SUMMERHILL-2023-LS-01,Himachal Pradesh,landslide,B,REAL_RECONSTRUCTED,high,31.1097358,77.1381732,COARSE,3000.0,1.0,True,True,True,2026.0,26.059900057041915,176.0,SUMMERHILL-2023-LS-01|neg|5,0,,2023-07-28T19:00:00,0.5,0.0,1.8,3.9000000000000004,10.0,14.299999999999999,36.7,52.6,120.4,1.6,0.506,0.512
SUMMERHILL-2023-LS-01,Himachal Pradesh,landslide,B,REAL_RECONSTRUCTED,high,31.1097358,77.1381732,COARSE,3000.0,1.0,True,True,True,2026.0,26.059900057041915,176.0,SUMMERHILL-2023-LS-01|neg|6,0,,2023-09-19T19:00:00,0.5,0.0,0.2,6.1,6.9,6.8999999999999995,25.3,47.3,69.89999999999999,2.9,0.486,0.466
SUMMERHILL-2023-LS-01,Himachal Pradesh,landslide,B,REAL_RECONSTRUCTED,high,31.1097358,77.1381732,COARSE,3000.0,1.0,True,True,True,2026.0,26.059900057041915,176.0,SUMMERHILL-2023-LS-01|neg|7,0,,2023-09-21T07:00:00,0.5,0.0,0.0,0.0,0.0,1.0,19.5,44.199999999999996,71.5,0.0,0.472,0.465
SUMMERHILL-2023-LS-01,Himachal Pradesh,landslide,B,REAL_RECONSTRUCTED,high,31.1097358,77.1381732,COARSE,3000.0,1.0,True,True,True,2026.0,26.059900057041915,176.0,SUMMERHILL-2023-LS-01|neg|8,0,,2023-07-14T07:00:00,0.5,0.0,0.0,1.4,1.5,14.2,39.3,160.7,202.6,1.2,0.489,0.498
SUMMERHILL-2023-LS-01,Himachal Pradesh,landslide,B,REAL_RECONSTRUCTED,high,31.1097358,77.1381732,COARSE,3000.0,1.0,True,True,True,2026.0,26.059900057041915,176.0,SUMMERHILL-2023-LS-01|neg|9,0,,2023-07-24T07:00:00,0.5,0.0,0.1,0.1,0.6,3.2,18.599999999999998,47.9,189.89999999999998,0.1,0.487,0.493
SUMMERHILL-2023-LS-01,Himachal Pradesh,landslide,B,REAL_RECONSTRUCTED,high,31.1097358,77.1381732,COARSE,3000.0,1.0,True,True,True,2026.0,26.059900057041915,176.0,SUMMERHILL-2023-LS-01|neg|10,0,,2023-07-02T19:00:00,0.5,0.0,0.0,0.0,0.0,0.0,6.4,43.4,97.69999999999999,0.0,0.443,0.451
SUMMERHILL-2023-LS-01,Himachal Pradesh,landslide,B,REAL_RECONSTRUCTED,high,31.1097358,77.1381732,COARSE,3000.0,1.0,True,True,True,2026.0,26.059900057041915,176.0,SUMMERHILL-2023-LS-01|neg|11,0,,2023-07-20T19:00:00,0.5,0.0,0.3,1.7000000000000002,1.9000000000000001,6.199999999999999,19.4,56.1,222.5,0.8,0.487,0.49
SUMMERHILL-2023-LS-01,Himachal Pradesh,landslide,B,REAL_RECONSTRUCTED,high,31.1097358,77.1381732,COARSE,3000.0,1.0,True,True,True,2026.0,26.059900057041915,176.0,SUMMERHILL-2023-LS-01|neg|12,0,,2023-06-28T07:00:00,0.5,0.0,0.0,0.0,0.0,3.3000000000000003,30.299999999999997,63.19999999999999,80.49999999999999,0.0,0.491,0.489
SUMMERHILL-2023-LS-01,Himachal Pradesh,landslide,B,REAL_RECONSTRUCTED,high,31.1097358,77.1381732,COARSE,3000.0,1.0,True,True,True,2026.0,26.059900057041915,176.0,SUMMERHILL-2023-LS-01|neg|13,0,,2023-06-26T19:00:00,0.5,0.0,0.1,0.9,11.899999999999999,11.899999999999999,45.9,60.900000000000006,73.7,0.3,0.495,0.49
SUMMERHILL-2023-LS-01,Himachal Pradesh,landslide,B,REAL_RECONSTRUCTED,high,31.1097358,77.1381732,COARSE,3000.0,1.0,True,True,True,2026.0,26.059900057041915,176.0,SUMMERHILL-2023-LS-01|neg|14,0,,2023-07-11T19:00:00,0.5,0.0,0.1,1.2000000000000002,4.299999999999999,6.800000000000001,94.7,141.2,183.1,0.6,0.497,0.51
SUMMERHILL-2023-LS-01,Himachal Pradesh,landslide,B,REAL_RECONSTRUCTED,high,31.1097358,77.1381732,COARSE,3000.0,1.0,True,True,True,2026.0,26.059900057041915,176.0,SUMMERHILL-2023-LS-01|neg|15,0,,2023-08-30T07:00:00,0.5,0.0,0.0,0.0,0.0,0.0,1.8000000000000003,41.0,84.49999999999999,0.0,0.431,0.444
SUMMERHILL-2023-LS-01,Himachal Pradesh,landslide,B,REAL_RECONSTRUCTED,high,31.1097358,77.1381732,COARSE,3000.0,1.0,True,True,True,2026.0,26.059900057041915,176.0,SUMMERHILL-2023-LS-01|neg|16,0,,2023-07-01T07:00:00,0.5,0.0,0.0,0.0,2.0,3.9,23.299999999999997,67.5,97.79999999999998,0.0,0.477,0.471
SUMMERHILL-2023-LS-01,Himachal Pradesh,landslide,B,REAL_RECONSTRUCTED,high,31.1097358,77.1381732,COARSE,3000.0,1.0,True,True,True,2026.0,26.059900057041915,176.0,SUMMERHILL-2023-LS-01|neg|17,0,,2023-07-05T07:00:00,0.5,0.0,0.2,0.2,1.7000000000000002,10.8,12.100000000000001,36.7,104.5,0.1,0.476,0.457
SUMMERHILL-2023-LS-01,Himachal Pradesh,landslide,B,REAL_RECONSTRUCTED,high,31.1097358,77.1381732,COARSE,3000.0,1.0,True,True,True,2026.0,26.059900057041915,176.0,SUMMERHILL-2023-LS-01|neg|18,0,,2023-07-31T07:00:00,0.5,0.0,0.0,0.0,0.0,7.5,49.4,80.0,140.39999999999998,0.0,0.486,0.49
SUMMERHILL-2023-LS-01,Himachal Pradesh,landslide,B,REAL_RECONSTRUCTED,high,31.1097358,77.1381732,COARSE,3000.0,1.0,True,True,True,2026.0,26.059900057041915,176.0,SUMMERHILL-2023-LS-01|neg|19,0,,2023-09-25T07:00:00,0.5,0.0,0.0,0.0,0.0,0.0,0.1,20.8,56.8,0.0,0.434,0.446
SUMMERHILL-2023-LS-01,Himachal Pradesh,landslide,B,REAL_RECONSTRUCTED,high,31.1097358,77.1381732,COARSE,3000.0,1.0,True,True,True,2026.0,26.059900057041915,176.0,SUMMERHILL-2023-LS-01|neg|20,0,,2023-07-21T07:00:00,0.5,0.0,0.3,4.8,5.1,7.0,24.5,59.69999999999999,227.5,2.5,0.505,0.506
SUMMERHILL-2023-LS-01,Himachal Pradesh,landslide,B,REAL_RECONSTRUCTED,high,31.1097358,77.1381732,COARSE,3000.0,1.0,True,True,True,2026.0,26.059900057041915,176.0,SUMMERHILL-2023-LS-01|neg|21,0,,2023-09-06T19:00:00,0.5,0.0,0.0,1.6,1.7000000000000002,1.7000000000000002,3.2,12.2,64.69999999999999,0.8,0.438,0.405
SUMMERHILL-2023-LS-01,Himachal Pradesh,landslide,B,REAL_RECONSTRUCTED,high,31.1097358,77.1381732,COARSE,3000.0,1.0,True,True,True,2026.0,26.059900057041915,176.0,SUMMERHILL-2023-LS-01|neg|22,0,,2023-07-30T07:00:00,0.5,0.0,0.0,0.0,0.0,24.099999999999998,63.699999999999996,75.7,146.8,0.0,0.494,0.499
SUMMERHILL-2023-LS-01,Himachal Pradesh,landslide,B,REAL_RECONSTRUCTED,high,31.1097358,77.1381732,COARSE,3000.0,1.0,True,True,True,2026.0,26.059900057041915,176.0,SUMMERHILL-2023-LS-01|neg|23,0,,2023-06-23T19:00:00,0.5,0.0,0.0,0.4,3.2,4.300000000000001,12.000000000000002,21.500000000000004,38.5,0.2,0.451,0.373
SUMMERHILL-2023-LS-01,Himachal Pradesh,landslide,B,REAL_RECONSTRUCTED,high,31.1097358,77.1381732,COARSE,3000.0,1.0,True,True,True,2026.0,26.059900057041915,176.0,SUMMERHILL-2023-LS-01|neg|24,0,,2023-09-24T19:00:00,0.5,0.0,0.0,0.0,0.0,0.0,0.1,20.8,57.7,0.0,0.429,0.446
SUMMERHILL-2023-LS-01,Himachal Pradesh,landslide,B,REAL_RECONSTRUCTED,high,31.1097358,77.1381732,COARSE,3000.0,1.0,True,True,True,2026.0,26.059900057041915,176.0,SUMMERHILL-2023-LS-01|neg|25,0,,2023-08-28T07:00:00,0.5,0.0,0.0,0.0,0.0,0.9000000000000001,4.1000000000000005,59.2,146.3,0.0,0.455,0.456
SUMMERHILL-2023-LS-01,Himachal Pradesh,landslide,B,REAL_RECONSTRUCTED,high,31.1097358,77.1381732,COARSE,3000.0,1.0,True,True,True,2026.0,26.059900057041915,176.0,SUMMERHILL-2023-LS-01|neg|26,0,,2023-09-20T19:00:00,0.5,0.0,0.0,1.0,1.0,1.9,19.5,44.2,71.5,0.5,0.483,0.464
SUMMERHILL-2023-LS-01,Himachal Pradesh,landslide,B,REAL_RECONSTRUCTED,high,31.1097358,77.1381732,COARSE,3000.0,1.0,True,True,True,2026.0,26.059900057041915,176.0,SUMMERHILL-2023-LS-01|neg|27,0,,2023-07-09T07:00:00,0.5,1.6,7.1,12.5,18.1,36.099999999999994,56.2,75.0,143.8,4.5,0.517,0.512
SUMMERHILL-2023-LS-01,Himachal Pradesh,landslide,B,REAL_RECONSTRUCTED,high,31.1097358,77.1381732,COARSE,3000.0,1.0,True,True,True,2026.0,26.059900057041915,176.0,SUMMERHILL-2023-LS-01|neg|28,0,,2023-09-23T19:00:00,0.5,0.0,0.0,0.1,0.1,0.1,1.3,28.500000000000004,62.5,0.1,0.442,0.454
SUMMERHILL-2023-LS-01,Himachal Pradesh,landslide,B,REAL_RECONSTRUCTED,high,31.1097358,77.1381732,COARSE,3000.0,1.0,True,True,True,2026.0,26.059900057041915,176.0,SUMMERHILL-2023-LS-01|neg|29,0,,2023-07-29T19:00:00,0.5,0.0,0.2,10.499999999999998,24.1,31.9,64.8,75.69999999999999,147.8,10.1,0.499,0.512
SUMMERHILL-2023-LS-01,Himachal Pradesh,landslide,B,REAL_RECONSTRUCTED,high,31.1097358,77.1381732,COARSE,3000.0,1.0,True,True,True,2026.0,26.059900057041915,176.0,SUMMERHILL-2023-LS-01|neg|30,0,,2023-07-07T19:00:00,0.5,0.0,0.2,6.6,8.9,8.9,24.4,38.10000000000001,116.5,6.2,0.497,0.481
SUMMERHILL-2023-LS-01,Himachal Pradesh,landslide,B,REAL_RECONSTRUCTED,high,31.1097358,77.1381732,COARSE,3000.0,1.0,True,True,True,2026.0,26.059900057041915,176.0,SUMMERHILL-2023-LS-01|neg|31,0,,2023-07-13T19:00:00,0.5,0.0,2.0,2.1,12.7,14.499999999999998,40.3,159.2,201.9,1.8,0.494,0.502
SUMMERHILL-2023-LS-01,Himachal Pradesh,landslide,B,REAL_RECONSTRUCTED,high,31.1097358,77.1381732,COARSE,3000.0,1.0,True,True,True,2026.0,26.059900057041915,176.0,SUMMERHILL-2023-LS-01|neg|32,0,,2023-07-28T07:00:00,0.5,1.5,2.5,2.6,4.3,21.8,28.099999999999998,49.2,123.1,1.5,0.518,0.508
SUMMERHILL-2023-LS-01,Himachal Pradesh,landslide,B,REAL_RECONSTRUCTED,high,31.1097358,77.1381732,COARSE,3000.0,1.0,True,True,True,2026.0,26.059900057041915,176.0,SUMMERHILL-2023-LS-01|neg|33,0,,2023-09-05T19:00:00,0.5,0.0,0.0,0.2,0.30000000000000004,0.30000000000000004,4.0,10.5,68.4,0.1,0.418,0.41
SUMMERHILL-2023-LS-01,Himachal Pradesh,landslide,B,REAL_RECONSTRUCTED,high,31.1097358,77.1381732,COARSE,3000.0,1.0,True,True,True,2026.0,26.059900057041915,176.0,SUMMERHILL-2023-LS-01|neg|34,0,,2023-07-26T19:00:00,0.5,0.0,0.4,0.7000000000000001,1.7000000000000002,3.8,8.3,37.6,120.99999999999999,0.3,0.489,0.484
SAMEJ-2024-FF-01,Himachal Pradesh,flash_flood,B,REAL_RECONSTRUCTED,high,31.5091373,77.7709741,COARSE,30875.0,6.0,False,False,False,1708.0,20.500371374884775,195.0,SAMEJ-2024-FF-01|pos|72,1,72.0,2024-07-28T00:00:00,0.32388663967611336,7.1,12.1,13.9,14.799999999999999,15.1,27.3,67.5,86.5,7.1,0.516,0.477
SAMEJ-2024-FF-01,Himachal Pradesh,flash_flood,B,REAL_RECONSTRUCTED,high,31.5091373,77.7709741,COARSE,30875.0,6.0,False,False,False,1708.0,20.500371374884775,195.0,SAMEJ-2024-FF-01|pos|48,1,48.0,2024-07-29T00:00:00,0.32388663967611336,0.2,0.4,0.6000000000000001,0.8999999999999999,6.8,31.2,60.599999999999994,93.30000000000001,0.2,0.457,0.444
SAMEJ-2024-FF-01,Himachal Pradesh,flash_flood,B,REAL_RECONSTRUCTED,high,31.5091373,77.7709741,COARSE,30875.0,6.0,False,False,False,1708.0,20.500371374884775,195.0,SAMEJ-2024-FF-01|pos|24,1,24.0,2024-07-30T00:00:00,0.32388663967611336,0.0,1.8,1.8,9.299999999999999,11.899999999999999,33.8,58.2,105.10000000000002,1.6,0.493,0.452
SAMEJ-2024-FF-01,Himachal Pradesh,flash_flood,B,REAL_RECONSTRUCTED,high,31.5091373,77.7709741,COARSE,30875.0,6.0,False,False,False,1708.0,20.500371374884775,195.0,SAMEJ-2024-FF-01|pos|12,1,12.0,2024-07-30T12:00:00,0.32388663967611336,0.0,0.0,0.0,36.800000000000004,46.1,70.3,90.2,141.9,0.0,0.481,0.472
SAMEJ-2024-FF-01,Himachal Pradesh,flash_flood,B,REAL_RECONSTRUCTED,high,31.5091373,77.7709741,COARSE,30875.0,6.0,False,False,False,1708.0,20.500371374884775,195.0,SAMEJ-2024-FF-01|pos|6,1,6.0,2024-07-30T18:00:00,0.32388663967611336,0.0,1.4,5.700000000000001,5.700000000000001,44.3,75.1,95.2,146.7,3.1,0.501,0.483
SAMEJ-2024-FF-01,Himachal Pradesh,flash_flood,B,REAL_RECONSTRUCTED,high,31.5091373,77.7709741,COARSE,30875.0,6.0,False,False,False,1708.0,20.500371374884775,195.0,SAMEJ-2024-FF-01|neg|0,0,,2024-08-14T00:00:00,0.5,0.1,0.1,0.4,3.8000000000000003,3.8,15.7,121.19999999999999,261.9,0.1,0.469,0.47
SAMEJ-2024-FF-01,Himachal Pradesh,flash_flood,B,REAL_RECONSTRUCTED,high,31.5091373,77.7709741,COARSE,30875.0,6.0,False,False,False,1708.0,20.500371374884775,195.0,SAMEJ-2024-FF-01|neg|1,0,,2024-07-06T00:00:00,0.5,6.3,11.0,15.5,17.0,20.0,43.5,67.5,86.6,6.3,0.519,0.52
SAMEJ-2024-FF-01,Himachal Pradesh,flash_flood,B,REAL_RECONSTRUCTED,high,31.5091373,77.7709741,COARSE,30875.0,6.0,False,False,False,1708.0,20.500371374884775,195.0,SAMEJ-2024-FF-01|neg|2,0,,2024-07-09T12:00:00,0.5,0.0,0.0,0.0,0.0,7.3,13.0,69.30000000000001,98.6,0.0,0.448,0.446
SAMEJ-2024-FF-01,Himachal Pradesh,flash_flood,B,REAL_RECONSTRUCTED,high,31.5091373,77.7709741,COARSE,30875.0,6.0,False,False,False,1708.0,20.500371374884775,195.0,SAMEJ-2024-FF-01|neg|3,0,,2024-07-07T00:00:00,0.5,0.0,0.0,2.2,5.6,6.6,34.8,71.19999999999999,92.6,1.8,0.494,0.477
SAMEJ-2024-FF-01,Himachal Pradesh,flash_flood,B,REAL_RECONSTRUCTED,high,31.5091373,77.7709741,COARSE,30875.0,6.0,False,False,False,1708.0,20.500371374884775,195.0,SAMEJ-2024-FF-01|neg|4,0,,2024-08-14T12:00:00,0.5,0.0,0.0,0.4,0.7,4.5,7.2,91.0,225.8,0.2,0.47,0.464
SAMEJ-2024-FF-01,Himachal Pradesh,flash_flood,B,REAL_RECONSTRUCTED,high,31.5091373,77.7709741,COARSE,30875.0,6.0,False,False,False,1708.0,20.500371374884775,195.0,SAMEJ-2024-FF-01|neg|5,0,,2024-07-08T00:00:00,0.5,0.0,0.0,0.0,0.1,0.1,26.7,68.89999999999999,92.3,0.0,0.463,0.462
SAMEJ-2024-FF-01,Himachal Pradesh,flash_flood,B,REAL_RECONSTRUCTED,high,31.5091373,77.7709741,COARSE,30875.0,6.0,False,False,False,1708.0,20.500371374884775,195.0,SAMEJ-2024-FF-01|neg|6,0,,2024-07-07T12:00:00,0.5,0.0,0.0,0.0,0.0,5.6,27.999999999999996,69.6,92.3,0.0,0.475,0.47
SAMEJ-2024-FF-01,Himachal Pradesh,flash_flood,B,REAL_RECONSTRUCTED,high,31.5091373,77.7709741,COARSE,30875.0,6.0,False,False,False,1708.0,20.500371374884775,195.0,SAMEJ-2024-FF-01|neg|7,0,,2024-07-06T12:00:00,0.5,0.0,0.0,0.0,1.0,18.0,41.0,67.9,87.1,0.0,0.48,0.479
SAMEJ-2024-FF-01,Himachal Pradesh,flash_flood,B,REAL_RECONSTRUCTED,high,31.5091373,77.7709741,COARSE,30875.0,6.0,False,False,False,1708.0,20.500371374884775,195.0,SAMEJ-2024-FF-01|neg|8,0,,2024-07-09T00:00:00,0.5,0.0,0.0,4.0,7.3,7.3,14.000000000000002,70.80000000000001,98.8,2.6,0.48,0.454
SAMEJ-2024-FF-01,Himachal Pradesh,flash_flood,B,REAL_RECONSTRUCTED,high,31.5091373,77.7709741,COARSE,30875.0,6.0,False,False,False,1708.0,20.500371374884775,195.0,SAMEJ-2024-FF-01|neg|9,0,,2024-07-08T12:00:00,0.5,0.0,0.0,0.0,0.0,0.1,23.699999999999996,68.6,92.0,0.0,0.453,0.455
SAMEJ-2024-FF-01,Himachal Pradesh,flash_flood,B,REAL_RECONSTRUCTED,high,31.5091373,77.7709741,COARSE,30875.0,6.0,False,False,False,1708.0,20.500371374884775,195.0,SAMEJ-2024-FF-01|neg|10,0,,2024-06-23T12:00:00,0.5,0.2,0.30000000000000004,0.30000000000000004,0.30000000000000004,0.4,1.2999999999999998,1.8000000000000003,1.8000000000000003,0.2,0.275,0.279
SAMEJ-2024-FF-01,Himachal Pradesh,flash_flood,B,REAL_RECONSTRUCTED,high,31.5091373,77.7709741,COARSE,30875.0,6.0,False,False,False,1708.0,20.500371374884775,195.0,SAMEJ-2024-FF-01|neg|11,0,,2024-08-31T00:00:00,0.5,0.0,0.0,0.0,0.0,0.1,1.4,5.5,59.900000000000006,0.0,0.438,0.451
SAMEJ-2024-FF-01,Himachal Pradesh,flash_flood,B,REAL_RECONSTRUCTED,high,31.5091373,77.7709741,COARSE,30875.0,6.0,False,False,False,1708.0,20.500371374884775,195.0,SAMEJ-2024-FF-01|neg|12,0,,2024-06-04T12:00:00,0.5,0.5,0.5,0.5,0.5,0.5,0.5,0.5,1.7,0.5,0.286,0.286
SAMEJ-2024-FF-01,Himachal Pradesh,flash_flood,B,REAL_RECONSTRUCTED,high,31.5091373,77.7709741,COARSE,30875.0,6.0,False,False,False,1708.0,20.500371374884775,195.0,SAMEJ-2024-FF-01|neg|13,0,,2024-07-05T00:00:00,0.5,0.0,0.0,1.3,1.4000000000000001,8.2,36.800000000000004,49.300000000000004,67.0,0.9,0.489,0.456
SAMEJ-2024-FF-01,Himachal Pradesh,flash_flood,B,REAL_RECONSTRUCTED,high,31.5091373,77.7709741,COARSE,30875.0,6.0,False,False,False,1708.0,20.500371374884775,195.0,SAMEJ-2024-FF-01|neg|14,0,,2024-06-13T12:00:00,0.5,0.0,0.0,0.0,0.0,0.0,0.0,0.0,3.1,0.0,0.264,0.278
SAMEJ-2024-FF-01,Himachal Pradesh,flash_flood,B,REAL_RECONSTRUCTED,high,31.5091373,77.7709741,COARSE,30875.0,6.0,False,False,False,1708.0,20.500371374884775,195.0,SAMEJ-2024-FF-01|neg|15,0,,2024-06-17T12:00:00,0.5,0.0,0.0,0.0,0.0,0.0,0.0,0.0,3.1,0.0,0.26,0.279
SAMEJ-2024-FF-01,Himachal Pradesh,flash_flood,B,REAL_RECONSTRUCTED,high,31.5091373,77.7709741,COARSE,30875.0,6.0,False,False,False,1708.0,20.500371374884775,195.0,SAMEJ-2024-FF-01|neg|16,0,,2024-09-03T12:00:00,0.5,0.1,0.1,0.1,1.3,4.0,15.3,17.0,42.5,0.1,0.479,0.469
SAMEJ-2024-FF-01,Himachal Pradesh,flash_flood,B,REAL_RECONSTRUCTED,high,31.5091373,77.7709741,COARSE,30875.0,6.0,False,False,False,1708.0,20.500371374884775,195.0,SAMEJ-2024-FF-01|neg|17,0,,2024-06-15T12:00:00,0.5,0.0,0.0,0.0,0.0,0.0,0.0,0.0,3.1,0.0,0.261,0.279
SAMEJ-2024-FF-01,Himachal Pradesh,flash_flood,B,REAL_RECONSTRUCTED,high,31.5091373,77.7709741,COARSE,30875.0,6.0,False,False,False,1708.0,20.500371374884775,195.0,SAMEJ-2024-FF-01|neg|18,0,,2024-06-14T00:00:00,0.5,0.0,0.0,0.0,0.0,0.0,0.0,0.0,3.1,0.0,0.263,0.278
SAMEJ-2024-FF-01,Himachal Pradesh,flash_flood,B,REAL_RECONSTRUCTED,high,31.5091373,77.7709741,COARSE,30875.0,6.0,False,False,False,1708.0,20.500371374884775,195.0,SAMEJ-2024-FF-01|neg|19,0,,2024-08-18T00:00:00,0.5,0.0,0.3,1.9000000000000001,2.4,2.4000000000000004,13.0,32.300000000000004,179.5,1.1,0.476,0.466
SAMEJ-2024-FF-01,Himachal Pradesh,flash_flood,B,REAL_RECONSTRUCTED,high,31.5091373,77.7709741,COARSE,30875.0,6.0,False,False,False,1708.0,20.500371374884775,195.0,SAMEJ-2024-FF-01|neg|20,0,,2024-06-19T00:00:00,0.5,0.0,0.0,0.0,0.1,0.1,0.1,0.1,3.2,0.0,0.254,0.279
SAMEJ-2024-FF-01,Himachal Pradesh,flash_flood,B,REAL_RECONSTRUCTED,high,31.5091373,77.7709741,COARSE,30875.0,6.0,False,False,False,1708.0,20.500371374884775,195.0,SAMEJ-2024-FF-01|neg|21,0,,2024-09-12T00:00:00,0.5,0.0,0.0,0.0,0.0,8.4,8.8,16.200000000000003,52.7,0.0,0.431,0.444
SAMEJ-2024-FF-01,Himachal Pradesh,flash_flood,B,REAL_RECONSTRUCTED,high,31.5091373,77.7709741,COARSE,30875.0,6.0,False,False,False,1708.0,20.500371374884775,195.0,SAMEJ-2024-FF-01|neg|22,0,,2024-09-01T00:00:00,0.5,0.0,0.2,0.7,1.1,1.1,2.5,4.0,53.39999999999999,0.5,0.427,0.441
SAMEJ-2024-FF-01,Himachal Pradesh,flash_flood,B,REAL_RECONSTRUCTED,high,31.5091373,77.7709741,COARSE,30875.0,6.0,False,False,False,1708.0,20.500371374884775,195.0,SAMEJ-2024-FF-01|neg|23,0,,2024-06-06T12:00:00,0.5,0.0,0.0,0.0,0.0,2.6,3.1,3.1,3.3000000000000003,0.0,0.287,0.284
SAMEJ-2024-FF-01,Himachal Pradesh,flash_flood,B,REAL_RECONSTRUCTED,high,31.5091373,77.7709741,COARSE,30875.0,6.0,False,False,False,1708.0,20.500371374884775,195.0,SAMEJ-2024-FF-01|neg|24,0,,2024-08-15T12:00:00,0.5,0.0,0.0,0.4,0.4,3.3000000000000003,8.0,30.0,216.1,0.3,0.476,0.467
SERAJ-2025-FF-01,Himachal Pradesh,flash_flood,B,REAL_RECONSTRUCTED,high,31.5403218,77.18545,OK,17066.0,3.0,False,False,False,2324.0,25.023692294535604,245.0,SERAJ-2025-FF-01|pos|72,1,72.0,2025-06-28T00:00:00,0.5859603890776983,0.0,0.0,0.0,1.5,32.6,65.9,97.10000000000001,161.3,0.0,0.495,0.503
SERAJ-2025-FF-01,Himachal Pradesh,flash_flood,B,REAL_RECONSTRUCTED,high,31.5403218,77.18545,OK,17066.0,3.0,False,False,False,2324.0,25.023692294535604,245.0,SERAJ-2025-FF-01|pos|48,1,48.0,2025-06-29T00:00:00,0.5859603890776983,0.1,0.4,0.5,3.900000000000001,5.3,42.0,91.80000000000001,159.59999999999997,0.2,0.498,0.499
SERAJ-2025-FF-01,Himachal Pradesh,flash_flood,B,REAL_RECONSTRUCTED,high,31.5403218,77.18545,OK,17066.0,3.0,False,False,False,2324.0,25.023692294535604,245.0,SERAJ-2025-FF-01|pos|24,1,24.0,2025-06-30T00:00:00,0.5859603890776983,0.3,0.9000000000000001,0.9000000000000001,4.8999999999999995,6.3,44.2,90.19999999999999,165.5,0.4,0.504,0.504
SERAJ-2025-FF-01,Himachal Pradesh,flash_flood,B,REAL_RECONSTRUCTED,high,31.5403218,77.18545,OK,17066.0,3.0,False,False,False,2324.0,25.023692294535604,245.0,SERAJ-2025-FF-01|pos|12,1,12.0,2025-06-30T12:00:00,0.5859603890776983,0.4,0.7000000000000001,1.3,2.3000000000000003,7.199999999999999,15.399999999999999,90.6,167.8,0.4,0.497,0.5
SERAJ-2025-FF-01,Himachal Pradesh,flash_flood,B,REAL_RECONSTRUCTED,high,31.5403218,77.18545,OK,17066.0,3.0,False,False,False,2324.0,25.023692294535604,245.0,SERAJ-2025-FF-01|pos|6,1,6.0,2025-06-30T18:00:00,0.5859603890776983,1.0,1.9,3.1,4.4,6.3,17.0,89.8,170.9,1.0,0.506,0.502
SERAJ-2025-FF-01,Himachal Pradesh,flash_flood,B,REAL_RECONSTRUCTED,high,31.5403218,77.18545,OK,17066.0,3.0,False,False,False,2324.0,25.023692294535604,245.0,SERAJ-2025-FF-01|neg|0,0,,2025-08-14T00:00:00,0.5,1.1,2.2,5.699999999999999,18.600000000000005,19.8,76.19999999999999,119.6,265.9,2.6,0.514,0.514
SERAJ-2025-FF-01,Himachal Pradesh,flash_flood,B,REAL_RECONSTRUCTED,high,31.5403218,77.18545,OK,17066.0,3.0,False,False,False,2324.0,25.023692294535604,245.0,SERAJ-2025-FF-01|neg|1,0,,2025-08-13T12:00:00,0.5,0.4,0.9,1.2000000000000002,1.2000000000000002,3.8000000000000003,63.7,105.89999999999999,264.9,0.4,0.493,0.498
SERAJ-2025-FF-01,Himachal Pradesh,flash_flood,B,REAL_RECONSTRUCTED,high,31.5403218,77.18545,OK,17066.0,3.0,False,False,False,2324.0,25.023692294535604,245.0,SERAJ-2025-FF-01|neg|2,0,,2025-07-25T12:00:00,0.5,0.7,2.2,9.5,9.5,12.7,31.3,110.0,199.4,5.4,0.506,0.511
SERAJ-2025-FF-01,Himachal Pradesh,flash_flood,B,REAL_RECONSTRUCTED,high,31.5403218,77.18545,OK,17066.0,3.0,False,False,False,2324.0,25.023692294535604,245.0,SERAJ-2025-FF-01|neg|3,0,,2025-07-26T12:00:00,0.5,1.1,2.1,2.5,3.3000000000000003,17.6,36.1,126.7,205.3,1.1,0.501,0.498
SERAJ-2025-FF-01,Himachal Pradesh,flash_flood,B,REAL_RECONSTRUCTED,high,31.5403218,77.18545,OK,17066.0,3.0,False,False,False,2324.0,25.023692294535604,245.0,SERAJ-2025-FF-01|neg|4,0,,2025-08-13T00:00:00,0.5,0.0,0.0,0.0,2.5999999999999996,29.299999999999997,64.4,111.89999999999999,270.9,0.0,0.497,0.508
SERAJ-2025-FF-01,Himachal Pradesh,flash_flood,B,REAL_RECONSTRUCTED,high,31.5403218,77.18545,OK,17066.0,3.0,False,False,False,2324.0,25.023692294535604,245.0,SERAJ-2025-FF-01|neg|5,0,,2025-05-11T00:00:00,0.5,0.0,0.0,0.0,7.499999999999999,17.5,46.49999999999999,96.69999999999999,118.59999999999998,0.0,0.494,0.505
SERAJ-2025-FF-01,Himachal Pradesh,flash_flood,B,REAL_RECONSTRUCTED,high,31.5403218,77.18545,OK,17066.0,3.0,False,False,False,2324.0,25.023692294535604,245.0,SERAJ-2025-FF-01|neg|6,0,,2025-07-31T00:00:00,0.5,0.5,2.2,6.9,17.7,26.4,56.400000000000006,104.0,224.59999999999997,2.9,0.513,0.515
SERAJ-2025-FF-01,Himachal Pradesh,flash_flood,B,REAL_RECONSTRUCTED,high,31.5403218,77.18545,OK,17066.0,3.0,False,False,False,2324.0,25.023692294535604,245.0,SERAJ-2025-FF-01|neg|7,0,,2025-08-15T00:00:00,0.5,0.0,0.0,0.6,41.800000000000004,87.19999999999999,136.3,203.2,326.70000000000005,0.6,0.499,0.509
SERAJ-2025-FF-01,Himachal Pradesh,flash_flood,B,REAL_RECONSTRUCTED,high,31.5403218,77.18545,OK,17066.0,3.0,False,False,False,2324.0,25.023692294535604,245.0,SERAJ-2025-FF-01|neg|8,0,,2025-05-11T12:00:00,0.5,4.6,5.1,5.3,5.5,13.0,49.0,97.0,124.0,4.6,0.503,0.507
SERAJ-2025-FF-01,Himachal Pradesh,flash_flood,B,REAL_RECONSTRUCTED,high,31.5403218,77.18545,OK,17066.0,3.0,False,False,False,2324.0,25.023692294535604,245.0,SERAJ-2025-FF-01|neg|9,0,,2025-08-04T00:00:00,0.5,0.0,0.0,0.0,8.6,15.9,53.70000000000001,146.4,281.3,0.0,0.495,0.505
SERAJ-2025-FF-01,Himachal Pradesh,flash_flood,B,REAL_RECONSTRUCTED,high,31.5403218,77.18545,OK,17066.0,3.0,False,False,False,2324.0,25.023692294535604,245.0,SERAJ-2025-FF-01|neg|10,0,,2025-07-22T12:00:00,0.5,2.7,4.5,5.4,7.3,19.9,77.8,111.39999999999999,195.0,2.7,0.519,0.501
SERAJ-2025-FF-01,Himachal Pradesh,flash_flood,B,REAL_RECONSTRUCTED,high,31.5403218,77.18545,OK,17066.0,3.0,False,False,False,2324.0,25.023692294535604,245.0,SERAJ-2025-FF-01|neg|11,0,,2025-07-21T12:00:00,0.5,2.2,4.1,8.7,41.10000000000001,51.6,58.8,102.9,178.3,2.8,0.519,0.5
SERAJ-2025-FF-01,Himachal Pradesh,flash_flood,B,REAL_RECONSTRUCTED,high,31.5403218,77.18545,OK,17066.0,3.0,False,False,False,2324.0,25.023692294535604,245.0,SERAJ-2025-FF-01|neg|12,0,,2025-05-02T00:00:00,0.5,0.0,0.0,0.0,1.3,2.0999999999999996,3.8,8.5,107.10000000000001,0.0,0.451,0.437
SERAJ-2025-FF-01,Himachal Pradesh,flash_flood,B,REAL_RECONSTRUCTED,high,31.5403218,77.18545,OK,17066.0,3.0,False,False,False,2324.0,25.023692294535604,245.0,SERAJ-2025-FF-01|neg|13,0,,2025-05-30T00:00:00,0.5,0.0,0.0,0.0,0.3,1.0,6.5,26.9,36.2,0.0,0.463,0.459
SERAJ-2025-FF-01,Himachal Pradesh,flash_flood,B,REAL_RECONSTRUCTED,high,31.5403218,77.18545,OK,17066.0,3.0,False,False,False,2324.0,25.023692294535604,245.0,SERAJ-2025-FF-01|neg|14,0,,2025-05-26T00:00:00,0.5,0.0,0.0,0.0,0.30000000000000004,5.5,20.099999999999998,24.7,43.9,0.0,0.474,0.466
SERAJ-2025-FF-01,Himachal Pradesh,flash_flood,B,REAL_RECONSTRUCTED,high,31.5403218,77.18545,OK,17066.0,3.0,False,False,False,2324.0,25.023692294535604,245.0,SERAJ-2025-FF-01|neg|15,0,,2025-06-05T12:00:00,0.5,0.4,0.6000000000000001,0.7000000000000001,0.7000000000000001,4.5,23.200000000000003,33.099999999999994,60.3,0.4,0.488,0.494
SERAJ-2025-FF-01,Himachal Pradesh,flash_flood,B,REAL_RECONSTRUCTED,high,31.5403218,77.18545,OK,17066.0,3.0,False,False,False,2324.0,25.023692294535604,245.0,SERAJ-2025-FF-01|neg|16,0,,2025-05-18T12:00:00,0.5,0.1,0.6,0.6,0.6,1.3,2.7,11.8,117.69999999999999,0.3,0.441,0.455
SERAJ-2025-FF-01,Himachal Pradesh,flash_flood,B,REAL_RECONSTRUCTED,high,31.5403218,77.18545,OK,17066.0,3.0,False,False,False,2324.0,25.023692294535604,245.0,SERAJ-2025-FF-01|neg|17,0,,2025-07-16T00:00:00,0.5,0.1,0.2,3.5,4.799999999999999,5.2,33.1,74.6,150.5,2.0,0.5,0.489
SERAJ-2025-FF-01,Himachal Pradesh,flash_flood,B,REAL_RECONSTRUCTED,high,31.5403218,77.18545,OK,17066.0,3.0,False,False,False,2324.0,25.023692294535604,245.0,SERAJ-2025-FF-01|neg|18,0,,2025-05-25T00:00:00,0.5,3.1,5.9,6.4,10.0,12.100000000000001,14.700000000000001,21.700000000000003,55.900000000000006,3.1,0.515,0.447
SERAJ-2025-FF-01,Himachal Pradesh,flash_flood,B,REAL_RECONSTRUCTED,high,31.5403218,77.18545,OK,17066.0,3.0,False,False,False,2324.0,25.023692294535604,245.0,SERAJ-2025-FF-01|neg|19,0,,2025-05-13T00:00:00,0.5,0.0,0.0,0.0,3.2,4.0,28.099999999999998,80.10000000000001,125.39999999999998,0.0,0.472,0.488
SERAJ-2025-FF-01,Himachal Pradesh,flash_flood,B,REAL_RECONSTRUCTED,high,31.5403218,77.18545,OK,17066.0,3.0,False,False,False,2324.0,25.023692294535604,245.0,SERAJ-2025-FF-01|neg|20,0,,2025-06-08T12:00:00,0.5,0.0,0.0,0.0,0.0,0.6000000000000001,4.800000000000001,29.200000000000003,59.900000000000006,0.0,0.455,0.471
SERAJ-2025-FF-01,Himachal Pradesh,flash_flood,B,REAL_RECONSTRUCTED,high,31.5403218,77.18545,OK,17066.0,3.0,False,False,False,2324.0,25.023692294535604,245.0,SERAJ-2025-FF-01|neg|21,0,,2025-07-20T12:00:00,0.5,0.4,1.2000000000000002,1.6,1.8000000000000003,6.300000000000001,17.0,64.7,136.8,0.5,0.491,0.485
SERAJ-2025-FF-01,Himachal Pradesh,flash_flood,B,REAL_RECONSTRUCTED,high,31.5403218,77.18545,OK,17066.0,3.0,False,False,False,2324.0,25.023692294535604,245.0,SERAJ-2025-FF-01|neg|22,0,,2025-06-08T00:00:00,0.5,0.0,0.0,0.0,0.6000000000000001,1.9000000000000004,5.5,30.900000000000002,62.0,0.0,0.468,0.475
SERAJ-2025-FF-01,Himachal Pradesh,flash_flood,B,REAL_RECONSTRUCTED,high,31.5403218,77.18545,OK,17066.0,3.0,False,False,False,2324.0,25.023692294535604,245.0,SERAJ-2025-FF-01|neg|23,0,,2025-05-16T12:00:00,0.5,0.4,1.1,1.1,1.1,1.3,5.0,40.8,128.2,0.6,0.446,0.463
SERAJ-2025-FF-01,Himachal Pradesh,flash_flood,B,REAL_RECONSTRUCTED,high,31.5403218,77.18545,OK,17066.0,3.0,False,False,False,2324.0,25.023692294535604,245.0,SERAJ-2025-FF-01|neg|24,0,,2025-08-07T00:00:00,0.5,0.0,0.0,0.1,4.9,12.1,29.900000000000002,119.9,229.2,0.1,0.498,0.499
LEH-2010-FF-01,Jammu & Kashmir / Ladakh,flash_flood,A,REAL_VALIDATED,critical,34.1641543,77.5877261,OK,5000.0,0.5,True,False,True,3510.0,9.765331651273153,105.0,LEH-2010-FF-01|pos|72,1,72.0,2010-08-02T23:30:00,1.0,0.0,0.0,0.0,0.0,0.0,1.1,10.8,25.0,0.0,0.13,0.212
LEH-2010-FF-01,Jammu & Kashmir / Ladakh,flash_flood,A,REAL_VALIDATED,critical,34.1641543,77.5877261,OK,5000.0,0.5,True,False,True,3510.0,9.765331651273153,105.0,LEH-2010-FF-01|pos|48,1,48.0,2010-08-03T23:30:00,1.0,0.0,0.0,0.0,0.0,0.0,0.0,10.2,25.0,0.0,0.101,0.21
LEH-2010-FF-01,Jammu & Kashmir / Ladakh,flash_flood,A,REAL_VALIDATED,critical,34.1641543,77.5877261,OK,5000.0,0.5,True,False,True,3510.0,9.765331651273153,105.0,LEH-2010-FF-01|pos|24,1,24.0,2010-08-04T23:30:00,1.0,0.0,0.0,0.3,0.3,3.6999999999999997,3.6999999999999997,8.2,25.9,0.3,0.134,0.209
LEH-2010-FF-01,Jammu & Kashmir / Ladakh,flash_flood,A,REAL_VALIDATED,critical,34.1641543,77.5877261,OK,5000.0,0.5,True,False,True,3510.0,9.765331651273153,105.0,LEH-2010-FF-01|pos|12,1,12.0,2010-08-05T11:30:00,1.0,0.0,0.0,0.0,1.0,1.2999999999999998,4.699999999999999,6.999999999999999,17.2,0.0,0.148,0.209
LEH-2010-FF-01,Jammu & Kashmir / Ladakh,flash_flood,A,REAL_VALIDATED,critical,34.1641543,77.5877261,OK,5000.0,0.5,True,False,True,3510.0,9.765331651273153,105.0,LEH-2010-FF-01|pos|6,1,6.0,2010-08-05T17:30:00,1.0,0.0,0.6,0.6,0.6,1.9,5.3,7.0,17.6,0.6,0.134,0.208
LEH-2010-FF-01,Jammu & Kashmir / Ladakh,flash_flood,A,REAL_VALIDATED,critical,34.1641543,77.5877261,OK,5000.0,0.5,True,False,True,3510.0,9.765331651273153,105.0,LEH-2010-FF-01|pos|3,1,3.0,2010-08-05T20:30:00,1.0,0.0,0.0,0.6,0.6,1.6,5.3,7.0,17.6,0.6,0.139,0.208
LEH-2010-FF-01,Jammu & Kashmir / Ladakh,flash_flood,A,REAL_VALIDATED,critical,34.1641543,77.5877261,OK,5000.0,0.5,True,False,True,3510.0,9.765331651273153,105.0,LEH-2010-FF-01|pos|1,1,1.0,2010-08-05T22:30:00,1.0,0.0,0.0,0.0,0.6,1.5999999999999999,5.299999999999999,6.999999999999999,17.6,0.0,0.144,0.208
LEH-2010-FF-01,Jammu & Kashmir / Ladakh,flash_flood,A,REAL_VALIDATED,critical,34.1641543,77.5877261,OK,5000.0,0.5,True,False,True,3510.0,9.765331651273153,105.0,LEH-2010-FF-01|neg|0,0,,2010-06-13T23:00:00,0.5,0.0,0.0,0.0,0.0,1.5,1.5,7.500000000000001,29.5,0.0,0.337,0.204
LEH-2010-FF-01,Jammu & Kashmir / Ladakh,flash_flood,A,REAL_VALIDATED,critical,34.1641543,77.5877261,OK,5000.0,0.5,True,False,True,3510.0,9.765331651273153,105.0,LEH-2010-FF-01|neg|1,0,,2010-09-15T23:00:00,0.5,0.0,0.0,0.0,0.6000000000000001,2.7,3.3000000000000003,8.8,15.2,0.0,0.082,0.2
LEH-2010-FF-01,Jammu & Kashmir / Ladakh,flash_flood,A,REAL_VALIDATED,critical,34.1641543,77.5877261,OK,5000.0,0.5,True,False,True,3510.0,9.765331651273153,105.0,LEH-2010-FF-01|neg|2,0,,2010-07-17T11:00:00,0.5,0.0,0.0,0.0,0.0,0.0,1.3000000000000003,7.0,13.100000000000001,0.0,0.128,0.226
LEH-2010-FF-01,Jammu & Kashmir / Ladakh,flash_flood,A,REAL_VALIDATED,critical,34.1641543,77.5877261,OK,5000.0,0.5,True,False,True,3510.0,9.765331651273153,105.0,LEH-2010-FF-01|neg|3,0,,2010-08-26T11:00:00,0.5,0.0,0.0,0.0,0.0,0.1,9.0,19.3,40.5,0.0,0.265,0.258
LEH-2010-FF-01,Jammu & Kashmir / Ladakh,flash_flood,A,REAL_VALIDATED,critical,34.1641543,77.5877261,OK,5000.0,0.5,True,False,True,3510.0,9.765331651273153,105.0,LEH-2010-FF-01|neg|4,0,,2010-07-16T23:00:00,0.5,0.0,0.0,0.0,0.0,0.0,1.5000000000000002,7.0,15.0,0.0,0.136,0.227
LEH-2010-FF-01,Jammu & Kashmir / Ladakh,flash_flood,A,REAL_VALIDATED,critical,34.1641543,77.5877261,OK,5000.0,0.5,True,False,True,3510.0,9.765331651273153,105.0,LEH-2010-FF-01|neg|5,0,,2010-06-14T23:00:00,0.5,0.0,0.0,0.0,0.0,1.8000000000000003,3.3000000000000003,9.0,27.1,0.0,0.34,0.222
LEH-2010-FF-01,Jammu & Kashmir / Ladakh,flash_flood,A,REAL_VALIDATED,critical,34.1641543,77.5877261,OK,5000.0,0.5,True,False,True,3510.0,9.765331651273153,105.0,LEH-2010-FF-01|neg|6,0,,2010-09-16T11:00:00,0.5,0.0,0.2,0.2,0.2,0.8,3.5,8.0,15.4,0.1,0.083,0.199
LEH-2010-FF-01,Jammu & Kashmir / Ladakh,flash_flood,A,REAL_VALIDATED,critical,34.1641543,77.5877261,OK,5000.0,0.5,True,False,True,3510.0,9.765331651273153,105.0,LEH-2010-FF-01|neg|7,0,,2010-09-11T11:00:00,0.5,0.1,0.30000000000000004,0.30000000000000004,0.30000000000000004,1.5,4.9,8.100000000000001,11.100000000000001,0.2,0.077,0.208
LEH-2010-FF-01,Jammu & Kashmir / Ladakh,flash_flood,A,REAL_VALIDATED,critical,34.1641543,77.5877261,OK,5000.0,0.5,True,False,True,3510.0,9.765331651273153,105.0,LEH-2010-FF-01|neg|8,0,,2010-09-13T11:00:00,0.5,0.0,0.0,0.0,0.0,0.30000000000000004,2.3,7.9,11.9,0.0,0.053,0.204
LEH-2010-FF-01,Jammu & Kashmir / Ladakh,flash_flood,A,REAL_VALIDATED,critical,34.1641543,77.5877261,OK,5000.0,0.5,True,False,True,3510.0,9.765331651273153,105.0,LEH-2010-FF-01|neg|9,0,,2010-08-28T11:00:00,0.5,0.0,0.0,0.0,0.0,0.0,0.30000000000000004,15.3,36.8,0.0,0.204,0.255
LEH-2010-FF-01,Jammu & Kashmir / Ladakh,flash_flood,A,REAL_VALIDATED,critical,34.1641543,77.5877261,OK,5000.0,0.5,True,False,True,3510.0,9.765331651273153,105.0,LEH-2010-FF-01|neg|10,0,,2010-08-25T23:00:00,0.5,0.0,0.0,0.0,0.1,1.0,9.7,19.6,41.1,0.0,0.275,0.258
LEH-2010-FF-01,Jammu & Kashmir / Ladakh,flash_flood,A,REAL_VALIDATED,critical,34.1641543,77.5877261,OK,5000.0,0.5,True,False,True,3510.0,9.765331651273153,105.0,LEH-2010-FF-01|neg|11,0,,2010-09-12T23:00:00,0.5,0.0,0.0,0.0,0.30000000000000004,0.30000000000000004,3.4000000000000004,8.0,11.9,0.0,0.053,0.205
LEH-2010-FF-01,Jammu & Kashmir / Ladakh,flash_flood,A,REAL_VALIDATED,critical,34.1641543,77.5877261,OK,5000.0,0.5,True,False,True,3510.0,9.765331651273153,105.0,LEH-2010-FF-01|neg|12,0,,2010-08-30T23:00:00,0.5,0.0,0.0,0.0,0.0,0.0,0.0,8.5,28.9,0.0,0.123,0.246
LEH-2010-FF-01,Jammu & Kashmir / Ladakh,flash_flood,A,REAL_VALIDATED,critical,34.1641543,77.5877261,OK,5000.0,0.5,True,False,True,3510.0,9.765331651273153,105.0,LEH-2010-FF-01|neg|13,0,,2010-07-07T23:00:00,0.5,0.0,0.0,0.0,0.2,0.4,4.3,10.399999999999999,20.5,0.0,0.271,0.235
LEH-2010-FF-01,Jammu & Kashmir / Ladakh,flash_flood,A,REAL_VALIDATED,critical,34.1641543,77.5877261,OK,5000.0,0.5,True,False,True,3510.0,9.765331651273153,105.0,LEH-2010-FF-01|neg|14,0,,2010-07-02T23:00:00,0.5,0.0,0.0,0.0,0.30000000000000004,2.2,12.900000000000002,13.6,15.399999999999999,0.0,0.272,0.231
LEH-2010-FF-01,Jammu & Kashmir / Ladakh,flash_flood,A,REAL_VALIDATED,critical,34.1641543,77.5877261,OK,5000.0,0.5,True,False,True,3510.0,9.765331651273153,105.0,LEH-2010-FF-01|neg|15,0,,2010-06-19T11:00:00,0.5,0.0,0.0,0.0,0.0,0.0,3.0,7.6,25.299999999999997,0.0,0.291,0.252
LEH-2010-FF-01,Jammu & Kashmir / Ladakh,flash_flood,A,REAL_VALIDATED,critical,34.1641543,77.5877261,OK,5000.0,0.5,True,False,True,3510.0,9.765331651273153,105.0,LEH-2010-FF-01|neg|16,0,,2010-06-09T23:00:00,0.5,0.0,0.0,0.0,0.0,0.0,4.7,22.5,48.9,0.0,0.328,0.172
LEH-2010-FF-01,Jammu & Kashmir / Ladakh,flash_flood,A,REAL_VALIDATED,critical,34.1641543,77.5877261,OK,5000.0,0.5,True,False,True,3510.0,9.765331651273153,105.0,LEH-2010-FF-01|neg|17,0,,2010-06-17T11:00:00,0.5,0.0,0.2,1.0999999999999999,2.8,3.0,4.3,7.6,31.4,0.5,0.33,0.242
LEH-2010-FF-01,Jammu & Kashmir / Ladakh,flash_flood,A,REAL_VALIDATED,critical,34.1641543,77.5877261,OK,5000.0,0.5,True,False,True,3510.0,9.765331651273153,105.0,LEH-2010-FF-01|neg|18,0,,2010-06-08T23:00:00,0.5,0.2,1.3,2.4000000000000004,3.8000000000000003,4.4,5.7,22.5,49.3,0.7,0.325,0.163
LEH-2010-FF-01,Jammu & Kashmir / Ladakh,flash_flood,A,REAL_VALIDATED,critical,34.1641543,77.5877261,OK,5000.0,0.5,True,False,True,3510.0,9.765331651273153,105.0,LEH-2010-FF-01|neg|19,0,,2010-06-08T11:00:00,0.5,0.0,0.0,0.0,0.6000000000000001,0.9000000000000001,5.1,18.7,45.5,0.0,0.321,0.159
LEH-2010-FF-01,Jammu & Kashmir / Ladakh,flash_flood,A,REAL_VALIDATED,critical,34.1641543,77.5877261,OK,5000.0,0.5,True,False,True,3510.0,9.765331651273153,105.0,LEH-2010-FF-01|neg|20,0,,2010-08-19T23:00:00,0.5,0.0,0.0,0.0,0.4,0.7000000000000001,6.1,18.0,58.4,0.0,0.221,0.262
LEH-2010-FF-01,Jammu & Kashmir / Ladakh,flash_flood,A,REAL_VALIDATED,critical,34.1641543,77.5877261,OK,5000.0,0.5,True,False,True,3510.0,9.765331651273153,105.0,LEH-2010-FF-01|neg|21,0,,2010-06-17T23:00:00,0.5,0.0,0.0,0.0,0.0,2.8,4.3,7.6,31.400000000000002,0.0,0.321,0.249
LEH-2010-FF-01,Jammu & Kashmir / Ladakh,flash_flood,A,REAL_VALIDATED,critical,34.1641543,77.5877261,OK,5000.0,0.5,True,False,True,3510.0,9.765331651273153,105.0,LEH-2010-FF-01|neg|22,0,,2010-07-16T11:00:00,0.5,0.0,0.0,0.0,0.0,0.1,2.4,7.2,15.0,0.0,0.164,0.228
LEH-2010-FF-01,Jammu & Kashmir / Ladakh,flash_flood,A,REAL_VALIDATED,critical,34.1641543,77.5877261,OK,5000.0,0.5,True,False,True,3510.0,9.765331651273153,105.0,LEH-2010-FF-01|neg|23,0,,2010-06-20T23:00:00,0.5,0.0,0.0,0.0,0.0,0.0,0.0,6.1,14.6,0.0,0.24,0.249
LEH-2010-FF-01,Jammu & Kashmir / Ladakh,flash_flood,A,REAL_VALIDATED,critical,34.1641543,77.5877261,OK,5000.0,0.5,True,False,True,3510.0,9.765331651273153,105.0,LEH-2010-FF-01|neg|24,0,,2010-07-05T23:00:00,0.5,0.0,0.0,0.0,0.3,0.6,1.4,14.4,16.799999999999997,0.0,0.234,0.232
LEH-2010-FF-01,Jammu & Kashmir / Ladakh,flash_flood,A,REAL_VALIDATED,critical,34.1641543,77.5877261,OK,5000.0,0.5,True,False,True,3510.0,9.765331651273153,105.0,LEH-2010-FF-01|neg|25,0,,2010-06-23T11:00:00,0.5,0.0,0.0,0.0,0.0,0.0,0.0,3.0,12.7,0.0,0.18,0.25
LEH-2010-FF-01,Jammu & Kashmir / Ladakh,flash_flood,A,REAL_VALIDATED,critical,34.1641543,77.5877261,OK,5000.0,0.5,True,False,True,3510.0,9.765331651273153,105.0,LEH-2010-FF-01|neg|26,0,,2010-09-08T23:00:00,0.5,0.0,0.0,0.0,0.2,0.2,2.5,6.4,7.6000000000000005,0.0,0.053,0.214
LEH-2010-FF-01,Jammu & Kashmir / Ladakh,flash_flood,A,REAL_VALIDATED,critical,34.1641543,77.5877261,OK,5000.0,0.5,True,False,True,3510.0,9.765331651273153,105.0,LEH-2010-FF-01|neg|27,0,,2010-09-02T11:00:00,0.5,0.0,0.0,0.0,0.0,0.0,0.0,0.2,20.1,0.0,0.079,0.235
LEH-2010-FF-01,Jammu & Kashmir / Ladakh,flash_flood,A,REAL_VALIDATED,critical,34.1641543,77.5877261,OK,5000.0,0.5,True,False,True,3510.0,9.765331651273153,105.0,LEH-2010-FF-01|neg|28,0,,2010-07-19T23:00:00,0.5,0.0,0.0,0.0,0.0,0.0,0.0,4.0,12.0,0.0,0.055,0.219
LEH-2010-FF-01,Jammu & Kashmir / Ladakh,flash_flood,A,REAL_VALIDATED,critical,34.1641543,77.5877261,OK,5000.0,0.5,True,False,True,3510.0,9.765331651273153,105.0,LEH-2010-FF-01|neg|29,0,,2010-09-02T23:00:00,0.5,0.0,0.0,0.0,1.1,1.1,1.1,1.1,20.900000000000002,0.0,0.071,0.233
LEH-2010-FF-01,Jammu & Kashmir / Ladakh,flash_flood,A,REAL_VALIDATED,critical,34.1641543,77.5877261,OK,5000.0,0.5,True,False,True,3510.0,9.765331651273153,105.0,LEH-2010-FF-01|neg|30,0,,2010-06-09T11:00:00,0.5,0.0,0.0,0.0,0.0,3.8,4.7,22.5,48.9,0.0,0.327,0.165
LEH-2010-FF-01,Jammu & Kashmir / Ladakh,flash_flood,A,REAL_VALIDATED,critical,34.1641543,77.5877261,OK,5000.0,0.5,True,False,True,3510.0,9.765331651273153,105.0,LEH-2010-FF-01|neg|31,0,,2010-07-06T23:00:00,0.5,0.0,0.0,0.5,2.8,3.3,4.3,17.6,20.099999999999998,0.3,0.282,0.233
LEH-2010-FF-01,Jammu & Kashmir / Ladakh,flash_flood,A,REAL_VALIDATED,critical,34.1641543,77.5877261,OK,5000.0,0.5,True,False,True,3510.0,9.765331651273153,105.0,LEH-2010-FF-01|neg|32,0,,2010-08-29T23:00:00,0.5,0.0,0.0,0.0,0.0,0.0,0.0,9.899999999999999,33.0,0.0,0.151,0.25
LEH-2010-FF-01,Jammu & Kashmir / Ladakh,flash_flood,A,REAL_VALIDATED,critical,34.1641543,77.5877261,OK,5000.0,0.5,True,False,True,3510.0,9.765331651273153,105.0,LEH-2010-FF-01|neg|33,0,,2010-07-11T23:00:00,0.5,0.0,0.0,0.0,0.4,0.4,0.9000000000000001,5.7,19.7,0.0,0.175,0.234
LEH-2010-FF-01,Jammu & Kashmir / Ladakh,flash_flood,A,REAL_VALIDATED,critical,34.1641543,77.5877261,OK,5000.0,0.5,True,False,True,3510.0,9.765331651273153,105.0,LEH-2010-FF-01|neg|34,0,,2010-09-05T11:00:00,0.5,0.1,0.2,0.2,0.2,0.30000000000000004,3.3000000000000003,3.3000000000000003,18.6,0.1,0.062,0.224
HUNZAR-2021-FF-01,Jammu & Kashmir / Ladakh,flash_flood,B,REAL_RECONSTRUCTED,high,33.61562,75.8793972,COARSE,92255.0,12.0,False,False,False,4451.0,43.02864678615514,531.0,HUNZAR-2021-FF-01|pos|72,1,72.0,2021-07-25T00:00:00,0.2,0.0,0.0,0.0,2.3000000000000003,2.7,14.1,40.3,110.99999999999999,0.0,0.243,0.258
HUNZAR-2021-FF-01,Jammu & Kashmir / Ladakh,flash_flood,B,REAL_RECONSTRUCTED,high,33.61562,75.8793972,COARSE,92255.0,12.0,False,False,False,4451.0,43.02864678615514,531.0,HUNZAR-2021-FF-01|pos|48,1,48.0,2021-07-26T00:00:00,0.2,0.0,0.0,0.0,2.3,2.6999999999999997,10.7,41.0,110.8,0.0,0.225,0.25
HUNZAR-2021-FF-01,Jammu & Kashmir / Ladakh,flash_flood,B,REAL_RECONSTRUCTED,high,33.61562,75.8793972,COARSE,92255.0,12.0,False,False,False,4451.0,43.02864678615514,531.0,HUNZAR-2021-FF-01|pos|24,1,24.0,2021-07-27T00:00:00,0.2,0.0,0.0,0.0,1.1,1.4000000000000001,6.8,37.1,109.69999999999999,0.0,0.223,0.244
HUNZAR-2021-FF-01,Jammu & Kashmir / Ladakh,flash_flood,B,REAL_RECONSTRUCTED,high,33.61562,75.8793972,COARSE,92255.0,12.0,False,False,False,4451.0,43.02864678615514,531.0,HUNZAR-2021-FF-01|pos|12,1,12.0,2021-07-27T12:00:00,0.2,1.6,1.7000000000000002,1.7000000000000002,1.7000000000000002,2.8000000000000003,8.1,35.5,86.2,1.6,0.225,0.241
HUNZAR-2021-FF-01,Jammu & Kashmir / Ladakh,flash_flood,B,REAL_RECONSTRUCTED,high,33.61562,75.8793972,COARSE,92255.0,12.0,False,False,False,4451.0,43.02864678615514,531.0,HUNZAR-2021-FF-01|neg|0,0,,2021-09-11T00:00:00,0.5,0.7,1.1,1.3,6.2,11.200000000000001,25.7,37.2,63.300000000000004,0.7,0.292,0.274
HUNZAR-2021-FF-01,Jammu & Kashmir / Ladakh,flash_flood,B,REAL_RECONSTRUCTED,high,33.61562,75.8793972,COARSE,92255.0,12.0,False,False,False,4451.0,43.02864678615514,531.0,HUNZAR-2021-FF-01|neg|1,0,,2021-07-12T12:00:00,0.5,4.6,17.9,24.9,25.200000000000003,26.700000000000003,31.1,41.8,71.8,7.4,0.327,0.248
HUNZAR-2021-FF-01,Jammu & Kashmir / Ladakh,flash_flood,B,REAL_RECONSTRUCTED,high,33.61562,75.8793972,COARSE,92255.0,12.0,False,False,False,4451.0,43.02864678615514,531.0,HUNZAR-2021-FF-01|neg|2,0,,2021-07-13T00:00:00,0.5,0.0,0.0,0.8,23.4,48.6,54.0,63.1,92.2,0.8,0.284,0.263
HUNZAR-2021-FF-01,Jammu & Kashmir / Ladakh,flash_flood,B,REAL_RECONSTRUCTED,high,33.61562,75.8793972,COARSE,92255.0,12.0,False,False,False,4451.0,43.02864678615514,531.0,HUNZAR-2021-FF-01|neg|3,0,,2021-08-16T00:00:00,0.5,0.0,0.0,0.0,5.6000000000000005,9.3,17.0,39.2,74.2,0.0,0.26,0.265
HUNZAR-2021-FF-01,Jammu & Kashmir / Ladakh,flash_flood,B,REAL_RECONSTRUCTED,high,33.61562,75.8793972,COARSE,92255.0,12.0,False,False,False,4451.0,43.02864678615514,531.0,HUNZAR-2021-FF-01|neg|4,0,,2021-07-14T00:00:00,0.5,0.0,0.0,0.0,5.6,9.9,60.99999999999999,69.6,95.8,0.0,0.282,0.276
HUNZAR-2021-FF-01,Jammu & Kashmir / Ladakh,flash_flood,B,REAL_RECONSTRUCTED,high,33.61562,75.8793972,COARSE,92255.0,12.0,False,False,False,4451.0,43.02864678615514,531.0,HUNZAR-2021-FF-01|neg|5,0,,2021-08-12T00:00:00,0.5,0.0,0.0,0.0,2.8000000000000003,4.300000000000001,19.6,37.3,98.2,0.0,0.265,0.266
HUNZAR-2021-FF-01,Jammu & Kashmir / Ladakh,flash_flood,B,REAL_RECONSTRUCTED,high,33.61562,75.8793972,COARSE,92255.0,12.0,False,False,False,4451.0,43.02864678615514,531.0,HUNZAR-2021-FF-01|neg|6,0,,2021-07-13T12:00:00,0.5,1.6,2.0,3.5,4.300000000000001,27.7,57.099999999999994,67.0,96.0,1.6,0.308,0.271
HUNZAR-2021-FF-01,Jammu & Kashmir / Ladakh,flash_flood,B,REAL_RECONSTRUCTED,high,33.61562,75.8793972,COARSE,92255.0,12.0,False,False,False,4451.0,43.02864678615514,531.0,HUNZAR-2021-FF-01|neg|7,0,,2021-08-12T12:00:00,0.5,0.6,1.6,1.6,1.6,4.4,17.9,37.8,83.0,0.7,0.26,0.265
HUNZAR-2021-FF-01,Jammu & Kashmir / Ladakh,flash_flood,B,REAL_RECONSTRUCTED,high,33.61562,75.8793972,COARSE,92255.0,12.0,False,False,False,4451.0,43.02864678615514,531.0,HUNZAR-2021-FF-01|neg|8,0,,2021-09-08T00:00:00,0.5,0.0,0.0,0.0,1.7000000000000002,2.2,6.0,22.299999999999997,37.6,0.0,0.251,0.258
HUNZAR-2021-FF-01,Jammu & Kashmir / Ladakh,flash_flood,B,REAL_RECONSTRUCTED,high,33.61562,75.8793972,COARSE,92255.0,12.0,False,False,False,4451.0,43.02864678615514,531.0,HUNZAR-2021-FF-01|neg|9,0,,2021-09-05T00:00:00,0.5,0.0,0.0,0.0,3.2,5.5,11.7,27.4,53.8,0.0,0.272,0.262
HUNZAR-2021-FF-01,Jammu & Kashmir / Ladakh,flash_flood,B,REAL_RECONSTRUCTED,high,33.61562,75.8793972,COARSE,92255.0,12.0,False,False,False,4451.0,43.02864678615514,531.0,HUNZAR-2021-FF-01|neg|10,0,,2021-06-20T00:00:00,0.5,0.0,0.0,0.1,0.5,0.6000000000000001,3.5,32.599999999999994,36.00000000000001,0.1,0.256,0.26
HUNZAR-2021-FF-01,Jammu & Kashmir / Ladakh,flash_flood,B,REAL_RECONSTRUCTED,high,33.61562,75.8793972,COARSE,92255.0,12.0,False,False,False,4451.0,43.02864678615514,531.0,HUNZAR-2021-FF-01|neg|11,0,,2021-07-08T00:00:00,0.5,0.0,0.0,0.0,0.8,2.5,8.5,25.9,53.5,0.0,0.251,0.244
HUNZAR-2021-FF-01,Jammu & Kashmir / Ladakh,flash_flood,B,REAL_RECONSTRUCTED,high,33.61562,75.8793972,COARSE,92255.0,12.0,False,False,False,4451.0,43.02864678615514,531.0,HUNZAR-2021-FF-01|neg|12,0,,2021-08-31T12:00:00,0.5,0.5,0.6,0.6,0.6,3.5,9.600000000000001,11.200000000000001,38.800000000000004,0.5,0.23,0.223
HUNZAR-2021-FF-01,Jammu & Kashmir / Ladakh,flash_flood,B,REAL_RECONSTRUCTED,high,33.61562,75.8793972,COARSE,92255.0,12.0,False,False,False,4451.0,43.02864678615514,531.0,HUNZAR-2021-FF-01|neg|13,0,,2021-06-12T12:00:00,0.5,0.4,0.5,0.5,0.5,0.6,0.7,0.7,18.3,0.4,0.266,0.279
HUNZAR-2021-FF-01,Jammu & Kashmir / Ladakh,flash_flood,B,REAL_RECONSTRUCTED,high,33.61562,75.8793972,COARSE,92255.0,12.0,False,False,False,4451.0,43.02864678615514,531.0,HUNZAR-2021-FF-01|neg|14,0,,2021-07-04T12:00:00,0.5,0.4,0.7,0.7,0.7,3.9000000000000004,15.3,28.1,59.50000000000001,0.4,0.241,0.244
HUNZAR-2021-FF-01,Jammu & Kashmir / Ladakh,flash_flood,B,REAL_RECONSTRUCTED,high,33.61562,75.8793972,COARSE,92255.0,12.0,False,False,False,4451.0,43.02864678615514,531.0,HUNZAR-2021-FF-01|neg|15,0,,2021-08-14T12:00:00,0.5,0.4,1.3,1.3,1.3,5.199999999999999,11.200000000000001,35.3,70.69999999999999,0.5,0.264,0.269
HUNZAR-2021-FF-01,Jammu & Kashmir / Ladakh,flash_flood,B,REAL_RECONSTRUCTED,high,33.61562,75.8793972,COARSE,92255.0,12.0,False,False,False,4451.0,43.02864678615514,531.0,HUNZAR-2021-FF-01|neg|16,0,,2021-07-10T00:00:00,0.5,0.0,0.0,0.0,0.5,0.5,5.7,18.9,50.2,0.0,0.224,0.249
HUNZAR-2021-FF-01,Jammu & Kashmir / Ladakh,flash_flood,B,REAL_RECONSTRUCTED,high,33.61562,75.8793972,COARSE,92255.0,12.0,False,False,False,4451.0,43.02864678615514,531.0,HUNZAR-2021-FF-01|neg|17,0,,2021-06-19T00:00:00,0.5,0.0,0.0,0.1,1.5999999999999999,1.7999999999999998,13.3,34.3,37.300000000000004,0.1,0.268,0.267
HUNZAR-2021-FF-01,Jammu & Kashmir / Ladakh,flash_flood,B,REAL_RECONSTRUCTED,high,33.61562,75.8793972,COARSE,92255.0,12.0,False,False,False,4451.0,43.02864678615514,531.0,HUNZAR-2021-FF-01|neg|18,0,,2021-08-20T00:00:00,0.5,0.0,0.2,0.8999999999999999,2.0,2.1,3.9,20.9,60.8,0.3,0.268,0.249
HUNZAR-2021-FF-01,Jammu & Kashmir / Ladakh,flash_flood,B,REAL_RECONSTRUCTED,high,33.61562,75.8793972,COARSE,92255.0,12.0,False,False,False,4451.0,43.02864678615514,531.0,HUNZAR-2021-FF-01|neg|19,0,,2021-08-22T00:00:00,0.5,0.7,1.2,1.2,3.5,4.5,8.1,19.200000000000003,57.6,0.7,0.278,0.254
AMARNATH-2022-FF-01,Jammu & Kashmir / Ladakh,flash_flood,B,REAL_RECONSTRUCTED,critical,34.2149,75.5008,MANUAL,3000.0,0.5,True,True,True,3881.0,57.594891749324084,489.0,AMARNATH-2022-FF-01|pos|72,1,72.0,2022-07-05T17:00:00,1.0,0.1,0.1,1.9000000000000001,2.2,2.2,5.1,8.6,41.5,1.3,0.367,0.347
AMARNATH-2022-FF-01,Jammu & Kashmir / Ladakh,flash_flood,B,REAL_RECONSTRUCTED,critical,34.2149,75.5008,MANUAL,3000.0,0.5,True,True,True,3881.0,57.594891749324084,489.0,AMARNATH-2022-FF-01|pos|48,1,48.0,2022-07-06T17:00:00,1.0,0.0,0.1,1.4000000000000001,2.0,2.3000000000000003,5.9,10.4,37.800000000000004,1.0,0.4,0.356
AMARNATH-2022-FF-01,Jammu & Kashmir / Ladakh,flash_flood,B,REAL_RECONSTRUCTED,critical,34.2149,75.5008,MANUAL,3000.0,0.5,True,True,True,3881.0,57.594891749324084,489.0,AMARNATH-2022-FF-01|pos|24,1,24.0,2022-07-07T17:00:00,1.0,0.0,4.1,4.6,4.7,5.5,10.0,15.7,16.7,3.8,0.386,0.367
AMARNATH-2022-FF-01,Jammu & Kashmir / Ladakh,flash_flood,B,REAL_RECONSTRUCTED,critical,34.2149,75.5008,MANUAL,3000.0,0.5,True,True,True,3881.0,57.594891749324084,489.0,AMARNATH-2022-FF-01|pos|12,1,12.0,2022-07-08T05:00:00,1.0,0.0,0.0,0.0,0.0,4.699999999999999,10.0,15.7,16.7,0.0,0.376,0.371
AMARNATH-2022-FF-01,Jammu & Kashmir / Ladakh,flash_flood,B,REAL_RECONSTRUCTED,critical,34.2149,75.5008,MANUAL,3000.0,0.5,True,True,True,3881.0,57.594891749324084,489.0,AMARNATH-2022-FF-01|pos|6,1,6.0,2022-07-08T11:00:00,1.0,0.1,0.30000000000000004,0.30000000000000004,0.30000000000000004,4.9,10.0,16.0,16.999999999999996,0.1,0.365,0.37
AMARNATH-2022-FF-01,Jammu & Kashmir / Ladakh,flash_flood,B,REAL_RECONSTRUCTED,critical,34.2149,75.5008,MANUAL,3000.0,0.5,True,True,True,3881.0,57.594891749324084,489.0,AMARNATH-2022-FF-01|pos|3,1,3.0,2022-07-08T14:00:00,1.0,5.1,5.5,5.8,5.8,9.899999999999999,13.7,20.0,22.5,5.1,0.411,0.371
AMARNATH-2022-FF-01,Jammu & Kashmir / Ladakh,flash_flood,B,REAL_RECONSTRUCTED,critical,34.2149,75.5008,MANUAL,3000.0,0.5,True,True,True,3881.0,57.594891749324084,489.0,AMARNATH-2022-FF-01|pos|1,1,1.0,2022-07-08T16:00:00,1.0,0.1,5.299999999999999,5.799999999999999,5.999999999999999,6.0,13.899999999999999,19.8,22.7,5.1,0.399,0.374
AMARNATH-2022-FF-01,Jammu & Kashmir / Ladakh,flash_flood,B,REAL_RECONSTRUCTED,critical,34.2149,75.5008,MANUAL,3000.0,0.5,True,True,True,3881.0,57.594891749324084,489.0,AMARNATH-2022-FF-01|neg|0,0,,2022-07-29T05:00:00,0.5,0.0,0.2,0.5,0.6000000000000001,9.200000000000001,27.4,47.3,77.2,0.3,0.414,0.417
AMARNATH-2022-FF-01,Jammu & Kashmir / Ladakh,flash_flood,B,REAL_RECONSTRUCTED,critical,34.2149,75.5008,MANUAL,3000.0,0.5,True,True,True,3881.0,57.594891749324084,489.0,AMARNATH-2022-FF-01|neg|1,0,,2022-06-06T05:00:00,0.5,0.0,0.0,0.0,0.0,1.3,8.2,21.8,45.400000000000006,0.0,0.383,0.389
AMARNATH-2022-FF-01,Jammu & Kashmir / Ladakh,flash_flood,B,REAL_RECONSTRUCTED,critical,34.2149,75.5008,MANUAL,3000.0,0.5,True,True,True,3881.0,57.594891749324084,489.0,AMARNATH-2022-FF-01|neg|2,0,,2022-06-03T17:00:00,0.5,1.9,2.1,4.6,4.800000000000001,4.8,11.700000000000001,27.6,54.0,1.9,0.397,0.398
AMARNATH-2022-FF-01,Jammu & Kashmir / Ladakh,flash_flood,B,REAL_RECONSTRUCTED,critical,34.2149,75.5008,MANUAL,3000.0,0.5,True,True,True,3881.0,57.594891749324084,489.0,AMARNATH-2022-FF-01|neg|3,0,,2022-05-27T17:00:00,0.5,0.0,0.1,0.2,0.30000000000000004,0.30000000000000004,1.3,19.1,33.2,0.1,0.37,0.39
AMARNATH-2022-FF-01,Jammu & Kashmir / Ladakh,flash_flood,B,REAL_RECONSTRUCTED,critical,34.2149,75.5008,MANUAL,3000.0,0.5,True,True,True,3881.0,57.594891749324084,489.0,AMARNATH-2022-FF-01|neg|4,0,,2022-08-13T05:00:00,0.5,0.0,0.0,0.0,0.0,2.9,7.2,17.4,38.7,0.0,0.369,0.362
AMARNATH-2022-FF-01,Jammu & Kashmir / Ladakh,flash_flood,B,REAL_RECONSTRUCTED,critical,34.2149,75.5008,MANUAL,3000.0,0.5,True,True,True,3881.0,57.594891749324084,489.0,AMARNATH-2022-FF-01|neg|5,0,,2022-08-16T05:00:00,0.5,0.0,0.0,0.30000000000000004,0.8,7.5,12.899999999999999,21.9,40.900000000000006,0.2,0.391,0.377
AMARNATH-2022-FF-01,Jammu & Kashmir / Ladakh,flash_flood,B,REAL_RECONSTRUCTED,critical,34.2149,75.5008,MANUAL,3000.0,0.5,True,True,True,3881.0,57.594891749324084,489.0,AMARNATH-2022-FF-01|neg|6,0,,2022-06-09T17:00:00,0.5,0.4,0.6000000000000001,3.1999999999999997,3.4,3.5999999999999996,9.0,19.9,44.0,1.7,0.378,0.372
AMARNATH-2022-FF-01,Jammu & Kashmir / Ladakh,flash_flood,B,REAL_RECONSTRUCTED,critical,34.2149,75.5008,MANUAL,3000.0,0.5,True,True,True,3881.0,57.594891749324084,489.0,AMARNATH-2022-FF-01|neg|7,0,,2022-07-27T17:00:00,0.5,0.1,3.8000000000000003,4.299999999999999,8.0,9.2,25.3,40.699999999999996,68.4,3.6,0.43,0.424
AMARNATH-2022-FF-01,Jammu & Kashmir / Ladakh,flash_flood,B,REAL_RECONSTRUCTED,critical,34.2149,75.5008,MANUAL,3000.0,0.5,True,True,True,3881.0,57.594891749324084,489.0,AMARNATH-2022-FF-01|neg|8,0,,2022-08-04T05:00:00,0.5,0.0,0.0,0.0,0.0,0.0,8.700000000000001,28.6,74.0,0.0,0.368,0.384
AMARNATH-2022-FF-01,Jammu & Kashmir / Ladakh,flash_flood,B,REAL_RECONSTRUCTED,critical,34.2149,75.5008,MANUAL,3000.0,0.5,True,True,True,3881.0,57.594891749324084,489.0,AMARNATH-2022-FF-01|neg|9,0,,2022-06-23T17:00:00,0.5,0.0,0.0,0.0,0.0,0.0,32.6,51.800000000000004,75.8,0.0,0.423,0.417
AMARNATH-2022-FF-01,Jammu & Kashmir / Ladakh,flash_flood,B,REAL_RECONSTRUCTED,critical,34.2149,75.5008,MANUAL,3000.0,0.5,True,True,True,3881.0,57.594891749324084,489.0,AMARNATH-2022-FF-01|neg|10,0,,2022-06-21T05:00:00,0.5,0.0,0.0,0.0,0.6000000000000001,3.4000000000000004,15.600000000000001,27.200000000000003,51.9,0.0,0.399,0.402
AMARNATH-2022-FF-01,Jammu & Kashmir / Ladakh,flash_flood,B,REAL_RECONSTRUCTED,critical,34.2149,75.5008,MANUAL,3000.0,0.5,True,True,True,3881.0,57.594891749324084,489.0,AMARNATH-2022-FF-01|neg|11,0,,2022-07-24T05:00:00,0.5,0.0,0.0,0.30000000000000004,1.0,3.0000000000000004,12.2,23.5,51.900000000000006,0.2,0.397,0.382
AMARNATH-2022-FF-01,Jammu & Kashmir / Ladakh,flash_flood,B,REAL_RECONSTRUCTED,critical,34.2149,75.5008,MANUAL,3000.0,0.5,True,True,True,3881.0,57.594891749324084,489.0,AMARNATH-2022-FF-01|neg|12,0,,2022-05-31T05:00:00,0.5,0.0,0.0,0.0,1.0,3.8000000000000003,13.0,16.2,45.1,0.0,0.395,0.395
AMARNATH-2022-FF-01,Jammu & Kashmir / Ladakh,flash_flood,B,REAL_RECONSTRUCTED,critical,34.2149,75.5008,MANUAL,3000.0,0.5,True,True,True,3881.0,57.594891749324084,489.0,AMARNATH-2022-FF-01|neg|13,0,,2022-08-16T17:00:00,0.5,1.1,3.8000000000000003,8.799999999999999,9.399999999999999,10.2,22.299999999999997,29.599999999999998,42.8,2.3,0.409,0.385
AMARNATH-2022-FF-01,Jammu & Kashmir / Ladakh,flash_flood,B,REAL_RECONSTRUCTED,critical,34.2149,75.5008,MANUAL,3000.0,0.5,True,True,True,3881.0,57.594891749324084,489.0,AMARNATH-2022-FF-01|neg|14,0,,2022-06-15T05:00:00,0.5,0.0,0.0,0.0,0.0,0.7999999999999999,8.2,20.6,43.5,0.0,0.382,0.381
AMARNATH-2022-FF-01,Jammu & Kashmir / Ladakh,flash_flood,B,REAL_RECONSTRUCTED,critical,34.2149,75.5008,MANUAL,3000.0,0.5,True,True,True,3881.0,57.594891749324084,489.0,AMARNATH-2022-FF-01|neg|15,0,,2022-06-11T17:00:00,0.5,0.1,0.6,2.6,2.8,2.9000000000000004,8.3,17.7,47.400000000000006,1.4,0.364,0.372
AMARNATH-2022-FF-01,Jammu & Kashmir / Ladakh,flash_flood,B,REAL_RECONSTRUCTED,critical,34.2149,75.5008,MANUAL,3000.0,0.5,True,True,True,3881.0,57.594891749324084,489.0,AMARNATH-2022-FF-01|neg|16,0,,2022-05-25T17:00:00,0.5,0.0,0.0,0.0,0.0,0.0,9.0,26.700000000000003,31.900000000000002,0.0,0.405,0.407
AMARNATH-2022-FF-01,Jammu & Kashmir / Ladakh,flash_flood,B,REAL_RECONSTRUCTED,critical,34.2149,75.5008,MANUAL,3000.0,0.5,True,True,True,3881.0,57.594891749324084,489.0,AMARNATH-2022-FF-01|neg|17,0,,2022-06-09T05:00:00,0.5,0.0,0.0,0.0,0.2,3.3999999999999995,8.299999999999999,18.299999999999997,40.6,0.0,0.368,0.375
AMARNATH-2022-FF-01,Jammu & Kashmir / Ladakh,flash_flood,B,REAL_RECONSTRUCTED,critical,34.2149,75.5008,MANUAL,3000.0,0.5,True,True,True,3881.0,57.594891749324084,489.0,AMARNATH-2022-FF-01|neg|18,0,,2022-05-27T05:00:00,0.5,0.0,0.0,0.0,0.0,1.0,2.9,25.9,32.900000000000006,0.0,0.389,0.396
AMARNATH-2022-FF-01,Jammu & Kashmir / Ladakh,flash_flood,B,REAL_RECONSTRUCTED,critical,34.2149,75.5008,MANUAL,3000.0,0.5,True,True,True,3881.0,57.594891749324084,489.0,AMARNATH-2022-FF-01|neg|19,0,,2022-08-04T17:00:00,0.5,0.1,0.5,0.7000000000000001,0.7000000000000001,0.7000000000000001,1.9000000000000001,20.700000000000003,70.69999999999999,0.3,0.348,0.377
AMARNATH-2022-FF-01,Jammu & Kashmir / Ladakh,flash_flood,B,REAL_RECONSTRUCTED,critical,34.2149,75.5008,MANUAL,3000.0,0.5,True,True,True,3881.0,57.594891749324084,489.0,AMARNATH-2022-FF-01|neg|20,0,,2022-08-10T17:00:00,0.5,0.1,0.2,0.7,0.7,0.8,5.1,12.800000000000002,51.300000000000004,0.3,0.33,0.351
AMARNATH-2022-FF-01,Jammu & Kashmir / Ladakh,flash_flood,B,REAL_RECONSTRUCTED,critical,34.2149,75.5008,MANUAL,3000.0,0.5,True,True,True,3881.0,57.594891749324084,489.0,AMARNATH-2022-FF-01|neg|21,0,,2022-05-09T17:00:00,0.5,0.0,0.0,0.0,0.0,0.0,0.0,2.1,13.1,0.0,0.429,0.429
AMARNATH-2022-FF-01,Jammu & Kashmir / Ladakh,flash_flood,B,REAL_RECONSTRUCTED,critical,34.2149,75.5008,MANUAL,3000.0,0.5,True,True,True,3881.0,57.594891749324084,489.0,AMARNATH-2022-FF-01|neg|22,0,,2022-08-14T05:00:00,0.5,0.0,0.0,0.0,0.0,0.0,6.500000000000001,15.400000000000002,35.3,0.0,0.335,0.356
AMARNATH-2022-FF-01,Jammu & Kashmir / Ladakh,flash_flood,B,REAL_RECONSTRUCTED,critical,34.2149,75.5008,MANUAL,3000.0,0.5,True,True,True,3881.0,57.594891749324084,489.0,AMARNATH-2022-FF-01|neg|23,0,,2022-06-22T17:00:00,0.5,0.0,2.0,5.2,11.4,26.6,36.099999999999994,55.400000000000006,79.2,2.1,0.419,0.408
AMARNATH-2022-FF-01,Jammu & Kashmir / Ladakh,flash_flood,B,REAL_RECONSTRUCTED,critical,34.2149,75.5008,MANUAL,3000.0,0.5,True,True,True,3881.0,57.594891749324084,489.0,AMARNATH-2022-FF-01|neg|24,0,,2022-06-22T05:00:00,0.5,0.6,3.2,6.1,15.2,20.599999999999998,29.4,47.00000000000001,69.80000000000001,1.6,0.405,0.404
AMARNATH-2022-FF-01,Jammu & Kashmir / Ladakh,flash_flood,B,REAL_RECONSTRUCTED,critical,34.2149,75.5008,MANUAL,3000.0,0.5,True,True,True,3881.0,57.594891749324084,489.0,AMARNATH-2022-FF-01|neg|25,0,,2022-06-04T17:00:00,0.5,0.1,0.5,1.1,1.9000000000000004,2.0999999999999996,9.100000000000001,24.700000000000003,48.800000000000004,0.4,0.398,0.395
AMARNATH-2022-FF-01,Jammu & Kashmir / Ladakh,flash_flood,B,REAL_RECONSTRUCTED,critical,34.2149,75.5008,MANUAL,3000.0,0.5,True,True,True,3881.0,57.594891749324084,489.0,AMARNATH-2022-FF-01|neg|26,0,,2022-06-18T17:00:00,0.5,0.3,0.8999999999999999,2.2,5.3999999999999995,7.300000000000001,13.2,25.300000000000004,45.1,0.9,0.418,0.397
AMARNATH-2022-FF-01,Jammu & Kashmir / Ladakh,flash_flood,B,REAL_RECONSTRUCTED,critical,34.2149,75.5008,MANUAL,3000.0,0.5,True,True,True,3881.0,57.594891749324084,489.0,AMARNATH-2022-FF-01|neg|27,0,,2022-06-01T05:00:00,0.5,0.0,0.0,0.7000000000000001,2.6,5.5,11.700000000000001,19.8,49.8,0.4,0.396,0.397
AMARNATH-2022-FF-01,Jammu & Kashmir / Ladakh,flash_flood,B,REAL_RECONSTRUCTED,critical,34.2149,75.5008,MANUAL,3000.0,0.5,True,True,True,3881.0,57.594891749324084,489.0,AMARNATH-2022-FF-01|neg|28,0,,2022-06-17T05:00:00,0.5,0.0,0.0,0.0,0.7999999999999999,4.4,8.200000000000001,21.2,42.9,0.0,0.372,0.375
AMARNATH-2022-FF-01,Jammu & Kashmir / Ladakh,flash_flood,B,REAL_RECONSTRUCTED,critical,34.2149,75.5008,MANUAL,3000.0,0.5,True,True,True,3881.0,57.594891749324084,489.0,AMARNATH-2022-FF-01|neg|29,0,,2022-07-30T05:00:00,0.5,0.0,0.0,0.0,0.0,3.4000000000000004,21.299999999999997,44.8,73.69999999999999,0.0,0.408,0.413
AMARNATH-2022-FF-01,Jammu & Kashmir / Ladakh,flash_flood,B,REAL_RECONSTRUCTED,critical,34.2149,75.5008,MANUAL,3000.0,0.5,True,True,True,3881.0,57.594891749324084,489.0,AMARNATH-2022-FF-01|neg|30,0,,2022-05-12T05:00:00,0.5,0.0,0.0,0.0,0.0,0.0,0.0,0.0,2.3,0.0,0.419,0.423
AMARNATH-2022-FF-01,Jammu & Kashmir / Ladakh,flash_flood,B,REAL_RECONSTRUCTED,critical,34.2149,75.5008,MANUAL,3000.0,0.5,True,True,True,3881.0,57.594891749324084,489.0,AMARNATH-2022-FF-01|neg|31,0,,2022-08-05T05:00:00,0.5,0.0,0.0,0.0,0.0,0.7000000000000001,1.5,20.099999999999998,70.7,0.0,0.357,0.374
AMARNATH-2022-FF-01,Jammu & Kashmir / Ladakh,flash_flood,B,REAL_RECONSTRUCTED,critical,34.2149,75.5008,MANUAL,3000.0,0.5,True,True,True,3881.0,57.594891749324084,489.0,AMARNATH-2022-FF-01|neg|32,0,,2022-08-08T05:00:00,0.5,0.0,0.0,0.0,0.1,3.9,7.1,16.5,65.6,0.0,0.35,0.364
AMARNATH-2022-FF-01,Jammu & Kashmir / Ladakh,flash_flood,B,REAL_RECONSTRUCTED,critical,34.2149,75.5008,MANUAL,3000.0,0.5,True,True,True,3881.0,57.594891749324084,489.0,AMARNATH-2022-FF-01|neg|33,0,,2022-06-10T17:00:00,0.5,0.1,0.6,1.6,1.8000000000000003,1.8,8.8,16.9,44.800000000000004,0.8,0.372,0.373
AMARNATH-2022-FF-01,Jammu & Kashmir / Ladakh,flash_flood,B,REAL_RECONSTRUCTED,critical,34.2149,75.5008,MANUAL,3000.0,0.5,True,True,True,3881.0,57.594891749324084,489.0,AMARNATH-2022-FF-01|neg|34,0,,2022-06-14T17:00:00,0.5,0.0,0.5,0.8,0.8,0.7999999999999999,9.100000000000001,20.799999999999997,44.5,0.5,0.391,0.38
CHASOTI-2025-FF-01,Jammu & Kashmir / Ladakh,flash_flood,B,REAL_RECONSTRUCTED,critical,33.3779,76.2783,MANUAL,2892.0,0.5,True,True,True,2400.0,11.25620451016092,193.0,CHASOTI-2025-FF-01|pos|72,1,72.0,2025-08-11T11:00:00,1.0,0.0,0.0,0.0,0.0,2.5,6.6,13.799999999999999,70.2,0.0,0.3,0.312
CHASOTI-2025-FF-01,Jammu & Kashmir / Ladakh,flash_flood,B,REAL_RECONSTRUCTED,critical,33.3779,76.2783,MANUAL,2892.0,0.5,True,True,True,2400.0,11.25620451016092,193.0,CHASOTI-2025-FF-01|pos|48,1,48.0,2025-08-12T11:00:00,1.0,0.0,0.0,0.0,0.0,1.8,4.4,13.2,69.7,0.0,0.29,0.299
CHASOTI-2025-FF-01,Jammu & Kashmir / Ladakh,flash_flood,B,REAL_RECONSTRUCTED,critical,33.3779,76.2783,MANUAL,2892.0,0.5,True,True,True,2400.0,11.25620451016092,193.0,CHASOTI-2025-FF-01|pos|24,1,24.0,2025-08-13T11:00:00,1.0,0.0,0.0,0.0,0.0,2.1,6.4,12.9,67.39999999999999,0.0,0.282,0.296
CHASOTI-2025-FF-01,Jammu & Kashmir / Ladakh,flash_flood,B,REAL_RECONSTRUCTED,critical,33.3779,76.2783,MANUAL,2892.0,0.5,True,True,True,2400.0,11.25620451016092,193.0,CHASOTI-2025-FF-01|pos|12,1,12.0,2025-08-13T23:00:00,1.0,0.0,0.0,0.0,4.6000000000000005,4.6000000000000005,8.5,15.400000000000002,69.0,0.0,0.29,0.294
CHASOTI-2025-FF-01,Jammu & Kashmir / Ladakh,flash_flood,B,REAL_RECONSTRUCTED,critical,33.3779,76.2783,MANUAL,2892.0,0.5,True,True,True,2400.0,11.25620451016092,193.0,CHASOTI-2025-FF-01|pos|6,1,6.0,2025-08-14T05:00:00,1.0,0.0,0.0,0.0,0.0,4.6,8.5,15.399999999999999,68.4,0.0,0.29,0.294
CHASOTI-2025-FF-01,Jammu & Kashmir / Ladakh,flash_flood,B,REAL_RECONSTRUCTED,critical,33.3779,76.2783,MANUAL,2892.0,0.5,True,True,True,2400.0,11.25620451016092,193.0,CHASOTI-2025-FF-01|pos|3,1,3.0,2025-08-14T08:00:00,1.0,0.0,0.1,0.1,0.1,4.7,8.600000000000001,15.5,66.7,0.1,0.281,0.29
CHASOTI-2025-FF-01,Jammu & Kashmir / Ladakh,flash_flood,B,REAL_RECONSTRUCTED,critical,33.3779,76.2783,MANUAL,2892.0,0.5,True,True,True,2400.0,11.25620451016092,193.0,CHASOTI-2025-FF-01|pos|1,1,1.0,2025-08-14T10:00:00,1.0,0.1,0.1,0.2,0.2,4.800000000000001,8.7,15.6,66.19999999999999,0.1,0.28,0.289
CHASOTI-2025-FF-01,Jammu & Kashmir / Ladakh,flash_flood,B,REAL_RECONSTRUCTED,critical,33.3779,76.2783,MANUAL,2892.0,0.5,True,True,True,2400.0,11.25620451016092,193.0,CHASOTI-2025-FF-01|neg|0,0,,2025-07-18T11:00:00,0.5,0.0,0.0,0.0,0.0,2.5,22.0,50.6,86.1,0.0,0.351,0.329
CHASOTI-2025-FF-01,Jammu & Kashmir / Ladakh,flash_flood,B,REAL_RECONSTRUCTED,critical,33.3779,76.2783,MANUAL,2892.0,0.5,True,True,True,2400.0,11.25620451016092,193.0,CHASOTI-2025-FF-01|neg|1,0,,2025-09-06T23:00:00,0.5,0.8,5.6,7.8,14.8,14.8,17.3,61.099999999999994,257.9,2.5,0.419,0.39
CHASOTI-2025-FF-01,Jammu & Kashmir / Ladakh,flash_flood,B,REAL_RECONSTRUCTED,critical,33.3779,76.2783,MANUAL,2892.0,0.5,True,True,True,2400.0,11.25620451016092,193.0,CHASOTI-2025-FF-01|neg|2,0,,2025-07-13T11:00:00,0.5,1.1,1.3,1.3,1.7000000000000002,3.0,10.200000000000001,39.599999999999994,50.4,1.1,0.324,0.28
CHASOTI-2025-FF-01,Jammu & Kashmir / Ladakh,flash_flood,B,REAL_RECONSTRUCTED,critical,33.3779,76.2783,MANUAL,2892.0,0.5,True,True,True,2400.0,11.25620451016092,193.0,CHASOTI-2025-FF-01|neg|3,0,,2025-07-22T11:00:00,0.5,0.9,1.8,4.0,7.1000000000000005,15.900000000000002,21.0,47.7,109.19999999999999,1.1,0.386,0.339
CHASOTI-2025-FF-01,Jammu & Kashmir / Ladakh,flash_flood,B,REAL_RECONSTRUCTED,critical,33.3779,76.2783,MANUAL,2892.0,0.5,True,True,True,2400.0,11.25620451016092,193.0,CHASOTI-2025-FF-01|neg|4,0,,2025-07-23T23:00:00,0.5,0.0,0.0,0.0,0.4,5.7,26.3,39.0,106.2,0.0,0.375,0.354
CHASOTI-2025-FF-01,Jammu & Kashmir / Ladakh,flash_flood,B,REAL_RECONSTRUCTED,critical,33.3779,76.2783,MANUAL,2892.0,0.5,True,True,True,2400.0,11.25620451016092,193.0,CHASOTI-2025-FF-01|neg|5,0,,2025-09-04T11:00:00,0.5,0.0,0.0,0.0,0.2,3.6000000000000005,32.5,45.7,241.7,0.0,0.396,0.4
CHASOTI-2025-FF-01,Jammu & Kashmir / Ladakh,flash_flood,B,REAL_RECONSTRUCTED,critical,33.3779,76.2783,MANUAL,2892.0,0.5,True,True,True,2400.0,11.25620451016092,193.0,CHASOTI-2025-FF-01|neg|6,0,,2025-06-17T23:00:00,0.5,0.0,0.9,0.9,3.9,12.399999999999999,28.1,33.8,50.0,0.9,0.396,0.387
CHASOTI-2025-FF-01,Jammu & Kashmir / Ladakh,flash_flood,B,REAL_RECONSTRUCTED,critical,33.3779,76.2783,MANUAL,2892.0,0.5,True,True,True,2400.0,11.25620451016092,193.0,CHASOTI-2025-FF-01|neg|7,0,,2025-06-30T11:00:00,0.5,0.3,0.4,0.4,0.4,3.1999999999999997,5.9,22.399999999999995,55.599999999999994,0.3,0.287,0.292
CHASOTI-2025-FF-01,Jammu & Kashmir / Ladakh,flash_flood,B,REAL_RECONSTRUCTED,critical,33.3779,76.2783,MANUAL,2892.0,0.5,True,True,True,2400.0,11.25620451016092,193.0,CHASOTI-2025-FF-01|neg|8,0,,2025-06-26T23:00:00,0.5,0.0,0.0,0.1,8.299999999999999,8.299999999999999,16.099999999999998,21.099999999999994,55.099999999999994,0.1,0.313,0.302
CHASOTI-2025-FF-01,Jammu & Kashmir / Ladakh,flash_flood,B,REAL_RECONSTRUCTED,critical,33.3779,76.2783,MANUAL,2892.0,0.5,True,True,True,2400.0,11.25620451016092,193.0,CHASOTI-2025-FF-01|neg|9,0,,2025-08-31T23:00:00,0.5,0.3,1.2,1.6,6.599999999999999,10.9,12.5,164.7,223.4,0.8,0.381,0.368
CHASOTI-2025-FF-01,Jammu & Kashmir / Ladakh,flash_flood,B,REAL_RECONSTRUCTED,critical,33.3779,76.2783,MANUAL,2892.0,0.5,True,True,True,2400.0,11.25620451016092,193.0,CHASOTI-2025-FF-01|neg|10,0,,2025-06-18T11:00:00,0.5,0.1,0.1,0.1,0.1,4.0,28.2,33.9,49.199999999999996,0.1,0.375,0.384
CHASOTI-2025-FF-01,Jammu & Kashmir / Ladakh,flash_flood,B,REAL_RECONSTRUCTED,critical,33.3779,76.2783,MANUAL,2892.0,0.5,True,True,True,2400.0,11.25620451016092,193.0,CHASOTI-2025-FF-01|neg|11,0,,2025-08-30T23:00:00,0.5,0.9,1.1,1.1,1.5,1.5000000000000002,1.7000000000000002,193.5,213.89999999999998,0.9,0.364,0.368
CHASOTI-2025-FF-01,Jammu & Kashmir / Ladakh,flash_flood,B,REAL_RECONSTRUCTED,critical,33.3779,76.2783,MANUAL,2892.0,0.5,True,True,True,2400.0,11.25620451016092,193.0,CHASOTI-2025-FF-01|neg|12,0,,2025-06-28T11:00:00,0.5,0.0,0.0,0.1,0.6,2.3,13.0,23.7,56.099999999999994,0.1,0.319,0.304
CHASOTI-2025-FF-01,Jammu & Kashmir / Ladakh,flash_flood,B,REAL_RECONSTRUCTED,critical,33.3779,76.2783,MANUAL,2892.0,0.5,True,True,True,2400.0,11.25620451016092,193.0,CHASOTI-2025-FF-01|neg|13,0,,2025-07-21T23:00:00,0.5,0.1,0.2,0.5,8.799999999999999,9.2,13.899999999999999,44.7,102.30000000000001,0.2,0.365,0.334
CHASOTI-2025-FF-01,Jammu & Kashmir / Ladakh,flash_flood,B,REAL_RECONSTRUCTED,critical,33.3779,76.2783,MANUAL,2892.0,0.5,True,True,True,2400.0,11.25620451016092,193.0,CHASOTI-2025-FF-01|neg|14,0,,2025-08-30T11:00:00,0.5,0.0,0.0,0.0,0.0,0.1,1.0,194.8,217.5,0.0,0.358,0.372
CHASOTI-2025-FF-01,Jammu & Kashmir / Ladakh,flash_flood,B,REAL_RECONSTRUCTED,critical,33.3779,76.2783,MANUAL,2892.0,0.5,True,True,True,2400.0,11.25620451016092,193.0,CHASOTI-2025-FF-01|neg|15,0,,2025-09-09T23:00:00,0.5,0.0,0.0,0.3,6.0,6.1,19.0,45.2,174.7,0.3,0.394,0.393
CHASOTI-2025-FF-01,Jammu & Kashmir / Ladakh,flash_flood,B,REAL_RECONSTRUCTED,critical,33.3779,76.2783,MANUAL,2892.0,0.5,True,True,True,2400.0,11.25620451016092,193.0,CHASOTI-2025-FF-01|neg|16,0,,2025-09-15T11:00:00,0.5,0.0,0.0,0.0,0.0,1.2,1.5,14.500000000000002,78.0,0.0,0.325,0.349
CHASOTI-2025-FF-01,Jammu & Kashmir / Ladakh,flash_flood,B,REAL_RECONSTRUCTED,critical,33.3779,76.2783,MANUAL,2892.0,0.5,True,True,True,2400.0,11.25620451016092,193.0,CHASOTI-2025-FF-01|neg|17,0,,2025-09-19T23:00:00,0.5,0.0,0.0,0.0,0.4,0.8,2.5,4.4,40.699999999999996,0.0,0.309,0.329
CHASOTI-2025-FF-01,Jammu & Kashmir / Ladakh,flash_flood,B,REAL_RECONSTRUCTED,critical,33.3779,76.2783,MANUAL,2892.0,0.5,True,True,True,2400.0,11.25620451016092,193.0,CHASOTI-2025-FF-01|neg|18,0,,2025-07-23T11:00:00,0.5,3.8,4.1,5.3,5.3,9.6,28.2,49.89999999999999,115.5,3.8,0.393,0.341
CHASOTI-2025-FF-01,Jammu & Kashmir / Ladakh,flash_flood,B,REAL_RECONSTRUCTED,critical,33.3779,76.2783,MANUAL,2892.0,0.5,True,True,True,2400.0,11.25620451016092,193.0,CHASOTI-2025-FF-01|neg|19,0,,2025-09-07T23:00:00,0.5,0.0,0.0,0.0,1.7999999999999998,5.3999999999999995,22.0,55.6,260.0,0.0,0.4,0.398
CHASOTI-2025-FF-01,Jammu & Kashmir / Ladakh,flash_flood,B,REAL_RECONSTRUCTED,critical,33.3779,76.2783,MANUAL,2892.0,0.5,True,True,True,2400.0,11.25620451016092,193.0,CHASOTI-2025-FF-01|neg|20,0,,2025-09-15T23:00:00,0.5,0.0,0.0,0.0,0.2,0.2,1.7000000000000002,8.5,71.6,0.0,0.322,0.345
CHASOTI-2025-FF-01,Jammu & Kashmir / Ladakh,flash_flood,B,REAL_RECONSTRUCTED,critical,33.3779,76.2783,MANUAL,2892.0,0.5,True,True,True,2400.0,11.25620451016092,193.0,CHASOTI-2025-FF-01|neg|21,0,,2025-09-18T11:00:00,0.5,0.3,0.4,0.4,0.4,0.4,0.8,2.3,42.7,0.3,0.31,0.333
CHASOTI-2025-FF-01,Jammu & Kashmir / Ladakh,flash_flood,B,REAL_RECONSTRUCTED,critical,33.3779,76.2783,MANUAL,2892.0,0.5,True,True,True,2400.0,11.25620451016092,193.0,CHASOTI-2025-FF-01|neg|22,0,,2025-07-24T11:00:00,0.5,0.2,0.30000000000000004,0.30000000000000004,0.6000000000000001,1.0,26.5,38.8,104.0,0.2,0.36,0.353
CHASOTI-2025-FF-01,Jammu & Kashmir / Ladakh,flash_flood,B,REAL_RECONSTRUCTED,critical,33.3779,76.2783,MANUAL,2892.0,0.5,True,True,True,2400.0,11.25620451016092,193.0,CHASOTI-2025-FF-01|neg|23,0,,2025-07-30T23:00:00,0.5,2.8,3.0,3.1999999999999997,11.399999999999999,14.700000000000001,22.1,41.2,92.1,2.8,0.395,0.341
CHASOTI-2025-FF-01,Jammu & Kashmir / Ladakh,flash_flood,B,REAL_RECONSTRUCTED,critical,33.3779,76.2783,MANUAL,2892.0,0.5,True,True,True,2400.0,11.25620451016092,193.0,CHASOTI-2025-FF-01|neg|24,0,,2025-07-09T23:00:00,0.5,1.8,2.2,2.4000000000000004,8.5,11.3,24.5,27.0,55.1,1.8,0.352,0.249
CHASOTI-2025-FF-01,Jammu & Kashmir / Ladakh,flash_flood,B,REAL_RECONSTRUCTED,critical,33.3779,76.2783,MANUAL,2892.0,0.5,True,True,True,2400.0,11.25620451016092,193.0,CHASOTI-2025-FF-01|neg|25,0,,2025-09-03T23:00:00,0.5,0.0,0.0,0.9000000000000001,3.4,8.899999999999999,32.900000000000006,45.5,248.59999999999997,0.4,0.406,0.404
CHASOTI-2025-FF-01,Jammu & Kashmir / Ladakh,flash_flood,B,REAL_RECONSTRUCTED,critical,33.3779,76.2783,MANUAL,2892.0,0.5,True,True,True,2400.0,11.25620451016092,193.0,CHASOTI-2025-FF-01|neg|26,0,,2025-09-09T11:00:00,0.5,0.1,0.1,0.1,0.1,6.300000000000001,27.8,52.0,192.9,0.1,0.389,0.394
CHASOTI-2025-FF-01,Jammu & Kashmir / Ladakh,flash_flood,B,REAL_RECONSTRUCTED,critical,33.3779,76.2783,MANUAL,2892.0,0.5,True,True,True,2400.0,11.25620451016092,193.0,CHASOTI-2025-FF-01|neg|27,0,,2025-07-15T11:00:00,0.5,3.0,3.1,3.1,4.1,11.3,26.2,58.2,70.0,3.0,0.36,0.293
CHASOTI-2025-FF-01,Jammu & Kashmir / Ladakh,flash_flood,B,REAL_RECONSTRUCTED,critical,33.3779,76.2783,MANUAL,2892.0,0.5,True,True,True,2400.0,11.25620451016092,193.0,CHASOTI-2025-FF-01|neg|28,0,,2025-07-26T23:00:00,0.5,0.0,0.0,0.0,3.4,4.7,16.8,45.4,101.69999999999999,0.0,0.384,0.358
CHASOTI-2025-FF-01,Jammu & Kashmir / Ladakh,flash_flood,B,REAL_RECONSTRUCTED,critical,33.3779,76.2783,MANUAL,2892.0,0.5,True,True,True,2400.0,11.25620451016092,193.0,CHASOTI-2025-FF-01|neg|29,0,,2025-07-15T23:00:00,0.5,0.0,0.0,0.2,6.8,10.9,31.700000000000003,55.3,74.7,0.1,0.359,0.302
CHASOTI-2025-FF-01,Jammu & Kashmir / Ladakh,flash_flood,B,REAL_RECONSTRUCTED,critical,33.3779,76.2783,MANUAL,2892.0,0.5,True,True,True,2400.0,11.25620451016092,193.0,CHASOTI-2025-FF-01|neg|30,0,,2025-07-20T23:00:00,0.5,0.1,0.2,0.5,2.3000000000000003,2.3,9.4,45.60000000000001,94.60000000000001,0.3,0.34,0.33
CHASOTI-2025-FF-01,Jammu & Kashmir / Ladakh,flash_flood,B,REAL_RECONSTRUCTED,critical,33.3779,76.2783,MANUAL,2892.0,0.5,True,True,True,2400.0,11.25620451016092,193.0,CHASOTI-2025-FF-01|neg|31,0,,2025-07-29T23:00:00,0.5,0.0,0.1,1.3,3.0,3.1,9.7,32.199999999999996,88.3,0.5,0.33,0.324
CHASOTI-2025-FF-01,Jammu & Kashmir / Ladakh,flash_flood,B,REAL_RECONSTRUCTED,critical,33.3779,76.2783,MANUAL,2892.0,0.5,True,True,True,2400.0,11.25620451016092,193.0,CHASOTI-2025-FF-01|neg|32,0,,2025-09-24T23:00:00,0.5,0.0,0.0,0.0,0.5,0.5,0.5,3.0,5.6,0.0,0.273,0.309
CHASOTI-2025-FF-01,Jammu & Kashmir / Ladakh,flash_flood,B,REAL_RECONSTRUCTED,critical,33.3779,76.2783,MANUAL,2892.0,0.5,True,True,True,2400.0,11.25620451016092,193.0,CHASOTI-2025-FF-01|neg|33,0,,2025-07-20T11:00:00,0.5,0.0,0.0,0.0,0.0,2.4000000000000004,9.600000000000001,52.3,92.3,0.0,0.342,0.335
CHASOTI-2025-FF-01,Jammu & Kashmir / Ladakh,flash_flood,B,REAL_RECONSTRUCTED,critical,33.3779,76.2783,MANUAL,2892.0,0.5,True,True,True,2400.0,11.25620451016092,193.0,CHASOTI-2025-FF-01|neg|34,0,,2025-06-21T11:00:00,0.5,0.0,0.0,0.0,0.0,0.0,0.1,28.900000000000002,34.99999999999999,0.0,0.323,0.347
JODHGHATI-2025-FF-01,Jammu & Kashmir / Ladakh,flash_flood,B,REAL_RECONSTRUCTED,moderate,32.3765524,75.5243044,COARSE,23246.0,6.0,False,False,False,330.0,0.6653567044333437,8.0,JODHGHATI-2025-FF-01|pos|72,1,72.0,2025-08-14T00:00:00,0.43018153660844877,1.5,1.5,1.5,1.5,1.5,77.9,78.8,183.3,1.5,0.395,0.386
JODHGHATI-2025-FF-01,Jammu & Kashmir / Ladakh,flash_flood,B,REAL_RECONSTRUCTED,moderate,32.3765524,75.5243044,COARSE,23246.0,6.0,False,False,False,330.0,0.6653567044333437,8.0,JODHGHATI-2025-FF-01|pos|48,1,48.0,2025-08-15T00:00:00,0.43018153660844877,0.0,0.0,0.0,8.5,29.7,64.0,108.40000000000002,201.5,0.0,0.414,0.414
JODHGHATI-2025-FF-01,Jammu & Kashmir / Ladakh,flash_flood,B,REAL_RECONSTRUCTED,moderate,32.3765524,75.5243044,COARSE,23246.0,6.0,False,False,False,330.0,0.6653567044333437,8.0,JODHGHATI-2025-FF-01|pos|24,1,24.0,2025-08-16T00:00:00,0.43018153660844877,0.0,0.0,0.0,0.5,5.199999999999999,36.4,113.60000000000001,197.7,0.0,0.396,0.399
JODHGHATI-2025-FF-01,Jammu & Kashmir / Ladakh,flash_flood,B,REAL_RECONSTRUCTED,moderate,32.3765524,75.5243044,COARSE,23246.0,6.0,False,False,False,330.0,0.6653567044333437,8.0,JODHGHATI-2025-FF-01|pos|12,1,12.0,2025-08-16T12:00:00,0.43018153660844877,0.1,0.30000000000000004,0.6,9.799999999999999,10.3,46.199999999999996,123.39999999999998,190.2,0.2,0.393,0.395
JODHGHATI-2025-FF-01,Jammu & Kashmir / Ladakh,flash_flood,B,REAL_RECONSTRUCTED,moderate,32.3765524,75.5243044,COARSE,23246.0,6.0,False,False,False,330.0,0.6653567044333437,8.0,JODHGHATI-2025-FF-01|pos|6,1,6.0,2025-08-16T18:00:00,0.43018153660844877,0.1,0.1,0.1,0.7000000000000001,9.9,46.3,123.49999999999999,190.09999999999997,0.1,0.387,0.392
JODHGHATI-2025-FF-01,Jammu & Kashmir / Ladakh,flash_flood,B,REAL_RECONSTRUCTED,moderate,32.3765524,75.5243044,COARSE,23246.0,6.0,False,False,False,330.0,0.6653567044333437,8.0,JODHGHATI-2025-FF-01|neg|0,0,,2025-09-03T12:00:00,0.5,0.0,0.5,6.4,8.9,18.6,78.2,118.7,366.0,2.9,0.422,0.427
JODHGHATI-2025-FF-01,Jammu & Kashmir / Ladakh,flash_flood,B,REAL_RECONSTRUCTED,moderate,32.3765524,75.5243044,COARSE,23246.0,6.0,False,False,False,330.0,0.6653567044333437,8.0,JODHGHATI-2025-FF-01|neg|1,0,,2025-09-02T00:00:00,0.5,0.0,0.1,0.1,0.30000000000000004,12.7,36.199999999999996,185.79999999999998,313.1,0.1,0.414,0.418
JODHGHATI-2025-FF-01,Jammu & Kashmir / Ladakh,flash_flood,B,REAL_RECONSTRUCTED,moderate,32.3765524,75.5243044,COARSE,23246.0,6.0,False,False,False,330.0,0.6653567044333437,8.0,JODHGHATI-2025-FF-01|neg|2,0,,2025-09-05T00:00:00,0.5,0.0,0.0,0.0,0.0,0.6,59.1,119.39999999999999,351.2,0.0,0.4,0.407
JODHGHATI-2025-FF-01,Jammu & Kashmir / Ladakh,flash_flood,B,REAL_RECONSTRUCTED,moderate,32.3765524,75.5243044,COARSE,23246.0,6.0,False,False,False,330.0,0.6653567044333437,8.0,JODHGHATI-2025-FF-01|neg|3,0,,2025-07-23T12:00:00,0.5,0.2,0.6000000000000001,0.7,1.5999999999999999,3.4000000000000004,103.30000000000001,116.99999999999999,174.0,0.4,0.404,0.398
JODHGHATI-2025-FF-01,Jammu & Kashmir / Ladakh,flash_flood,B,REAL_RECONSTRUCTED,moderate,32.3765524,75.5243044,COARSE,23246.0,6.0,False,False,False,330.0,0.6653567044333437,8.0,JODHGHATI-2025-FF-01|neg|4,0,,2025-07-24T00:00:00,0.5,0.0,0.0,0.0,0.0,1.6,94.30000000000001,114.69999999999999,167.7,0.0,0.395,0.393
JODHGHATI-2025-FF-01,Jammu & Kashmir / Ladakh,flash_flood,B,REAL_RECONSTRUCTED,moderate,32.3765524,75.5243044,COARSE,23246.0,6.0,False,False,False,330.0,0.6653567044333437,8.0,JODHGHATI-2025-FF-01|neg|5,0,,2025-08-31T12:00:00,0.5,1.9,3.5999999999999996,7.200000000000001,7.4,13.3,40.3,224.8,319.40000000000003,1.9,0.43,0.423
JODHGHATI-2025-FF-01,Jammu & Kashmir / Ladakh,flash_flood,B,REAL_RECONSTRUCTED,moderate,32.3765524,75.5243044,COARSE,23246.0,6.0,False,False,False,330.0,0.6653567044333437,8.0,JODHGHATI-2025-FF-01|neg|6,0,,2025-09-01T12:00:00,0.5,0.3,1.9000000000000001,3.9999999999999996,12.4,19.9,53.5,215.8,316.0,1.5,0.425,0.424
JODHGHATI-2025-FF-01,Jammu & Kashmir / Ladakh,flash_flood,B,REAL_RECONSTRUCTED,moderate,32.3765524,75.5243044,COARSE,23246.0,6.0,False,False,False,330.0,0.6653567044333437,8.0,JODHGHATI-2025-FF-01|neg|7,0,,2025-07-24T12:00:00,0.5,0.0,0.0,0.0,0.0,0.0,49.4,113.2,161.10000000000002,0.0,0.371,0.381
JODHGHATI-2025-FF-01,Jammu & Kashmir / Ladakh,flash_flood,B,REAL_RECONSTRUCTED,moderate,32.3765524,75.5243044,COARSE,23246.0,6.0,False,False,False,330.0,0.6653567044333437,8.0,JODHGHATI-2025-FF-01|neg|8,0,,2025-09-05T12:00:00,0.5,0.0,0.0,0.0,0.0,0.0,19.7,112.9,351.20000000000005,0.0,0.39,0.401
JODHGHATI-2025-FF-01,Jammu & Kashmir / Ladakh,flash_flood,B,REAL_RECONSTRUCTED,moderate,32.3765524,75.5243044,COARSE,23246.0,6.0,False,False,False,330.0,0.6653567044333437,8.0,JODHGHATI-2025-FF-01|neg|9,0,,2025-07-23T00:00:00,0.5,0.0,0.0,0.0,1.8,28.3,103.6,122.5,182.7,0.0,0.41,0.408
JODHGHATI-2025-FF-01,Jammu & Kashmir / Ladakh,flash_flood,B,REAL_RECONSTRUCTED,moderate,32.3765524,75.5243044,COARSE,23246.0,6.0,False,False,False,330.0,0.6653567044333437,8.0,JODHGHATI-2025-FF-01|neg|10,0,,2025-09-01T00:00:00,0.5,0.0,0.0,0.0,7.499999999999999,14.9,47.599999999999994,226.2,322.5,0.0,0.416,0.42
JODHGHATI-2025-FF-01,Jammu & Kashmir / Ladakh,flash_flood,B,REAL_RECONSTRUCTED,moderate,32.3765524,75.5243044,COARSE,23246.0,6.0,False,False,False,330.0,0.6653567044333437,8.0,JODHGHATI-2025-FF-01|neg|11,0,,2025-09-04T12:00:00,0.5,0.0,0.0,0.5,0.6,1.1,59.4,119.60000000000001,352.5,0.5,0.405,0.413
JODHGHATI-2025-FF-01,Jammu & Kashmir / Ladakh,flash_flood,B,REAL_RECONSTRUCTED,moderate,32.3765524,75.5243044,COARSE,23246.0,6.0,False,False,False,330.0,0.6653567044333437,8.0,JODHGHATI-2025-FF-01|neg|12,0,,2025-07-27T12:00:00,0.5,0.0,0.1,0.1,0.1,0.2,0.4,103.70000000000002,127.0,0.1,0.305,0.329
JODHGHATI-2025-FF-01,Jammu & Kashmir / Ladakh,flash_flood,B,REAL_RECONSTRUCTED,moderate,32.3765524,75.5243044,COARSE,23246.0,6.0,False,False,False,330.0,0.6653567044333437,8.0,JODHGHATI-2025-FF-01|neg|13,0,,2025-06-23T00:00:00,0.5,0.0,0.0,0.0,0.30000000000000004,2.0,25.499999999999996,30.599999999999998,31.400000000000002,0.0,0.275,0.194
JODHGHATI-2025-FF-01,Jammu & Kashmir / Ladakh,flash_flood,B,REAL_RECONSTRUCTED,moderate,32.3765524,75.5243044,COARSE,23246.0,6.0,False,False,False,330.0,0.6653567044333437,8.0,JODHGHATI-2025-FF-01|neg|14,0,,2025-09-25T00:00:00,0.5,0.0,0.0,0.0,0.0,0.0,0.2,16.1,54.8,0.0,0.225,0.256
JODHGHATI-2025-FF-01,Jammu & Kashmir / Ladakh,flash_flood,B,REAL_RECONSTRUCTED,moderate,32.3765524,75.5243044,COARSE,23246.0,6.0,False,False,False,330.0,0.6653567044333437,8.0,JODHGHATI-2025-FF-01|neg|15,0,,2025-08-02T12:00:00,0.5,0.1,0.30000000000000004,0.4,8.899999999999999,9.400000000000002,39.2,77.1,182.5,0.2,0.395,0.395
JODHGHATI-2025-FF-01,Jammu & Kashmir / Ladakh,flash_flood,B,REAL_RECONSTRUCTED,moderate,32.3765524,75.5243044,COARSE,23246.0,6.0,False,False,False,330.0,0.6653567044333437,8.0,JODHGHATI-2025-FF-01|neg|16,0,,2025-09-26T00:00:00,0.5,0.0,0.0,0.0,0.0,0.0,0.0,0.6,53.6,0.0,0.21,0.25
JODHGHATI-2025-FF-01,Jammu & Kashmir / Ladakh,flash_flood,B,REAL_RECONSTRUCTED,moderate,32.3765524,75.5243044,COARSE,23246.0,6.0,False,False,False,330.0,0.6653567044333437,8.0,JODHGHATI-2025-FF-01|neg|17,0,,2025-07-04T00:00:00,0.5,0.0,0.0,0.0,0.2,0.30000000000000004,5.8999999999999995,31.5,73.30000000000001,0.0,0.308,0.322
JODHGHATI-2025-FF-01,Jammu & Kashmir / Ladakh,flash_flood,B,REAL_RECONSTRUCTED,moderate,32.3765524,75.5243044,COARSE,23246.0,6.0,False,False,False,330.0,0.6653567044333437,8.0,JODHGHATI-2025-FF-01|neg|18,0,,2025-09-15T00:00:00,0.5,0.1,0.1,0.1,0.6,2.1,6.0,13.200000000000001,105.3,0.1,0.279,0.284
JODHGHATI-2025-FF-01,Jammu & Kashmir / Ladakh,flash_flood,B,REAL_RECONSTRUCTED,moderate,32.3765524,75.5243044,COARSE,23246.0,6.0,False,False,False,330.0,0.6653567044333437,8.0,JODHGHATI-2025-FF-01|neg|19,0,,2025-06-20T00:00:00,0.5,0.0,0.0,0.0,0.0,0.6000000000000001,4.6,5.8999999999999995,5.8999999999999995,0.0,0.133,0.155
JODHGHATI-2025-FF-01,Jammu & Kashmir / Ladakh,flash_flood,B,REAL_RECONSTRUCTED,moderate,32.3765524,75.5243044,COARSE,23246.0,6.0,False,False,False,330.0,0.6653567044333437,8.0,JODHGHATI-2025-FF-01|neg|20,0,,2025-08-01T12:00:00,0.5,1.2,4.4,9.5,17.3,25.700000000000003,39.2,67.8,181.10000000000002,2.0,0.428,0.425
JODHGHATI-2025-FF-01,Jammu & Kashmir / Ladakh,flash_flood,B,REAL_RECONSTRUCTED,moderate,32.3765524,75.5243044,COARSE,23246.0,6.0,False,False,False,330.0,0.6653567044333437,8.0,JODHGHATI-2025-FF-01|neg|21,0,,2025-09-14T12:00:00,0.5,0.1,0.2,0.2,1.5,2.3,5.800000000000001,12.6,110.6,0.1,0.255,0.292
JODHGHATI-2025-FF-01,Jammu & Kashmir / Ladakh,flash_flood,B,REAL_RECONSTRUCTED,moderate,32.3765524,75.5243044,COARSE,23246.0,6.0,False,False,False,330.0,0.6653567044333437,8.0,JODHGHATI-2025-FF-01|neg|22,0,,2025-07-26T12:00:00,0.5,0.1,0.1,0.1,0.1,0.1,0.2,105.39999999999999,126.79999999999998,0.1,0.327,0.345
JODHGHATI-2025-FF-01,Jammu & Kashmir / Ladakh,flash_flood,B,REAL_RECONSTRUCTED,moderate,32.3765524,75.5243044,COARSE,23246.0,6.0,False,False,False,330.0,0.6653567044333437,8.0,JODHGHATI-2025-FF-01|neg|23,0,,2025-09-24T12:00:00,0.5,0.0,0.0,0.0,0.0,0.0,0.2,21.299999999999997,54.8,0.0,0.235,0.261
JODHGHATI-2025-FF-01,Jammu & Kashmir / Ladakh,flash_flood,B,REAL_RECONSTRUCTED,moderate,32.3765524,75.5243044,COARSE,23246.0,6.0,False,False,False,330.0,0.6653567044333437,8.0,JODHGHATI-2025-FF-01|neg|24,0,,2025-08-02T00:00:00,0.5,0.0,0.1,0.30000000000000004,0.5,17.8,38.300000000000004,68.30000000000001,173.6,0.1,0.405,0.403
VAISHNODEVI-2025-LS-01,Jammu & Kashmir / Ladakh,landslide,B,REAL_RECONSTRUCTED,high,33.0691032,74.8378698,COARSE,33168.0,1.0,True,False,False,494.0,21.554534242877228,108.0,VAISHNODEVI-2025-LS-01|pos|72,1,72.0,2025-08-23T14:00:00,0.3014954172696575,0.3,0.5,2.5,7.099999999999999,10.999999999999998,10.999999999999998,32.9,151.0,1.2,0.283,0.267
VAISHNODEVI-2025-LS-01,Jammu & Kashmir / Ladakh,landslide,B,REAL_RECONSTRUCTED,high,33.0691032,74.8378698,COARSE,33168.0,1.0,True,False,False,494.0,21.554534242877228,108.0,VAISHNODEVI-2025-LS-01|pos|48,1,48.0,2025-08-24T14:00:00,0.3014954172696575,2.0,6.4,7.800000000000001,11.7,12.899999999999999,23.9,32.1,163.1,2.6,0.345,0.31
VAISHNODEVI-2025-LS-01,Jammu & Kashmir / Ladakh,landslide,B,REAL_RECONSTRUCTED,high,33.0691032,74.8378698,COARSE,33168.0,1.0,True,False,False,494.0,21.554534242877228,108.0,VAISHNODEVI-2025-LS-01|pos|24,1,24.0,2025-08-25T14:00:00,0.3014954172696575,0.2,1.0999999999999999,1.6,1.7000000000000002,3.4000000000000004,27.3,29.2,164.4,0.6,0.289,0.295
VAISHNODEVI-2025-LS-01,Jammu & Kashmir / Ladakh,landslide,B,REAL_RECONSTRUCTED,high,33.0691032,74.8378698,COARSE,33168.0,1.0,True,False,False,494.0,21.554534242877228,108.0,VAISHNODEVI-2025-LS-01|pos|12,1,12.0,2025-08-26T02:00:00,0.3014954172696575,5.0,5.3,5.8,6.7,8.399999999999999,30.1,35.8,170.2,5.0,0.363,0.305
VAISHNODEVI-2025-LS-01,Jammu & Kashmir / Ladakh,landslide,B,REAL_RECONSTRUCTED,high,33.0691032,74.8378698,COARSE,33168.0,1.0,True,False,False,494.0,21.554534242877228,108.0,VAISHNODEVI-2025-LS-01|pos|6,1,6.0,2025-08-26T08:00:00,0.3014954172696575,7.1,27.9,41.8,47.6,50.1,67.30000000000001,77.60000000000001,211.10000000000002,12.4,0.395,0.39
VAISHNODEVI-2025-LS-01,Jammu & Kashmir / Ladakh,landslide,B,REAL_RECONSTRUCTED,high,33.0691032,74.8378698,COARSE,33168.0,1.0,True,False,False,494.0,21.554534242877228,108.0,VAISHNODEVI-2025-LS-01|pos|3,1,3.0,2025-08-26T11:00:00,0.3014954172696575,18.9,33.599999999999994,61.5,80.7,83.19999999999999,98.9,111.2,244.59999999999997,18.9,0.403,0.4
VAISHNODEVI-2025-LS-01,Jammu & Kashmir / Ladakh,landslide,B,REAL_RECONSTRUCTED,high,33.0691032,74.8378698,COARSE,33168.0,1.0,True,False,False,494.0,21.554534242877228,108.0,VAISHNODEVI-2025-LS-01|pos|1,1,1.0,2025-08-26T13:00:00,0.3014954172696575,23.4,67.5,89.30000000000001,129.0,130.89999999999998,147.3,159.8,291.3,25.2,0.397,0.403
VAISHNODEVI-2025-LS-01,Jammu & Kashmir / Ladakh,landslide,B,REAL_RECONSTRUCTED,high,33.0691032,74.8378698,COARSE,33168.0,1.0,True,False,False,494.0,21.554534242877228,108.0,VAISHNODEVI-2025-LS-01|neg|0,0,,2025-06-27T14:00:00,0.5,0.0,0.0,0.1,8.1,8.1,46.699999999999996,65.4,68.5,0.1,0.262,0.237
VAISHNODEVI-2025-LS-01,Jammu & Kashmir / Ladakh,landslide,B,REAL_RECONSTRUCTED,high,33.0691032,74.8378698,COARSE,33168.0,1.0,True,False,False,494.0,21.554534242877228,108.0,VAISHNODEVI-2025-LS-01|neg|1,0,,2025-07-18T14:00:00,0.5,0.1,0.4,0.4,0.4,2.7,30.200000000000003,36.8,125.7,0.2,0.245,0.244
VAISHNODEVI-2025-LS-01,Jammu & Kashmir / Ladakh,landslide,B,REAL_RECONSTRUCTED,high,33.0691032,74.8378698,COARSE,33168.0,1.0,True,False,False,494.0,21.554534242877228,108.0,VAISHNODEVI-2025-LS-01|neg|2,0,,2025-07-22T14:00:00,0.5,0.2,3.2,10.9,54.9,131.4,219.09999999999997,249.29999999999995,307.49999999999994,4.9,0.343,0.345
VAISHNODEVI-2025-LS-01,Jammu & Kashmir / Ladakh,landslide,B,REAL_RECONSTRUCTED,high,33.0691032,74.8378698,COARSE,33168.0,1.0,True,False,False,494.0,21.554534242877228,108.0,VAISHNODEVI-2025-LS-01|neg|3,0,,2025-06-28T14:00:00,0.5,0.0,0.0,0.1,0.1,0.1,15.5,58.2,67.5,0.1,0.19,0.202
VAISHNODEVI-2025-LS-01,Jammu & Kashmir / Ladakh,landslide,B,REAL_RECONSTRUCTED,high,33.0691032,74.8378698,COARSE,33168.0,1.0,True,False,False,494.0,21.554534242877228,108.0,VAISHNODEVI-2025-LS-01|neg|4,0,,2025-08-06T14:00:00,0.5,0.2,1.3,1.3,11.8,24.2,53.2,67.5,147.0,0.8,0.237,0.241
VAISHNODEVI-2025-LS-01,Jammu & Kashmir / Ladakh,landslide,B,REAL_RECONSTRUCTED,high,33.0691032,74.8378698,COARSE,33168.0,1.0,True,False,False,494.0,21.554534242877228,108.0,VAISHNODEVI-2025-LS-01|neg|5,0,,2025-07-14T14:00:00,0.5,0.0,0.0,0.0,0.0,0.1,6.1,57.699999999999996,110.8,0.0,0.189,0.202
VAISHNODEVI-2025-LS-01,Jammu & Kashmir / Ladakh,landslide,B,REAL_RECONSTRUCTED,high,33.0691032,74.8378698,COARSE,33168.0,1.0,True,False,False,494.0,21.554534242877228,108.0,VAISHNODEVI-2025-LS-01|neg|6,0,,2025-07-16T14:00:00,0.5,0.0,1.0,1.4000000000000001,19.4,22.2,22.8,56.8,119.19999999999999,0.8,0.293,0.271
VAISHNODEVI-2025-LS-01,Jammu & Kashmir / Ladakh,landslide,B,REAL_RECONSTRUCTED,high,33.0691032,74.8378698,COARSE,33168.0,1.0,True,False,False,494.0,21.554534242877228,108.0,VAISHNODEVI-2025-LS-01|neg|7,0,,2025-08-03T02:00:00,0.5,0.0,0.0,0.0,0.30000000000000004,5.1000000000000005,13.299999999999999,89.60000000000002,312.0,0.0,0.238,0.254
VAISHNODEVI-2025-LS-01,Jammu & Kashmir / Ladakh,landslide,B,REAL_RECONSTRUCTED,high,33.0691032,74.8378698,COARSE,33168.0,1.0,True,False,False,494.0,21.554534242877228,108.0,VAISHNODEVI-2025-LS-01|neg|8,0,,2025-08-05T02:00:00,0.5,0.5,1.8,2.2,6.300000000000001,13.599999999999998,28.5,94.19999999999999,308.0,1.1,0.278,0.254
VAISHNODEVI-2025-LS-01,Jammu & Kashmir / Ladakh,landslide,B,REAL_RECONSTRUCTED,high,33.0691032,74.8378698,COARSE,33168.0,1.0,True,False,False,494.0,21.554534242877228,108.0,VAISHNODEVI-2025-LS-01|neg|9,0,,2025-08-08T14:00:00,0.5,0.0,0.0,0.0,0.0,0.0,25.099999999999998,60.199999999999996,145.4,0.0,0.188,0.216
VAISHNODEVI-2025-LS-01,Jammu & Kashmir / Ladakh,landslide,B,REAL_RECONSTRUCTED,high,33.0691032,74.8378698,COARSE,33168.0,1.0,True,False,False,494.0,21.554534242877228,108.0,VAISHNODEVI-2025-LS-01|neg|10,0,,2025-07-23T02:00:00,0.5,0.0,0.0,0.0,0.0,54.900000000000006,219.09999999999997,246.49999999999997,307.49999999999994,0.0,0.299,0.312
VAISHNODEVI-2025-LS-01,Jammu & Kashmir / Ladakh,landslide,B,REAL_RECONSTRUCTED,high,33.0691032,74.8378698,COARSE,33168.0,1.0,True,False,False,494.0,21.554534242877228,108.0,VAISHNODEVI-2025-LS-01|neg|11,0,,2025-07-30T02:00:00,0.5,0.4,2.2,14.9,25.8,31.0,49.800000000000004,53.1,302.9,10.0,0.32,0.283
VAISHNODEVI-2025-LS-01,Jammu & Kashmir / Ladakh,landslide,B,REAL_RECONSTRUCTED,high,33.0691032,74.8378698,COARSE,33168.0,1.0,True,False,False,494.0,21.554534242877228,108.0,VAISHNODEVI-2025-LS-01|neg|12,0,,2025-07-09T02:00:00,0.5,3.6,3.6,3.6,4.9,15.499999999999998,39.699999999999996,53.99999999999999,123.89999999999999,3.6,0.315,0.241
VAISHNODEVI-2025-LS-01,Jammu & Kashmir / Ladakh,landslide,B,REAL_RECONSTRUCTED,high,33.0691032,74.8378698,COARSE,33168.0,1.0,True,False,False,494.0,21.554534242877228,108.0,VAISHNODEVI-2025-LS-01|neg|13,0,,2025-07-26T02:00:00,0.5,0.0,0.0,0.0,0.0,0.0,2.5,221.6,258.4,0.0,0.233,0.254
VAISHNODEVI-2025-LS-01,Jammu & Kashmir / Ladakh,landslide,B,REAL_RECONSTRUCTED,high,33.0691032,74.8378698,COARSE,33168.0,1.0,True,False,False,494.0,21.554534242877228,108.0,VAISHNODEVI-2025-LS-01|neg|14,0,,2025-07-06T14:00:00,0.5,0.0,0.0,0.0,23.6,31.5,36.7,52.5,117.80000000000001,0.0,0.259,0.229
VAISHNODEVI-2025-LS-01,Jammu & Kashmir / Ladakh,landslide,B,REAL_RECONSTRUCTED,high,33.0691032,74.8378698,COARSE,33168.0,1.0,True,False,False,494.0,21.554534242877228,108.0,VAISHNODEVI-2025-LS-01|neg|15,0,,2025-09-10T02:00:00,0.5,0.0,0.0,0.0,0.1,0.1,4.0,54.6,472.5,0.0,0.204,0.217
VAISHNODEVI-2025-LS-01,Jammu & Kashmir / Ladakh,landslide,B,REAL_RECONSTRUCTED,high,33.0691032,74.8378698,COARSE,33168.0,1.0,True,False,False,494.0,21.554534242877228,108.0,VAISHNODEVI-2025-LS-01|neg|16,0,,2025-10-06T14:00:00,0.5,0.0,0.3,3.3,9.000000000000002,23.000000000000004,24.200000000000003,33.5,33.6,1.8,0.239,0.104
VAISHNODEVI-2025-LS-01,Jammu & Kashmir / Ladakh,landslide,B,REAL_RECONSTRUCTED,high,33.0691032,74.8378698,COARSE,33168.0,1.0,True,False,False,494.0,21.554534242877228,108.0,VAISHNODEVI-2025-LS-01|neg|17,0,,2025-09-21T02:00:00,0.5,0.0,0.0,0.0,0.0,0.0,0.30000000000000004,18.099999999999998,40.099999999999994,0.0,0.112,0.118
VAISHNODEVI-2025-LS-01,Jammu & Kashmir / Ladakh,landslide,B,REAL_RECONSTRUCTED,high,33.0691032,74.8378698,COARSE,33168.0,1.0,True,False,False,494.0,21.554534242877228,108.0,VAISHNODEVI-2025-LS-01|neg|18,0,,2025-08-05T14:00:00,0.5,0.0,0.2,0.30000000000000004,6.499999999999999,12.8,30.199999999999996,95.5,254.2,0.1,0.226,0.246
VAISHNODEVI-2025-LS-01,Jammu & Kashmir / Ladakh,landslide,B,REAL_RECONSTRUCTED,high,33.0691032,74.8378698,COARSE,33168.0,1.0,True,False,False,494.0,21.554534242877228,108.0,VAISHNODEVI-2025-LS-01|neg|19,0,,2025-09-27T02:00:00,0.5,0.0,0.0,0.0,0.0,0.0,0.0,0.1,28.0,0.0,0.086,0.118
VAISHNODEVI-2025-LS-01,Jammu & Kashmir / Ladakh,landslide,B,REAL_RECONSTRUCTED,high,33.0691032,74.8378698,COARSE,33168.0,1.0,True,False,False,494.0,21.554534242877228,108.0,VAISHNODEVI-2025-LS-01|neg|20,0,,2025-07-24T14:00:00,0.5,0.1,0.1,0.1,0.7,1.7,133.9,224.29999999999998,286.4,0.1,0.257,0.276
VAISHNODEVI-2025-LS-01,Jammu & Kashmir / Ladakh,landslide,B,REAL_RECONSTRUCTED,high,33.0691032,74.8378698,COARSE,33168.0,1.0,True,False,False,494.0,21.554534242877228,108.0,VAISHNODEVI-2025-LS-01|neg|21,0,,2025-07-05T02:00:00,0.5,0.3,1.6,1.6,1.6,2.5,3.7,25.5,91.2,1.0,0.203,0.195
VAISHNODEVI-2025-LS-01,Jammu & Kashmir / Ladakh,landslide,B,REAL_RECONSTRUCTED,high,33.0691032,74.8378698,COARSE,33168.0,1.0,True,False,False,494.0,21.554534242877228,108.0,VAISHNODEVI-2025-LS-01|neg|22,0,,2025-09-10T14:00:00,0.5,0.0,0.0,0.0,0.0,0.1,4.0,7.1,336.8,0.0,0.192,0.212
VAISHNODEVI-2025-LS-01,Jammu & Kashmir / Ladakh,landslide,B,REAL_RECONSTRUCTED,high,33.0691032,74.8378698,COARSE,33168.0,1.0,True,False,False,494.0,21.554534242877228,108.0,VAISHNODEVI-2025-LS-01|neg|23,0,,2025-10-07T14:00:00,0.5,0.0,2.1,2.1,3.0999999999999996,6.300000000000001,29.500000000000004,39.800000000000004,39.800000000000004,1.3,0.288,0.23
VAISHNODEVI-2025-LS-01,Jammu & Kashmir / Ladakh,landslide,B,REAL_RECONSTRUCTED,high,33.0691032,74.8378698,COARSE,33168.0,1.0,True,False,False,494.0,21.554534242877228,108.0,VAISHNODEVI-2025-LS-01|neg|24,0,,2025-09-26T14:00:00,0.5,0.0,0.0,0.0,0.0,0.0,0.0,0.1,34.0,0.0,0.085,0.117
VAISHNODEVI-2025-LS-01,Jammu & Kashmir / Ladakh,landslide,B,REAL_RECONSTRUCTED,high,33.0691032,74.8378698,COARSE,33168.0,1.0,True,False,False,494.0,21.554534242877228,108.0,VAISHNODEVI-2025-LS-01|neg|25,0,,2025-10-02T14:00:00,0.5,0.0,0.0,0.0,1.0,3.0,3.0,3.0,3.5,0.0,0.072,0.131
VAISHNODEVI-2025-LS-01,Jammu & Kashmir / Ladakh,landslide,B,REAL_RECONSTRUCTED,high,33.0691032,74.8378698,COARSE,33168.0,1.0,True,False,False,494.0,21.554534242877228,108.0,VAISHNODEVI-2025-LS-01|neg|26,0,,2025-08-12T02:00:00,0.5,0.2,2.0,3.0,6.6,10.5,13.7,45.900000000000006,149.89999999999998,1.0,0.272,0.209
VAISHNODEVI-2025-LS-01,Jammu & Kashmir / Ladakh,landslide,B,REAL_RECONSTRUCTED,high,33.0691032,74.8378698,COARSE,33168.0,1.0,True,False,False,494.0,21.554534242877228,108.0,VAISHNODEVI-2025-LS-01|neg|27,0,,2025-09-29T14:00:00,0.5,0.0,0.0,0.0,0.0,0.0,0.0,0.0,15.4,0.0,0.074,0.116
VAISHNODEVI-2025-LS-01,Jammu & Kashmir / Ladakh,landslide,B,REAL_RECONSTRUCTED,high,33.0691032,74.8378698,COARSE,33168.0,1.0,True,False,False,494.0,21.554534242877228,108.0,VAISHNODEVI-2025-LS-01|neg|28,0,,2025-10-01T02:00:00,0.5,0.0,0.0,0.0,0.0,0.0,0.0,0.0,5.599999999999999,0.0,0.068,0.111
VAISHNODEVI-2025-LS-01,Jammu & Kashmir / Ladakh,landslide,B,REAL_RECONSTRUCTED,high,33.0691032,74.8378698,COARSE,33168.0,1.0,True,False,False,494.0,21.554534242877228,108.0,VAISHNODEVI-2025-LS-01|neg|29,0,,2025-09-30T14:00:00,0.5,0.0,0.0,0.0,0.0,0.0,0.0,0.0,12.799999999999999,0.0,0.069,0.113
VAISHNODEVI-2025-LS-01,Jammu & Kashmir / Ladakh,landslide,B,REAL_RECONSTRUCTED,high,33.0691032,74.8378698,COARSE,33168.0,1.0,True,False,False,494.0,21.554534242877228,108.0,VAISHNODEVI-2025-LS-01|neg|30,0,,2025-09-12T02:00:00,0.5,0.4,1.2,1.5,6.000000000000001,6.3,6.3999999999999995,12.200000000000001,235.79999999999998,0.7,0.194,0.197
VAISHNODEVI-2025-LS-01,Jammu & Kashmir / Ladakh,landslide,B,REAL_RECONSTRUCTED,high,33.0691032,74.8378698,COARSE,33168.0,1.0,True,False,False,494.0,21.554534242877228,108.0,VAISHNODEVI-2025-LS-01|neg|31,0,,2025-08-02T14:00:00,0.5,3.9,4.0,4.0,4.8,4.9,13.099999999999998,90.1,311.7,3.9,0.287,0.26
VAISHNODEVI-2025-LS-01,Jammu & Kashmir / Ladakh,landslide,B,REAL_RECONSTRUCTED,high,33.0691032,74.8378698,COARSE,33168.0,1.0,True,False,False,494.0,21.554534242877228,108.0,VAISHNODEVI-2025-LS-01|neg|32,0,,2025-10-08T02:00:00,0.5,0.0,0.0,0.0,0.0,3.1000000000000005,29.500000000000004,39.800000000000004,39.800000000000004,0.0,0.239,0.227
VAISHNODEVI-2025-LS-01,Jammu & Kashmir / Ladakh,landslide,B,REAL_RECONSTRUCTED,high,33.0691032,74.8378698,COARSE,33168.0,1.0,True,False,False,494.0,21.554534242877228,108.0,VAISHNODEVI-2025-LS-01|neg|33,0,,2025-09-22T02:00:00,0.5,0.0,0.0,0.0,0.0,0.0,0.0,14.3,38.2,0.0,0.108,0.118
VAISHNODEVI-2025-LS-01,Jammu & Kashmir / Ladakh,landslide,B,REAL_RECONSTRUCTED,high,33.0691032,74.8378698,COARSE,33168.0,1.0,True,False,False,494.0,21.554534242877228,108.0,VAISHNODEVI-2025-LS-01|neg|34,0,,2025-07-19T14:00:00,0.5,0.0,0.0,0.0,0.0,0.0,8.0,36.6,124.80000000000001,0.0,0.219,0.227
MALPA-1998-LS-01,Uttarakhand,landslide,B,REAL_RECONSTRUCTED,critical,29.8491135,80.5414711,COARSE,10000.0,1.0,True,False,False,904.0,29.46007880324214,251.0,MALPA-1998-LS-01|pos|72,1,72.0,1998-08-15T02:00:00,1.0,0.0,0.0,0.2,1.9,4.199999999999999,20.200000000000003,125.0,254.3,0.2,0.462,0.463
MALPA-1998-LS-01,Uttarakhand,landslide,B,REAL_RECONSTRUCTED,critical,29.8491135,80.5414711,COARSE,10000.0,1.0,True,False,False,904.0,29.46007880324214,251.0,MALPA-1998-LS-01|pos|48,1,48.0,1998-08-16T02:00:00,1.0,0.9,2.9,3.5999999999999996,5.5,7.8,14.9,127.89999999999999,255.3,1.4,0.442,0.478
MALPA-1998-LS-01,Uttarakhand,landslide,B,REAL_RECONSTRUCTED,critical,29.8491135,80.5414711,COARSE,10000.0,1.0,True,False,False,904.0,29.46007880324214,251.0,MALPA-1998-LS-01|pos|24,1,24.0,1998-08-17T02:00:00,1.0,0.0,0.0,0.0,3.4,10.8,22.799999999999997,112.69999999999999,243.5,0.0,0.463,0.459
MALPA-1998-LS-01,Uttarakhand,landslide,B,REAL_RECONSTRUCTED,critical,29.8491135,80.5414711,COARSE,10000.0,1.0,True,False,False,904.0,29.46007880324214,251.0,MALPA-1998-LS-01|pos|12,1,12.0,1998-08-17T14:00:00,1.0,0.5,1.3,1.4,1.4,4.8,21.9,88.5,217.9,0.6,0.461,0.457
MALPA-1998-LS-01,Uttarakhand,landslide,B,REAL_RECONSTRUCTED,critical,29.8491135,80.5414711,COARSE,10000.0,1.0,True,False,False,904.0,29.46007880324214,251.0,MALPA-1998-LS-01|pos|6,1,6.0,1998-08-17T20:00:00,1.0,1.8,3.9000000000000004,8.700000000000001,10.100000000000001,10.100000000000001,28.9,93.6,225.7,2.0,0.449,0.483
MALPA-1998-LS-01,Uttarakhand,landslide,B,REAL_RECONSTRUCTED,critical,29.8491135,80.5414711,COARSE,10000.0,1.0,True,False,False,904.0,29.46007880324214,251.0,MALPA-1998-LS-01|pos|3,1,3.0,1998-08-17T23:00:00,1.0,1.9,5.5,9.4,15.500000000000002,15.6,34.199999999999996,98.39999999999999,230.1,1.9,0.452,0.466
MALPA-1998-LS-01,Uttarakhand,landslide,B,REAL_RECONSTRUCTED,critical,29.8491135,80.5414711,COARSE,10000.0,1.0,True,False,False,904.0,29.46007880324214,251.0,MALPA-1998-LS-01|pos|1,1,1.0,1998-08-18T01:00:00,1.0,7.4,14.9,20.3,27.700000000000003,28.6,47.199999999999996,108.9,238.7,7.4,0.466,0.484
MALPA-1998-LS-01,Uttarakhand,landslide,B,REAL_RECONSTRUCTED,critical,29.8491135,80.5414711,COARSE,10000.0,1.0,True,False,False,904.0,29.46007880324214,251.0,MALPA-1998-LS-01|neg|0,0,,1998-07-11T14:00:00,0.5,4.0,9.6,10.5,11.8,26.0,48.0,169.0,277.0,4.0,0.452,0.482
MALPA-1998-LS-01,Uttarakhand,landslide,B,REAL_RECONSTRUCTED,critical,29.8491135,80.5414711,COARSE,10000.0,1.0,True,False,False,904.0,29.46007880324214,251.0,MALPA-1998-LS-01|neg|1,0,,1998-07-16T14:00:00,0.5,0.6,3.8000000000000003,4.6,4.6,9.6,27.599999999999998,109.20000000000002,267.5,1.8,0.474,0.465
MALPA-1998-LS-01,Uttarakhand,landslide,B,REAL_RECONSTRUCTED,critical,29.8491135,80.5414711,COARSE,10000.0,1.0,True,False,False,904.0,29.46007880324214,251.0,MALPA-1998-LS-01|neg|2,0,,1998-07-14T02:00:00,0.5,0.0,0.5,1.9,3.5,5.8,54.699999999999996,162.60000000000002,285.1,0.7,0.473,0.467
MALPA-1998-LS-01,Uttarakhand,landslide,B,REAL_RECONSTRUCTED,critical,29.8491135,80.5414711,COARSE,10000.0,1.0,True,False,False,904.0,29.46007880324214,251.0,MALPA-1998-LS-01|neg|3,0,,1998-07-16T02:00:00,0.5,0.0,0.7999999999999999,1.7000000000000002,5.0,12.500000000000002,25.3,108.00000000000001,273.8,0.7,0.461,0.461
MALPA-1998-LS-01,Uttarakhand,landslide,B,REAL_RECONSTRUCTED,critical,29.8491135,80.5414711,COARSE,10000.0,1.0,True,False,False,904.0,29.46007880324214,251.0,MALPA-1998-LS-01|neg|4,0,,1998-07-14T14:00:00,0.5,0.6,2.6,2.9,2.9,6.4,45.8,109.5,278.5,1.3,0.47,0.465
MALPA-1998-LS-01,Uttarakhand,landslide,B,REAL_RECONSTRUCTED,critical,29.8491135,80.5414711,COARSE,10000.0,1.0,True,False,False,904.0,29.46007880324214,251.0,MALPA-1998-LS-01|neg|5,0,,1998-06-25T14:00:00,0.5,0.2,0.7,1.0,1.7000000000000002,14.2,21.3,106.3,156.7,0.3,0.459,0.459
MALPA-1998-LS-01,Uttarakhand,landslide,B,REAL_RECONSTRUCTED,critical,29.8491135,80.5414711,COARSE,10000.0,1.0,True,False,False,904.0,29.46007880324214,251.0,MALPA-1998-LS-01|neg|6,0,,1998-08-04T02:00:00,0.5,1.8,5.0,5.0,6.4,32.7,92.1,156.7,215.4,1.8,0.471,0.441
MALPA-1998-LS-01,Uttarakhand,landslide,B,REAL_RECONSTRUCTED,critical,29.8491135,80.5414711,COARSE,10000.0,1.0,True,False,False,904.0,29.46007880324214,251.0,MALPA-1998-LS-01|neg|7,0,,1998-07-09T02:00:00,0.5,0.0,0.0,0.0,2.4,4.5,89.60000000000001,151.0,276.79999999999995,0.0,0.455,0.456
MALPA-1998-LS-01,Uttarakhand,landslide,B,REAL_RECONSTRUCTED,critical,29.8491135,80.5414711,COARSE,10000.0,1.0,True,False,False,904.0,29.46007880324214,251.0,MALPA-1998-LS-01|neg|8,0,,1998-07-01T02:00:00,0.5,0.5,3.3,4.199999999999999,4.7,12.8,40.599999999999994,111.0,222.8,1.9,0.477,0.467
MALPA-1998-LS-01,Uttarakhand,landslide,B,REAL_RECONSTRUCTED,critical,29.8491135,80.5414711,COARSE,10000.0,1.0,True,False,False,904.0,29.46007880324214,251.0,MALPA-1998-LS-01|neg|9,0,,1998-07-03T02:00:00,0.5,0.1,1.1,1.1,2.3000000000000003,10.9,38.5,111.69999999999999,225.1,0.6,0.471,0.453
MALPA-1998-LS-01,Uttarakhand,landslide,B,REAL_RECONSTRUCTED,critical,29.8491135,80.5414711,COARSE,10000.0,1.0,True,False,False,904.0,29.46007880324214,251.0,MALPA-1998-LS-01|neg|10,0,,1998-07-18T02:00:00,0.5,0.5,1.3,2.0,4.1,21.2,41.7,103.4,277.3,0.5,0.473,0.466
MALPA-1998-LS-01,Uttarakhand,landslide,B,REAL_RECONSTRUCTED,critical,29.8491135,80.5414711,COARSE,10000.0,1.0,True,False,False,904.0,29.46007880324214,251.0,MALPA-1998-LS-01|neg|11,0,,1998-08-02T14:00:00,0.5,0.2,0.6000000000000001,5.0,26.999999999999996,42.3,57.699999999999996,125.30000000000001,183.9,2.3,0.459,0.444
MALPA-1998-LS-01,Uttarakhand,landslide,B,REAL_RECONSTRUCTED,critical,29.8491135,80.5414711,COARSE,10000.0,1.0,True,False,False,904.0,29.46007880324214,251.0,MALPA-1998-LS-01|neg|12,0,,1998-07-07T14:00:00,0.5,9.3,23.900000000000002,39.3,56.0,61.0,105.3,152.4,261.5,9.3,0.435,0.473
MALPA-1998-LS-01,Uttarakhand,landslide,B,REAL_RECONSTRUCTED,critical,29.8491135,80.5414711,COARSE,10000.0,1.0,True,False,False,904.0,29.46007880324214,251.0,MALPA-1998-LS-01|neg|13,0,,1998-06-23T02:00:00,0.5,0.0,0.4,0.5,0.5,0.5,73.6,109.5,135.9,0.2,0.432,0.435
MALPA-1998-LS-01,Uttarakhand,landslide,B,REAL_RECONSTRUCTED,critical,29.8491135,80.5414711,COARSE,10000.0,1.0,True,False,False,904.0,29.46007880324214,251.0,MALPA-1998-LS-01|neg|14,0,,1998-07-11T02:00:00,0.5,0.2,0.30000000000000004,5.0,14.2,18.8,38.3,164.5,285.59999999999997,1.6,0.42,0.463
MALPA-1998-LS-01,Uttarakhand,landslide,B,REAL_RECONSTRUCTED,critical,29.8491135,80.5414711,COARSE,10000.0,1.0,True,False,False,904.0,29.46007880324214,251.0,MALPA-1998-LS-01|neg|15,0,,1998-07-17T02:00:00,0.5,0.2,1.0,1.2,3.4000000000000004,8.0,27.5,101.0,267.0,0.6,0.476,0.47
MALPA-1998-LS-01,Uttarakhand,landslide,B,REAL_RECONSTRUCTED,critical,29.8491135,80.5414711,COARSE,10000.0,1.0,True,False,False,904.0,29.46007880324214,251.0,MALPA-1998-LS-01|neg|16,0,,1998-06-22T14:00:00,0.5,0.0,0.0,0.0,0.0,33.0,79.69999999999999,119.4,135.4,0.0,0.409,0.442
MALPA-1998-LS-01,Uttarakhand,landslide,B,REAL_RECONSTRUCTED,critical,29.8491135,80.5414711,COARSE,10000.0,1.0,True,False,False,904.0,29.46007880324214,251.0,MALPA-1998-LS-01|neg|17,0,,1998-10-01T02:00:00,0.5,0.2,0.4,0.4,1.3,21.799999999999997,27.700000000000003,37.5,69.10000000000001,0.2,0.461,0.458
MALPA-1998-LS-01,Uttarakhand,landslide,B,REAL_RECONSTRUCTED,critical,29.8491135,80.5414711,COARSE,10000.0,1.0,True,False,False,904.0,29.46007880324214,251.0,MALPA-1998-LS-01|neg|18,0,,1998-07-27T14:00:00,0.5,0.2,0.4,0.4,0.6000000000000001,0.8,3.0,41.60000000000001,146.5,0.2,0.447,0.434
MALPA-1998-LS-01,Uttarakhand,landslide,B,REAL_RECONSTRUCTED,critical,29.8491135,80.5414711,COARSE,10000.0,1.0,True,False,False,904.0,29.46007880324214,251.0,MALPA-1998-LS-01|neg|19,0,,1998-09-01T14:00:00,0.5,0.3,0.8,1.0,2.3,10.3,17.8,43.400000000000006,192.3,0.3,0.455,0.464
MALPA-1998-LS-01,Uttarakhand,landslide,B,REAL_RECONSTRUCTED,critical,29.8491135,80.5414711,COARSE,10000.0,1.0,True,False,False,904.0,29.46007880324214,251.0,MALPA-1998-LS-01|neg|20,0,,1998-09-23T02:00:00,0.5,0.0,0.0,0.5,1.4,3.6,14.700000000000001,24.1,32.5,0.5,0.447,0.438
MALPA-1998-LS-01,Uttarakhand,landslide,B,REAL_RECONSTRUCTED,critical,29.8491135,80.5414711,COARSE,10000.0,1.0,True,False,False,904.0,29.46007880324214,251.0,MALPA-1998-LS-01|neg|21,0,,1998-07-26T14:00:00,0.5,0.0,0.0,0.0,0.0,0.8,3.8000000000000003,49.2,175.4,0.0,0.436,0.432
MALPA-1998-LS-01,Uttarakhand,landslide,B,REAL_RECONSTRUCTED,critical,29.8491135,80.5414711,COARSE,10000.0,1.0,True,False,False,904.0,29.46007880324214,251.0,MALPA-1998-LS-01|neg|22,0,,1998-07-12T02:00:00,0.5,1.4,3.1,5.3,21.5,33.3,67.10000000000001,186.9,296.4,1.4,0.479,0.465
MALPA-1998-LS-01,Uttarakhand,landslide,B,REAL_RECONSTRUCTED,critical,29.8491135,80.5414711,COARSE,10000.0,1.0,True,False,False,904.0,29.46007880324214,251.0,MALPA-1998-LS-01|neg|23,0,,1998-07-28T02:00:00,0.5,4.1,8.6,9.1,10.299999999999999,10.9,12.799999999999999,39.9,149.4,4.1,0.455,0.473
MALPA-1998-LS-01,Uttarakhand,landslide,B,REAL_RECONSTRUCTED,critical,29.8491135,80.5414711,COARSE,10000.0,1.0,True,False,False,904.0,29.46007880324214,251.0,MALPA-1998-LS-01|neg|24,0,,1998-09-19T14:00:00,0.5,0.2,0.5,0.7,0.7,0.7000000000000001,7.1000000000000005,16.3,24.2,0.2,0.401,0.402
MALPA-1998-LS-01,Uttarakhand,landslide,B,REAL_RECONSTRUCTED,critical,29.8491135,80.5414711,COARSE,10000.0,1.0,True,False,False,904.0,29.46007880324214,251.0,MALPA-1998-LS-01|neg|25,0,,1998-09-17T02:00:00,0.5,0.0,0.0,0.0,4.7,5.9,11.8,14.300000000000002,25.700000000000003,0.0,0.431,0.409
MALPA-1998-LS-01,Uttarakhand,landslide,B,REAL_RECONSTRUCTED,critical,29.8491135,80.5414711,COARSE,10000.0,1.0,True,False,False,904.0,29.46007880324214,251.0,MALPA-1998-LS-01|neg|26,0,,1998-09-24T14:00:00,0.5,0.7,1.7,2.7,5.2,9.0,18.7,30.599999999999998,45.2,0.7,0.469,0.455
MALPA-1998-LS-01,Uttarakhand,landslide,B,REAL_RECONSTRUCTED,critical,29.8491135,80.5414711,COARSE,10000.0,1.0,True,False,False,904.0,29.46007880324214,251.0,MALPA-1998-LS-01|neg|27,0,,1998-09-14T14:00:00,0.5,0.0,0.0,0.0,0.0,1.7,2.4000000000000004,4.700000000000001,31.400000000000002,0.0,0.393,0.403
MALPA-1998-LS-01,Uttarakhand,landslide,B,REAL_RECONSTRUCTED,critical,29.8491135,80.5414711,COARSE,10000.0,1.0,True,False,False,904.0,29.46007880324214,251.0,MALPA-1998-LS-01|neg|28,0,,1998-09-29T02:00:00,0.5,0.2,0.2,0.2,0.2,0.2,3.0,21.1,47.5,0.2,0.437,0.428
MALPA-1998-LS-01,Uttarakhand,landslide,B,REAL_RECONSTRUCTED,critical,29.8491135,80.5414711,COARSE,10000.0,1.0,True,False,False,904.0,29.46007880324214,251.0,MALPA-1998-LS-01|neg|29,0,,1998-09-03T02:00:00,0.5,0.0,0.0,0.0,0.8,1.6,14.899999999999999,37.0,126.9,0.0,0.45,0.456
MALPA-1998-LS-01,Uttarakhand,landslide,B,REAL_RECONSTRUCTED,critical,29.8491135,80.5414711,COARSE,10000.0,1.0,True,False,False,904.0,29.46007880324214,251.0,MALPA-1998-LS-01|neg|30,0,,1998-08-01T14:00:00,0.5,0.7,1.5,2.3,7.300000000000001,10.7,19.1,83.80000000000001,170.89999999999998,0.7,0.477,0.467
MALPA-1998-LS-01,Uttarakhand,landslide,B,REAL_RECONSTRUCTED,critical,29.8491135,80.5414711,COARSE,10000.0,1.0,True,False,False,904.0,29.46007880324214,251.0,MALPA-1998-LS-01|neg|31,0,,1998-07-22T14:00:00,0.5,0.3,1.6,1.8,2.0999999999999996,3.1000000000000005,42.400000000000006,111.19999999999999,232.3,1.2,0.416,0.437
MALPA-1998-LS-01,Uttarakhand,landslide,B,REAL_RECONSTRUCTED,critical,29.8491135,80.5414711,COARSE,10000.0,1.0,True,False,False,904.0,29.46007880324214,251.0,MALPA-1998-LS-01|neg|32,0,,1998-09-21T14:00:00,0.5,0.5,1.8,2.0,3.1000000000000005,6.5,10.5,24.0,32.300000000000004,1.1,0.454,0.425
MALPA-1998-LS-01,Uttarakhand,landslide,B,REAL_RECONSTRUCTED,critical,29.8491135,80.5414711,COARSE,10000.0,1.0,True,False,False,904.0,29.46007880324214,251.0,MALPA-1998-LS-01|neg|33,0,,1998-06-30T14:00:00,0.5,0.1,0.4,1.0000000000000002,8.1,16.6,48.7,108.3,228.5,0.4,0.458,0.467
MALPA-1998-LS-01,Uttarakhand,landslide,B,REAL_RECONSTRUCTED,critical,29.8491135,80.5414711,COARSE,10000.0,1.0,True,False,False,904.0,29.46007880324214,251.0,MALPA-1998-LS-01|neg|34,0,,1998-09-01T02:00:00,0.5,1.4,6.300000000000001,6.800000000000001,8.0,9.0,16.4,46.0,191.4,2.6,0.442,0.477
UKHIMATH-2012-LS-01,Uttarakhand,landslide,A,REAL_VALIDATED,critical,30.5845118,79.1287714,OK,32791.0,6.0,False,False,False,1944.0,28.892935060062438,316.0,UKHIMATH-2012-LS-01|pos|72,1,72.0,2012-09-11T00:00:00,0.30496172730322346,1.2,4.2,6.7,8.999999999999998,10.9,12.7,30.2,101.8,1.6,0.411,0.398
UKHIMATH-2012-LS-01,Uttarakhand,landslide,A,REAL_VALIDATED,critical,30.5845118,79.1287714,OK,32791.0,6.0,False,False,False,1944.0,28.892935060062438,316.0,UKHIMATH-2012-LS-01|pos|48,1,48.0,2012-09-12T00:00:00,0.30496172730322346,2.1,2.7,3.5,5.7,13.0,25.299999999999997,39.099999999999994,107.2,2.1,0.407,0.402
UKHIMATH-2012-LS-01,Uttarakhand,landslide,A,REAL_VALIDATED,critical,30.5845118,79.1287714,OK,32791.0,6.0,False,False,False,1944.0,28.892935060062438,316.0,UKHIMATH-2012-LS-01|pos|24,1,24.0,2012-09-13T00:00:00,0.30496172730322346,1.4,1.7999999999999998,2.2,5.300000000000001,10.8,34.7,41.0,112.4,1.4,0.41,0.404
UKHIMATH-2012-LS-01,Uttarakhand,landslide,A,REAL_VALIDATED,critical,30.5845118,79.1287714,OK,32791.0,6.0,False,False,False,1944.0,28.892935060062438,316.0,UKHIMATH-2012-LS-01|pos|12,1,12.0,2012-09-13T12:00:00,0.30496172730322346,1.2,2.0,2.3,8.299999999999999,13.600000000000001,41.10000000000001,47.10000000000001,117.4,1.2,0.41,0.408
UKHIMATH-2012-LS-01,Uttarakhand,landslide,A,REAL_VALIDATED,critical,30.5845118,79.1287714,OK,32791.0,6.0,False,False,False,1944.0,28.892935060062438,316.0,UKHIMATH-2012-LS-01|pos|6,1,6.0,2012-09-13T18:00:00,0.30496172730322346,0.5,3.7,9.4,11.7,19.9,48.199999999999996,55.7,126.60000000000001,2.5,0.424,0.417
UKHIMATH-2012-LS-01,Uttarakhand,landslide,A,REAL_VALIDATED,critical,30.5845118,79.1287714,OK,32791.0,6.0,False,False,False,1944.0,28.892935060062438,316.0,UKHIMATH-2012-LS-01|neg|0,0,,2012-07-30T12:00:00,0.5,4.6,13.5,20.800000000000004,29.800000000000004,46.6,121.30000000000001,238.4,373.5,4.9,0.429,0.429
UKHIMATH-2012-LS-01,Uttarakhand,landslide,A,REAL_VALIDATED,critical,30.5845118,79.1287714,OK,32791.0,6.0,False,False,False,1944.0,28.892935060062438,316.0,UKHIMATH-2012-LS-01|neg|1,0,,2012-08-11T12:00:00,0.5,0.0,0.0,0.0,0.0,0.1,27.2,71.60000000000001,426.9,0.0,0.406,0.414
UKHIMATH-2012-LS-01,Uttarakhand,landslide,A,REAL_VALIDATED,critical,30.5845118,79.1287714,OK,32791.0,6.0,False,False,False,1944.0,28.892935060062438,316.0,UKHIMATH-2012-LS-01|neg|2,0,,2012-08-05T00:00:00,0.5,1.0,3.0,5.199999999999999,9.700000000000001,21.799999999999997,144.6,329.20000000000005,519.4,1.1,0.428,0.428
UKHIMATH-2012-LS-01,Uttarakhand,landslide,A,REAL_VALIDATED,critical,30.5845118,79.1287714,OK,32791.0,6.0,False,False,False,1944.0,28.892935060062438,316.0,UKHIMATH-2012-LS-01|neg|3,0,,2012-08-10T12:00:00,0.5,0.5,4.5,8.4,12.0,20.2,32.3,141.3,434.2,2.3,0.427,0.428
UKHIMATH-2012-LS-01,Uttarakhand,landslide,A,REAL_VALIDATED,critical,30.5845118,79.1287714,OK,32791.0,6.0,False,False,False,1944.0,28.892935060062438,316.0,UKHIMATH-2012-LS-01|neg|4,0,,2012-08-28T12:00:00,0.5,0.8,2.7,3.2,3.7,5.4,30.4,142.10000000000002,352.1,1.5,0.419,0.417
UKHIMATH-2012-LS-01,Uttarakhand,landslide,A,REAL_VALIDATED,critical,30.5845118,79.1287714,OK,32791.0,6.0,False,False,False,1944.0,28.892935060062438,316.0,UKHIMATH-2012-LS-01|neg|5,0,,2012-08-08T00:00:00,0.5,0.0,0.0,0.2,3.2,3.8,32.7,218.0,495.5,0.1,0.409,0.412
UKHIMATH-2012-LS-01,Uttarakhand,landslide,A,REAL_VALIDATED,critical,30.5845118,79.1287714,OK,32791.0,6.0,False,False,False,1944.0,28.892935060062438,316.0,UKHIMATH-2012-LS-01|neg|6,0,,2012-07-27T00:00:00,0.5,1.3,1.5,1.5,3.2,12.100000000000001,93.6,163.5,285.79999999999995,1.3,0.424,0.423
UKHIMATH-2012-LS-01,Uttarakhand,landslide,A,REAL_VALIDATED,critical,30.5845118,79.1287714,OK,32791.0,6.0,False,False,False,1944.0,28.892935060062438,316.0,UKHIMATH-2012-LS-01|neg|7,0,,2012-07-16T00:00:00,0.5,0.7,2.0999999999999996,4.5,6.9,7.5,20.6,62.7,289.20000000000005,2.3,0.427,0.42
UKHIMATH-2012-LS-01,Uttarakhand,landslide,A,REAL_VALIDATED,critical,30.5845118,79.1287714,OK,32791.0,6.0,False,False,False,1944.0,28.892935060062438,316.0,UKHIMATH-2012-LS-01|neg|8,0,,2012-07-23T00:00:00,0.5,1.4,3.1,4.5,6.100000000000001,7.299999999999999,21.299999999999997,98.89999999999999,176.9,1.4,0.411,0.403
UKHIMATH-2012-LS-01,Uttarakhand,landslide,A,REAL_VALIDATED,critical,30.5845118,79.1287714,OK,32791.0,6.0,False,False,False,1944.0,28.892935060062438,316.0,UKHIMATH-2012-LS-01|neg|9,0,,2012-08-15T00:00:00,0.5,0.0,0.1,0.1,2.5,6.4,21.200000000000003,52.0,294.4,0.1,0.414,0.416
UKHIMATH-2012-LS-01,Uttarakhand,landslide,A,REAL_VALIDATED,critical,30.5845118,79.1287714,OK,32791.0,6.0,False,False,False,1944.0,28.892935060062438,316.0,UKHIMATH-2012-LS-01|neg|10,0,,2012-08-29T00:00:00,0.5,0.0,0.0,0.0,1.9000000000000001,5.6,25.9,123.6,349.6,0.0,0.415,0.419
UKHIMATH-2012-LS-01,Uttarakhand,landslide,A,REAL_VALIDATED,critical,30.5845118,79.1287714,OK,32791.0,6.0,False,False,False,1944.0,28.892935060062438,316.0,UKHIMATH-2012-LS-01|neg|11,0,,2012-08-22T12:00:00,0.5,1.5,5.0,11.4,38.699999999999996,59.1,134.0,256.7,313.5,2.9,0.429,0.427
UKHIMATH-2012-LS-01,Uttarakhand,landslide,A,REAL_VALIDATED,critical,30.5845118,79.1287714,OK,32791.0,6.0,False,False,False,1944.0,28.892935060062438,316.0,UKHIMATH-2012-LS-01|neg|12,0,,2012-08-25T12:00:00,0.5,0.8,2.5,2.8,7.999999999999999,16.8,52.6,284.20000000000005,333.8,1.6,0.424,0.422
UKHIMATH-2012-LS-01,Uttarakhand,landslide,A,REAL_VALIDATED,critical,30.5845118,79.1287714,OK,32791.0,6.0,False,False,False,1944.0,28.892935060062438,316.0,UKHIMATH-2012-LS-01|neg|13,0,,2012-10-20T12:00:00,0.5,0.0,0.0,0.0,0.0,0.0,0.3,1.1,1.7000000000000002,0.0,0.294,0.309
UKHIMATH-2012-LS-01,Uttarakhand,landslide,A,REAL_VALIDATED,critical,30.5845118,79.1287714,OK,32791.0,6.0,False,False,False,1944.0,28.892935060062438,316.0,UKHIMATH-2012-LS-01|neg|14,0,,2012-08-24T12:00:00,0.5,0.9,2.8,4.6000000000000005,13.200000000000001,18.3,94.9,289.3,337.20000000000005,1.1,0.421,0.419
UKHIMATH-2012-LS-01,Uttarakhand,landslide,A,REAL_VALIDATED,critical,30.5845118,79.1287714,OK,32791.0,6.0,False,False,False,1944.0,28.892935060062438,316.0,UKHIMATH-2012-LS-01|neg|15,0,,2012-08-29T12:00:00,0.5,2.6,3.0,3.0,3.3,5.2,20.5,88.19999999999999,349.0,2.6,0.423,0.415
UKHIMATH-2012-LS-01,Uttarakhand,landslide,A,REAL_VALIDATED,critical,30.5845118,79.1287714,OK,32791.0,6.0,False,False,False,1944.0,28.892935060062438,316.0,UKHIMATH-2012-LS-01|neg|16,0,,2012-07-31T00:00:00,0.5,4.5,12.6,18.7,34.0,63.800000000000004,148.3,253.1,400.6,4.5,0.429,0.429
UKHIMATH-2012-LS-01,Uttarakhand,landslide,A,REAL_VALIDATED,critical,30.5845118,79.1287714,OK,32791.0,6.0,False,False,False,1944.0,28.892935060062438,316.0,UKHIMATH-2012-LS-01|neg|17,0,,2012-07-24T12:00:00,0.5,4.3,5.5,10.2,25.599999999999998,44.900000000000006,82.0,166.7,231.4,4.3,0.428,0.426
UKHIMATH-2012-LS-01,Uttarakhand,landslide,A,REAL_VALIDATED,critical,30.5845118,79.1287714,OK,32791.0,6.0,False,False,False,1944.0,28.892935060062438,316.0,UKHIMATH-2012-LS-01|neg|18,0,,2012-10-09T00:00:00,0.5,0.0,0.0,0.0,0.0,0.0,0.2,0.30000000000000004,1.2999999999999998,0.0,0.312,0.327
UKHIMATH-2012-LS-01,Uttarakhand,landslide,A,REAL_VALIDATED,critical,30.5845118,79.1287714,OK,32791.0,6.0,False,False,False,1944.0,28.892935060062438,316.0,UKHIMATH-2012-LS-01|neg|19,0,,2012-10-13T12:00:00,0.5,0.0,0.0,0.0,0.0,0.0,0.0,0.6,1.0,0.0,0.305,0.318
UKHIMATH-2012-LS-01,Uttarakhand,landslide,A,REAL_VALIDATED,critical,30.5845118,79.1287714,OK,32791.0,6.0,False,False,False,1944.0,28.892935060062438,316.0,UKHIMATH-2012-LS-01|neg|20,0,,2012-10-02T12:00:00,0.5,0.0,0.0,0.0,0.0,0.1,0.30000000000000004,0.30000000000000004,10.2,0.0,0.333,0.348
UKHIMATH-2012-LS-01,Uttarakhand,landslide,A,REAL_VALIDATED,critical,30.5845118,79.1287714,OK,32791.0,6.0,False,False,False,1944.0,28.892935060062438,316.0,UKHIMATH-2012-LS-01|neg|21,0,,2012-08-03T12:00:00,0.5,3.6,4.6,7.699999999999999,34.599999999999994,53.5,110.0,285.5,477.0,3.6,0.43,0.428
UKHIMATH-2012-LS-01,Uttarakhand,landslide,A,REAL_VALIDATED,critical,30.5845118,79.1287714,OK,32791.0,6.0,False,False,False,1944.0,28.892935060062438,316.0,UKHIMATH-2012-LS-01|neg|22,0,,2012-10-19T12:00:00,0.5,0.0,0.0,0.0,0.0,0.0,0.3,1.1,1.7,0.0,0.301,0.31
UKHIMATH-2012-LS-01,Uttarakhand,landslide,A,REAL_VALIDATED,critical,30.5845118,79.1287714,OK,32791.0,6.0,False,False,False,1944.0,28.892935060062438,316.0,UKHIMATH-2012-LS-01|neg|23,0,,2012-10-04T12:00:00,0.5,0.0,0.0,0.0,0.0,0.1,0.2,0.4,2.7,0.0,0.327,0.341
UKHIMATH-2012-LS-01,Uttarakhand,landslide,A,REAL_VALIDATED,critical,30.5845118,79.1287714,OK,32791.0,6.0,False,False,False,1944.0,28.892935060062438,316.0,UKHIMATH-2012-LS-01|neg|24,0,,2012-10-27T12:00:00,0.5,0.0,0.0,0.0,0.0,0.1,1.2,2.5,3.6,0.0,0.306,0.306
GAURIKUND-2023-LS-01,Uttarakhand,landslide,B,REAL_RECONSTRUCTED,high,30.7145657,79.0682658,COARSE,3000.0,6.0,False,True,True,3369.0,19.13949204395131,188.0,GAURIKUND-2023-LS-01|pos|72,1,72.0,2023-07-31T00:00:00,1.0,0.0,0.0,0.1,1.7,1.9,14.400000000000002,97.4,194.1,0.1,0.399,0.406
GAURIKUND-2023-LS-01,Uttarakhand,landslide,B,REAL_RECONSTRUCTED,high,30.7145657,79.0682658,COARSE,3000.0,6.0,False,True,True,3369.0,19.13949204395131,188.0,GAURIKUND-2023-LS-01|pos|48,1,48.0,2023-08-01T00:00:00,1.0,0.0,0.0,0.2,3.8000000000000003,3.8000000000000003,11.8,75.1,194.5,0.2,0.388,0.397
GAURIKUND-2023-LS-01,Uttarakhand,landslide,B,REAL_RECONSTRUCTED,high,30.7145657,79.0682658,COARSE,3000.0,6.0,False,True,True,3369.0,19.13949204395131,188.0,GAURIKUND-2023-LS-01|pos|24,1,24.0,2023-08-02T00:00:00,1.0,0.0,0.0,0.0,2.0,2.0,7.7,46.89999999999999,181.5,0.0,0.39,0.393
GAURIKUND-2023-LS-01,Uttarakhand,landslide,B,REAL_RECONSTRUCTED,high,30.7145657,79.0682658,COARSE,3000.0,6.0,False,True,True,3369.0,19.13949204395131,188.0,GAURIKUND-2023-LS-01|pos|12,1,12.0,2023-08-02T12:00:00,1.0,0.6,0.6,0.6,0.6,2.6,8.1,30.400000000000002,178.3,0.6,0.378,0.393
GAURIKUND-2023-LS-01,Uttarakhand,landslide,B,REAL_RECONSTRUCTED,high,30.7145657,79.0682658,COARSE,3000.0,6.0,False,True,True,3369.0,19.13949204395131,188.0,GAURIKUND-2023-LS-01|pos|6,1,6.0,2023-08-02T18:00:00,1.0,0.1,1.6,5.1,5.699999999999999,5.699999999999999,11.6,32.800000000000004,179.10000000000002,1.8,0.396,0.393
GAURIKUND-2023-LS-01,Uttarakhand,landslide,B,REAL_RECONSTRUCTED,high,30.7145657,79.0682658,COARSE,3000.0,6.0,False,True,True,3369.0,19.13949204395131,188.0,GAURIKUND-2023-LS-01|neg|0,0,,2023-08-28T12:00:00,0.5,0.4,0.6000000000000001,0.6000000000000001,0.6000000000000001,12.7,21.7,129.5,225.40000000000003,0.4,0.396,0.409
GAURIKUND-2023-LS-01,Uttarakhand,landslide,B,REAL_RECONSTRUCTED,high,30.7145657,79.0682658,COARSE,3000.0,6.0,False,True,True,3369.0,19.13949204395131,188.0,GAURIKUND-2023-LS-01|neg|1,0,,2023-07-11T12:00:00,0.5,0.0,0.0,0.2,0.4,2.0999999999999996,21.4,43.599999999999994,99.0,0.1,0.41,0.42
GAURIKUND-2023-LS-01,Uttarakhand,landslide,B,REAL_RECONSTRUCTED,high,30.7145657,79.0682658,COARSE,3000.0,6.0,False,True,True,3369.0,19.13949204395131,188.0,GAURIKUND-2023-LS-01|neg|2,0,,2023-06-21T00:00:00,0.5,0.0,0.3,4.8,10.1,11.4,28.400000000000002,68.4,80.5,1.8,0.42,0.421
GAURIKUND-2023-LS-01,Uttarakhand,landslide,B,REAL_RECONSTRUCTED,high,30.7145657,79.0682658,COARSE,3000.0,6.0,False,True,True,3369.0,19.13949204395131,188.0,GAURIKUND-2023-LS-01|neg|3,0,,2023-08-28T00:00:00,0.5,0.1,0.1,0.1,12.1,12.399999999999999,21.8,131.3,228.09999999999997,0.1,0.409,0.411
GAURIKUND-2023-LS-01,Uttarakhand,landslide,B,REAL_RECONSTRUCTED,high,30.7145657,79.0682658,COARSE,3000.0,6.0,False,True,True,3369.0,19.13949204395131,188.0,GAURIKUND-2023-LS-01|neg|4,0,,2023-08-17T00:00:00,0.5,0.0,0.0,0.0,0.30000000000000004,0.30000000000000004,48.3,120.6,215.09999999999997,0.0,0.386,0.399
GAURIKUND-2023-LS-01,Uttarakhand,landslide,B,REAL_RECONSTRUCTED,high,30.7145657,79.0682658,COARSE,3000.0,6.0,False,True,True,3369.0,19.13949204395131,188.0,GAURIKUND-2023-LS-01|neg|5,0,,2023-07-03T00:00:00,0.5,0.3,1.4000000000000001,3.8000000000000003,6.2,6.3,14.3,43.7,138.0,1.1,0.408,0.392
GAURIKUND-2023-LS-01,Uttarakhand,landslide,B,REAL_RECONSTRUCTED,high,30.7145657,79.0682658,COARSE,3000.0,6.0,False,True,True,3369.0,19.13949204395131,188.0,GAURIKUND-2023-LS-01|neg|6,0,,2023-07-03T12:00:00,0.5,2.9,3.3,3.5,3.7,9.9,17.900000000000002,43.1,135.6,2.9,0.406,0.392
GAURIKUND-2023-LS-01,Uttarakhand,landslide,B,REAL_RECONSTRUCTED,high,30.7145657,79.0682658,COARSE,3000.0,6.0,False,True,True,3369.0,19.13949204395131,188.0,GAURIKUND-2023-LS-01|neg|7,0,,2023-09-17T00:00:00,0.5,0.0,0.0,0.0,0.0,0.1,1.7000000000000002,44.300000000000004,54.00000000000001,0.0,0.365,0.381
GAURIKUND-2023-LS-01,Uttarakhand,landslide,B,REAL_RECONSTRUCTED,high,30.7145657,79.0682658,COARSE,3000.0,6.0,False,True,True,3369.0,19.13949204395131,188.0,GAURIKUND-2023-LS-01|neg|8,0,,2023-06-25T12:00:00,0.5,0.2,3.3,29.2,39.8,41.7,60.900000000000006,84.60000000000001,141.2,9.9,0.426,0.427
GAURIKUND-2023-LS-01,Uttarakhand,landslide,B,REAL_RECONSTRUCTED,high,30.7145657,79.0682658,COARSE,3000.0,6.0,False,True,True,3369.0,19.13949204395131,188.0,GAURIKUND-2023-LS-01|neg|9,0,,2023-06-19T12:00:00,0.5,0.0,0.0,0.0,2.3000000000000003,10.7,24.200000000000003,66.3,69.0,0.0,0.404,0.414
GAURIKUND-2023-LS-01,Uttarakhand,landslide,B,REAL_RECONSTRUCTED,high,30.7145657,79.0682658,COARSE,3000.0,6.0,False,True,True,3369.0,19.13949204395131,188.0,GAURIKUND-2023-LS-01|neg|10,0,,2023-07-12T00:00:00,0.5,0.0,0.0,0.0,0.30000000000000004,0.7000000000000001,13.5,35.3,98.9,0.0,0.409,0.415
GAURIKUND-2023-LS-01,Uttarakhand,landslide,B,REAL_RECONSTRUCTED,high,30.7145657,79.0682658,COARSE,3000.0,6.0,False,True,True,3369.0,19.13949204395131,188.0,GAURIKUND-2023-LS-01|neg|11,0,,2023-07-18T12:00:00,0.5,0.0,0.0,0.0,3.8,18.6,24.7,33.3,89.20000000000002,0.0,0.403,0.414
GAURIKUND-2023-LS-01,Uttarakhand,landslide,B,REAL_RECONSTRUCTED,high,30.7145657,79.0682658,COARSE,3000.0,6.0,False,True,True,3369.0,19.13949204395131,188.0,GAURIKUND-2023-LS-01|neg|12,0,,2023-06-22T00:00:00,0.5,0.0,0.0,0.0,0.9,1.4,15.299999999999999,55.2,81.70000000000002,0.0,0.395,0.403
GAURIKUND-2023-LS-01,Uttarakhand,landslide,B,REAL_RECONSTRUCTED,high,30.7145657,79.0682658,COARSE,3000.0,6.0,False,True,True,3369.0,19.13949204395131,188.0,GAURIKUND-2023-LS-01|neg|13,0,,2023-06-18T00:00:00,0.5,0.2,0.2,0.2,2.0,2.2,25.4,50.0,52.2,0.2,0.393,0.398
GAURIKUND-2023-LS-01,Uttarakhand,landslide,B,REAL_RECONSTRUCTED,high,30.7145657,79.0682658,COARSE,3000.0,6.0,False,True,True,3369.0,19.13949204395131,188.0,GAURIKUND-2023-LS-01|neg|14,0,,2023-07-04T00:00:00,0.5,0.1,0.1,1.5,12.099999999999998,15.8,27.1,54.8,139.3,0.7,0.407,0.4
GAURIKUND-2023-LS-01,Uttarakhand,landslide,B,REAL_RECONSTRUCTED,high,30.7145657,79.0682658,COARSE,3000.0,6.0,False,True,True,3369.0,19.13949204395131,188.0,GAURIKUND-2023-LS-01|neg|15,0,,2023-06-07T12:00:00,0.5,0.0,0.0,0.0,0.0,0.2,0.30000000000000004,5.5,52.400000000000006,0.0,0.43,0.43
GAURIKUND-2023-LS-01,Uttarakhand,landslide,B,REAL_RECONSTRUCTED,high,30.7145657,79.0682658,COARSE,3000.0,6.0,False,True,True,3369.0,19.13949204395131,188.0,GAURIKUND-2023-LS-01|neg|16,0,,2023-06-09T00:00:00,0.5,0.0,0.0,0.0,0.0,0.0,0.2,0.8,40.5,0.0,0.419,0.424
GAURIKUND-2023-LS-01,Uttarakhand,landslide,B,REAL_RECONSTRUCTED,high,30.7145657,79.0682658,COARSE,3000.0,6.0,False,True,True,3369.0,19.13949204395131,188.0,GAURIKUND-2023-LS-01|neg|17,0,,2023-09-06T00:00:00,0.5,0.0,0.0,0.0,0.0,0.2,1.5,5.5,123.5,0.0,0.327,0.358
GAURIKUND-2023-LS-01,Uttarakhand,landslide,B,REAL_RECONSTRUCTED,high,30.7145657,79.0682658,COARSE,3000.0,6.0,False,True,True,3369.0,19.13949204395131,188.0,GAURIKUND-2023-LS-01|neg|18,0,,2023-08-26T12:00:00,0.5,0.2,0.30000000000000004,1.6,1.7000000000000002,7.199999999999999,40.7,122.0,240.89999999999998,0.8,0.398,0.409
GAURIKUND-2023-LS-01,Uttarakhand,landslide,B,REAL_RECONSTRUCTED,high,30.7145657,79.0682658,COARSE,3000.0,6.0,False,True,True,3369.0,19.13949204395131,188.0,GAURIKUND-2023-LS-01|neg|19,0,,2023-06-14T00:00:00,0.5,0.0,0.0,0.0,3.0,3.5,10.0,11.899999999999999,29.400000000000002,0.0,0.411,0.413
GAURIKUND-2023-LS-01,Uttarakhand,landslide,B,REAL_RECONSTRUCTED,high,30.7145657,79.0682658,COARSE,3000.0,6.0,False,True,True,3369.0,19.13949204395131,188.0,GAURIKUND-2023-LS-01|neg|20,0,,2023-09-01T00:00:00,0.5,0.0,0.0,0.2,1.7000000000000002,1.7000000000000002,3.2,27.9,142.5,0.2,0.36,0.374
GAURIKUND-2023-LS-01,Uttarakhand,landslide,B,REAL_RECONSTRUCTED,high,30.7145657,79.0682658,COARSE,3000.0,6.0,False,True,True,3369.0,19.13949204395131,188.0,GAURIKUND-2023-LS-01|neg|21,0,,2023-09-08T00:00:00,0.5,0.0,0.0,0.0,0.2,0.30000000000000004,0.5,3.5,53.300000000000004,0.0,0.299,0.343
GAURIKUND-2023-LS-01,Uttarakhand,landslide,B,REAL_RECONSTRUCTED,high,30.7145657,79.0682658,COARSE,3000.0,6.0,False,True,True,3369.0,19.13949204395131,188.0,GAURIKUND-2023-LS-01|neg|22,0,,2023-06-14T12:00:00,0.5,0.2,0.4,0.5,0.5,3.5,10.5,12.4,28.700000000000003,0.2,0.404,0.411
GAURIKUND-2023-LS-01,Uttarakhand,landslide,B,REAL_RECONSTRUCTED,high,30.7145657,79.0682658,COARSE,3000.0,6.0,False,True,True,3369.0,19.13949204395131,188.0,GAURIKUND-2023-LS-01|neg|23,0,,2023-08-24T00:00:00,0.5,2.8,7.5,9.399999999999999,10.899999999999999,43.099999999999994,87.60000000000001,92.7,217.5,3.0,0.43,0.43
GAURIKUND-2023-LS-01,Uttarakhand,landslide,B,REAL_RECONSTRUCTED,high,30.7145657,79.0682658,COARSE,3000.0,6.0,False,True,True,3369.0,19.13949204395131,188.0,GAURIKUND-2023-LS-01|neg|24,0,,2023-06-08T00:00:00,0.5,0.0,0.0,0.0,0.0,0.0,0.30000000000000004,1.3,52.2,0.0,0.42,0.424
DHARALI-2025-FF-01,Uttarakhand,flash_flood,B,REAL_RECONSTRUCTED,critical,31.0333,78.7333,MANUAL,5000.0,0.5,True,False,True,2675.0,37.856031434808486,323.0,DHARALI-2025-FF-01|pos|72,1,72.0,2025-08-02T13:00:00,1.0,0.3,0.7,0.7,0.7,1.9,11.200000000000001,59.800000000000004,122.4,0.3,0.382,0.394
DHARALI-2025-FF-01,Uttarakhand,flash_flood,B,REAL_RECONSTRUCTED,critical,31.0333,78.7333,MANUAL,5000.0,0.5,True,False,True,2675.0,37.856031434808486,323.0,DHARALI-2025-FF-01|pos|48,1,48.0,2025-08-03T13:00:00,1.0,0.4,1.1,1.1,1.1,2.2,10.800000000000002,61.5,114.1,0.4,0.379,0.387
DHARALI-2025-FF-01,Uttarakhand,flash_flood,B,REAL_RECONSTRUCTED,critical,31.0333,78.7333,MANUAL,5000.0,0.5,True,False,True,2675.0,37.856031434808486,323.0,DHARALI-2025-FF-01|pos|24,1,24.0,2025-08-04T13:00:00,1.0,0.1,0.2,0.7999999999999999,1.1,4.3999999999999995,8.5,58.2,114.8,0.3,0.387,0.387
DHARALI-2025-FF-01,Uttarakhand,flash_flood,B,REAL_RECONSTRUCTED,critical,31.0333,78.7333,MANUAL,5000.0,0.5,True,False,True,2675.0,37.856031434808486,323.0,DHARALI-2025-FF-01|pos|12,1,12.0,2025-08-05T01:00:00,1.0,0.0,0.0,0.0,2.2,3.3,9.5,47.9,104.5,0.0,0.387,0.387
DHARALI-2025-FF-01,Uttarakhand,flash_flood,B,REAL_RECONSTRUCTED,critical,31.0333,78.7333,MANUAL,5000.0,0.5,True,False,True,2675.0,37.856031434808486,323.0,DHARALI-2025-FF-01|pos|6,1,6.0,2025-08-05T07:00:00,1.0,0.0,0.0,0.0,0.0,3.0,9.5,33.7,97.8,0.0,0.386,0.388
DHARALI-2025-FF-01,Uttarakhand,flash_flood,B,REAL_RECONSTRUCTED,critical,31.0333,78.7333,MANUAL,5000.0,0.5,True,False,True,2675.0,37.856031434808486,323.0,DHARALI-2025-FF-01|pos|3,1,3.0,2025-08-05T10:00:00,1.0,0.2,0.2,0.2,0.2,2.6,9.7,29.3,89.5,0.2,0.385,0.387
DHARALI-2025-FF-01,Uttarakhand,flash_flood,B,REAL_RECONSTRUCTED,critical,31.0333,78.7333,MANUAL,5000.0,0.5,True,False,True,2675.0,37.856031434808486,323.0,DHARALI-2025-FF-01|pos|1,1,1.0,2025-08-05T12:00:00,1.0,0.3,0.8,0.8,0.8,3.1,9.899999999999999,28.900000000000002,87.7,0.3,0.386,0.387
DHARALI-2025-FF-01,Uttarakhand,flash_flood,B,REAL_RECONSTRUCTED,critical,31.0333,78.7333,MANUAL,5000.0,0.5,True,False,True,2675.0,37.856031434808486,323.0,DHARALI-2025-FF-01|neg|0,0,,2025-07-05T13:00:00,0.5,0.0,0.1,0.1,0.1,3.6999999999999997,39.0,85.9,176.59999999999997,0.1,0.403,0.411
DHARALI-2025-FF-01,Uttarakhand,flash_flood,B,REAL_RECONSTRUCTED,critical,31.0333,78.7333,MANUAL,5000.0,0.5,True,False,True,2675.0,37.856031434808486,323.0,DHARALI-2025-FF-01|neg|1,0,,2025-07-11T01:00:00,0.5,1.1,2.1,2.3000000000000003,4.3,15.4,27.799999999999997,62.0,181.10000000000002,1.1,0.425,0.422
DHARALI-2025-FF-01,Uttarakhand,flash_flood,B,REAL_RECONSTRUCTED,critical,31.0333,78.7333,MANUAL,5000.0,0.5,True,False,True,2675.0,37.856031434808486,323.0,DHARALI-2025-FF-01|neg|2,0,,2025-07-17T01:00:00,0.5,0.5,2.1,3.3999999999999995,4.3,5.8,30.9,67.7,149.7,0.8,0.413,0.406
DHARALI-2025-FF-01,Uttarakhand,flash_flood,B,REAL_RECONSTRUCTED,critical,31.0333,78.7333,MANUAL,5000.0,0.5,True,False,True,2675.0,37.856031434808486,323.0,DHARALI-2025-FF-01|neg|3,0,,2025-08-31T13:00:00,0.5,0.3,1.2,6.0,9.100000000000001,18.1,66.1,77.1,114.30000000000001,2.0,0.423,0.424
DHARALI-2025-FF-01,Uttarakhand,flash_flood,B,REAL_RECONSTRUCTED,critical,31.0333,78.7333,MANUAL,5000.0,0.5,True,False,True,2675.0,37.856031434808486,323.0,DHARALI-2025-FF-01|neg|4,0,,2025-08-21T01:00:00,0.5,0.0,0.0,0.0,0.5,5.800000000000001,20.6,44.099999999999994,95.8,0.0,0.389,0.398
DHARALI-2025-FF-01,Uttarakhand,flash_flood,B,REAL_RECONSTRUCTED,critical,31.0333,78.7333,MANUAL,5000.0,0.5,True,False,True,2675.0,37.856031434808486,323.0,DHARALI-2025-FF-01|neg|5,0,,2025-06-06T13:00:00,0.5,0.1,1.4000000000000001,1.6,1.6,3.9000000000000004,13.100000000000001,41.1,53.2,1.0,0.427,0.424
DHARALI-2025-FF-01,Uttarakhand,flash_flood,B,REAL_RECONSTRUCTED,critical,31.0333,78.7333,MANUAL,5000.0,0.5,True,False,True,2675.0,37.856031434808486,323.0,DHARALI-2025-FF-01|neg|6,0,,2025-09-08T01:00:00,0.5,0.0,0.0,0.0,7.4,8.8,24.0,106.79999999999998,199.7,0.0,0.4,0.405
DHARALI-2025-FF-01,Uttarakhand,flash_flood,B,REAL_RECONSTRUCTED,critical,31.0333,78.7333,MANUAL,5000.0,0.5,True,False,True,2675.0,37.856031434808486,323.0,DHARALI-2025-FF-01|neg|7,0,,2025-06-29T01:00:00,0.5,0.0,0.3,6.3999999999999995,10.900000000000002,11.8,48.400000000000006,87.6,123.60000000000001,3.2,0.42,0.421
DHARALI-2025-FF-01,Uttarakhand,flash_flood,B,REAL_RECONSTRUCTED,critical,31.0333,78.7333,MANUAL,5000.0,0.5,True,False,True,2675.0,37.856031434808486,323.0,DHARALI-2025-FF-01|neg|8,0,,2025-07-10T13:00:00,0.5,0.8,2.4000000000000004,6.8,11.100000000000001,17.700000000000003,27.3,84.6,178.60000000000002,1.7,0.426,0.426
DHARALI-2025-FF-01,Uttarakhand,flash_flood,B,REAL_RECONSTRUCTED,critical,31.0333,78.7333,MANUAL,5000.0,0.5,True,False,True,2675.0,37.856031434808486,323.0,DHARALI-2025-FF-01|neg|9,0,,2025-08-30T01:00:00,0.5,8.5,19.0,26.3,29.700000000000003,30.900000000000002,34.3,48.300000000000004,88.2,8.5,0.43,0.43
DHARALI-2025-FF-01,Uttarakhand,flash_flood,B,REAL_RECONSTRUCTED,critical,31.0333,78.7333,MANUAL,5000.0,0.5,True,False,True,2675.0,37.856031434808486,323.0,DHARALI-2025-FF-01|neg|10,0,,2025-09-08T13:00:00,0.5,0.5,0.9,0.9,0.9,8.3,24.6,82.7,197.29999999999998,0.5,0.394,0.401
DHARALI-2025-FF-01,Uttarakhand,flash_flood,B,REAL_RECONSTRUCTED,critical,31.0333,78.7333,MANUAL,5000.0,0.5,True,False,True,2675.0,37.856031434808486,323.0,DHARALI-2025-FF-01|neg|11,0,,2025-06-23T13:00:00,0.5,0.3,0.5,0.5,0.7,1.6,18.200000000000003,37.1,48.3,0.3,0.401,0.406
DHARALI-2025-FF-01,Uttarakhand,flash_flood,B,REAL_RECONSTRUCTED,critical,31.0333,78.7333,MANUAL,5000.0,0.5,True,False,True,2675.0,37.856031434808486,323.0,DHARALI-2025-FF-01|neg|12,0,,2025-07-16T01:00:00,0.5,0.0,0.2,0.6,6.5,8.0,40.3,73.2,146.2,0.2,0.408,0.411
DHARALI-2025-FF-01,Uttarakhand,flash_flood,B,REAL_RECONSTRUCTED,critical,31.0333,78.7333,MANUAL,5000.0,0.5,True,False,True,2675.0,37.856031434808486,323.0,DHARALI-2025-FF-01|neg|13,0,,2025-07-18T01:00:00,0.5,0.8,2.2,2.3,2.8,5.2,19.0,57.5,150.1,0.9,0.41,0.406
DHARALI-2025-FF-01,Uttarakhand,flash_flood,B,REAL_RECONSTRUCTED,critical,31.0333,78.7333,MANUAL,5000.0,0.5,True,False,True,2675.0,37.856031434808486,323.0,DHARALI-2025-FF-01|neg|14,0,,2025-07-02T13:00:00,0.5,0.1,0.2,0.6,0.7,1.7000000000000002,34.5,86.2,153.20000000000002,0.3,0.398,0.405
DHARALI-2025-FF-01,Uttarakhand,flash_flood,B,REAL_RECONSTRUCTED,critical,31.0333,78.7333,MANUAL,5000.0,0.5,True,False,True,2675.0,37.856031434808486,323.0,DHARALI-2025-FF-01|neg|15,0,,2025-08-19T13:00:00,0.5,0.2,1.3,1.3,1.3,1.5,14.8,40.0,101.30000000000001,0.8,0.399,0.405
DHARALI-2025-FF-01,Uttarakhand,flash_flood,B,REAL_RECONSTRUCTED,critical,31.0333,78.7333,MANUAL,5000.0,0.5,True,False,True,2675.0,37.856031434808486,323.0,DHARALI-2025-FF-01|neg|16,0,,2025-07-03T01:00:00,0.5,1.4,2.5,2.8,4.1,4.8,28.3,88.5,154.4,1.4,0.408,0.401
DHARALI-2025-FF-01,Uttarakhand,flash_flood,B,REAL_RECONSTRUCTED,critical,31.0333,78.7333,MANUAL,5000.0,0.5,True,False,True,2675.0,37.856031434808486,323.0,DHARALI-2025-FF-01|neg|17,0,,2025-07-06T01:00:00,0.5,0.4,4.1000000000000005,4.3,4.4,4.5,39.3,79.4,174.7,2.0,0.416,0.406
DHARALI-2025-FF-01,Uttarakhand,flash_flood,B,REAL_RECONSTRUCTED,critical,31.0333,78.7333,MANUAL,5000.0,0.5,True,False,True,2675.0,37.856031434808486,323.0,DHARALI-2025-FF-01|neg|18,0,,2025-06-08T01:00:00,0.5,0.0,0.0,0.0,0.30000000000000004,0.7000000000000001,8.0,37.900000000000006,54.30000000000001,0.0,0.409,0.414
DHARALI-2025-FF-01,Uttarakhand,flash_flood,B,REAL_RECONSTRUCTED,critical,31.0333,78.7333,MANUAL,5000.0,0.5,True,False,True,2675.0,37.856031434808486,323.0,DHARALI-2025-FF-01|neg|19,0,,2025-09-16T01:00:00,0.5,0.0,0.0,0.0,0.30000000000000004,0.6000000000000001,8.5,20.700000000000003,130.49999999999997,0.0,0.391,0.394
DHARALI-2025-FF-01,Uttarakhand,flash_flood,B,REAL_RECONSTRUCTED,critical,31.0333,78.7333,MANUAL,5000.0,0.5,True,False,True,2675.0,37.856031434808486,323.0,DHARALI-2025-FF-01|neg|20,0,,2025-08-27T13:00:00,0.5,0.2,0.4,0.4,0.4,1.5,8.8,16.2,71.2,0.2,0.377,0.392
DHARALI-2025-FF-01,Uttarakhand,flash_flood,B,REAL_RECONSTRUCTED,critical,31.0333,78.7333,MANUAL,5000.0,0.5,True,False,True,2675.0,37.856031434808486,323.0,DHARALI-2025-FF-01|neg|21,0,,2025-09-04T13:00:00,0.5,0.8,1.2000000000000002,1.8,6.0,13.500000000000002,55.599999999999994,159.2,177.6,0.8,0.42,0.423
DHARALI-2025-FF-01,Uttarakhand,flash_flood,B,REAL_RECONSTRUCTED,critical,31.0333,78.7333,MANUAL,5000.0,0.5,True,False,True,2675.0,37.856031434808486,323.0,DHARALI-2025-FF-01|neg|22,0,,2025-09-01T13:00:00,0.5,4.6,14.1,16.9,25.0,37.5,101.6,110.89999999999999,149.9,5.0,0.43,0.43
DHARALI-2025-FF-01,Uttarakhand,flash_flood,B,REAL_RECONSTRUCTED,critical,31.0333,78.7333,MANUAL,5000.0,0.5,True,False,True,2675.0,37.856031434808486,323.0,DHARALI-2025-FF-01|neg|23,0,,2025-06-24T13:00:00,0.5,0.3,0.4,0.4,0.4,4.699999999999999,15.6,38.5,52.0,0.3,0.393,0.399
DHARALI-2025-FF-01,Uttarakhand,flash_flood,B,REAL_RECONSTRUCTED,critical,31.0333,78.7333,MANUAL,5000.0,0.5,True,False,True,2675.0,37.856031434808486,323.0,DHARALI-2025-FF-01|neg|24,0,,2025-07-13T13:00:00,0.5,0.3,4.3999999999999995,4.5,4.5,4.800000000000001,15.0,64.0,154.3,3.3,0.41,0.404
DHARALI-2025-FF-01,Uttarakhand,flash_flood,B,REAL_RECONSTRUCTED,critical,31.0333,78.7333,MANUAL,5000.0,0.5,True,False,True,2675.0,37.856031434808486,323.0,DHARALI-2025-FF-01|neg|25,0,,2025-06-14T13:00:00,0.5,0.2,1.0999999999999999,1.0999999999999999,1.0999999999999999,4.4,6.6,10.2,52.2,0.7,0.366,0.369
DHARALI-2025-FF-01,Uttarakhand,flash_flood,B,REAL_RECONSTRUCTED,critical,31.0333,78.7333,MANUAL,5000.0,0.5,True,False,True,2675.0,37.856031434808486,323.0,DHARALI-2025-FF-01|neg|26,0,,2025-09-14T13:00:00,0.5,0.3,1.4000000000000001,1.5000000000000002,1.8,3.7,6.5,27.1,157.10000000000002,1.1,0.383,0.385
DHARALI-2025-FF-01,Uttarakhand,flash_flood,B,REAL_RECONSTRUCTED,critical,31.0333,78.7333,MANUAL,5000.0,0.5,True,False,True,2675.0,37.856031434808486,323.0,DHARALI-2025-FF-01|neg|27,0,,2025-07-10T01:00:00,0.5,1.0,3.2,3.9,6.6000000000000005,11.3,17.299999999999997,77.19999999999999,185.2,1.2,0.42,0.407
DHARALI-2025-FF-01,Uttarakhand,flash_flood,B,REAL_RECONSTRUCTED,critical,31.0333,78.7333,MANUAL,5000.0,0.5,True,False,True,2675.0,37.856031434808486,323.0,DHARALI-2025-FF-01|neg|28,0,,2025-08-27T01:00:00,0.5,0.0,0.0,0.0,1.1,2.7,11.7,21.1,72.0,0.0,0.395,0.398
DHARALI-2025-FF-01,Uttarakhand,flash_flood,B,REAL_RECONSTRUCTED,critical,31.0333,78.7333,MANUAL,5000.0,0.5,True,False,True,2675.0,37.856031434808486,323.0,DHARALI-2025-FF-01|neg|29,0,,2025-06-07T01:00:00,0.5,0.0,0.0,0.0,0.5,2.1,12.600000000000001,41.4,53.6,0.0,0.417,0.422
DHARALI-2025-FF-01,Uttarakhand,flash_flood,B,REAL_RECONSTRUCTED,critical,31.0333,78.7333,MANUAL,5000.0,0.5,True,False,True,2675.0,37.856031434808486,323.0,DHARALI-2025-FF-01|neg|30,0,,2025-06-27T13:00:00,0.5,0.3,1.0,2.4,14.800000000000002,15.400000000000002,52.8,75.7,102.6,1.1,0.406,0.402
DHARALI-2025-FF-01,Uttarakhand,flash_flood,B,REAL_RECONSTRUCTED,critical,31.0333,78.7333,MANUAL,5000.0,0.5,True,False,True,2675.0,37.856031434808486,323.0,DHARALI-2025-FF-01|neg|31,0,,2025-08-23T13:00:00,0.5,0.2,0.30000000000000004,0.30000000000000004,0.30000000000000004,0.5,2.1,31.900000000000002,85.9,0.2,0.382,0.388
DHARALI-2025-FF-01,Uttarakhand,flash_flood,B,REAL_RECONSTRUCTED,critical,31.0333,78.7333,MANUAL,5000.0,0.5,True,False,True,2675.0,37.856031434808486,323.0,DHARALI-2025-FF-01|neg|32,0,,2025-09-18T01:00:00,0.5,0.0,0.0,0.0,0.1,0.5,5.0,15.4,74.80000000000001,0.0,0.385,0.392
DHARALI-2025-FF-01,Uttarakhand,flash_flood,B,REAL_RECONSTRUCTED,critical,31.0333,78.7333,MANUAL,5000.0,0.5,True,False,True,2675.0,37.856031434808486,323.0,DHARALI-2025-FF-01|neg|33,0,,2025-08-24T13:00:00,0.5,0.3,0.7,1.2,3.3000000000000007,5.300000000000001,6.500000000000001,35.3,76.1,0.3,0.399,0.4
DHARALI-2025-FF-01,Uttarakhand,flash_flood,B,REAL_RECONSTRUCTED,critical,31.0333,78.7333,MANUAL,5000.0,0.5,True,False,True,2675.0,37.856031434808486,323.0,DHARALI-2025-FF-01|neg|34,0,,2025-07-08T01:00:00,0.5,0.0,0.0,0.0,3.8,4.9,30.000000000000004,71.9,189.0,0.0,0.408,0.411
THARALI-2025-FF-01,Uttarakhand,flash_flood,C,REAL_RECONSTRUCTED,moderate,30.0745,79.5,MANUAL,3000.0,6.0,False,True,True,1256.0,5.362623207257391,81.0,THARALI-2025-FF-01|pos|72,1,72.0,2025-08-19T00:00:00,1.0,0.0,0.0,0.0,0.4,4.7,22.8,62.400000000000006,193.60000000000002,0.0,0.475,0.48
THARALI-2025-FF-01,Uttarakhand,flash_flood,C,REAL_RECONSTRUCTED,moderate,30.0745,79.5,MANUAL,3000.0,6.0,False,True,True,1256.0,5.362623207257391,81.0,THARALI-2025-FF-01|pos|48,1,48.0,2025-08-20T00:00:00,1.0,0.1,0.1,0.1,1.6,1.9000000000000001,15.000000000000002,60.60000000000001,187.0,0.1,0.471,0.473
THARALI-2025-FF-01,Uttarakhand,flash_flood,C,REAL_RECONSTRUCTED,moderate,30.0745,79.5,MANUAL,3000.0,6.0,False,True,True,1256.0,5.362623207257391,81.0,THARALI-2025-FF-01|pos|24,1,24.0,2025-08-21T00:00:00,1.0,0.0,0.0,0.0,0.8,2.3000000000000003,8.9,44.5,167.89999999999998,0.0,0.482,0.476
THARALI-2025-FF-01,Uttarakhand,flash_flood,C,REAL_RECONSTRUCTED,moderate,30.0745,79.5,MANUAL,3000.0,6.0,False,True,True,1256.0,5.362623207257391,81.0,THARALI-2025-FF-01|pos|12,1,12.0,2025-08-21T12:00:00,1.0,0.4,0.7000000000000001,0.7000000000000001,0.8,1.6,5.4,36.7,135.0,0.4,0.471,0.473
THARALI-2025-FF-01,Uttarakhand,flash_flood,C,REAL_RECONSTRUCTED,moderate,30.0745,79.5,MANUAL,3000.0,6.0,False,True,True,1256.0,5.362623207257391,81.0,THARALI-2025-FF-01|pos|6,1,6.0,2025-08-21T18:00:00,1.0,0.0,0.4,1.4,2.1,2.2,6.4,36.9,133.20000000000002,0.5,0.489,0.472
THARALI-2025-FF-01,Uttarakhand,flash_flood,C,REAL_RECONSTRUCTED,moderate,30.0745,79.5,MANUAL,3000.0,6.0,False,True,True,1256.0,5.362623207257391,81.0,THARALI-2025-FF-01|neg|0,0,,2025-06-26T12:00:00,0.5,0.9,1.2,1.2,3.8,6.1,33.5,63.39999999999999,81.5,0.9,0.489,0.493
THARALI-2025-FF-01,Uttarakhand,flash_flood,C,REAL_RECONSTRUCTED,moderate,30.0745,79.5,MANUAL,3000.0,6.0,False,True,True,1256.0,5.362623207257391,81.0,THARALI-2025-FF-01|neg|1,0,,2025-07-14T12:00:00,0.5,0.4,0.7000000000000001,0.7000000000000001,0.7000000000000001,2.4000000000000004,20.4,56.99999999999999,131.29999999999998,0.4,0.459,0.472
THARALI-2025-FF-01,Uttarakhand,flash_flood,C,REAL_RECONSTRUCTED,moderate,30.0745,79.5,MANUAL,3000.0,6.0,False,True,True,1256.0,5.362623207257391,81.0,THARALI-2025-FF-01|neg|2,0,,2025-07-19T12:00:00,0.5,0.0,0.0,0.0,0.0,1.6,20.0,45.199999999999996,116.49999999999999,0.0,0.463,0.48
THARALI-2025-FF-01,Uttarakhand,flash_flood,C,REAL_RECONSTRUCTED,moderate,30.0745,79.5,MANUAL,3000.0,6.0,False,True,True,1256.0,5.362623207257391,81.0,THARALI-2025-FF-01|neg|3,0,,2025-09-06T00:00:00,0.5,0.0,0.0,1.8000000000000003,2.0,2.6000000000000005,8.700000000000001,91.1,149.9,1.3,0.484,0.474
THARALI-2025-FF-01,Uttarakhand,flash_flood,C,REAL_RECONSTRUCTED,moderate,30.0745,79.5,MANUAL,3000.0,6.0,False,True,True,1256.0,5.362623207257391,81.0,THARALI-2025-FF-01|neg|4,0,,2025-08-05T12:00:00,0.5,1.5,3.8,4.3,4.3,10.1,19.0,43.3,98.80000000000001,2.0,0.509,0.497
THARALI-2025-FF-01,Uttarakhand,flash_flood,C,REAL_RECONSTRUCTED,moderate,30.0745,79.5,MANUAL,3000.0,6.0,False,True,True,1256.0,5.362623207257391,81.0,THARALI-2025-FF-01|neg|5,0,,2025-07-31T12:00:00,0.5,0.1,0.7000000000000001,1.0,1.4000000000000004,4.700000000000001,45.1,58.300000000000004,120.8,0.4,0.494,0.5
THARALI-2025-FF-01,Uttarakhand,flash_flood,C,REAL_RECONSTRUCTED,moderate,30.0745,79.5,MANUAL,3000.0,6.0,False,True,True,1256.0,5.362623207257391,81.0,THARALI-2025-FF-01|neg|6,0,,2025-08-03T00:00:00,0.5,0.0,0.0,0.1,2.1,4.199999999999999,20.1,71.3,119.5,0.1,0.484,0.492
THARALI-2025-FF-01,Uttarakhand,flash_flood,C,REAL_RECONSTRUCTED,moderate,30.0745,79.5,MANUAL,3000.0,6.0,False,True,True,1256.0,5.362623207257391,81.0,THARALI-2025-FF-01|neg|7,0,,2025-06-25T00:00:00,0.5,0.7,1.7,1.8,4.0,7.5,24.799999999999997,45.099999999999994,62.39999999999999,0.7,0.487,0.457
THARALI-2025-FF-01,Uttarakhand,flash_flood,C,REAL_RECONSTRUCTED,moderate,30.0745,79.5,MANUAL,3000.0,6.0,False,True,True,1256.0,5.362623207257391,81.0,THARALI-2025-FF-01|neg|8,0,,2025-07-15T12:00:00,0.5,0.4,0.5,0.5,0.5,3.9000000000000004,20.799999999999997,52.4,122.9,0.4,0.449,0.464
THARALI-2025-FF-01,Uttarakhand,flash_flood,C,REAL_RECONSTRUCTED,moderate,30.0745,79.5,MANUAL,3000.0,6.0,False,True,True,1256.0,5.362623207257391,81.0,THARALI-2025-FF-01|neg|9,0,,2025-07-26T00:00:00,0.5,0.0,0.0,0.2,2.8,3.0,8.200000000000001,46.199999999999996,97.19999999999999,0.2,0.462,0.47
THARALI-2025-FF-01,Uttarakhand,flash_flood,C,REAL_RECONSTRUCTED,moderate,30.0745,79.5,MANUAL,3000.0,6.0,False,True,True,1256.0,5.362623207257391,81.0,THARALI-2025-FF-01|neg|10,0,,2025-06-26T00:00:00,0.5,1.0,1.3,1.3,2.3,17.3,33.3,60.3,79.2,1.0,0.503,0.501
THARALI-2025-FF-01,Uttarakhand,flash_flood,C,REAL_RECONSTRUCTED,moderate,30.0745,79.5,MANUAL,3000.0,6.0,False,True,True,1256.0,5.362623207257391,81.0,THARALI-2025-FF-01|neg|11,0,,2025-07-09T12:00:00,0.5,0.7,0.7999999999999999,0.7999999999999999,1.4,8.3,40.7,73.2,177.3,0.7,0.493,0.501
THARALI-2025-FF-01,Uttarakhand,flash_flood,C,REAL_RECONSTRUCTED,moderate,30.0745,79.5,MANUAL,3000.0,6.0,False,True,True,1256.0,5.362623207257391,81.0,THARALI-2025-FF-01|neg|12,0,,2025-06-24T00:00:00,0.5,0.9,1.7999999999999998,2.2,4.9,8.5,19.4,39.7,55.4,0.9,0.485,0.445
THARALI-2025-FF-01,Uttarakhand,flash_flood,C,REAL_RECONSTRUCTED,moderate,30.0745,79.5,MANUAL,3000.0,6.0,False,True,True,1256.0,5.362623207257391,81.0,THARALI-2025-FF-01|neg|13,0,,2025-09-22T12:00:00,0.5,0.0,0.0,0.0,0.0,0.1,2.9,15.1,47.1,0.0,0.431,0.454
THARALI-2025-FF-01,Uttarakhand,flash_flood,C,REAL_RECONSTRUCTED,moderate,30.0745,79.5,MANUAL,3000.0,6.0,False,True,True,1256.0,5.362623207257391,81.0,THARALI-2025-FF-01|neg|14,0,,2025-08-06T00:00:00,0.5,0.1,0.7,4.6,17.1,21.4,34.0,58.3,115.7,1.5,0.507,0.515
THARALI-2025-FF-01,Uttarakhand,flash_flood,C,REAL_RECONSTRUCTED,moderate,30.0745,79.5,MANUAL,3000.0,6.0,False,True,True,1256.0,5.362623207257391,81.0,THARALI-2025-FF-01|neg|15,0,,2025-07-10T12:00:00,0.5,0.6,1.1,1.7999999999999998,3.9000000000000004,15.3,32.099999999999994,73.29999999999998,173.6,0.6,0.503,0.511
THARALI-2025-FF-01,Uttarakhand,flash_flood,C,REAL_RECONSTRUCTED,moderate,30.0745,79.5,MANUAL,3000.0,6.0,False,True,True,1256.0,5.362623207257391,81.0,THARALI-2025-FF-01|neg|16,0,,2025-07-30T12:00:00,0.5,0.3,0.3,0.3,0.8999999999999999,3.0,45.2,57.4,120.5,0.3,0.492,0.502
THARALI-2025-FF-01,Uttarakhand,flash_flood,C,REAL_RECONSTRUCTED,moderate,30.0745,79.5,MANUAL,3000.0,6.0,False,True,True,1256.0,5.362623207257391,81.0,THARALI-2025-FF-01|neg|17,0,,2025-09-15T00:00:00,0.5,0.1,0.30000000000000004,0.6,2.1,3.9000000000000004,13.799999999999999,22.6,109.3,0.3,0.455,0.454
THARALI-2025-FF-01,Uttarakhand,flash_flood,C,REAL_RECONSTRUCTED,moderate,30.0745,79.5,MANUAL,3000.0,6.0,False,True,True,1256.0,5.362623207257391,81.0,THARALI-2025-FF-01|neg|18,0,,2025-09-16T00:00:00,0.5,0.0,0.0,0.0,0.8,9.4,15.9,28.1,108.19999999999999,0.0,0.464,0.455
THARALI-2025-FF-01,Uttarakhand,flash_flood,C,REAL_RECONSTRUCTED,moderate,30.0745,79.5,MANUAL,3000.0,6.0,False,True,True,1256.0,5.362623207257391,81.0,THARALI-2025-FF-01|neg|19,0,,2025-06-28T00:00:00,0.5,4.4,4.9,5.0,15.3,19.4,43.9,70.8,101.0,4.4,0.518,0.508
THARALI-2025-FF-01,Uttarakhand,flash_flood,C,REAL_RECONSTRUCTED,moderate,30.0745,79.5,MANUAL,3000.0,6.0,False,True,True,1256.0,5.362623207257391,81.0,THARALI-2025-FF-01|neg|20,0,,2025-09-13T12:00:00,0.5,0.0,0.0,0.2,0.7,7.500000000000001,11.5,19.2,115.20000000000002,0.2,0.448,0.451
THARALI-2025-FF-01,Uttarakhand,flash_flood,C,REAL_RECONSTRUCTED,moderate,30.0745,79.5,MANUAL,3000.0,6.0,False,True,True,1256.0,5.362623207257391,81.0,THARALI-2025-FF-01|neg|21,0,,2025-10-02T12:00:00,0.5,0.2,0.2,0.2,0.2,1.5,2.5,3.0,12.100000000000001,0.2,0.363,0.398
THARALI-2025-FF-01,Uttarakhand,flash_flood,C,REAL_RECONSTRUCTED,moderate,30.0745,79.5,MANUAL,3000.0,6.0,False,True,True,1256.0,5.362623207257391,81.0,THARALI-2025-FF-01|neg|22,0,,2025-09-09T00:00:00,0.5,0.0,0.0,0.0,3.0999999999999996,3.8999999999999995,6.4,38.400000000000006,135.1,0.0,0.48,0.466
THARALI-2025-FF-01,Uttarakhand,flash_flood,C,REAL_RECONSTRUCTED,moderate,30.0745,79.5,MANUAL,3000.0,6.0,False,True,True,1256.0,5.362623207257391,81.0,THARALI-2025-FF-01|neg|23,0,,2025-07-25T00:00:00,0.5,0.0,0.0,0.0,0.7,3.7,5.4,46.1,100.3,0.0,0.467,0.479
THARALI-2025-FF-01,Uttarakhand,flash_flood,C,REAL_RECONSTRUCTED,moderate,30.0745,79.5,MANUAL,3000.0,6.0,False,True,True,1256.0,5.362623207257391,81.0,THARALI-2025-FF-01|neg|24,0,,2025-07-14T00:00:00,0.5,0.1,0.30000000000000004,0.30000000000000004,1.7000000000000004,2.9000000000000004,21.999999999999996,77.99999999999999,142.39999999999998,0.1,0.465,0.475
MIRIK-2015-LS-01,Sikkim / Darjeeling,landslide,B,REAL_RECONSTRUCTED,high,26.8881872,88.1888396,OK,10000.0,6.0,False,False,False,1598.0,4.902220089025776,69.0,MIRIK-2015-LS-01|pos|72,1,72.0,2015-06-27T00:00:00,1.0,2.4,4.5,4.5,5.0,6.0,26.900000000000002,111.2,297.1,2.4,0.425,0.419
MIRIK-2015-LS-01,Sikkim / Darjeeling,landslide,B,REAL_RECONSTRUCTED,high,26.8881872,88.1888396,OK,10000.0,6.0,False,False,False,1598.0,4.902220089025776,69.0,MIRIK-2015-LS-01|pos|48,1,48.0,2015-06-28T00:00:00,1.0,0.8,2.3,2.8,4.6,14.3,32.6,123.30000000000001,281.3,0.9,0.43,0.43
MIRIK-2015-LS-01,Sikkim / Darjeeling,landslide,B,REAL_RECONSTRUCTED,high,26.8881872,88.1888396,OK,10000.0,6.0,False,False,False,1598.0,4.902220089025776,69.0,MIRIK-2015-LS-01|pos|24,1,24.0,2015-06-29T00:00:00,1.0,0.4,3.9,7.5,10.5,30.699999999999996,51.0,139.0,292.2,1.9,0.426,0.427
MIRIK-2015-LS-01,Sikkim / Darjeeling,landslide,B,REAL_RECONSTRUCTED,high,26.8881872,88.1888396,OK,10000.0,6.0,False,False,False,1598.0,4.902220089025776,69.0,MIRIK-2015-LS-01|pos|12,1,12.0,2015-06-29T12:00:00,1.0,0.3,0.5,0.5,3.3,13.799999999999999,53.300000000000004,114.3,260.6,0.3,0.42,0.42
MIRIK-2015-LS-01,Sikkim / Darjeeling,landslide,B,REAL_RECONSTRUCTED,high,26.8881872,88.1888396,OK,10000.0,6.0,False,False,False,1598.0,4.902220089025776,69.0,MIRIK-2015-LS-01|pos|6,1,6.0,2015-06-29T18:00:00,1.0,0.3,1.1,2.3,2.8,13.1,55.1,113.8,257.2,0.7,0.423,0.426
MIRIK-2015-LS-01,Sikkim / Darjeeling,landslide,B,REAL_RECONSTRUCTED,high,26.8881872,88.1888396,OK,10000.0,6.0,False,False,False,1598.0,4.902220089025776,69.0,MIRIK-2015-LS-01|neg|0,0,,2015-06-02T00:00:00,0.5,0.0,0.0,1.9000000000000001,12.099999999999998,18.0,59.400000000000006,125.0,221.70000000000002,1.1,0.42,0.425
MIRIK-2015-LS-01,Sikkim / Darjeeling,landslide,B,REAL_RECONSTRUCTED,high,26.8881872,88.1888396,OK,10000.0,6.0,False,False,False,1598.0,4.902220089025776,69.0,MIRIK-2015-LS-01|neg|1,0,,2015-07-16T00:00:00,0.5,0.1,0.30000000000000004,0.9,13.1,29.5,42.7,129.10000000000002,269.2,0.3,0.421,0.424
MIRIK-2015-LS-01,Sikkim / Darjeeling,landslide,B,REAL_RECONSTRUCTED,high,26.8881872,88.1888396,OK,10000.0,6.0,False,False,False,1598.0,4.902220089025776,69.0,MIRIK-2015-LS-01|neg|2,0,,2015-07-15T12:00:00,0.5,3.0,8.0,12.3,16.400000000000002,21.3,31.200000000000003,118.0,267.8,3.0,0.43,0.43
MIRIK-2015-LS-01,Sikkim / Darjeeling,landslide,B,REAL_RECONSTRUCTED,high,26.8881872,88.1888396,OK,10000.0,6.0,False,False,False,1598.0,4.902220089025776,69.0,MIRIK-2015-LS-01|neg|3,0,,2015-06-15T12:00:00,0.5,1.2,3.5,3.8,3.8,13.7,85.0,158.9,255.79999999999998,2.0,0.43,0.422
MIRIK-2015-LS-01,Sikkim / Darjeeling,landslide,B,REAL_RECONSTRUCTED,high,26.8881872,88.1888396,OK,10000.0,6.0,False,False,False,1598.0,4.902220089025776,69.0,MIRIK-2015-LS-01|neg|4,0,,2015-06-15T00:00:00,0.5,0.0,1.6,4.2,9.9,44.800000000000004,94.7,157.0,263.9,1.0,0.425,0.428
MIRIK-2015-LS-01,Sikkim / Darjeeling,landslide,B,REAL_RECONSTRUCTED,high,26.8881872,88.1888396,OK,10000.0,6.0,False,False,False,1598.0,4.902220089025776,69.0,MIRIK-2015-LS-01|neg|5,0,,2015-06-04T12:00:00,0.5,2.3,5.3999999999999995,7.8999999999999995,9.5,14.200000000000001,37.8,114.10000000000001,219.29999999999998,2.3,0.43,0.421
MIRIK-2015-LS-01,Sikkim / Darjeeling,landslide,B,REAL_RECONSTRUCTED,high,26.8881872,88.1888396,OK,10000.0,6.0,False,False,False,1598.0,4.902220089025776,69.0,MIRIK-2015-LS-01|neg|6,0,,2015-06-01T12:00:00,0.5,0.4,1.0,2.8,5.9,17.5,55.5,115.80000000000001,218.20000000000002,0.7,0.421,0.423
MIRIK-2015-LS-01,Sikkim / Darjeeling,landslide,B,REAL_RECONSTRUCTED,high,26.8881872,88.1888396,OK,10000.0,6.0,False,False,False,1598.0,4.902220089025776,69.0,MIRIK-2015-LS-01|neg|7,0,,2015-06-13T00:00:00,0.5,0.4,3.8000000000000003,10.6,16.599999999999998,30.1,58.6,115.80000000000001,236.5,2.6,0.427,0.428
MIRIK-2015-LS-01,Sikkim / Darjeeling,landslide,B,REAL_RECONSTRUCTED,high,26.8881872,88.1888396,OK,10000.0,6.0,False,False,False,1598.0,4.902220089025776,69.0,MIRIK-2015-LS-01|neg|8,0,,2015-07-17T00:00:00,0.5,0.0,0.0,0.0,1.7000000000000002,2.4000000000000004,39.8,118.39999999999999,245.3,0.0,0.415,0.419
MIRIK-2015-LS-01,Sikkim / Darjeeling,landslide,B,REAL_RECONSTRUCTED,high,26.8881872,88.1888396,OK,10000.0,6.0,False,False,False,1598.0,4.902220089025776,69.0,MIRIK-2015-LS-01|neg|9,0,,2015-06-14T12:00:00,0.5,1.4,3.9,8.6,34.9,47.4,87.0,156.79999999999998,265.20000000000005,2.4,0.423,0.423
MIRIK-2015-LS-01,Sikkim / Darjeeling,landslide,B,REAL_RECONSTRUCTED,high,26.8881872,88.1888396,OK,10000.0,6.0,False,False,False,1598.0,4.902220089025776,69.0,MIRIK-2015-LS-01|neg|10,0,,2015-06-16T00:00:00,0.5,0.9,1.9,2.5,6.4,10.2,74.8,160.7,250.60000000000002,0.9,0.426,0.427
MIRIK-2015-LS-01,Sikkim / Darjeeling,landslide,B,REAL_RECONSTRUCTED,high,26.8881872,88.1888396,OK,10000.0,6.0,False,False,False,1598.0,4.902220089025776,69.0,MIRIK-2015-LS-01|neg|11,0,,2015-06-13T12:00:00,0.5,1.6,3.6,5.2,7.300000000000001,23.900000000000002,58.3,120.4,232.7,1.6,0.43,0.427
MIRIK-2015-LS-01,Sikkim / Darjeeling,landslide,B,REAL_RECONSTRUCTED,high,26.8881872,88.1888396,OK,10000.0,6.0,False,False,False,1598.0,4.902220089025776,69.0,MIRIK-2015-LS-01|neg|12,0,,2015-08-11T12:00:00,0.5,0.1,0.30000000000000004,1.3000000000000003,3.6000000000000005,7.0,14.3,99.29999999999998,155.39999999999998,0.4,0.418,0.421
MIRIK-2015-LS-01,Sikkim / Darjeeling,landslide,B,REAL_RECONSTRUCTED,high,26.8881872,88.1888396,OK,10000.0,6.0,False,False,False,1598.0,4.902220089025776,69.0,MIRIK-2015-LS-01|neg|13,0,,2015-05-20T12:00:00,0.5,0.6,0.7,1.4,14.299999999999999,18.900000000000002,36.7,88.30000000000001,154.2,0.6,0.421,0.423
MIRIK-2015-LS-01,Sikkim / Darjeeling,landslide,B,REAL_RECONSTRUCTED,high,26.8881872,88.1888396,OK,10000.0,6.0,False,False,False,1598.0,4.902220089025776,69.0,MIRIK-2015-LS-01|neg|14,0,,2015-06-08T12:00:00,0.5,0.4,1.0,1.4,1.9,11.6,29.7,79.4,203.5,0.4,0.422,0.422
MIRIK-2015-LS-01,Sikkim / Darjeeling,landslide,B,REAL_RECONSTRUCTED,high,26.8881872,88.1888396,OK,10000.0,6.0,False,False,False,1598.0,4.902220089025776,69.0,MIRIK-2015-LS-01|neg|15,0,,2015-08-06T12:00:00,0.5,1.4,5.1,9.3,23.7,31.400000000000002,61.300000000000004,93.69999999999999,145.6,2.3,0.429,0.429
MIRIK-2015-LS-01,Sikkim / Darjeeling,landslide,B,REAL_RECONSTRUCTED,high,26.8881872,88.1888396,OK,10000.0,6.0,False,False,False,1598.0,4.902220089025776,69.0,MIRIK-2015-LS-01|neg|16,0,,2015-05-15T00:00:00,0.5,0.4,0.6000000000000001,0.9,4.300000000000001,5.700000000000001,30.9,47.900000000000006,119.4,0.4,0.417,0.418
MIRIK-2015-LS-01,Sikkim / Darjeeling,landslide,B,REAL_RECONSTRUCTED,high,26.8881872,88.1888396,OK,10000.0,6.0,False,False,False,1598.0,4.902220089025776,69.0,MIRIK-2015-LS-01|neg|17,0,,2015-08-03T00:00:00,0.5,0.0,0.0,0.0,0.0,11.2,30.699999999999996,47.199999999999996,107.4,0.0,0.409,0.414
MIRIK-2015-LS-01,Sikkim / Darjeeling,landslide,B,REAL_RECONSTRUCTED,high,26.8881872,88.1888396,OK,10000.0,6.0,False,False,False,1598.0,4.902220089025776,69.0,MIRIK-2015-LS-01|neg|18,0,,2015-07-31T00:00:00,0.5,0.0,0.0,0.8,1.1,2.1,10.899999999999999,25.900000000000002,84.3,0.6,0.408,0.401
MIRIK-2015-LS-01,Sikkim / Darjeeling,landslide,B,REAL_RECONSTRUCTED,high,26.8881872,88.1888396,OK,10000.0,6.0,False,False,False,1598.0,4.902220089025776,69.0,MIRIK-2015-LS-01|neg|19,0,,2015-05-20T00:00:00,0.5,1.7,3.3,3.5,4.6000000000000005,5.1,29.5,79.60000000000001,140.1,1.7,0.417,0.414
MIRIK-2015-LS-01,Sikkim / Darjeeling,landslide,B,REAL_RECONSTRUCTED,high,26.8881872,88.1888396,OK,10000.0,6.0,False,False,False,1598.0,4.902220089025776,69.0,MIRIK-2015-LS-01|neg|20,0,,2015-05-23T12:00:00,0.5,1.8,2.6,2.6,3.3,12.2,43.9,103.1,170.8,1.8,0.429,0.42
MIRIK-2015-LS-01,Sikkim / Darjeeling,landslide,B,REAL_RECONSTRUCTED,high,26.8881872,88.1888396,OK,10000.0,6.0,False,False,False,1598.0,4.902220089025776,69.0,MIRIK-2015-LS-01|neg|21,0,,2015-07-28T12:00:00,0.5,0.4,2.2,2.8,4.2,8.7,10.200000000000001,56.39999999999999,117.9,1.5,0.42,0.42
MIRIK-2015-LS-01,Sikkim / Darjeeling,landslide,B,REAL_RECONSTRUCTED,high,26.8881872,88.1888396,OK,10000.0,6.0,False,False,False,1598.0,4.902220089025776,69.0,MIRIK-2015-LS-01|neg|22,0,,2015-05-09T12:00:00,0.5,0.3,0.8,1.0,1.0,2.7,22.9,38.099999999999994,117.0,0.3,0.409,0.41
MIRIK-2015-LS-01,Sikkim / Darjeeling,landslide,B,REAL_RECONSTRUCTED,high,26.8881872,88.1888396,OK,10000.0,6.0,False,False,False,1598.0,4.902220089025776,69.0,MIRIK-2015-LS-01|neg|23,0,,2015-06-02T12:00:00,0.5,0.5,0.9,1.2,1.7,13.8,54.400000000000006,122.89999999999999,221.5,0.5,0.415,0.417
MIRIK-2015-LS-01,Sikkim / Darjeeling,landslide,B,REAL_RECONSTRUCTED,high,26.8881872,88.1888396,OK,10000.0,6.0,False,False,False,1598.0,4.902220089025776,69.0,MIRIK-2015-LS-01|neg|24,0,,2015-06-05T00:00:00,0.5,0.0,0.8999999999999999,1.9,8.9,18.4,34.6,113.3,215.29999999999998,0.6,0.425,0.425
MANGAN-2024-LS-01,Sikkim / Darjeeling,landslide,C,REAL_RECONSTRUCTED,moderate,27.490878,88.531877,OK,15000.0,12.0,False,False,False,1268.0,17.99785465026878,275.0,MANGAN-2024-LS-01|pos|72,1,72.0,2024-06-10T00:00:00,0.6666666666666666,3.7,8.600000000000001,15.2,19.1,27.200000000000003,66.9,138.7,359.4,3.7,0.43,0.43
MANGAN-2024-LS-01,Sikkim / Darjeeling,landslide,C,REAL_RECONSTRUCTED,moderate,27.490878,88.531877,OK,15000.0,12.0,False,False,False,1268.0,17.99785465026878,275.0,MANGAN-2024-LS-01|pos|48,1,48.0,2024-06-11T00:00:00,0.6666666666666666,2.7,8.899999999999999,14.2,23.900000000000002,59.7,111.9,174.1,417.2,3.4,0.43,0.428
MANGAN-2024-LS-01,Sikkim / Darjeeling,landslide,C,REAL_RECONSTRUCTED,moderate,27.490878,88.531877,OK,15000.0,12.0,False,False,False,1268.0,17.99785465026878,275.0,MANGAN-2024-LS-01|pos|24,1,24.0,2024-06-12T00:00:00,0.6666666666666666,5.5,18.0,30.0,39.6,42.599999999999994,129.5,190.3,458.9,6.3,0.43,0.43
MANGAN-2024-LS-01,Sikkim / Darjeeling,landslide,C,REAL_RECONSTRUCTED,moderate,27.490878,88.531877,OK,15000.0,12.0,False,False,False,1268.0,17.99785465026878,275.0,MANGAN-2024-LS-01|pos|12,1,12.0,2024-06-12T12:00:00,0.6666666666666666,0.1,0.1,0.1,17.900000000000002,57.5,139.3,205.99999999999997,470.5,0.1,0.413,0.42
MANGAN-2024-LS-01,Sikkim / Darjeeling,landslide,C,REAL_RECONSTRUCTED,moderate,27.490878,88.531877,OK,15000.0,12.0,False,False,False,1268.0,17.99785465026878,275.0,MANGAN-2024-LS-01|neg|0,0,,2024-07-16T12:00:00,0.5,1.5,4.6,8.2,20.400000000000002,27.0,75.69999999999999,343.20000000000005,728.6,1.9,0.429,0.429
MANGAN-2024-LS-01,Sikkim / Darjeeling,landslide,C,REAL_RECONSTRUCTED,moderate,27.490878,88.531877,OK,15000.0,12.0,False,False,False,1268.0,17.99785465026878,275.0,MANGAN-2024-LS-01|neg|1,0,,2024-07-07T00:00:00,0.5,0.7,3.0999999999999996,5.6000000000000005,15.299999999999999,63.0,111.9,241.3,663.2,1.5,0.428,0.428
MANGAN-2024-LS-01,Sikkim / Darjeeling,landslide,C,REAL_RECONSTRUCTED,moderate,27.490878,88.531877,OK,15000.0,12.0,False,False,False,1268.0,17.99785465026878,275.0,MANGAN-2024-LS-01|neg|2,0,,2024-07-06T12:00:00,0.5,3.4,9.6,18.9,47.699999999999996,73.9,98.4,238.90000000000003,671.7,6.0,0.429,0.43
MANGAN-2024-LS-01,Sikkim / Darjeeling,landslide,C,REAL_RECONSTRUCTED,moderate,27.490878,88.531877,OK,15000.0,12.0,False,False,False,1268.0,17.99785465026878,275.0,MANGAN-2024-LS-01|neg|3,0,,2024-07-22T00:00:00,0.5,0.1,2.3000000000000003,4.3,22.700000000000003,49.0,80.2,173.0,663.1,1.3,0.422,0.421
MANGAN-2024-LS-01,Sikkim / Darjeeling,landslide,C,REAL_RECONSTRUCTED,moderate,27.490878,88.531877,OK,15000.0,12.0,False,False,False,1268.0,17.99785465026878,275.0,MANGAN-2024-LS-01|neg|4,0,,2024-07-03T00:00:00,0.5,0.1,0.4,3.0,4.199999999999999,17.3,124.60000000000002,378.9,761.0999999999999,1.4,0.421,0.423
MANGAN-2024-LS-01,Sikkim / Darjeeling,landslide,C,REAL_RECONSTRUCTED,moderate,27.490878,88.531877,OK,15000.0,12.0,False,False,False,1268.0,17.99785465026878,275.0,MANGAN-2024-LS-01|neg|5,0,,2024-07-18T00:00:00,0.5,1.6,4.300000000000001,8.6,12.7,24.1,62.1,257.6,668.9,1.6,0.429,0.43
MANGAN-2024-LS-01,Sikkim / Darjeeling,landslide,C,REAL_RECONSTRUCTED,moderate,27.490878,88.531877,OK,15000.0,12.0,False,False,False,1268.0,17.99785465026878,275.0,MANGAN-2024-LS-01|neg|6,0,,2024-06-29T00:00:00,0.5,7.0,22.1,43.7,62.1,121.8,225.2,392.79999999999995,775.5999999999999,8.4,0.43,0.43
MANGAN-2024-LS-01,Sikkim / Darjeeling,landslide,C,REAL_RECONSTRUCTED,moderate,27.490878,88.531877,OK,15000.0,12.0,False,False,False,1268.0,17.99785465026878,275.0,MANGAN-2024-LS-01|neg|7,0,,2024-07-13T00:00:00,0.5,0.4,0.6000000000000001,2.7,3.6,57.0,218.29999999999998,505.5,834.7,1.2,0.423,0.425
MANGAN-2024-LS-01,Sikkim / Darjeeling,landslide,C,REAL_RECONSTRUCTED,moderate,27.490878,88.531877,OK,15000.0,12.0,False,False,False,1268.0,17.99785465026878,275.0,MANGAN-2024-LS-01|neg|8,0,,2024-07-04T00:00:00,0.5,0.2,0.7,0.8999999999999999,1.8,4.800000000000001,99.19999999999999,325.4,744.6,0.3,0.414,0.416
MANGAN-2024-LS-01,Sikkim / Darjeeling,landslide,C,REAL_RECONSTRUCTED,moderate,27.490878,88.531877,OK,15000.0,12.0,False,False,False,1268.0,17.99785465026878,275.0,MANGAN-2024-LS-01|neg|9,0,,2024-07-12T00:00:00,0.5,14.2,32.8,56.89999999999999,71.39999999999999,90.89999999999999,299.5,491.6,822.8,14.2,0.43,0.43
MANGAN-2024-LS-01,Sikkim / Darjeeling,landslide,C,REAL_RECONSTRUCTED,moderate,27.490878,88.531877,OK,15000.0,12.0,False,False,False,1268.0,17.99785465026878,275.0,MANGAN-2024-LS-01|neg|10,0,,2024-05-24T12:00:00,0.5,0.0,0.0,0.0,0.0,1.6,7.8,44.5,137.9,0.0,0.385,0.395
MANGAN-2024-LS-01,Sikkim / Darjeeling,landslide,C,REAL_RECONSTRUCTED,moderate,27.490878,88.531877,OK,15000.0,12.0,False,False,False,1268.0,17.99785465026878,275.0,MANGAN-2024-LS-01|neg|11,0,,2024-05-11T12:00:00,0.5,0.0,0.0,0.0,0.0,0.2,2.7,88.3,110.0,0.0,0.391,0.399
MANGAN-2024-LS-01,Sikkim / Darjeeling,landslide,C,REAL_RECONSTRUCTED,moderate,27.490878,88.531877,OK,15000.0,12.0,False,False,False,1268.0,17.99785465026878,275.0,MANGAN-2024-LS-01|neg|12,0,,2024-05-05T00:00:00,0.5,0.6,0.7,2.1,5.599999999999999,5.8,6.5,21.299999999999997,48.400000000000006,0.9,0.395,0.368
MANGAN-2024-LS-01,Sikkim / Darjeeling,landslide,C,REAL_RECONSTRUCTED,moderate,27.490878,88.531877,OK,15000.0,12.0,False,False,False,1268.0,17.99785465026878,275.0,MANGAN-2024-LS-01|neg|13,0,,2024-05-16T00:00:00,0.5,0.0,0.0,1.2000000000000002,32.7,33.599999999999994,53.3,85.9,181.9,0.7,0.419,0.422
MANGAN-2024-LS-01,Sikkim / Darjeeling,landslide,C,REAL_RECONSTRUCTED,moderate,27.490878,88.531877,OK,15000.0,12.0,False,False,False,1268.0,17.99785465026878,275.0,MANGAN-2024-LS-01|neg|14,0,,2024-07-24T12:00:00,0.5,0.0,0.1,0.1,0.8,9.9,45.60000000000001,146.5,509.8,0.1,0.407,0.414
MANGAN-2024-LS-01,Sikkim / Darjeeling,landslide,C,REAL_RECONSTRUCTED,moderate,27.490878,88.531877,OK,15000.0,12.0,False,False,False,1268.0,17.99785465026878,275.0,MANGAN-2024-LS-01|neg|15,0,,2024-07-24T00:00:00,0.5,0.4,1.9,4.2,9.100000000000001,9.7,71.10000000000001,157.10000000000002,599.2,1.1,0.424,0.422
MANGAN-2024-LS-01,Sikkim / Darjeeling,landslide,C,REAL_RECONSTRUCTED,moderate,27.490878,88.531877,OK,15000.0,12.0,False,False,False,1268.0,17.99785465026878,275.0,MANGAN-2024-LS-01|neg|16,0,,2024-05-03T00:00:00,0.5,0.0,0.0,0.0,0.0,0.7,11.600000000000001,21.6,113.1,0.0,0.361,0.368
MANGAN-2024-LS-01,Sikkim / Darjeeling,landslide,C,REAL_RECONSTRUCTED,moderate,27.490878,88.531877,OK,15000.0,12.0,False,False,False,1268.0,17.99785465026878,275.0,MANGAN-2024-LS-01|neg|17,0,,2024-05-29T12:00:00,0.5,0.5,1.7999999999999998,1.7999999999999998,5.7,65.3,74.39999999999999,84.9,173.8,0.7,0.417,0.42
MANGAN-2024-LS-01,Sikkim / Darjeeling,landslide,C,REAL_RECONSTRUCTED,moderate,27.490878,88.531877,OK,15000.0,12.0,False,False,False,1268.0,17.99785465026878,275.0,MANGAN-2024-LS-01|neg|18,0,,2024-07-23T12:00:00,0.5,0.1,0.2,0.2,0.6,12.0,77.4,156.7,625.8,0.1,0.413,0.419
MANGAN-2024-LS-01,Sikkim / Darjeeling,landslide,C,REAL_RECONSTRUCTED,moderate,27.490878,88.531877,OK,15000.0,12.0,False,False,False,1268.0,17.99785465026878,275.0,MANGAN-2024-LS-01|neg|19,0,,2024-04-30T12:00:00,0.5,0.0,0.0,0.0,1.3000000000000003,1.7000000000000002,8.1,15.2,146.1,0.0,0.356,0.361
CHATEN-2025-LS-01,Sikkim / Darjeeling,landslide,B,REAL_RECONSTRUCTED,moderate,27.7306136,88.5495009,COARSE,5929.0,1.0,True,False,False,2705.0,8.444683708394265,210.0,CHATEN-2025-LS-01|pos|72,1,72.0,2025-05-29T18:00:00,1.0,0.0,0.0,0.0,0.0,0.0,8.2,21.5,93.49999999999999,0.0,0.366,0.384
CHATEN-2025-LS-01,Sikkim / Darjeeling,landslide,B,REAL_RECONSTRUCTED,moderate,27.7306136,88.5495009,COARSE,5929.0,1.0,True,False,False,2705.0,8.444683708394265,210.0,CHATEN-2025-LS-01|pos|48,1,48.0,2025-05-30T18:00:00,1.0,1.3,3.8,4.8,5.0,5.2,7.9,25.300000000000004,86.8,2.2,0.389,0.378
CHATEN-2025-LS-01,Sikkim / Darjeeling,landslide,B,REAL_RECONSTRUCTED,moderate,27.7306136,88.5495009,COARSE,5929.0,1.0,True,False,False,2705.0,8.444683708394265,210.0,CHATEN-2025-LS-01|pos|24,1,24.0,2025-05-31T18:00:00,1.0,5.2,12.7,19.1,34.4,59.49999999999999,64.69999999999999,83.19999999999999,135.8,5.2,0.436,0.439
CHATEN-2025-LS-01,Sikkim / Darjeeling,landslide,B,REAL_RECONSTRUCTED,moderate,27.7306136,88.5495009,COARSE,5929.0,1.0,True,False,False,2705.0,8.444683708394265,210.0,CHATEN-2025-LS-01|pos|12,1,12.0,2025-06-01T06:00:00,1.0,0.5,1.2,7.4,42.199999999999996,76.60000000000001,106.9,123.80000000000001,172.70000000000002,2.9,0.41,0.428
CHATEN-2025-LS-01,Sikkim / Darjeeling,landslide,B,REAL_RECONSTRUCTED,moderate,27.7306136,88.5495009,COARSE,5929.0,1.0,True,False,False,2705.0,8.444683708394265,210.0,CHATEN-2025-LS-01|pos|6,1,6.0,2025-06-01T12:00:00,1.0,0.9,1.4,2.0,9.4,63.300000000000004,108.9,125.80000000000001,172.3,0.9,0.409,0.421
CHATEN-2025-LS-01,Sikkim / Darjeeling,landslide,B,REAL_RECONSTRUCTED,moderate,27.7306136,88.5495009,COARSE,5929.0,1.0,True,False,False,2705.0,8.444683708394265,210.0,CHATEN-2025-LS-01|pos|3,1,3.0,2025-06-01T15:00:00,1.0,1.0,2.4,3.8,5.6,59.3,111.3,128.2,170.9,1.0,0.413,0.42
CHATEN-2025-LS-01,Sikkim / Darjeeling,landslide,B,REAL_RECONSTRUCTED,moderate,27.7306136,88.5495009,COARSE,5929.0,1.0,True,False,False,2705.0,8.444683708394265,210.0,CHATEN-2025-LS-01|pos|1,1,1.0,2025-06-01T17:00:00,1.0,4.6,9.3,11.6,13.200000000000001,60.099999999999994,119.6,136.5,176.70000000000002,4.6,0.439,0.427
CHATEN-2025-LS-01,Sikkim / Darjeeling,landslide,B,REAL_RECONSTRUCTED,moderate,27.7306136,88.5495009,COARSE,5929.0,1.0,True,False,False,2705.0,8.444683708394265,210.0,CHATEN-2025-LS-01|neg|0,0,,2025-06-25T18:00:00,0.5,0.0,0.0,0.1,1.5,2.0999999999999996,40.8,79.0,96.0,0.1,0.374,0.388
CHATEN-2025-LS-01,Sikkim / Darjeeling,landslide,B,REAL_RECONSTRUCTED,moderate,27.7306136,88.5495009,COARSE,5929.0,1.0,True,False,False,2705.0,8.444683708394265,210.0,CHATEN-2025-LS-01|neg|1,0,,2025-06-24T06:00:00,0.5,0.0,1.5,10.5,28.6,29.599999999999998,38.6,71.7,89.5,4.2,0.403,0.384
CHATEN-2025-LS-01,Sikkim / Darjeeling,landslide,B,REAL_RECONSTRUCTED,moderate,27.7306136,88.5495009,COARSE,5929.0,1.0,True,False,False,2705.0,8.444683708394265,210.0,CHATEN-2025-LS-01|neg|2,0,,2025-05-17T06:00:00,0.5,0.0,1.2000000000000002,2.2,5.3,12.1,35.2,66.10000000000001,79.10000000000001,0.8,0.411,0.414
CHATEN-2025-LS-01,Sikkim / Darjeeling,landslide,B,REAL_RECONSTRUCTED,moderate,27.7306136,88.5495009,COARSE,5929.0,1.0,True,False,False,2705.0,8.444683708394265,210.0,CHATEN-2025-LS-01|neg|3,0,,2025-06-25T06:00:00,0.5,0.0,0.0,0.0,0.6000000000000001,9.7,40.099999999999994,78.10000000000001,98.0,0.0,0.395,0.392
CHATEN-2025-LS-01,Sikkim / Darjeeling,landslide,B,REAL_RECONSTRUCTED,moderate,27.7306136,88.5495009,COARSE,5929.0,1.0,True,False,False,2705.0,8.444683708394265,210.0,CHATEN-2025-LS-01|neg|4,0,,2025-06-24T18:00:00,0.5,0.0,0.30000000000000004,2.4000000000000004,9.1,37.699999999999996,39.5,80.80000000000001,97.4,1.5,0.406,0.39
CHATEN-2025-LS-01,Sikkim / Darjeeling,landslide,B,REAL_RECONSTRUCTED,moderate,27.7306136,88.5495009,COARSE,5929.0,1.0,True,False,False,2705.0,8.444683708394265,210.0,CHATEN-2025-LS-01|neg|5,0,,2025-05-16T06:00:00,0.5,0.0,0.0,0.6,3.7,9.0,37.4,55.2,67.0,0.5,0.414,0.413
CHATEN-2025-LS-01,Sikkim / Darjeeling,landslide,B,REAL_RECONSTRUCTED,moderate,27.7306136,88.5495009,COARSE,5929.0,1.0,True,False,False,2705.0,8.444683708394265,210.0,CHATEN-2025-LS-01|neg|6,0,,2025-05-18T18:00:00,0.5,1.4,1.5,2.0,2.0,3.7,29.900000000000002,74.6,92.4,1.4,0.41,0.408
CHATEN-2025-LS-01,Sikkim / Darjeeling,landslide,B,REAL_RECONSTRUCTED,moderate,27.7306136,88.5495009,COARSE,5929.0,1.0,True,False,False,2705.0,8.444683708394265,210.0,CHATEN-2025-LS-01|neg|7,0,,2025-06-26T06:00:00,0.5,0.0,0.0,0.6000000000000001,0.9,2.4000000000000004,41.699999999999996,70.19999999999999,96.9,0.4,0.372,0.386
CHATEN-2025-LS-01,Sikkim / Darjeeling,landslide,B,REAL_RECONSTRUCTED,moderate,27.7306136,88.5495009,COARSE,5929.0,1.0,True,False,False,2705.0,8.444683708394265,210.0,CHATEN-2025-LS-01|neg|8,0,,2025-06-26T18:00:00,0.5,0.0,0.1,0.30000000000000004,0.5,1.4000000000000001,41.199999999999996,56.0,97.1,0.1,0.354,0.381
CHATEN-2025-LS-01,Sikkim / Darjeeling,landslide,B,REAL_RECONSTRUCTED,moderate,27.7306136,88.5495009,COARSE,5929.0,1.0,True,False,False,2705.0,8.444683708394265,210.0,CHATEN-2025-LS-01|neg|9,0,,2025-05-17T18:00:00,0.5,1.7,4.2,8.0,10.4,15.700000000000003,38.099999999999994,75.6,89.1,1.7,0.434,0.419
CHATEN-2025-LS-01,Sikkim / Darjeeling,landslide,B,REAL_RECONSTRUCTED,moderate,27.7306136,88.5495009,COARSE,5929.0,1.0,True,False,False,2705.0,8.444683708394265,210.0,CHATEN-2025-LS-01|neg|10,0,,2025-05-18T06:00:00,0.5,0.0,0.0,0.2,1.7000000000000002,12.1,33.2,72.9,90.8,0.1,0.409,0.414
CHATEN-2025-LS-01,Sikkim / Darjeeling,landslide,B,REAL_RECONSTRUCTED,moderate,27.7306136,88.5495009,COARSE,5929.0,1.0,True,False,False,2705.0,8.444683708394265,210.0,CHATEN-2025-LS-01|neg|11,0,,2025-05-16T18:00:00,0.5,2.7,4.0,5.0,6.8,10.5,37.9,61.9,73.8,2.7,0.435,0.409
CHATEN-2025-LS-01,Sikkim / Darjeeling,landslide,B,REAL_RECONSTRUCTED,moderate,27.7306136,88.5495009,COARSE,5929.0,1.0,True,False,False,2705.0,8.444683708394265,210.0,CHATEN-2025-LS-01|neg|12,0,,2025-04-26T06:00:00,0.5,0.3,0.7,0.8,0.9000000000000001,0.8999999999999999,9.8,32.800000000000004,54.400000000000006,0.3,0.349,0.369
CHATEN-2025-LS-01,Sikkim / Darjeeling,landslide,B,REAL_RECONSTRUCTED,moderate,27.7306136,88.5495009,COARSE,5929.0,1.0,True,False,False,2705.0,8.444683708394265,210.0,CHATEN-2025-LS-01|neg|13,0,,2025-04-29T06:00:00,0.5,0.0,0.1,0.6,0.7,2.2,8.2,33.2,56.4,0.5,0.377,0.354
CHATEN-2025-LS-01,Sikkim / Darjeeling,landslide,B,REAL_RECONSTRUCTED,moderate,27.7306136,88.5495009,COARSE,5929.0,1.0,True,False,False,2705.0,8.444683708394265,210.0,CHATEN-2025-LS-01|neg|14,0,,2025-04-18T06:00:00,0.5,0.0,0.2,1.3,2.4000000000000004,3.6,8.6,16.5,37.099999999999994,0.4,0.362,0.372
CHATEN-2025-LS-01,Sikkim / Darjeeling,landslide,B,REAL_RECONSTRUCTED,moderate,27.7306136,88.5495009,COARSE,5929.0,1.0,True,False,False,2705.0,8.444683708394265,210.0,CHATEN-2025-LS-01|neg|15,0,,2025-04-10T18:00:00,0.5,0.0,0.2,0.6,1.2000000000000002,2.3,2.3,17.0,28.7,0.2,0.399,0.4
CHATEN-2025-LS-01,Sikkim / Darjeeling,landslide,B,REAL_RECONSTRUCTED,moderate,27.7306136,88.5495009,COARSE,5929.0,1.0,True,False,False,2705.0,8.444683708394265,210.0,CHATEN-2025-LS-01|neg|16,0,,2025-04-14T06:00:00,0.5,0.0,0.0,0.0,0.0,1.0999999999999999,6.2,12.5,31.6,0.0,0.388,0.394
CHATEN-2025-LS-01,Sikkim / Darjeeling,landslide,B,REAL_RECONSTRUCTED,moderate,27.7306136,88.5495009,COARSE,5929.0,1.0,True,False,False,2705.0,8.444683708394265,210.0,CHATEN-2025-LS-01|neg|17,0,,2025-05-12T18:00:00,0.5,0.9,2.4,2.7,2.7,7.6000000000000005,14.3,22.700000000000003,36.1,0.9,0.39,0.346
CHATEN-2025-LS-01,Sikkim / Darjeeling,landslide,B,REAL_RECONSTRUCTED,moderate,27.7306136,88.5495009,COARSE,5929.0,1.0,True,False,False,2705.0,8.444683708394265,210.0,CHATEN-2025-LS-01|neg|18,0,,2025-04-11T18:00:00,0.5,0.0,0.1,0.7000000000000001,0.7000000000000001,4.3,6.6000000000000005,20.0,32.9,0.4,0.401,0.405
CHATEN-2025-LS-01,Sikkim / Darjeeling,landslide,B,REAL_RECONSTRUCTED,moderate,27.7306136,88.5495009,COARSE,5929.0,1.0,True,False,False,2705.0,8.444683708394265,210.0,CHATEN-2025-LS-01|neg|19,0,,2025-06-19T06:00:00,0.5,1.5,7.300000000000001,8.9,9.7,10.3,13.6,26.4,51.6,3.1,0.421,0.36
CHATEN-2025-LS-01,Sikkim / Darjeeling,landslide,B,REAL_RECONSTRUCTED,moderate,27.7306136,88.5495009,COARSE,5929.0,1.0,True,False,False,2705.0,8.444683708394265,210.0,CHATEN-2025-LS-01|neg|20,0,,2025-04-16T06:00:00,0.5,0.0,0.0,0.0,0.0,0.2,3.0,14.0,28.799999999999997,0.0,0.374,0.383
CHATEN-2025-LS-01,Sikkim / Darjeeling,landslide,B,REAL_RECONSTRUCTED,moderate,27.7306136,88.5495009,COARSE,5929.0,1.0,True,False,False,2705.0,8.444683708394265,210.0,CHATEN-2025-LS-01|neg|21,0,,2025-06-27T18:00:00,0.5,0.0,0.0,0.7999999999999999,1.6,1.8,5.300000000000001,53.0,96.9,0.5,0.359,0.374
CHATEN-2025-LS-01,Sikkim / Darjeeling,landslide,B,REAL_RECONSTRUCTED,moderate,27.7306136,88.5495009,COARSE,5929.0,1.0,True,False,False,2705.0,8.444683708394265,210.0,CHATEN-2025-LS-01|neg|22,0,,2025-07-11T18:00:00,0.5,0.0,0.0,2.1,2.6,3.0999999999999996,7.1000000000000005,20.200000000000003,36.6,1.1,0.354,0.359
CHATEN-2025-LS-01,Sikkim / Darjeeling,landslide,B,REAL_RECONSTRUCTED,moderate,27.7306136,88.5495009,COARSE,5929.0,1.0,True,False,False,2705.0,8.444683708394265,210.0,CHATEN-2025-LS-01|neg|23,0,,2025-05-04T18:00:00,0.5,0.0,0.0,0.5,0.7,0.7,1.5,11.4,49.2,0.3,0.333,0.344
CHATEN-2025-LS-01,Sikkim / Darjeeling,landslide,B,REAL_RECONSTRUCTED,moderate,27.7306136,88.5495009,COARSE,5929.0,1.0,True,False,False,2705.0,8.444683708394265,210.0,CHATEN-2025-LS-01|neg|24,0,,2025-04-12T18:00:00,0.5,0.0,0.0,0.7,1.6,4.3,10.9,24.299999999999997,35.0,0.5,0.389,0.397
CHATEN-2025-LS-01,Sikkim / Darjeeling,landslide,B,REAL_RECONSTRUCTED,moderate,27.7306136,88.5495009,COARSE,5929.0,1.0,True,False,False,2705.0,8.444683708394265,210.0,CHATEN-2025-LS-01|neg|25,0,,2025-05-09T06:00:00,0.5,0.0,0.0,0.0,0.0,1.2000000000000002,8.1,11.8,32.8,0.0,0.325,0.327
CHATEN-2025-LS-01,Sikkim / Darjeeling,landslide,B,REAL_RECONSTRUCTED,moderate,27.7306136,88.5495009,COARSE,5929.0,1.0,True,False,False,2705.0,8.444683708394265,210.0,CHATEN-2025-LS-01|neg|26,0,,2025-06-22T06:00:00,0.5,0.0,0.0,0.0,0.0,8.200000000000001,27.7,44.900000000000006,59.4,0.0,0.378,0.39
CHATEN-2025-LS-01,Sikkim / Darjeeling,landslide,B,REAL_RECONSTRUCTED,moderate,27.7306136,88.5495009,COARSE,5929.0,1.0,True,False,False,2705.0,8.444683708394265,210.0,CHATEN-2025-LS-01|neg|27,0,,2025-05-05T18:00:00,0.5,0.1,0.2,1.2000000000000002,1.7000000000000004,2.0,3.1,11.3,48.300000000000004,0.6,0.349,0.342
CHATEN-2025-LS-01,Sikkim / Darjeeling,landslide,B,REAL_RECONSTRUCTED,moderate,27.7306136,88.5495009,COARSE,5929.0,1.0,True,False,False,2705.0,8.444683708394265,210.0,CHATEN-2025-LS-01|neg|28,0,,2025-05-03T06:00:00,0.5,0.0,0.0,0.0,0.0,0.4,7.200000000000001,15.700000000000001,53.6,0.0,0.348,0.353
CHATEN-2025-LS-01,Sikkim / Darjeeling,landslide,B,REAL_RECONSTRUCTED,moderate,27.7306136,88.5495009,COARSE,5929.0,1.0,True,False,False,2705.0,8.444683708394265,210.0,CHATEN-2025-LS-01|neg|29,0,,2025-05-08T06:00:00,0.5,0.0,0.0,0.0,0.7999999999999999,3.4,8.8,10.6,35.7,0.0,0.363,0.343
CHATEN-2025-LS-01,Sikkim / Darjeeling,landslide,B,REAL_RECONSTRUCTED,moderate,27.7306136,88.5495009,COARSE,5929.0,1.0,True,False,False,2705.0,8.444683708394265,210.0,CHATEN-2025-LS-01|neg|30,0,,2025-04-02T18:00:00,0.5,0.0,0.0,0.1,0.1,0.1,0.9999999999999999,11.7,31.2,0.1,0.428,0.432
CHATEN-2025-LS-01,Sikkim / Darjeeling,landslide,B,REAL_RECONSTRUCTED,moderate,27.7306136,88.5495009,COARSE,5929.0,1.0,True,False,False,2705.0,8.444683708394265,210.0,CHATEN-2025-LS-01|neg|31,0,,2025-04-19T18:00:00,0.5,0.1,0.30000000000000004,0.4,0.4,0.4,12.000000000000002,17.0,41.3,0.1,0.374,0.375
CHATEN-2025-LS-01,Sikkim / Darjeeling,landslide,B,REAL_RECONSTRUCTED,moderate,27.7306136,88.5495009,COARSE,5929.0,1.0,True,False,False,2705.0,8.444683708394265,210.0,CHATEN-2025-LS-01|neg|32,0,,2025-06-29T18:00:00,0.5,0.0,0.0,0.0,1.7000000000000002,1.9000000000000004,5.6000000000000005,47.8,95.8,0.0,0.384,0.375
CHATEN-2025-LS-01,Sikkim / Darjeeling,landslide,B,REAL_RECONSTRUCTED,moderate,27.7306136,88.5495009,COARSE,5929.0,1.0,True,False,False,2705.0,8.444683708394265,210.0,CHATEN-2025-LS-01|neg|33,0,,2025-05-02T06:00:00,0.5,0.0,0.0,0.0,0.0,0.0,7.1000000000000005,16.200000000000003,56.80000000000001,0.0,0.36,0.356
CHATEN-2025-LS-01,Sikkim / Darjeeling,landslide,B,REAL_RECONSTRUCTED,moderate,27.7306136,88.5495009,COARSE,5929.0,1.0,True,False,False,2705.0,8.444683708394265,210.0,CHATEN-2025-LS-01|neg|34,0,,2025-05-03T18:00:00,0.5,0.1,0.1,0.2,0.4,0.4,6.800000000000001,15.4,48.9,0.1,0.337,0.348
DARJEELING-2025-LS-01,Sikkim / Darjeeling,landslide,B,REAL_RECONSTRUCTED,high,26.8881872,88.1888396,OK,10000.0,6.0,False,False,False,1598.0,4.902220089025776,69.0,DARJEELING-2025-LS-01|pos|72,1,72.0,2025-10-02T00:00:00,1.0,0.8,5.1,13.999999999999998,15.7,21.1,34.8,45.6,87.4,4.1,0.428,0.426
DARJEELING-2025-LS-01,Sikkim / Darjeeling,landslide,B,REAL_RECONSTRUCTED,high,26.8881872,88.1888396,OK,10000.0,6.0,False,False,False,1598.0,4.902220089025776,69.0,DARJEELING-2025-LS-01|pos|48,1,48.0,2025-10-03T00:00:00,1.0,0.8,1.2000000000000002,1.2000000000000002,2.2,3.7,28.700000000000003,47.9,78.9,0.8,0.41,0.404
DARJEELING-2025-LS-01,Sikkim / Darjeeling,landslide,B,REAL_RECONSTRUCTED,high,26.8881872,88.1888396,OK,10000.0,6.0,False,False,False,1598.0,4.902220089025776,69.0,DARJEELING-2025-LS-01|pos|24,1,24.0,2025-10-04T00:00:00,1.0,0.0,0.0,0.0,0.2,1.4,26.200000000000003,49.2,76.4,0.0,0.397,0.399
DARJEELING-2025-LS-01,Sikkim / Darjeeling,landslide,B,REAL_RECONSTRUCTED,high,26.8881872,88.1888396,OK,10000.0,6.0,False,False,False,1598.0,4.902220089025776,69.0,DARJEELING-2025-LS-01|pos|12,1,12.0,2025-10-04T12:00:00,1.0,0.5,0.7,0.7,1.1,1.2999999999999998,21.9,49.1,76.5,0.5,0.402,0.397
DARJEELING-2025-LS-01,Sikkim / Darjeeling,landslide,B,REAL_RECONSTRUCTED,high,26.8881872,88.1888396,OK,10000.0,6.0,False,False,False,1598.0,4.902220089025776,69.0,DARJEELING-2025-LS-01|pos|6,1,6.0,2025-10-04T18:00:00,1.0,0.3,2.5,4.3,4.999999999999999,5.4,24.5,50.8,76.8,1.3,0.415,0.411
DARJEELING-2025-LS-01,Sikkim / Darjeeling,landslide,B,REAL_RECONSTRUCTED,high,26.8881872,88.1888396,OK,10000.0,6.0,False,False,False,1598.0,4.902220089025776,69.0,DARJEELING-2025-LS-01|neg|0,0,,2025-08-06T12:00:00,0.5,0.2,0.5,4.1000000000000005,8.599999999999998,9.9,56.7,108.1,236.7,3.0,0.421,0.425
DARJEELING-2025-LS-01,Sikkim / Darjeeling,landslide,B,REAL_RECONSTRUCTED,high,26.8881872,88.1888396,OK,10000.0,6.0,False,False,False,1598.0,4.902220089025776,69.0,DARJEELING-2025-LS-01|neg|1,0,,2025-08-25T12:00:00,0.5,0.2,1.0,1.7,1.7,3.7,40.9,66.5,338.8,0.7,0.416,0.417
DARJEELING-2025-LS-01,Sikkim / Darjeeling,landslide,B,REAL_RECONSTRUCTED,high,26.8881872,88.1888396,OK,10000.0,6.0,False,False,False,1598.0,4.902220089025776,69.0,DARJEELING-2025-LS-01|neg|2,0,,2025-08-30T12:00:00,0.5,1.2,1.6,3.0999999999999996,3.2,8.4,57.79999999999999,100.80000000000001,144.6,1.2,0.421,0.417
DARJEELING-2025-LS-01,Sikkim / Darjeeling,landslide,B,REAL_RECONSTRUCTED,high,26.8881872,88.1888396,OK,10000.0,6.0,False,False,False,1598.0,4.902220089025776,69.0,DARJEELING-2025-LS-01|neg|3,0,,2025-11-03T12:00:00,0.5,0.0,0.5,0.5,0.5,0.5,35.699999999999996,141.9,146.79999999999995,0.5,0.419,0.407
DARJEELING-2025-LS-01,Sikkim / Darjeeling,landslide,B,REAL_RECONSTRUCTED,high,26.8881872,88.1888396,OK,10000.0,6.0,False,False,False,1598.0,4.902220089025776,69.0,DARJEELING-2025-LS-01|neg|4,0,,2025-09-14T00:00:00,0.5,1.0,2.5,4.3,8.7,11.0,35.0,81.3,110.00000000000001,1.0,0.421,0.403
DARJEELING-2025-LS-01,Sikkim / Darjeeling,landslide,B,REAL_RECONSTRUCTED,high,26.8881872,88.1888396,OK,10000.0,6.0,False,False,False,1598.0,4.902220089025776,69.0,DARJEELING-2025-LS-01|neg|5,0,,2025-11-01T00:00:00,0.5,0.0,0.1,7.199999999999999,18.800000000000004,113.3,124.1,126.3,131.20000000000002,3.4,0.421,0.422
DARJEELING-2025-LS-01,Sikkim / Darjeeling,landslide,B,REAL_RECONSTRUCTED,high,26.8881872,88.1888396,OK,10000.0,6.0,False,False,False,1598.0,4.902220089025776,69.0,DARJEELING-2025-LS-01|neg|6,0,,2025-09-10T00:00:00,0.5,0.2,0.2,0.5,13.7,18.200000000000003,40.099999999999994,50.8,134.5,0.3,0.418,0.42
DARJEELING-2025-LS-01,Sikkim / Darjeeling,landslide,B,REAL_RECONSTRUCTED,high,26.8881872,88.1888396,OK,10000.0,6.0,False,False,False,1598.0,4.902220089025776,69.0,DARJEELING-2025-LS-01|neg|7,0,,2025-11-06T12:00:00,0.5,0.0,0.0,0.0,0.0,0.2,0.2,132.59999999999997,145.8,0.0,0.346,0.368
DARJEELING-2025-LS-01,Sikkim / Darjeeling,landslide,B,REAL_RECONSTRUCTED,high,26.8881872,88.1888396,OK,10000.0,6.0,False,False,False,1598.0,4.902220089025776,69.0,DARJEELING-2025-LS-01|neg|8,0,,2025-08-24T00:00:00,0.5,1.3,6.5,7.6,9.6,17.9,33.2,49.800000000000004,350.09999999999997,3.5,0.429,0.429
DARJEELING-2025-LS-01,Sikkim / Darjeeling,landslide,B,REAL_RECONSTRUCTED,high,26.8881872,88.1888396,OK,10000.0,6.0,False,False,False,1598.0,4.902220089025776,69.0,DARJEELING-2025-LS-01|neg|9,0,,2025-08-16T00:00:00,0.5,0.0,0.0,0.0,1.7000000000000002,4.2,135.29999999999998,298.4,440.6,0.0,0.402,0.407
DARJEELING-2025-LS-01,Sikkim / Darjeeling,landslide,B,REAL_RECONSTRUCTED,high,26.8881872,88.1888396,OK,10000.0,6.0,False,False,False,1598.0,4.902220089025776,69.0,DARJEELING-2025-LS-01|neg|10,0,,2025-08-09T12:00:00,0.5,1.2,2.3,2.7,4.1,7.0,44.10000000000001,138.7,249.2,1.2,0.425,0.422
DARJEELING-2025-LS-01,Sikkim / Darjeeling,landslide,B,REAL_RECONSTRUCTED,high,26.8881872,88.1888396,OK,10000.0,6.0,False,False,False,1598.0,4.902220089025776,69.0,DARJEELING-2025-LS-01|neg|11,0,,2025-08-11T12:00:00,0.5,0.4,5.2,7.2,25.5,34.099999999999994,69.69999999999999,147.2,279.79999999999995,2.8,0.426,0.429
DARJEELING-2025-LS-01,Sikkim / Darjeeling,landslide,B,REAL_RECONSTRUCTED,high,26.8881872,88.1888396,OK,10000.0,6.0,False,False,False,1598.0,4.902220089025776,69.0,DARJEELING-2025-LS-01|neg|12,0,,2025-09-19T00:00:00,0.5,0.2,0.5,0.8,3.2000000000000006,3.9,97.1,196.0,263.79999999999995,0.2,0.404,0.406
DARJEELING-2025-LS-01,Sikkim / Darjeeling,landslide,B,REAL_RECONSTRUCTED,high,26.8881872,88.1888396,OK,10000.0,6.0,False,False,False,1598.0,4.902220089025776,69.0,DARJEELING-2025-LS-01|neg|13,0,,2025-08-20T12:00:00,0.5,0.3,0.8,1.3,4.499999999999999,7.700000000000001,14.7,44.099999999999994,365.5,0.4,0.408,0.408
DARJEELING-2025-LS-01,Sikkim / Darjeeling,landslide,B,REAL_RECONSTRUCTED,high,26.8881872,88.1888396,OK,10000.0,6.0,False,False,False,1598.0,4.902220089025776,69.0,DARJEELING-2025-LS-01|neg|14,0,,2025-11-05T12:00:00,0.5,0.0,0.0,0.0,0.0,0.0,0.5,137.99999999999997,146.0,0.0,0.351,0.378
DARJEELING-2025-LS-01,Sikkim / Darjeeling,landslide,B,REAL_RECONSTRUCTED,high,26.8881872,88.1888396,OK,10000.0,6.0,False,False,False,1598.0,4.902220089025776,69.0,DARJEELING-2025-LS-01|neg|15,0,,2025-08-29T00:00:00,0.5,0.1,0.30000000000000004,0.30000000000000004,5.2,18.9,50.099999999999994,101.30000000000001,130.9,0.2,0.413,0.418
DARJEELING-2025-LS-01,Sikkim / Darjeeling,landslide,B,REAL_RECONSTRUCTED,high,26.8881872,88.1888396,OK,10000.0,6.0,False,False,False,1598.0,4.902220089025776,69.0,DARJEELING-2025-LS-01|neg|16,0,,2025-11-14T00:00:00,0.5,0.0,0.0,0.0,0.0,0.0,0.4,2.7,138.39999999999998,0.0,0.326,0.333
DARJEELING-2025-LS-01,Sikkim / Darjeeling,landslide,B,REAL_RECONSTRUCTED,high,26.8881872,88.1888396,OK,10000.0,6.0,False,False,False,1598.0,4.902220089025776,69.0,DARJEELING-2025-LS-01|neg|17,0,,2025-09-11T12:00:00,0.5,1.3,1.8,2.9000000000000004,7.199999999999999,9.7,33.1,60.0,136.8,1.3,0.422,0.418
DARJEELING-2025-LS-01,Sikkim / Darjeeling,landslide,B,REAL_RECONSTRUCTED,high,26.8881872,88.1888396,OK,10000.0,6.0,False,False,False,1598.0,4.902220089025776,69.0,DARJEELING-2025-LS-01|neg|18,0,,2025-08-08T00:00:00,0.5,2.0,4.7,7.1000000000000005,8.5,14.100000000000001,55.900000000000006,123.0,241.7,2.0,0.429,0.428
DARJEELING-2025-LS-01,Sikkim / Darjeeling,landslide,B,REAL_RECONSTRUCTED,high,26.8881872,88.1888396,OK,10000.0,6.0,False,False,False,1598.0,4.902220089025776,69.0,DARJEELING-2025-LS-01|neg|19,0,,2025-09-11T00:00:00,0.5,0.1,0.6,1.4000000000000001,2.5000000000000004,6.2,31.300000000000004,53.4,136.7,0.4,0.413,0.412
DARJEELING-2025-LS-01,Sikkim / Darjeeling,landslide,B,REAL_RECONSTRUCTED,high,26.8881872,88.1888396,OK,10000.0,6.0,False,False,False,1598.0,4.902220089025776,69.0,DARJEELING-2025-LS-01|neg|20,0,,2025-09-08T12:00:00,0.5,0.4,1.1,3.5999999999999996,5.4,13.7,24.199999999999996,37.6,119.39999999999999,1.2,0.422,0.421
DARJEELING-2025-LS-01,Sikkim / Darjeeling,landslide,B,REAL_RECONSTRUCTED,high,26.8881872,88.1888396,OK,10000.0,6.0,False,False,False,1598.0,4.902220089025776,69.0,DARJEELING-2025-LS-01|neg|21,0,,2025-11-15T00:00:00,0.5,0.0,0.0,0.0,1.7,2.2,2.2,4.2,135.3,0.0,0.336,0.339
DARJEELING-2025-LS-01,Sikkim / Darjeeling,landslide,B,REAL_RECONSTRUCTED,high,26.8881872,88.1888396,OK,10000.0,6.0,False,False,False,1598.0,4.902220089025776,69.0,DARJEELING-2025-LS-01|neg|22,0,,2025-11-13T12:00:00,0.5,0.0,0.0,0.0,0.0,0.0,0.6000000000000001,2.7,140.89999999999998,0.0,0.326,0.34
DARJEELING-2025-LS-01,Sikkim / Darjeeling,landslide,B,REAL_RECONSTRUCTED,high,26.8881872,88.1888396,OK,10000.0,6.0,False,False,False,1598.0,4.902220089025776,69.0,DARJEELING-2025-LS-01|neg|23,0,,2025-09-19T12:00:00,0.5,0.3,0.7,0.8,1.0,4.2,18.700000000000003,188.2,264.2,0.3,0.402,0.404
DARJEELING-2025-LS-01,Sikkim / Darjeeling,landslide,B,REAL_RECONSTRUCTED,high,26.8881872,88.1888396,OK,10000.0,6.0,False,False,False,1598.0,4.902220089025776,69.0,DARJEELING-2025-LS-01|neg|24,0,,2025-10-27T00:00:00,0.5,0.0,0.0,0.0,0.6000000000000001,0.7000000000000001,3.0999999999999996,4.5,9.9,0.0,0.275,0.287
PHAMLA-2016-LS-01,Arunachal Pradesh,landslide,B,REAL_RECONSTRUCTED,high,27.5883,91.8653,MANUAL,5000.0,12.0,False,False,True,2867.0,8.122779268685035,82.0,PHAMLA-2016-LS-01|pos|72,1,72.0,2016-04-19T00:00:00,1.0,0.6,2.1,3.6,8.799999999999999,9.9,22.900000000000002,65.3,150.5,0.8,0.428,0.426
PHAMLA-2016-LS-01,Arunachal Pradesh,landslide,B,REAL_RECONSTRUCTED,high,27.5883,91.8653,MANUAL,5000.0,12.0,False,False,True,2867.0,8.122779268685035,82.0,PHAMLA-2016-LS-01|pos|48,1,48.0,2016-04-20T00:00:00,1.0,0.0,0.0,0.0,0.9,4.1000000000000005,22.2,51.400000000000006,150.89999999999998,0.0,0.413,0.417
PHAMLA-2016-LS-01,Arunachal Pradesh,landslide,B,REAL_RECONSTRUCTED,high,27.5883,91.8653,MANUAL,5000.0,12.0,False,False,True,2867.0,8.122779268685035,82.0,PHAMLA-2016-LS-01|pos|24,1,24.0,2016-04-21T00:00:00,1.0,0.7,2.7,6.8,16.2,23.0,37.0,60.400000000000006,165.4,2.0,0.426,0.429
PHAMLA-2016-LS-01,Arunachal Pradesh,landslide,B,REAL_RECONSTRUCTED,high,27.5883,91.8653,MANUAL,5000.0,12.0,False,False,True,2867.0,8.122779268685035,82.0,PHAMLA-2016-LS-01|pos|12,1,12.0,2016-04-21T12:00:00,1.0,1.0,3.4000000000000004,5.9,9.0,25.2,44.9,63.60000000000001,172.0,1.3,0.427,0.428
PHAMLA-2016-LS-01,Arunachal Pradesh,landslide,B,REAL_RECONSTRUCTED,high,27.5883,91.8653,MANUAL,5000.0,12.0,False,False,True,2867.0,8.122779268685035,82.0,PHAMLA-2016-LS-01|neg|0,0,,2016-05-17T00:00:00,0.5,2.6,3.8,4.6,8.6,19.9,41.3,65.70000000000002,104.2,2.6,0.43,0.425
PHAMLA-2016-LS-01,Arunachal Pradesh,landslide,B,REAL_RECONSTRUCTED,high,27.5883,91.8653,MANUAL,5000.0,12.0,False,False,True,2867.0,8.122779268685035,82.0,PHAMLA-2016-LS-01|neg|1,0,,2016-05-21T00:00:00,0.5,0.0,0.0,0.9999999999999999,9.2,11.5,48.900000000000006,127.10000000000002,174.0,0.6,0.418,0.419
PHAMLA-2016-LS-01,Arunachal Pradesh,landslide,B,REAL_RECONSTRUCTED,high,27.5883,91.8653,MANUAL,5000.0,12.0,False,False,True,2867.0,8.122779268685035,82.0,PHAMLA-2016-LS-01|neg|2,0,,2016-03-16T12:00:00,0.5,0.5,1.7999999999999998,3.5999999999999996,3.9000000000000004,6.1,16.299999999999997,58.4,100.0,0.9,0.423,0.415
PHAMLA-2016-LS-01,Arunachal Pradesh,landslide,B,REAL_RECONSTRUCTED,high,27.5883,91.8653,MANUAL,5000.0,12.0,False,False,True,2867.0,8.122779268685035,82.0,PHAMLA-2016-LS-01|neg|3,0,,2016-05-17T12:00:00,0.5,3.4,8.0,12.6,25.0,33.599999999999994,63.1,89.39999999999999,128.5,3.4,0.43,0.43
PHAMLA-2016-LS-01,Arunachal Pradesh,landslide,B,REAL_RECONSTRUCTED,high,27.5883,91.8653,MANUAL,5000.0,12.0,False,False,True,2867.0,8.122779268685035,82.0,PHAMLA-2016-LS-01|neg|4,0,,2016-03-23T00:00:00,0.5,0.2,1.3,2.7,6.8999999999999995,14.0,42.099999999999994,58.69999999999999,122.6,0.6,0.419,0.423
PHAMLA-2016-LS-01,Arunachal Pradesh,landslide,B,REAL_RECONSTRUCTED,high,27.5883,91.8653,MANUAL,5000.0,12.0,False,False,True,2867.0,8.122779268685035,82.0,PHAMLA-2016-LS-01|neg|5,0,,2016-03-13T12:00:00,0.5,1.0,1.9,2.7,3.8,14.2,31.4,61.3,86.1,1.0,0.429,0.426
PHAMLA-2016-LS-01,Arunachal Pradesh,landslide,B,REAL_RECONSTRUCTED,high,27.5883,91.8653,MANUAL,5000.0,12.0,False,False,True,2867.0,8.122779268685035,82.0,PHAMLA-2016-LS-01|neg|6,0,,2016-05-24T12:00:00,0.5,0.2,0.7,0.7,0.7,2.3000000000000003,15.700000000000001,77.2,168.2,0.4,0.397,0.406
PHAMLA-2016-LS-01,Arunachal Pradesh,landslide,B,REAL_RECONSTRUCTED,high,27.5883,91.8653,MANUAL,5000.0,12.0,False,False,True,2867.0,8.122779268685035,82.0,PHAMLA-2016-LS-01|neg|7,0,,2016-03-15T12:00:00,0.5,0.0,0.0,0.1,0.1,3.0,24.4,59.3,94.30000000000001,0.1,0.417,0.417
PHAMLA-2016-LS-01,Arunachal Pradesh,landslide,B,REAL_RECONSTRUCTED,high,27.5883,91.8653,MANUAL,5000.0,12.0,False,False,True,2867.0,8.122779268685035,82.0,PHAMLA-2016-LS-01|neg|8,0,,2016-05-23T00:00:00,0.5,0.0,0.0,0.0,2.2,7.3,25.0,119.19999999999999,172.7,0.0,0.416,0.421
PHAMLA-2016-LS-01,Arunachal Pradesh,landslide,B,REAL_RECONSTRUCTED,high,27.5883,91.8653,MANUAL,5000.0,12.0,False,False,True,2867.0,8.122779268685035,82.0,PHAMLA-2016-LS-01|neg|9,0,,2016-05-23T12:00:00,0.5,0.4,0.6000000000000001,0.6000000000000001,0.6000000000000001,2.8000000000000003,23.3,108.5,171.3,0.4,0.408,0.414
PHAMLA-2016-LS-01,Arunachal Pradesh,landslide,B,REAL_RECONSTRUCTED,high,27.5883,91.8653,MANUAL,5000.0,12.0,False,False,True,2867.0,8.122779268685035,82.0,PHAMLA-2016-LS-01|neg|10,0,,2016-05-27T00:00:00,0.5,0.0,0.0,0.0,2.5,4.7,16.6,43.8,179.0,0.0,0.406,0.408
PHAMLA-2016-LS-01,Arunachal Pradesh,landslide,B,REAL_RECONSTRUCTED,high,27.5883,91.8653,MANUAL,5000.0,12.0,False,False,True,2867.0,8.122779268685035,82.0,PHAMLA-2016-LS-01|neg|11,0,,2016-05-19T00:00:00,0.5,0.0,0.0,0.6000000000000001,5.0,35.0,91.8,132.8,172.2,0.4,0.418,0.422
PHAMLA-2016-LS-01,Arunachal Pradesh,landslide,B,REAL_RECONSTRUCTED,high,27.5883,91.8653,MANUAL,5000.0,12.0,False,False,True,2867.0,8.122779268685035,82.0,PHAMLA-2016-LS-01|neg|12,0,,2016-02-26T12:00:00,0.5,0.0,0.0,0.0,0.0,0.1,3.7,30.0,48.6,0.0,0.404,0.404
PHAMLA-2016-LS-01,Arunachal Pradesh,landslide,B,REAL_RECONSTRUCTED,high,27.5883,91.8653,MANUAL,5000.0,12.0,False,False,True,2867.0,8.122779268685035,82.0,PHAMLA-2016-LS-01|neg|13,0,,2016-02-25T00:00:00,0.5,0.0,0.0,0.0,0.0,0.1,15.6,30.400000000000002,56.3,0.0,0.407,0.412
PHAMLA-2016-LS-01,Arunachal Pradesh,landslide,B,REAL_RECONSTRUCTED,high,27.5883,91.8653,MANUAL,5000.0,12.0,False,False,True,2867.0,8.122779268685035,82.0,PHAMLA-2016-LS-01|neg|14,0,,2016-03-09T00:00:00,0.5,0.2,0.2,0.30000000000000004,5.1000000000000005,7.500000000000001,18.400000000000002,37.5,53.699999999999996,0.2,0.413,0.416
PHAMLA-2016-LS-01,Arunachal Pradesh,landslide,B,REAL_RECONSTRUCTED,high,27.5883,91.8653,MANUAL,5000.0,12.0,False,False,True,2867.0,8.122779268685035,82.0,PHAMLA-2016-LS-01|neg|15,0,,2016-06-01T00:00:00,0.5,0.0,0.0,0.0,1.9,7.1,25.400000000000002,52.900000000000006,158.6,0.0,0.41,0.414
PHAMLA-2016-LS-01,Arunachal Pradesh,landslide,B,REAL_RECONSTRUCTED,high,27.5883,91.8653,MANUAL,5000.0,12.0,False,False,True,2867.0,8.122779268685035,82.0,PHAMLA-2016-LS-01|neg|16,0,,2016-05-30T00:00:00,0.5,0.5,1.2,1.4,6.5,10.0,25.1,43.9,176.9,0.5,0.416,0.415
PHAMLA-2016-LS-01,Arunachal Pradesh,landslide,B,REAL_RECONSTRUCTED,high,27.5883,91.8653,MANUAL,5000.0,12.0,False,False,True,2867.0,8.122779268685035,82.0,PHAMLA-2016-LS-01|neg|17,0,,2016-05-30T12:00:00,0.5,1.0,1.9,4.199999999999999,5.199999999999999,11.700000000000001,29.000000000000004,48.50000000000001,174.2,1.7,0.417,0.414
PHAMLA-2016-LS-01,Arunachal Pradesh,landslide,B,REAL_RECONSTRUCTED,high,27.5883,91.8653,MANUAL,5000.0,12.0,False,False,True,2867.0,8.122779268685035,82.0,PHAMLA-2016-LS-01|neg|18,0,,2016-05-28T00:00:00,0.5,0.0,0.0,0.0,3.1,4.4,16.8,36.7,171.2,0.0,0.406,0.407
PHAMLA-2016-LS-01,Arunachal Pradesh,landslide,B,REAL_RECONSTRUCTED,high,27.5883,91.8653,MANUAL,5000.0,12.0,False,False,True,2867.0,8.122779268685035,82.0,PHAMLA-2016-LS-01|neg|19,0,,2016-05-12T00:00:00,0.5,0.0,0.0,0.0,1.3,1.8,5.3,34.3,87.4,0.0,0.388,0.393
LAPTAP-2017-LS-01,Arunachal Pradesh,landslide,A,REAL_VALIDATED,high,27.2863667,93.6187716,COARSE,63131.0,0.5,True,False,False,1369.0,19.476754186072103,153.0,LAPTAP-2017-LS-01|pos|72,1,72.0,2017-07-08T14:00:00,0.2,2.4,9.4,12.5,31.499999999999996,41.7,55.9,283.5,495.9,3.7,0.495,0.517
LAPTAP-2017-LS-01,Arunachal Pradesh,landslide,A,REAL_VALIDATED,high,27.2863667,93.6187716,COARSE,63131.0,0.5,True,False,False,1369.0,19.476754186072103,153.0,LAPTAP-2017-LS-01|pos|48,1,48.0,2017-07-09T14:00:00,0.2,0.3,2.6999999999999997,9.8,35.699999999999996,52.599999999999994,100.69999999999999,272.3,529.3,2.7,0.512,0.516
LAPTAP-2017-LS-01,Arunachal Pradesh,landslide,A,REAL_VALIDATED,high,27.2863667,93.6187716,COARSE,63131.0,0.5,True,False,False,1369.0,19.476754186072103,153.0,LAPTAP-2017-LS-01|pos|24,1,24.0,2017-07-10T14:00:00,0.2,1.2,2.2,5.8999999999999995,42.900000000000006,98.5,192.8,324.29999999999995,607.4,2.3,0.516,0.515
LAPTAP-2017-LS-01,Arunachal Pradesh,landslide,A,REAL_VALIDATED,high,27.2863667,93.6187716,COARSE,63131.0,0.5,True,False,False,1369.0,19.476754186072103,153.0,LAPTAP-2017-LS-01|pos|12,1,12.0,2017-07-11T02:00:00,0.2,3.2,4.7,6.2,16.5,59.400000000000006,199.09999999999997,320.5,622.8,3.2,0.519,0.517
LAPTAP-2017-LS-01,Arunachal Pradesh,landslide,A,REAL_VALIDATED,high,27.2863667,93.6187716,COARSE,63131.0,0.5,True,False,False,1369.0,19.476754186072103,153.0,LAPTAP-2017-LS-01|pos|6,1,6.0,2017-07-11T08:00:00,0.2,0.5,2.0,8.799999999999999,15.000000000000002,31.199999999999996,188.89999999999998,299.90000000000003,627.1,4.1,0.513,0.515
LAPTAP-2017-LS-01,Arunachal Pradesh,landslide,A,REAL_VALIDATED,high,27.2863667,93.6187716,COARSE,63131.0,0.5,True,False,False,1369.0,19.476754186072103,153.0,LAPTAP-2017-LS-01|pos|3,1,3.0,2017-07-11T11:00:00,0.2,0.5,1.4,3.4,14.9,28.900000000000002,187.2,297.4,626.8,0.8,0.51,0.513
LAPTAP-2017-LS-01,Arunachal Pradesh,landslide,A,REAL_VALIDATED,high,27.2863667,93.6187716,COARSE,63131.0,0.5,True,False,False,1369.0,19.476754186072103,153.0,LAPTAP-2017-LS-01|pos|1,1,1.0,2017-07-11T13:00:00,0.2,0.3,1.4000000000000001,2.8,14.3,28.8,181.10000000000002,297.3,626.7,0.6,0.508,0.512
LAPTAP-2017-LS-01,Arunachal Pradesh,landslide,A,REAL_VALIDATED,high,27.2863667,93.6187716,COARSE,63131.0,0.5,True,False,False,1369.0,19.476754186072103,153.0,LAPTAP-2017-LS-01|neg|0,0,,2017-08-16T14:00:00,0.5,0.5,2.1,4.199999999999999,5.699999999999999,10.200000000000001,26.299999999999997,291.2,405.9,1.0,0.513,0.508
LAPTAP-2017-LS-01,Arunachal Pradesh,landslide,A,REAL_VALIDATED,high,27.2863667,93.6187716,COARSE,63131.0,0.5,True,False,False,1369.0,19.476754186072103,153.0,LAPTAP-2017-LS-01|neg|1,0,,2017-08-16T02:00:00,0.5,1.8,2.1,2.3,4.5,10.399999999999999,44.199999999999996,290.6,402.6,1.8,0.519,0.507
LAPTAP-2017-LS-01,Arunachal Pradesh,landslide,A,REAL_VALIDATED,high,27.2863667,93.6187716,COARSE,63131.0,0.5,True,False,False,1369.0,19.476754186072103,153.0,LAPTAP-2017-LS-01|neg|2,0,,2017-08-14T02:00:00,0.5,0.2,0.4,2.1,2.8000000000000007,26.4,186.40000000000003,323.20000000000005,393.00000000000006,0.9,0.501,0.491
LAPTAP-2017-LS-01,Arunachal Pradesh,landslide,A,REAL_VALIDATED,high,27.2863667,93.6187716,COARSE,63131.0,0.5,True,False,False,1369.0,19.476754186072103,153.0,LAPTAP-2017-LS-01|neg|3,0,,2017-08-13T14:00:00,0.5,0.6,3.3000000000000003,10.2,23.600000000000005,40.1,234.9,324.29999999999995,396.49999999999994,3.2,0.51,0.515
LAPTAP-2017-LS-01,Arunachal Pradesh,landslide,A,REAL_VALIDATED,high,27.2863667,93.6187716,COARSE,63131.0,0.5,True,False,False,1369.0,19.476754186072103,153.0,LAPTAP-2017-LS-01|neg|4,0,,2017-08-13T02:00:00,0.5,2.0,5.3,10.0,16.5,64.6,235.40000000000003,302.9,386.70000000000005,2.0,0.498,0.518
LAPTAP-2017-LS-01,Arunachal Pradesh,landslide,A,REAL_VALIDATED,high,27.2863667,93.6187716,COARSE,63131.0,0.5,True,False,False,1369.0,19.476754186072103,153.0,LAPTAP-2017-LS-01|neg|5,0,,2017-06-13T14:00:00,0.5,0.7,6.8,19.2,38.800000000000004,50.8,71.6,84.2,301.0,5.4,0.509,0.516
LAPTAP-2017-LS-01,Arunachal Pradesh,landslide,A,REAL_VALIDATED,high,27.2863667,93.6187716,COARSE,63131.0,0.5,True,False,False,1369.0,19.476754186072103,153.0,LAPTAP-2017-LS-01|neg|6,0,,2017-07-28T02:00:00,0.5,0.0,0.0,0.0,0.7,5.2,23.3,93.69999999999999,175.2,0.0,0.491,0.493
LAPTAP-2017-LS-01,Arunachal Pradesh,landslide,A,REAL_VALIDATED,high,27.2863667,93.6187716,COARSE,63131.0,0.5,True,False,False,1369.0,19.476754186072103,153.0,LAPTAP-2017-LS-01|neg|7,0,,2017-05-30T02:00:00,0.5,3.0,5.1,7.2,7.300000000000001,9.3,15.100000000000001,92.0,195.5,3.0,0.52,0.485
LAPTAP-2017-LS-01,Arunachal Pradesh,landslide,A,REAL_VALIDATED,high,27.2863667,93.6187716,COARSE,63131.0,0.5,True,False,False,1369.0,19.476754186072103,153.0,LAPTAP-2017-LS-01|neg|8,0,,2017-08-04T14:00:00,0.5,0.3,1.6,7.299999999999999,9.599999999999998,14.0,41.7,78.89999999999999,181.0,4.3,0.502,0.512
LAPTAP-2017-LS-01,Arunachal Pradesh,landslide,A,REAL_VALIDATED,high,27.2863667,93.6187716,COARSE,63131.0,0.5,True,False,False,1369.0,19.476754186072103,153.0,LAPTAP-2017-LS-01|neg|9,0,,2017-08-21T14:00:00,0.5,0.1,0.5,1.3000000000000003,1.7000000000000002,2.8,13.899999999999999,59.599999999999994,391.1,0.3,0.489,0.491
LAPTAP-2017-LS-01,Arunachal Pradesh,landslide,A,REAL_VALIDATED,high,27.2863667,93.6187716,COARSE,63131.0,0.5,True,False,False,1369.0,19.476754186072103,153.0,LAPTAP-2017-LS-01|neg|10,0,,2017-07-30T14:00:00,0.5,0.2,1.2,2.5,3.3000000000000003,9.600000000000001,38.2,97.0,168.29999999999998,0.6,0.503,0.504
LAPTAP-2017-LS-01,Arunachal Pradesh,landslide,A,REAL_VALIDATED,high,27.2863667,93.6187716,COARSE,63131.0,0.5,True,False,False,1369.0,19.476754186072103,153.0,LAPTAP-2017-LS-01|neg|11,0,,2017-06-17T02:00:00,0.5,0.8,2.3,8.4,21.8,31.799999999999997,55.9,189.5,296.30000000000007,2.5,0.518,0.515
LAPTAP-2017-LS-01,Arunachal Pradesh,landslide,A,REAL_VALIDATED,high,27.2863667,93.6187716,COARSE,63131.0,0.5,True,False,False,1369.0,19.476754186072103,153.0,LAPTAP-2017-LS-01|neg|12,0,,2017-06-05T14:00:00,0.5,1.1,2.3,3.1,6.4,9.5,84.5,212.4,317.5,1.1,0.512,0.506
LAPTAP-2017-LS-01,Arunachal Pradesh,landslide,A,REAL_VALIDATED,high,27.2863667,93.6187716,COARSE,63131.0,0.5,True,False,False,1369.0,19.476754186072103,153.0,LAPTAP-2017-LS-01|neg|13,0,,2017-08-03T02:00:00,0.5,0.9,1.5,1.7999999999999998,6.4,8.4,18.0,61.69999999999999,184.0,0.9,0.508,0.494
LAPTAP-2017-LS-01,Arunachal Pradesh,landslide,A,REAL_VALIDATED,high,27.2863667,93.6187716,COARSE,63131.0,0.5,True,False,False,1369.0,19.476754186072103,153.0,LAPTAP-2017-LS-01|neg|14,0,,2017-06-09T14:00:00,0.5,0.3,1.1,2.8999999999999995,3.3999999999999995,3.4,10.3,99.19999999999999,247.2,0.6,0.486,0.477
LAPTAP-2017-LS-01,Arunachal Pradesh,landslide,A,REAL_VALIDATED,high,27.2863667,93.6187716,COARSE,63131.0,0.5,True,False,False,1369.0,19.476754186072103,153.0,LAPTAP-2017-LS-01|neg|15,0,,2017-06-12T02:00:00,0.5,2.1,4.9,9.1,14.6,15.8,21.9,39.599999999999994,251.5,2.1,0.514,0.508
LAPTAP-2017-LS-01,Arunachal Pradesh,landslide,A,REAL_VALIDATED,high,27.2863667,93.6187716,COARSE,63131.0,0.5,True,False,False,1369.0,19.476754186072103,153.0,LAPTAP-2017-LS-01|neg|16,0,,2017-08-20T14:00:00,0.5,0.3,1.3,1.8,1.9000000000000001,2.4000000000000004,28.8,64.0,394.20000000000005,0.7,0.49,0.494
LAPTAP-2017-LS-01,Arunachal Pradesh,landslide,A,REAL_VALIDATED,high,27.2863667,93.6187716,COARSE,63131.0,0.5,True,False,False,1369.0,19.476754186072103,153.0,LAPTAP-2017-LS-01|neg|17,0,,2017-06-21T14:00:00,0.5,0.2,1.2,6.500000000000001,7.200000000000001,11.8,76.0,192.3,348.6,3.5,0.509,0.508
LAPTAP-2017-LS-01,Arunachal Pradesh,landslide,A,REAL_VALIDATED,high,27.2863667,93.6187716,COARSE,63131.0,0.5,True,False,False,1369.0,19.476754186072103,153.0,LAPTAP-2017-LS-01|neg|18,0,,2017-08-22T02:00:00,0.5,0.0,0.0,0.0,0.4,2.1,13.7,57.0,387.6,0.0,0.489,0.495
LAPTAP-2017-LS-01,Arunachal Pradesh,landslide,A,REAL_VALIDATED,high,27.2863667,93.6187716,COARSE,63131.0,0.5,True,False,False,1369.0,19.476754186072103,153.0,LAPTAP-2017-LS-01|neg|19,0,,2017-06-10T02:00:00,0.5,0.0,0.0,0.0,0.2,3.5999999999999996,10.200000000000001,52.2,243.4,0.0,0.48,0.477
LAPTAP-2017-LS-01,Arunachal Pradesh,landslide,A,REAL_VALIDATED,high,27.2863667,93.6187716,COARSE,63131.0,0.5,True,False,False,1369.0,19.476754186072103,153.0,LAPTAP-2017-LS-01|neg|20,0,,2017-07-29T02:00:00,0.5,2.2,3.2,4.2,6.5,14.100000000000001,28.699999999999996,89.1,178.2,2.2,0.505,0.495
LAPTAP-2017-LS-01,Arunachal Pradesh,landslide,A,REAL_VALIDATED,high,27.2863667,93.6187716,COARSE,63131.0,0.5,True,False,False,1369.0,19.476754186072103,153.0,LAPTAP-2017-LS-01|neg|21,0,,2017-07-30T02:00:00,0.5,0.0,0.8,6.1,6.299999999999999,20.1,39.4,96.69999999999999,168.89999999999998,4.7,0.493,0.512
LAPTAP-2017-LS-01,Arunachal Pradesh,landslide,A,REAL_VALIDATED,high,27.2863667,93.6187716,COARSE,63131.0,0.5,True,False,False,1369.0,19.476754186072103,153.0,LAPTAP-2017-LS-01|neg|22,0,,2017-06-03T14:00:00,0.5,0.7,3.5999999999999996,8.7,19.0,66.19999999999999,104.4,200.0,348.4,2.6,0.5,0.515
LAPTAP-2017-LS-01,Arunachal Pradesh,landslide,A,REAL_VALIDATED,high,27.2863667,93.6187716,COARSE,63131.0,0.5,True,False,False,1369.0,19.476754186072103,153.0,LAPTAP-2017-LS-01|neg|23,0,,2017-05-19T14:00:00,0.5,0.5,1.0,3.1,4.6,6.1,22.4,49.599999999999994,183.8,1.3,0.505,0.498
LAPTAP-2017-LS-01,Arunachal Pradesh,landslide,A,REAL_VALIDATED,high,27.2863667,93.6187716,COARSE,63131.0,0.5,True,False,False,1369.0,19.476754186072103,153.0,LAPTAP-2017-LS-01|neg|24,0,,2017-06-23T02:00:00,0.5,0.2,0.5,1.2,2.5000000000000004,19.9,41.8,200.8,365.1,0.5,0.504,0.504
LAPTAP-2017-LS-01,Arunachal Pradesh,landslide,A,REAL_VALIDATED,high,27.2863667,93.6187716,COARSE,63131.0,0.5,True,False,False,1369.0,19.476754186072103,153.0,LAPTAP-2017-LS-01|neg|25,0,,2017-06-15T02:00:00,0.5,0.0,1.0,5.8,8.0,20.2,135.5,160.40000000000003,297.8,1.9,0.508,0.511
LAPTAP-2017-LS-01,Arunachal Pradesh,landslide,A,REAL_VALIDATED,high,27.2863667,93.6187716,COARSE,63131.0,0.5,True,False,False,1369.0,19.476754186072103,153.0,LAPTAP-2017-LS-01|neg|26,0,,2017-06-25T14:00:00,0.5,0.2,0.5,6.3,19.6,20.4,65.5,159.4,419.4,3.4,0.502,0.512
LAPTAP-2017-LS-01,Arunachal Pradesh,landslide,A,REAL_VALIDATED,high,27.2863667,93.6187716,COARSE,63131.0,0.5,True,False,False,1369.0,19.476754186072103,153.0,LAPTAP-2017-LS-01|neg|27,0,,2017-08-17T02:00:00,0.5,0.0,0.1,0.2,2.3000000000000003,8.0,25.799999999999997,287.6,404.9,0.1,0.496,0.505
LAPTAP-2017-LS-01,Arunachal Pradesh,landslide,A,REAL_VALIDATED,high,27.2863667,93.6187716,COARSE,63131.0,0.5,True,False,False,1369.0,19.476754186072103,153.0,LAPTAP-2017-LS-01|neg|28,0,,2017-07-26T02:00:00,0.5,0.0,0.0,0.0,0.2,8.7,47.89999999999999,112.89999999999999,174.7,0.0,0.494,0.496
LAPTAP-2017-LS-01,Arunachal Pradesh,landslide,A,REAL_VALIDATED,high,27.2863667,93.6187716,COARSE,63131.0,0.5,True,False,False,1369.0,19.476754186072103,153.0,LAPTAP-2017-LS-01|neg|29,0,,2017-07-28T14:00:00,0.5,1.0,6.5,7.1,7.6,8.3,22.4,83.5,177.60000000000002,4.8,0.506,0.499
LAPTAP-2017-LS-01,Arunachal Pradesh,landslide,A,REAL_VALIDATED,high,27.2863667,93.6187716,COARSE,63131.0,0.5,True,False,False,1369.0,19.476754186072103,153.0,LAPTAP-2017-LS-01|neg|30,0,,2017-05-17T02:00:00,0.5,0.0,0.0,0.0,5.199999999999999,9.3,25.5,50.5,213.6,0.0,0.498,0.504
LAPTAP-2017-LS-01,Arunachal Pradesh,landslide,A,REAL_VALIDATED,high,27.2863667,93.6187716,COARSE,63131.0,0.5,True,False,False,1369.0,19.476754186072103,153.0,LAPTAP-2017-LS-01|neg|31,0,,2017-08-06T14:00:00,0.5,0.2,1.3,1.9000000000000001,2.2,5.9,27.6,62.599999999999994,164.6,0.6,0.498,0.501
LAPTAP-2017-LS-01,Arunachal Pradesh,landslide,A,REAL_VALIDATED,high,27.2863667,93.6187716,COARSE,63131.0,0.5,True,False,False,1369.0,19.476754186072103,153.0,LAPTAP-2017-LS-01|neg|32,0,,2017-06-11T14:00:00,0.5,0.0,0.9,1.0,1.2000000000000002,1.6,7.3,28.1,236.89999999999998,0.5,0.468,0.469
LAPTAP-2017-LS-01,Arunachal Pradesh,landslide,A,REAL_VALIDATED,high,27.2863667,93.6187716,COARSE,63131.0,0.5,True,False,False,1369.0,19.476754186072103,153.0,LAPTAP-2017-LS-01|neg|33,0,,2017-06-01T14:00:00,0.5,1.7,5.7,8.8,13.399999999999999,18.9,108.6,128.7,277.0,2.3,0.496,0.518
LAPTAP-2017-LS-01,Arunachal Pradesh,landslide,A,REAL_VALIDATED,high,27.2863667,93.6187716,COARSE,63131.0,0.5,True,False,False,1369.0,19.476754186072103,153.0,LAPTAP-2017-LS-01|neg|34,0,,2017-07-31T02:00:00,0.5,0.0,0.0,0.0,1.0,4.3,38.5,95.99999999999999,169.0,0.0,0.493,0.5
TUPUL-2022-LS-01,Mizoram / Manipur / Nagaland,landslide,B,REAL_RECONSTRUCTED,critical,24.8591099,93.6325027,COARSE,3000.0,1.5,True,True,True,489.0,28.78877863178173,254.0,TUPUL-2022-LS-01|pos|72,1,72.0,2022-06-26T23:00:00,1.0,0.0,0.0,0.0,0.0,5.0,18.299999999999997,63.400000000000006,247.10000000000002,0.0,0.411,0.416
TUPUL-2022-LS-01,Mizoram / Manipur / Nagaland,landslide,B,REAL_RECONSTRUCTED,critical,24.8591099,93.6325027,COARSE,3000.0,1.5,True,True,True,489.0,28.78877863178173,254.0,TUPUL-2022-LS-01|pos|48,1,48.0,2022-06-27T23:00:00,1.0,0.5,1.2,1.2,1.5,10.399999999999999,18.0,52.9,252.60000000000002,0.5,0.408,0.406
TUPUL-2022-LS-01,Mizoram / Manipur / Nagaland,landslide,B,REAL_RECONSTRUCTED,critical,24.8591099,93.6325027,COARSE,3000.0,1.5,True,True,True,489.0,28.78877863178173,254.0,TUPUL-2022-LS-01|pos|24,1,24.0,2022-06-28T23:00:00,1.0,1.5,3.2,8.7,10.799999999999999,16.1,31.499999999999996,63.10000000000001,254.7,3.8,0.43,0.429
TUPUL-2022-LS-01,Mizoram / Manipur / Nagaland,landslide,B,REAL_RECONSTRUCTED,critical,24.8591099,93.6325027,COARSE,3000.0,1.5,True,True,True,489.0,28.78877863178173,254.0,TUPUL-2022-LS-01|pos|12,1,12.0,2022-06-29T11:00:00,1.0,0.3,1.0,1.4000000000000001,7.6000000000000005,18.400000000000002,34.099999999999994,64.4,250.3,0.4,0.423,0.424
TUPUL-2022-LS-01,Mizoram / Manipur / Nagaland,landslide,B,REAL_RECONSTRUCTED,critical,24.8591099,93.6325027,COARSE,3000.0,1.5,True,True,True,489.0,28.78877863178173,254.0,TUPUL-2022-LS-01|pos|6,1,6.0,2022-06-29T17:00:00,1.0,1.4,2.9,4.0,5.4,20.3,38.099999999999994,67.9,243.9,1.4,0.426,0.424
TUPUL-2022-LS-01,Mizoram / Manipur / Nagaland,landslide,B,REAL_RECONSTRUCTED,critical,24.8591099,93.6325027,COARSE,3000.0,1.5,True,True,True,489.0,28.78877863178173,254.0,TUPUL-2022-LS-01|pos|3,1,3.0,2022-06-29T20:00:00,1.0,0.0,0.30000000000000004,3.2,5.3,15.099999999999998,38.39999999999999,67.89999999999999,244.09999999999997,1.4,0.422,0.424
TUPUL-2022-LS-01,Mizoram / Manipur / Nagaland,landslide,B,REAL_RECONSTRUCTED,critical,24.8591099,93.6325027,COARSE,3000.0,1.5,True,True,True,489.0,28.78877863178173,254.0,TUPUL-2022-LS-01|neg|0,0,,2022-06-05T11:00:00,0.5,0.0,0.7,2.7,5.0,11.8,36.0,64.60000000000001,90.8,1.2,0.423,0.425
TUPUL-2022-LS-01,Mizoram / Manipur / Nagaland,landslide,B,REAL_RECONSTRUCTED,critical,24.8591099,93.6325027,COARSE,3000.0,1.5,True,True,True,489.0,28.78877863178173,254.0,TUPUL-2022-LS-01|neg|1,0,,2022-05-05T23:00:00,0.5,0.0,0.0,0.0,1.2000000000000002,1.2000000000000002,77.9,101.19999999999999,139.7,0.0,0.375,0.381
TUPUL-2022-LS-01,Mizoram / Manipur / Nagaland,landslide,B,REAL_RECONSTRUCTED,critical,24.8591099,93.6325027,COARSE,3000.0,1.5,True,True,True,489.0,28.78877863178173,254.0,TUPUL-2022-LS-01|neg|2,0,,2022-05-23T23:00:00,0.5,0.2,0.2,0.2,1.7,2.0,16.1,64.2,209.50000000000003,0.2,0.403,0.406
TUPUL-2022-LS-01,Mizoram / Manipur / Nagaland,landslide,B,REAL_RECONSTRUCTED,critical,24.8591099,93.6325027,COARSE,3000.0,1.5,True,True,True,489.0,28.78877863178173,254.0,TUPUL-2022-LS-01|neg|3,0,,2022-05-05T11:00:00,0.5,0.0,0.0,0.0,0.0,4.6,77.80000000000001,100.0,138.5,0.0,0.385,0.39
TUPUL-2022-LS-01,Mizoram / Manipur / Nagaland,landslide,B,REAL_RECONSTRUCTED,critical,24.8591099,93.6325027,COARSE,3000.0,1.5,True,True,True,489.0,28.78877863178173,254.0,TUPUL-2022-LS-01|neg|4,0,,2022-05-04T23:00:00,0.5,0.0,0.0,0.0,4.6,51.3,83.2,102.69999999999999,140.2,0.0,0.394,0.398
TUPUL-2022-LS-01,Mizoram / Manipur / Nagaland,landslide,B,REAL_RECONSTRUCTED,critical,24.8591099,93.6325027,COARSE,3000.0,1.5,True,True,True,489.0,28.78877863178173,254.0,TUPUL-2022-LS-01|neg|5,0,,2022-06-05T23:00:00,0.5,0.0,1.2,1.2999999999999998,2.3,7.3,35.6,66.89999999999999,88.2,0.7,0.419,0.419
TUPUL-2022-LS-01,Mizoram / Manipur / Nagaland,landslide,B,REAL_RECONSTRUCTED,critical,24.8591099,93.6325027,COARSE,3000.0,1.5,True,True,True,489.0,28.78877863178173,254.0,TUPUL-2022-LS-01|neg|6,0,,2022-06-09T23:00:00,0.5,0.0,0.1,0.7000000000000001,7.4,14.9,25.200000000000003,64.9,101.1,0.4,0.416,0.418
TUPUL-2022-LS-01,Mizoram / Manipur / Nagaland,landslide,B,REAL_RECONSTRUCTED,critical,24.8591099,93.6325027,COARSE,3000.0,1.5,True,True,True,489.0,28.78877863178173,254.0,TUPUL-2022-LS-01|neg|7,0,,2022-05-22T11:00:00,0.5,0.3,0.6000000000000001,2.0,6.999999999999999,11.9,28.599999999999998,75.5,210.5,0.7,0.419,0.417
TUPUL-2022-LS-01,Mizoram / Manipur / Nagaland,landslide,B,REAL_RECONSTRUCTED,critical,24.8591099,93.6325027,COARSE,3000.0,1.5,True,True,True,489.0,28.78877863178173,254.0,TUPUL-2022-LS-01|neg|8,0,,2022-05-22T23:00:00,0.5,0.0,0.0,0.0,0.7000000000000001,7.7,26.900000000000002,75.6,209.8,0.0,0.413,0.418
TUPUL-2022-LS-01,Mizoram / Manipur / Nagaland,landslide,B,REAL_RECONSTRUCTED,critical,24.8591099,93.6325027,COARSE,3000.0,1.5,True,True,True,489.0,28.78877863178173,254.0,TUPUL-2022-LS-01|neg|9,0,,2022-06-06T11:00:00,0.5,1.0,1.9,2.2,2.2,4.5,30.8,69.0,83.39999999999999,1.0,0.421,0.416
TUPUL-2022-LS-01,Mizoram / Manipur / Nagaland,landslide,B,REAL_RECONSTRUCTED,critical,24.8591099,93.6325027,COARSE,3000.0,1.5,True,True,True,489.0,28.78877863178173,254.0,TUPUL-2022-LS-01|neg|10,0,,2022-06-15T11:00:00,0.5,0.1,5.0,5.0,10.2,20.8,51.6,79.9,142.3,3.6,0.424,0.426
TUPUL-2022-LS-01,Mizoram / Manipur / Nagaland,landslide,B,REAL_RECONSTRUCTED,critical,24.8591099,93.6325027,COARSE,3000.0,1.5,True,True,True,489.0,28.78877863178173,254.0,TUPUL-2022-LS-01|neg|11,0,,2022-05-21T11:00:00,0.5,0.1,0.7,1.5000000000000002,1.5000000000000002,3.9000000000000004,23.4,81.9,199.7,0.5,0.416,0.417
TUPUL-2022-LS-01,Mizoram / Manipur / Nagaland,landslide,B,REAL_RECONSTRUCTED,critical,24.8591099,93.6325027,COARSE,3000.0,1.5,True,True,True,489.0,28.78877863178173,254.0,TUPUL-2022-LS-01|neg|12,0,,2022-05-10T11:00:00,0.5,0.2,0.7,2.3000000000000003,11.0,11.7,15.399999999999999,91.99999999999999,124.19999999999999,0.7,0.373,0.339
TUPUL-2022-LS-01,Mizoram / Manipur / Nagaland,landslide,B,REAL_RECONSTRUCTED,critical,24.8591099,93.6325027,COARSE,3000.0,1.5,True,True,True,489.0,28.78877863178173,254.0,TUPUL-2022-LS-01|neg|13,0,,2022-05-15T11:00:00,0.5,2.1,5.5,8.9,10.7,18.3,69.1,133.5,234.1,2.7,0.428,0.428
TUPUL-2022-LS-01,Mizoram / Manipur / Nagaland,landslide,B,REAL_RECONSTRUCTED,critical,24.8591099,93.6325027,COARSE,3000.0,1.5,True,True,True,489.0,28.78877863178173,254.0,TUPUL-2022-LS-01|neg|14,0,,2022-05-15T23:00:00,0.5,0.1,0.1,0.1,0.6,11.3,62.9,131.9,232.7,0.1,0.412,0.415
TUPUL-2022-LS-01,Mizoram / Manipur / Nagaland,landslide,B,REAL_RECONSTRUCTED,critical,24.8591099,93.6325027,COARSE,3000.0,1.5,True,True,True,489.0,28.78877863178173,254.0,TUPUL-2022-LS-01|neg|15,0,,2022-05-08T23:00:00,0.5,0.0,2.1,2.1,2.2,2.3000000000000003,4.9,89.3,114.79999999999998,1.3,0.351,0.345
TUPUL-2022-LS-01,Mizoram / Manipur / Nagaland,landslide,B,REAL_RECONSTRUCTED,critical,24.8591099,93.6325027,COARSE,3000.0,1.5,True,True,True,489.0,28.78877863178173,254.0,TUPUL-2022-LS-01|neg|16,0,,2022-07-29T11:00:00,0.5,0.0,0.0,0.0,0.0,1.0,6.8999999999999995,37.9,84.60000000000001,0.0,0.387,0.395
TUPUL-2022-LS-01,Mizoram / Manipur / Nagaland,landslide,B,REAL_RECONSTRUCTED,critical,24.8591099,93.6325027,COARSE,3000.0,1.5,True,True,True,489.0,28.78877863178173,254.0,TUPUL-2022-LS-01|neg|17,0,,2022-07-15T11:00:00,0.5,0.0,0.0,0.0,0.0,0.0,0.30000000000000004,24.099999999999998,125.0,0.0,0.352,0.364
TUPUL-2022-LS-01,Mizoram / Manipur / Nagaland,landslide,B,REAL_RECONSTRUCTED,critical,24.8591099,93.6325027,COARSE,3000.0,1.5,True,True,True,489.0,28.78877863178173,254.0,TUPUL-2022-LS-01|neg|18,0,,2022-06-08T11:00:00,0.5,0.1,0.30000000000000004,0.7000000000000001,0.7000000000000001,1.4,12.5,56.7,88.0,0.3,0.4,0.403
TUPUL-2022-LS-01,Mizoram / Manipur / Nagaland,landslide,B,REAL_RECONSTRUCTED,critical,24.8591099,93.6325027,COARSE,3000.0,1.5,True,True,True,489.0,28.78877863178173,254.0,TUPUL-2022-LS-01|neg|19,0,,2022-08-06T11:00:00,0.5,3.6,4.3,4.5,6.9,7.000000000000001,21.700000000000003,59.5,102.4,3.6,0.43,0.408
TUPUL-2022-LS-01,Mizoram / Manipur / Nagaland,landslide,B,REAL_RECONSTRUCTED,critical,24.8591099,93.6325027,COARSE,3000.0,1.5,True,True,True,489.0,28.78877863178173,254.0,TUPUL-2022-LS-01|neg|20,0,,2022-07-30T11:00:00,0.5,0.2,2.9000000000000004,3.1000000000000005,4.4,5.0,9.8,42.2,89.6,2.6,0.404,0.387
TUPUL-2022-LS-01,Mizoram / Manipur / Nagaland,landslide,B,REAL_RECONSTRUCTED,critical,24.8591099,93.6325027,COARSE,3000.0,1.5,True,True,True,489.0,28.78877863178173,254.0,TUPUL-2022-LS-01|neg|21,0,,2022-05-28T23:00:00,0.5,0.0,0.0,0.0,0.0,0.5,4.4,20.8,120.6,0.0,0.377,0.385
TUPUL-2022-LS-01,Mizoram / Manipur / Nagaland,landslide,B,REAL_RECONSTRUCTED,critical,24.8591099,93.6325027,COARSE,3000.0,1.5,True,True,True,489.0,28.78877863178173,254.0,TUPUL-2022-LS-01|neg|22,0,,2022-06-15T23:00:00,0.5,0.4,1.1,3.9,7.3,17.5,54.1,83.0,145.0,1.8,0.429,0.427
TUPUL-2022-LS-01,Mizoram / Manipur / Nagaland,landslide,B,REAL_RECONSTRUCTED,critical,24.8591099,93.6325027,COARSE,3000.0,1.5,True,True,True,489.0,28.78877863178173,254.0,TUPUL-2022-LS-01|neg|23,0,,2022-07-13T23:00:00,0.5,0.0,0.0,0.0,0.1,0.2,12.900000000000002,40.5,139.3,0.0,0.359,0.37
TUPUL-2022-LS-01,Mizoram / Manipur / Nagaland,landslide,B,REAL_RECONSTRUCTED,critical,24.8591099,93.6325027,COARSE,3000.0,1.5,True,True,True,489.0,28.78877863178173,254.0,TUPUL-2022-LS-01|neg|24,0,,2022-08-10T23:00:00,0.5,0.0,0.0,0.0,0.8999999999999999,2.2,7.300000000000001,28.9,85.80000000000001,0.0,0.368,0.363
TUPUL-2022-LS-01,Mizoram / Manipur / Nagaland,landslide,B,REAL_RECONSTRUCTED,critical,24.8591099,93.6325027,COARSE,3000.0,1.5,True,True,True,489.0,28.78877863178173,254.0,TUPUL-2022-LS-01|neg|25,0,,2022-05-25T23:00:00,0.5,0.0,0.0,0.0,0.0,5.0,8.7,42.8,201.9,0.0,0.409,0.414
TUPUL-2022-LS-01,Mizoram / Manipur / Nagaland,landslide,B,REAL_RECONSTRUCTED,critical,24.8591099,93.6325027,COARSE,3000.0,1.5,True,True,True,489.0,28.78877863178173,254.0,TUPUL-2022-LS-01|neg|26,0,,2022-08-09T11:00:00,0.5,0.0,0.0,0.0,0.0,0.4,9.0,41.9,82.2,0.0,0.364,0.373
TUPUL-2022-LS-01,Mizoram / Manipur / Nagaland,landslide,B,REAL_RECONSTRUCTED,critical,24.8591099,93.6325027,COARSE,3000.0,1.5,True,True,True,489.0,28.78877863178173,254.0,TUPUL-2022-LS-01|neg|27,0,,2022-07-18T11:00:00,0.5,0.2,0.6000000000000001,1.6999999999999997,10.199999999999998,11.700000000000001,24.800000000000004,37.2,105.8,0.6,0.417,0.415
TUPUL-2022-LS-01,Mizoram / Manipur / Nagaland,landslide,B,REAL_RECONSTRUCTED,critical,24.8591099,93.6325027,COARSE,3000.0,1.5,True,True,True,489.0,28.78877863178173,254.0,TUPUL-2022-LS-01|neg|28,0,,2022-05-27T23:00:00,0.5,0.0,0.2,0.2,0.4,1.5,8.9,26.699999999999996,151.1,0.1,0.399,0.401
TUPUL-2022-LS-01,Mizoram / Manipur / Nagaland,landslide,B,REAL_RECONSTRUCTED,critical,24.8591099,93.6325027,COARSE,3000.0,1.5,True,True,True,489.0,28.78877863178173,254.0,TUPUL-2022-LS-01|neg|29,0,,2022-05-12T11:00:00,0.5,0.5,2.7,6.5,19.499999999999996,39.3,62.199999999999996,68.3,174.5,1.8,0.425,0.422
AIZAWL-2024-LS-01,Mizoram / Manipur / Nagaland,landslide,A,REAL_VALIDATED,high,23.6242176,92.7281633,COARSE,10000.0,6.0,False,False,False,785.0,12.499400783384575,140.0,AIZAWL-2024-LS-01|pos|72,1,72.0,2024-05-25T00:00:00,1.0,0.0,0.0,0.0,20.8,20.8,23.599999999999998,31.799999999999997,36.49999999999999,0.0,0.309,0.261
AIZAWL-2024-LS-01,Mizoram / Manipur / Nagaland,landslide,A,REAL_VALIDATED,high,23.6242176,92.7281633,COARSE,10000.0,6.0,False,False,False,785.0,12.499400783384575,140.0,AIZAWL-2024-LS-01|pos|48,1,48.0,2024-05-26T00:00:00,1.0,0.0,0.0,0.1,14.899999999999999,14.899999999999999,37.0,46.7,47.800000000000004,0.1,0.358,0.277
AIZAWL-2024-LS-01,Mizoram / Manipur / Nagaland,landslide,A,REAL_VALIDATED,high,23.6242176,92.7281633,COARSE,10000.0,6.0,False,False,False,785.0,12.499400783384575,140.0,AIZAWL-2024-LS-01|pos|24,1,24.0,2024-05-27T00:00:00,1.0,0.0,0.0,4.699999999999999,16.1,16.4,52.1,59.5,64.1,2.7,0.383,0.31
AIZAWL-2024-LS-01,Mizoram / Manipur / Nagaland,landslide,A,REAL_VALIDATED,high,23.6242176,92.7281633,COARSE,10000.0,6.0,False,False,False,785.0,12.499400783384575,140.0,AIZAWL-2024-LS-01|pos|12,1,12.0,2024-05-27T12:00:00,1.0,0.3,0.3,0.3,0.3,16.4,52.4,59.8,64.39999999999999,0.3,0.35,0.306
AIZAWL-2024-LS-01,Mizoram / Manipur / Nagaland,landslide,A,REAL_VALIDATED,high,23.6242176,92.7281633,COARSE,10000.0,6.0,False,False,False,785.0,12.499400783384575,140.0,AIZAWL-2024-LS-01|pos|6,1,6.0,2024-05-27T18:00:00,1.0,0.7,0.8999999999999999,4.000000000000001,4.300000000000001,9.0,35.6,63.7,67.9,1.3,0.391,0.322
AIZAWL-2024-LS-01,Mizoram / Manipur / Nagaland,landslide,A,REAL_VALIDATED,high,23.6242176,92.7281633,COARSE,10000.0,6.0,False,False,False,785.0,12.499400783384575,140.0,AIZAWL-2024-LS-01|neg|0,0,,2024-07-03T12:00:00,0.5,0.0,0.4,0.4,0.5,4.5,81.4,113.9,168.9,0.3,0.403,0.404
AIZAWL-2024-LS-01,Mizoram / Manipur / Nagaland,landslide,A,REAL_VALIDATED,high,23.6242176,92.7281633,COARSE,10000.0,6.0,False,False,False,785.0,12.499400783384575,140.0,AIZAWL-2024-LS-01|neg|1,0,,2024-07-03T00:00:00,0.5,0.0,0.0,1.0,4.0,26.999999999999996,85.30000000000001,116.0,169.60000000000002,0.4,0.415,0.413
AIZAWL-2024-LS-01,Mizoram / Manipur / Nagaland,landslide,A,REAL_VALIDATED,high,23.6242176,92.7281633,COARSE,10000.0,6.0,False,False,False,785.0,12.499400783384575,140.0,AIZAWL-2024-LS-01|neg|2,0,,2024-07-04T00:00:00,0.5,0.0,0.0,0.0,1.0000000000000002,1.5,76.8,104.9,168.2,0.0,0.404,0.404
AIZAWL-2024-LS-01,Mizoram / Manipur / Nagaland,landslide,A,REAL_VALIDATED,high,23.6242176,92.7281633,COARSE,10000.0,6.0,False,False,False,785.0,12.499400783384575,140.0,AIZAWL-2024-LS-01|neg|3,0,,2024-07-05T12:00:00,0.5,0.5,1.1,1.3,1.4000000000000001,6.4,14.2,103.3,167.6,0.5,0.392,0.389
AIZAWL-2024-LS-01,Mizoram / Manipur / Nagaland,landslide,A,REAL_VALIDATED,high,23.6242176,92.7281633,COARSE,10000.0,6.0,False,False,False,785.0,12.499400783384575,140.0,AIZAWL-2024-LS-01|neg|4,0,,2024-07-01T00:00:00,0.5,0.5,0.8,1.2,5.599999999999999,10.0,18.200000000000003,65.0,97.6,0.5,0.4,0.376
AIZAWL-2024-LS-01,Mizoram / Manipur / Nagaland,landslide,A,REAL_VALIDATED,high,23.6242176,92.7281633,COARSE,10000.0,6.0,False,False,False,785.0,12.499400783384575,140.0,AIZAWL-2024-LS-01|neg|5,0,,2024-07-11T12:00:00,0.5,0.5,2.8,3.0,3.0,4.800000000000001,26.7,73.1,190.3,1.3,0.416,0.407
AIZAWL-2024-LS-01,Mizoram / Manipur / Nagaland,landslide,A,REAL_VALIDATED,high,23.6242176,92.7281633,COARSE,10000.0,6.0,False,False,False,785.0,12.499400783384575,140.0,AIZAWL-2024-LS-01|neg|6,0,,2024-06-28T00:00:00,0.5,0.0,0.0,3.3000000000000003,7.300000000000001,9.9,37.7,63.300000000000004,87.9,3.2,0.409,0.404
AIZAWL-2024-LS-01,Mizoram / Manipur / Nagaland,landslide,A,REAL_VALIDATED,high,23.6242176,92.7281633,COARSE,10000.0,6.0,False,False,False,785.0,12.499400783384575,140.0,AIZAWL-2024-LS-01|neg|7,0,,2024-07-07T00:00:00,0.5,0.0,0.0,0.0,5.2,6.800000000000001,18.5,105.30000000000001,172.9,0.0,0.398,0.388
AIZAWL-2024-LS-01,Mizoram / Manipur / Nagaland,landslide,A,REAL_VALIDATED,high,23.6242176,92.7281633,COARSE,10000.0,6.0,False,False,False,785.0,12.499400783384575,140.0,AIZAWL-2024-LS-01|neg|8,0,,2024-07-01T12:00:00,0.5,0.5,1.3,12.299999999999999,27.6,33.2,45.400000000000006,84.5,124.80000000000001,6.0,0.423,0.418
AIZAWL-2024-LS-01,Mizoram / Manipur / Nagaland,landslide,A,REAL_VALIDATED,high,23.6242176,92.7281633,COARSE,10000.0,6.0,False,False,False,785.0,12.499400783384575,140.0,AIZAWL-2024-LS-01|neg|9,0,,2024-06-28T12:00:00,0.5,0.0,0.2,0.4,0.4,7.700000000000001,27.1,61.7,88.30000000000001,0.2,0.389,0.388
AIZAWL-2024-LS-01,Mizoram / Manipur / Nagaland,landslide,A,REAL_VALIDATED,high,23.6242176,92.7281633,COARSE,10000.0,6.0,False,False,False,785.0,12.499400783384575,140.0,AIZAWL-2024-LS-01|neg|10,0,,2024-06-26T12:00:00,0.5,1.6,2.2,2.6,2.6,6.8,27.7,48.3,75.1,1.6,0.37,0.33
AIZAWL-2024-LS-01,Mizoram / Manipur / Nagaland,landslide,A,REAL_VALIDATED,high,23.6242176,92.7281633,COARSE,10000.0,6.0,False,False,False,785.0,12.499400783384575,140.0,AIZAWL-2024-LS-01|neg|11,0,,2024-07-06T12:00:00,0.5,1.3,1.3,1.6,1.6,4.6,14.3,101.69999999999999,169.6,1.3,0.385,0.379
AIZAWL-2024-LS-01,Mizoram / Manipur / Nagaland,landslide,A,REAL_VALIDATED,high,23.6242176,92.7281633,COARSE,10000.0,6.0,False,False,False,785.0,12.499400783384575,140.0,AIZAWL-2024-LS-01|neg|12,0,,2024-05-13T12:00:00,0.5,0.0,0.0,0.0,0.0,0.5,2.4000000000000004,8.8,44.300000000000004,0.0,0.303,0.308
AIZAWL-2024-LS-01,Mizoram / Manipur / Nagaland,landslide,A,REAL_VALIDATED,high,23.6242176,92.7281633,COARSE,10000.0,6.0,False,False,False,785.0,12.499400783384575,140.0,AIZAWL-2024-LS-01|neg|13,0,,2024-06-14T00:00:00,0.5,2.2,3.6,3.6,3.6,3.6,11.0,20.800000000000004,37.400000000000006,2.2,0.348,0.293
AIZAWL-2024-LS-01,Mizoram / Manipur / Nagaland,landslide,A,REAL_VALIDATED,high,23.6242176,92.7281633,COARSE,10000.0,6.0,False,False,False,785.0,12.499400783384575,140.0,AIZAWL-2024-LS-01|neg|14,0,,2024-04-13T12:00:00,0.5,0.0,0.0,0.0,0.0,0.0,0.0,19.700000000000003,28.1,0.0,0.243,0.237
AIZAWL-2024-LS-01,Mizoram / Manipur / Nagaland,landslide,A,REAL_VALIDATED,high,23.6242176,92.7281633,COARSE,10000.0,6.0,False,False,False,785.0,12.499400783384575,140.0,AIZAWL-2024-LS-01|neg|15,0,,2024-06-29T00:00:00,0.5,0.0,0.0,0.0,4.9,5.3,27.799999999999997,64.7,89.60000000000001,0.0,0.385,0.381
AIZAWL-2024-LS-01,Mizoram / Manipur / Nagaland,landslide,A,REAL_VALIDATED,high,23.6242176,92.7281633,COARSE,10000.0,6.0,False,False,False,785.0,12.499400783384575,140.0,AIZAWL-2024-LS-01|neg|16,0,,2024-03-30T00:00:00,0.5,0.0,0.0,0.0,0.30000000000000004,0.30000000000000004,0.9999999999999999,3.2,17.4,0.0,0.256,0.229
AIZAWL-2024-LS-01,Mizoram / Manipur / Nagaland,landslide,A,REAL_VALIDATED,high,23.6242176,92.7281633,COARSE,10000.0,6.0,False,False,False,785.0,12.499400783384575,140.0,AIZAWL-2024-LS-01|neg|17,0,,2024-05-11T00:00:00,0.5,0.0,0.0,1.2,1.7999999999999998,3.6,4.8,15.799999999999999,52.300000000000004,1.2,0.341,0.326
AIZAWL-2024-LS-01,Mizoram / Manipur / Nagaland,landslide,A,REAL_VALIDATED,high,23.6242176,92.7281633,COARSE,10000.0,6.0,False,False,False,785.0,12.499400783384575,140.0,AIZAWL-2024-LS-01|neg|18,0,,2024-07-08T12:00:00,0.5,0.0,0.0,1.9000000000000001,23.1,29.900000000000002,40.0,97.9,191.3,1.5,0.414,0.415
AIZAWL-2024-LS-01,Mizoram / Manipur / Nagaland,landslide,A,REAL_VALIDATED,high,23.6242176,92.7281633,COARSE,10000.0,6.0,False,False,False,785.0,12.499400783384575,140.0,AIZAWL-2024-LS-01|neg|19,0,,2024-04-02T00:00:00,0.5,0.0,0.0,0.0,2.2,3.9,5.2,6.3,22.6,0.0,0.267,0.234
AIZAWL-2024-LS-01,Mizoram / Manipur / Nagaland,landslide,A,REAL_VALIDATED,high,23.6242176,92.7281633,COARSE,10000.0,6.0,False,False,False,785.0,12.499400783384575,140.0,AIZAWL-2024-LS-01|neg|20,0,,2024-06-21T00:00:00,0.5,0.0,0.0,0.1,0.6000000000000001,1.4000000000000001,12.8,21.0,42.400000000000006,0.1,0.333,0.319
AIZAWL-2024-LS-01,Mizoram / Manipur / Nagaland,landslide,A,REAL_VALIDATED,high,23.6242176,92.7281633,COARSE,10000.0,6.0,False,False,False,785.0,12.499400783384575,140.0,AIZAWL-2024-LS-01|neg|21,0,,2024-05-07T12:00:00,0.5,0.0,0.0,0.0,0.0,3.1000000000000005,10.6,37.8,51.099999999999994,0.0,0.351,0.345
AIZAWL-2024-LS-01,Mizoram / Manipur / Nagaland,landslide,A,REAL_VALIDATED,high,23.6242176,92.7281633,COARSE,10000.0,6.0,False,False,False,785.0,12.499400783384575,140.0,AIZAWL-2024-LS-01|neg|22,0,,2024-04-01T12:00:00,0.5,1.3,1.6,1.6,1.7000000000000002,1.7000000000000002,3.3,4.1,20.4,1.3,0.263,0.235
AIZAWL-2024-LS-01,Mizoram / Manipur / Nagaland,landslide,A,REAL_VALIDATED,high,23.6242176,92.7281633,COARSE,10000.0,6.0,False,False,False,785.0,12.499400783384575,140.0,AIZAWL-2024-LS-01|neg|23,0,,2024-06-16T00:00:00,0.5,0.0,0.0,0.0,0.7,1.2000000000000002,8.5,18.5,39.0,0.0,0.322,0.299
AIZAWL-2024-LS-01,Mizoram / Manipur / Nagaland,landslide,A,REAL_VALIDATED,high,23.6242176,92.7281633,COARSE,10000.0,6.0,False,False,False,785.0,12.499400783384575,140.0,AIZAWL-2024-LS-01|neg|24,0,,2024-06-23T00:00:00,0.5,0.2,0.2,0.2,0.9000000000000001,1.1,6.4,21.1,43.5,0.2,0.316,0.31
PAKALAPAHAR-2023-LS-01,Mizoram / Manipur / Nagaland,landslide,B,REAL_RECONSTRUCTED,low,25.811275,93.7875258,COARSE,3000.0,0.5,True,True,True,191.0,2.052499552484028,14.0,PAKALAPAHAR-2023-LS-01|pos|72,1,72.0,2023-07-01T16:30:00,1.0,0.0,0.2,1.5000000000000002,1.5000000000000002,1.5,2.0,24.5,47.6,1.0,0.33,0.345
PAKALAPAHAR-2023-LS-01,Mizoram / Manipur / Nagaland,landslide,B,REAL_RECONSTRUCTED,low,25.811275,93.7875258,COARSE,3000.0,0.5,True,True,True,191.0,2.052499552484028,14.0,PAKALAPAHAR-2023-LS-01|pos|48,1,48.0,2023-07-02T16:30:00,1.0,0.1,0.1,0.1,0.1,0.1,2.1,19.0,40.300000000000004,0.1,0.317,0.34
PAKALAPAHAR-2023-LS-01,Mizoram / Manipur / Nagaland,landslide,B,REAL_RECONSTRUCTED,low,25.811275,93.7875258,COARSE,3000.0,0.5,True,True,True,191.0,2.052499552484028,14.0,PAKALAPAHAR-2023-LS-01|pos|24,1,24.0,2023-07-03T16:30:00,1.0,0.1,0.1,0.1,0.1,2.9999999999999996,4.6,19.8,41.900000000000006,0.1,0.302,0.325
PAKALAPAHAR-2023-LS-01,Mizoram / Manipur / Nagaland,landslide,B,REAL_RECONSTRUCTED,low,25.811275,93.7875258,COARSE,3000.0,0.5,True,True,True,191.0,2.052499552484028,14.0,PAKALAPAHAR-2023-LS-01|pos|12,1,12.0,2023-07-04T04:30:00,1.0,0.0,0.0,0.0,0.0,0.1,4.6,17.099999999999998,41.5,0.0,0.302,0.325
PAKALAPAHAR-2023-LS-01,Mizoram / Manipur / Nagaland,landslide,B,REAL_RECONSTRUCTED,low,25.811275,93.7875258,COARSE,3000.0,0.5,True,True,True,191.0,2.052499552484028,14.0,PAKALAPAHAR-2023-LS-01|pos|6,1,6.0,2023-07-04T10:30:00,1.0,0.0,0.0,0.0,0.0,0.1,4.6,16.9,39.9,0.0,0.296,0.322
PAKALAPAHAR-2023-LS-01,Mizoram / Manipur / Nagaland,landslide,B,REAL_RECONSTRUCTED,low,25.811275,93.7875258,COARSE,3000.0,0.5,True,True,True,191.0,2.052499552484028,14.0,PAKALAPAHAR-2023-LS-01|pos|3,1,3.0,2023-07-04T13:30:00,1.0,1.2,1.2,1.2,1.2,1.3,4.5,18.1,41.0,1.2,0.303,0.318
PAKALAPAHAR-2023-LS-01,Mizoram / Manipur / Nagaland,landslide,B,REAL_RECONSTRUCTED,low,25.811275,93.7875258,COARSE,3000.0,0.5,True,True,True,191.0,2.052499552484028,14.0,PAKALAPAHAR-2023-LS-01|pos|1,1,1.0,2023-07-04T15:30:00,1.0,0.4,5.6000000000000005,5.6000000000000005,5.6000000000000005,5.7,8.7,22.5,45.2,4.0,0.357,0.318
PAKALAPAHAR-2023-LS-01,Mizoram / Manipur / Nagaland,landslide,B,REAL_RECONSTRUCTED,low,25.811275,93.7875258,COARSE,3000.0,0.5,True,True,True,191.0,2.052499552484028,14.0,PAKALAPAHAR-2023-LS-01|neg|0,0,,2023-05-18T04:00:00,0.5,0.0,0.7,0.9,5.4,5.500000000000001,10.3,38.7,43.300000000000004,0.5,0.422,0.273
PAKALAPAHAR-2023-LS-01,Mizoram / Manipur / Nagaland,landslide,B,REAL_RECONSTRUCTED,low,25.811275,93.7875258,COARSE,3000.0,0.5,True,True,True,191.0,2.052499552484028,14.0,PAKALAPAHAR-2023-LS-01|neg|1,0,,2023-08-08T16:00:00,0.5,1.1,2.1,3.9,5.699999999999999,10.100000000000001,45.39999999999999,62.199999999999996,99.0,1.1,0.507,0.473
PAKALAPAHAR-2023-LS-01,Mizoram / Manipur / Nagaland,landslide,B,REAL_RECONSTRUCTED,low,25.811275,93.7875258,COARSE,3000.0,0.5,True,True,True,191.0,2.052499552484028,14.0,PAKALAPAHAR-2023-LS-01|neg|2,0,,2023-05-31T04:00:00,0.5,0.0,0.0,0.0,0.0,0.0,0.0,21.0,63.599999999999994,0.0,0.328,0.299
PAKALAPAHAR-2023-LS-01,Mizoram / Manipur / Nagaland,landslide,B,REAL_RECONSTRUCTED,low,25.811275,93.7875258,COARSE,3000.0,0.5,True,True,True,191.0,2.052499552484028,14.0,PAKALAPAHAR-2023-LS-01|neg|3,0,,2023-08-09T16:00:00,0.5,0.0,0.30000000000000004,0.30000000000000004,0.30000000000000004,0.4,24.9,59.8,98.3,0.2,0.45,0.451
PAKALAPAHAR-2023-LS-01,Mizoram / Manipur / Nagaland,landslide,B,REAL_RECONSTRUCTED,low,25.811275,93.7875258,COARSE,3000.0,0.5,True,True,True,191.0,2.052499552484028,14.0,PAKALAPAHAR-2023-LS-01|neg|4,0,,2023-07-21T16:00:00,0.5,0.0,0.0,0.6,1.0,11.5,17.1,32.5,52.5,0.5,0.471,0.457
PAKALAPAHAR-2023-LS-01,Mizoram / Manipur / Nagaland,landslide,B,REAL_RECONSTRUCTED,low,25.811275,93.7875258,COARSE,3000.0,0.5,True,True,True,191.0,2.052499552484028,14.0,PAKALAPAHAR-2023-LS-01|neg|5,0,,2023-08-07T16:00:00,0.5,0.0,0.2,0.5,0.5,14.399999999999999,47.8,58.5,95.80000000000001,0.2,0.474,0.468
PAKALAPAHAR-2023-LS-01,Mizoram / Manipur / Nagaland,landslide,B,REAL_RECONSTRUCTED,low,25.811275,93.7875258,COARSE,3000.0,0.5,True,True,True,191.0,2.052499552484028,14.0,PAKALAPAHAR-2023-LS-01|neg|6,0,,2023-05-24T04:00:00,0.5,0.0,0.0,0.0,0.0,0.30000000000000004,0.8,38.3,71.5,0.0,0.319,0.279
PAKALAPAHAR-2023-LS-01,Mizoram / Manipur / Nagaland,landslide,B,REAL_RECONSTRUCTED,low,25.811275,93.7875258,COARSE,3000.0,0.5,True,True,True,191.0,2.052499552484028,14.0,PAKALAPAHAR-2023-LS-01|neg|7,0,,2023-05-23T16:00:00,0.5,0.0,0.0,0.0,0.30000000000000004,0.6,1.1,38.3,71.5,0.0,0.331,0.28
PAKALAPAHAR-2023-LS-01,Mizoram / Manipur / Nagaland,landslide,B,REAL_RECONSTRUCTED,low,25.811275,93.7875258,COARSE,3000.0,0.5,True,True,True,191.0,2.052499552484028,14.0,PAKALAPAHAR-2023-LS-01|neg|8,0,,2023-06-12T16:00:00,0.5,0.2,3.3000000000000003,3.3000000000000003,3.3000000000000003,4.3,77.5,101.00000000000001,102.80000000000001,3.1,0.5,0.466
PAKALAPAHAR-2023-LS-01,Mizoram / Manipur / Nagaland,landslide,B,REAL_RECONSTRUCTED,low,25.811275,93.7875258,COARSE,3000.0,0.5,True,True,True,191.0,2.052499552484028,14.0,PAKALAPAHAR-2023-LS-01|neg|9,0,,2023-05-19T04:00:00,0.5,0.0,0.0,0.0,3.1,11.5,21.299999999999997,50.099999999999994,54.2,0.0,0.426,0.278
PAKALAPAHAR-2023-LS-01,Mizoram / Manipur / Nagaland,landslide,B,REAL_RECONSTRUCTED,low,25.811275,93.7875258,COARSE,3000.0,0.5,True,True,True,191.0,2.052499552484028,14.0,PAKALAPAHAR-2023-LS-01|neg|10,0,,2023-08-03T04:00:00,0.5,0.0,0.0,0.0,1.2,1.2,10.5,24.0,99.3,0.0,0.44,0.394
PAKALAPAHAR-2023-LS-01,Mizoram / Manipur / Nagaland,landslide,B,REAL_RECONSTRUCTED,low,25.811275,93.7875258,COARSE,3000.0,0.5,True,True,True,191.0,2.052499552484028,14.0,PAKALAPAHAR-2023-LS-01|neg|11,0,,2023-07-22T16:00:00,0.5,0.0,0.0,0.9,1.0,13.100000000000001,30.199999999999996,43.4,65.3,0.9,0.481,0.479
PAKALAPAHAR-2023-LS-01,Mizoram / Manipur / Nagaland,landslide,B,REAL_RECONSTRUCTED,low,25.811275,93.7875258,COARSE,3000.0,0.5,True,True,True,191.0,2.052499552484028,14.0,PAKALAPAHAR-2023-LS-01|neg|12,0,,2023-08-08T04:00:00,0.5,0.0,0.0,0.1,4.3999999999999995,4.9,39.699999999999996,57.49999999999999,99.39999999999999,0.1,0.486,0.471
PAKALAPAHAR-2023-LS-01,Mizoram / Manipur / Nagaland,landslide,B,REAL_RECONSTRUCTED,low,25.811275,93.7875258,COARSE,3000.0,0.5,True,True,True,191.0,2.052499552484028,14.0,PAKALAPAHAR-2023-LS-01|neg|13,0,,2023-05-28T04:00:00,0.5,0.0,0.0,0.0,0.0,5.5,7.7,21.8,92.39999999999999,0.0,0.431,0.311
PAKALAPAHAR-2023-LS-01,Mizoram / Manipur / Nagaland,landslide,B,REAL_RECONSTRUCTED,low,25.811275,93.7875258,COARSE,3000.0,0.5,True,True,True,191.0,2.052499552484028,14.0,PAKALAPAHAR-2023-LS-01|neg|14,0,,2023-08-02T16:00:00,0.5,0.0,0.0,0.0,0.0,2.8,10.9,24.8,98.1,0.0,0.431,0.389
PAKALAPAHAR-2023-LS-01,Mizoram / Manipur / Nagaland,landslide,B,REAL_RECONSTRUCTED,low,25.811275,93.7875258,COARSE,3000.0,0.5,True,True,True,191.0,2.052499552484028,14.0,PAKALAPAHAR-2023-LS-01|neg|15,0,,2023-05-05T16:00:00,0.5,0.0,0.1,0.2,1.0999999999999999,1.7,2.9000000000000004,20.0,35.39999999999999,0.1,0.366,0.246
PAKALAPAHAR-2023-LS-01,Mizoram / Manipur / Nagaland,landslide,B,REAL_RECONSTRUCTED,low,25.811275,93.7875258,COARSE,3000.0,0.5,True,True,True,191.0,2.052499552484028,14.0,PAKALAPAHAR-2023-LS-01|neg|16,0,,2023-08-13T04:00:00,0.5,0.0,0.0,0.0,0.0,1.2,3.7,31.099999999999998,76.1,0.0,0.406,0.41
PAKALAPAHAR-2023-LS-01,Mizoram / Manipur / Nagaland,landslide,B,REAL_RECONSTRUCTED,low,25.811275,93.7875258,COARSE,3000.0,0.5,True,True,True,191.0,2.052499552484028,14.0,PAKALAPAHAR-2023-LS-01|neg|17,0,,2023-06-18T04:00:00,0.5,0.0,0.0,0.0,0.4,7.3,31.900000000000002,103.39999999999999,145.5,0.0,0.484,0.472
PAKALAPAHAR-2023-LS-01,Mizoram / Manipur / Nagaland,landslide,B,REAL_RECONSTRUCTED,low,25.811275,93.7875258,COARSE,3000.0,0.5,True,True,True,191.0,2.052499552484028,14.0,PAKALAPAHAR-2023-LS-01|neg|18,0,,2023-08-13T16:00:00,0.5,0.0,0.0,0.2,0.2,0.2,3.4000000000000004,29.0,75.1,0.1,0.397,0.402
PAKALAPAHAR-2023-LS-01,Mizoram / Manipur / Nagaland,landslide,B,REAL_RECONSTRUCTED,low,25.811275,93.7875258,COARSE,3000.0,0.5,True,True,True,191.0,2.052499552484028,14.0,PAKALAPAHAR-2023-LS-01|neg|19,0,,2023-07-21T04:00:00,0.5,3.1,3.9000000000000004,7.800000000000001,10.5,11.200000000000001,16.1,32.2,52.2,3.1,0.503,0.447
PAKALAPAHAR-2023-LS-01,Mizoram / Manipur / Nagaland,landslide,B,REAL_RECONSTRUCTED,low,25.811275,93.7875258,COARSE,3000.0,0.5,True,True,True,191.0,2.052499552484028,14.0,PAKALAPAHAR-2023-LS-01|neg|20,0,,2023-08-11T16:00:00,0.5,0.1,1.0,1.9,1.9,1.9000000000000001,3.0,60.89999999999999,83.2,0.8,0.425,0.423
PAKALAPAHAR-2023-LS-01,Mizoram / Manipur / Nagaland,landslide,B,REAL_RECONSTRUCTED,low,25.811275,93.7875258,COARSE,3000.0,0.5,True,True,True,191.0,2.052499552484028,14.0,PAKALAPAHAR-2023-LS-01|neg|21,0,,2023-05-06T16:00:00,0.5,0.0,0.0,0.0,0.0,0.0,2.5,19.4,31.5,0.0,0.339,0.247
PAKALAPAHAR-2023-LS-01,Mizoram / Manipur / Nagaland,landslide,B,REAL_RECONSTRUCTED,low,25.811275,93.7875258,COARSE,3000.0,0.5,True,True,True,191.0,2.052499552484028,14.0,PAKALAPAHAR-2023-LS-01|neg|22,0,,2023-05-21T16:00:00,0.5,0.0,0.0,0.0,0.0,0.30000000000000004,23.6,69.19999999999999,72.39999999999999,0.0,0.356,0.283
PAKALAPAHAR-2023-LS-01,Mizoram / Manipur / Nagaland,landslide,B,REAL_RECONSTRUCTED,low,25.811275,93.7875258,COARSE,3000.0,0.5,True,True,True,191.0,2.052499552484028,14.0,PAKALAPAHAR-2023-LS-01|neg|23,0,,2023-05-22T04:00:00,0.5,0.1,0.1,0.1,0.1,0.1,20.6,42.4,70.79999999999998,0.1,0.352,0.281
PAKALAPAHAR-2023-LS-01,Mizoram / Manipur / Nagaland,landslide,B,REAL_RECONSTRUCTED,low,25.811275,93.7875258,COARSE,3000.0,0.5,True,True,True,191.0,2.052499552484028,14.0,PAKALAPAHAR-2023-LS-01|neg|24,0,,2023-07-27T16:00:00,0.5,0.0,0.2,0.4,2.0000000000000004,4.0,18.799999999999997,71.69999999999999,104.69999999999999,0.1,0.416,0.413
PAKALAPAHAR-2023-LS-01,Mizoram / Manipur / Nagaland,landslide,B,REAL_RECONSTRUCTED,low,25.811275,93.7875258,COARSE,3000.0,0.5,True,True,True,191.0,2.052499552484028,14.0,PAKALAPAHAR-2023-LS-01|neg|25,0,,2023-05-08T04:00:00,0.5,0.0,0.0,0.0,0.0,0.0,2.8,20.7,31.400000000000002,0.0,0.307,0.242
PAKALAPAHAR-2023-LS-01,Mizoram / Manipur / Nagaland,landslide,B,REAL_RECONSTRUCTED,low,25.811275,93.7875258,COARSE,3000.0,0.5,True,True,True,191.0,2.052499552484028,14.0,PAKALAPAHAR-2023-LS-01|neg|26,0,,2023-08-09T04:00:00,0.5,0.0,0.0,0.0,0.1,5.800000000000001,26.9,59.5,98.0,0.0,0.473,0.462
PAKALAPAHAR-2023-LS-01,Mizoram / Manipur / Nagaland,landslide,B,REAL_RECONSTRUCTED,low,25.811275,93.7875258,COARSE,3000.0,0.5,True,True,True,191.0,2.052499552484028,14.0,PAKALAPAHAR-2023-LS-01|neg|27,0,,2023-05-19T16:00:00,0.5,0.0,12.5,12.5,12.5,15.6,29.5,62.599999999999994,66.10000000000001,12.0,0.474,0.303
PAKALAPAHAR-2023-LS-01,Mizoram / Manipur / Nagaland,landslide,B,REAL_RECONSTRUCTED,low,25.811275,93.7875258,COARSE,3000.0,0.5,True,True,True,191.0,2.052499552484028,14.0,PAKALAPAHAR-2023-LS-01|neg|28,0,,2023-05-24T16:00:00,0.5,0.0,0.0,2.5,13.299999999999999,13.299999999999999,14.100000000000001,51.5,84.8,1.3,0.448,0.286
PAKALAPAHAR-2023-LS-01,Mizoram / Manipur / Nagaland,landslide,B,REAL_RECONSTRUCTED,low,25.811275,93.7875258,COARSE,3000.0,0.5,True,True,True,191.0,2.052499552484028,14.0,PAKALAPAHAR-2023-LS-01|neg|29,0,,2023-08-06T16:00:00,0.5,0.1,1.9000000000000001,2.2,2.3000000000000003,20.9,33.599999999999994,45.800000000000004,102.8,1.5,0.468,0.413
PAKALAPAHAR-2023-LS-01,Mizoram / Manipur / Nagaland,landslide,B,REAL_RECONSTRUCTED,low,25.811275,93.7875258,COARSE,3000.0,0.5,True,True,True,191.0,2.052499552484028,14.0,PAKALAPAHAR-2023-LS-01|neg|30,0,,2023-08-10T16:00:00,0.5,0.0,0.0,0.2,0.5,0.7000000000000001,11.200000000000001,59.2,85.30000000000001,0.1,0.438,0.437
PAKALAPAHAR-2023-LS-01,Mizoram / Manipur / Nagaland,landslide,B,REAL_RECONSTRUCTED,low,25.811275,93.7875258,COARSE,3000.0,0.5,True,True,True,191.0,2.052499552484028,14.0,PAKALAPAHAR-2023-LS-01|neg|31,0,,2023-08-16T04:00:00,0.5,2.4,2.6,2.6,2.6,3.1999999999999997,7.6000000000000005,11.8,75.1,2.4,0.399,0.382
PAKALAPAHAR-2023-LS-01,Mizoram / Manipur / Nagaland,landslide,B,REAL_RECONSTRUCTED,low,25.811275,93.7875258,COARSE,3000.0,0.5,True,True,True,191.0,2.052499552484028,14.0,PAKALAPAHAR-2023-LS-01|neg|32,0,,2023-08-12T04:00:00,0.5,0.0,0.0,0.0,0.1,2.0,3.0,48.5,82.99999999999999,0.0,0.428,0.422
PAKALAPAHAR-2023-LS-01,Mizoram / Manipur / Nagaland,landslide,B,REAL_RECONSTRUCTED,low,25.811275,93.7875258,COARSE,3000.0,0.5,True,True,True,191.0,2.052499552484028,14.0,PAKALAPAHAR-2023-LS-01|neg|33,0,,2023-05-21T04:00:00,0.5,0.0,0.0,0.30000000000000004,0.30000000000000004,7.9,31.999999999999993,70.6,72.39999999999999,0.2,0.353,0.282
PAKALAPAHAR-2023-LS-01,Mizoram / Manipur / Nagaland,landslide,B,REAL_RECONSTRUCTED,low,25.811275,93.7875258,COARSE,3000.0,0.5,True,True,True,191.0,2.052499552484028,14.0,PAKALAPAHAR-2023-LS-01|neg|34,0,,2023-06-14T04:00:00,0.5,0.0,0.0,0.5,0.5,3.8,62.900000000000006,104.30000000000001,106.60000000000001,0.3,0.467,0.444
NH29-2024-LS-01,Mizoram / Manipur / Nagaland,landslide,C,REAL_RECONSTRUCTED,moderate,25.6841232,94.1193322,OK,5000.0,12.0,False,False,False,1431.0,17.52157834011532,141.0,NH29-2024-LS-01|pos|72,1,72.0,2024-09-01T00:00:00,1.0,0.0,0.1,6.9,11.6,13.3,25.5,60.5,214.8,4.9,0.506,0.512
NH29-2024-LS-01,Mizoram / Manipur / Nagaland,landslide,C,REAL_RECONSTRUCTED,moderate,25.6841232,94.1193322,OK,5000.0,12.0,False,False,False,1431.0,17.52157834011532,141.0,NH29-2024-LS-01|pos|48,1,48.0,2024-09-02T00:00:00,1.0,0.0,0.0,0.3,1.6,14.3,34.9,68.89999999999999,223.60000000000002,0.3,0.496,0.504
NH29-2024-LS-01,Mizoram / Manipur / Nagaland,landslide,C,REAL_RECONSTRUCTED,moderate,25.6841232,94.1193322,OK,5000.0,12.0,False,False,False,1431.0,17.52157834011532,141.0,NH29-2024-LS-01|pos|24,1,24.0,2024-09-03T00:00:00,1.0,0.0,0.0,0.2,1.0,11.2,38.8,71.1,212.3,0.1,0.492,0.502
NH29-2024-LS-01,Mizoram / Manipur / Nagaland,landslide,C,REAL_RECONSTRUCTED,moderate,25.6841232,94.1193322,OK,5000.0,12.0,False,False,False,1431.0,17.52157834011532,141.0,NH29-2024-LS-01|pos|12,1,12.0,2024-09-03T12:00:00,1.0,0.4,2.8,2.9,2.9,3.9000000000000004,40.0,72.19999999999999,201.5,2.3,0.5,0.492
NH29-2024-LS-01,Mizoram / Manipur / Nagaland,landslide,C,REAL_RECONSTRUCTED,moderate,25.6841232,94.1193322,OK,5000.0,12.0,False,False,False,1431.0,17.52157834011532,141.0,NH29-2024-LS-01|neg|0,0,,2024-07-10T12:00:00,0.5,0.9,24.1,29.1,34.6,39.5,134.7,334.8,715.0,13.4,0.504,0.516
NH29-2024-LS-01,Mizoram / Manipur / Nagaland,landslide,C,REAL_RECONSTRUCTED,moderate,25.6841232,94.1193322,OK,5000.0,12.0,False,False,False,1431.0,17.52157834011532,141.0,NH29-2024-LS-01|neg|1,0,,2024-08-11T12:00:00,0.5,3.4,14.8,77.60000000000001,98.70000000000002,113.1,238.79999999999998,411.1,616.0,23.5,0.499,0.518
NH29-2024-LS-01,Mizoram / Manipur / Nagaland,landslide,C,REAL_RECONSTRUCTED,moderate,25.6841232,94.1193322,OK,5000.0,12.0,False,False,False,1431.0,17.52157834011532,141.0,NH29-2024-LS-01|neg|2,0,,2024-07-19T00:00:00,0.5,0.0,0.0,0.0,4.1,23.800000000000004,86.19999999999999,193.9,576.2,0.0,0.49,0.494
NH29-2024-LS-01,Mizoram / Manipur / Nagaland,landslide,C,REAL_RECONSTRUCTED,moderate,25.6841232,94.1193322,OK,5000.0,12.0,False,False,False,1431.0,17.52157834011532,141.0,NH29-2024-LS-01|neg|3,0,,2024-10-14T00:00:00,0.5,0.0,0.0,0.0,0.7,1.9,19.3,99.3,259.4,0.0,0.49,0.49
NH29-2024-LS-01,Mizoram / Manipur / Nagaland,landslide,C,REAL_RECONSTRUCTED,moderate,25.6841232,94.1193322,OK,5000.0,12.0,False,False,False,1431.0,17.52157834011532,141.0,NH29-2024-LS-01|neg|4,0,,2024-08-10T00:00:00,0.5,0.0,0.1,0.7999999999999999,19.0,73.2,210.29999999999998,343.1,484.79999999999995,0.5,0.503,0.511
NH29-2024-LS-01,Mizoram / Manipur / Nagaland,landslide,C,REAL_RECONSTRUCTED,moderate,25.6841232,94.1193322,OK,5000.0,12.0,False,False,False,1431.0,17.52157834011532,141.0,NH29-2024-LS-01|neg|5,0,,2024-08-16T12:00:00,0.5,0.4,1.0,1.2000000000000002,1.9,3.3000000000000003,16.5,185.89999999999998,592.4000000000001,0.5,0.488,0.482
NH29-2024-LS-01,Mizoram / Manipur / Nagaland,landslide,C,REAL_RECONSTRUCTED,moderate,25.6841232,94.1193322,OK,5000.0,12.0,False,False,False,1431.0,17.52157834011532,141.0,NH29-2024-LS-01|neg|6,0,,2024-07-23T12:00:00,0.5,0.3,11.2,11.6,15.2,33.7,107.8,185.70000000000002,466.0,10.2,0.496,0.513
NH29-2024-LS-01,Mizoram / Manipur / Nagaland,landslide,C,REAL_RECONSTRUCTED,moderate,25.6841232,94.1193322,OK,5000.0,12.0,False,False,False,1431.0,17.52157834011532,141.0,NH29-2024-LS-01|neg|7,0,,2024-10-11T00:00:00,0.5,0.0,0.0,0.30000000000000004,5.7,15.799999999999999,47.099999999999994,177.6,285.7,0.2,0.496,0.508
NH29-2024-LS-01,Mizoram / Manipur / Nagaland,landslide,C,REAL_RECONSTRUCTED,moderate,25.6841232,94.1193322,OK,5000.0,12.0,False,False,False,1431.0,17.52157834011532,141.0,NH29-2024-LS-01|neg|8,0,,2024-07-11T00:00:00,0.5,0.2,0.5,3.9999999999999996,12.7,47.3,126.1,333.3,719.5999999999999,2.3,0.506,0.513
NH29-2024-LS-01,Mizoram / Manipur / Nagaland,landslide,C,REAL_RECONSTRUCTED,moderate,25.6841232,94.1193322,OK,5000.0,12.0,False,False,False,1431.0,17.52157834011532,141.0,NH29-2024-LS-01|neg|9,0,,2024-10-08T12:00:00,0.5,0.2,10.6,10.899999999999999,10.899999999999999,20.200000000000003,65.9,186.8,282.8,6.9,0.494,0.514
NH29-2024-LS-01,Mizoram / Manipur / Nagaland,landslide,C,REAL_RECONSTRUCTED,moderate,25.6841232,94.1193322,OK,5000.0,12.0,False,False,False,1431.0,17.52157834011532,141.0,NH29-2024-LS-01|neg|10,0,,2024-08-05T00:00:00,0.5,0.0,1.2,4.3,26.5,52.1,140.0,228.9,385.0,1.1,0.509,0.512
NH29-2024-LS-01,Mizoram / Manipur / Nagaland,landslide,C,REAL_RECONSTRUCTED,moderate,25.6841232,94.1193322,OK,5000.0,12.0,False,False,False,1431.0,17.52157834011532,141.0,NH29-2024-LS-01|neg|11,0,,2024-09-24T00:00:00,0.5,0.0,0.0,0.0,0.7,1.5000000000000002,1.9000000000000001,12.600000000000001,65.8,0.0,0.43,0.433
NH29-2024-LS-01,Mizoram / Manipur / Nagaland,landslide,C,REAL_RECONSTRUCTED,moderate,25.6841232,94.1193322,OK,5000.0,12.0,False,False,False,1431.0,17.52157834011532,141.0,NH29-2024-LS-01|neg|12,0,,2024-09-27T00:00:00,0.5,0.0,0.1,0.7000000000000001,1.7000000000000002,16.4,49.0,52.699999999999996,88.6,0.4,0.497,0.503
NH29-2024-LS-01,Mizoram / Manipur / Nagaland,landslide,C,REAL_RECONSTRUCTED,moderate,25.6841232,94.1193322,OK,5000.0,12.0,False,False,False,1431.0,17.52157834011532,141.0,NH29-2024-LS-01|neg|13,0,,2024-08-06T00:00:00,0.5,0.2,0.8999999999999999,3.6,13.100000000000001,24.1,114.5,236.0,380.5,1.6,0.511,0.511
NH29-2024-LS-01,Mizoram / Manipur / Nagaland,landslide,C,REAL_RECONSTRUCTED,moderate,25.6841232,94.1193322,OK,5000.0,12.0,False,False,False,1431.0,17.52157834011532,141.0,NH29-2024-LS-01|neg|14,0,,2024-07-08T12:00:00,0.5,8.1,22.9,23.7,23.7,45.0,149.7,342.90000000000003,683.0,9.0,0.52,0.52
NH29-2024-LS-01,Mizoram / Manipur / Nagaland,landslide,C,REAL_RECONSTRUCTED,moderate,25.6841232,94.1193322,OK,5000.0,12.0,False,False,False,1431.0,17.52157834011532,141.0,NH29-2024-LS-01|neg|15,0,,2024-08-21T00:00:00,0.5,0.1,0.1,1.6,14.8,33.7,79.29999999999998,107.60000000000001,487.1,0.9,0.503,0.51
NH29-2024-LS-01,Mizoram / Manipur / Nagaland,landslide,C,REAL_RECONSTRUCTED,moderate,25.6841232,94.1193322,OK,5000.0,12.0,False,False,False,1431.0,17.52157834011532,141.0,NH29-2024-LS-01|neg|16,0,,2024-07-07T12:00:00,0.5,14.2,19.799999999999997,30.799999999999997,34.3,54.39999999999999,159.9,386.79999999999995,674.3,14.2,0.52,0.52
NH29-2024-LS-01,Mizoram / Manipur / Nagaland,landslide,C,REAL_RECONSTRUCTED,moderate,25.6841232,94.1193322,OK,5000.0,12.0,False,False,False,1431.0,17.52157834011532,141.0,NH29-2024-LS-01|neg|17,0,,2024-09-25T00:00:00,0.5,0.0,0.0,0.0,0.2,2.4000000000000004,4.0,11.3,54.0,0.0,0.413,0.425
NH29-2024-LS-01,Mizoram / Manipur / Nagaland,landslide,C,REAL_RECONSTRUCTED,moderate,25.6841232,94.1193322,OK,5000.0,12.0,False,False,False,1431.0,17.52157834011532,141.0,NH29-2024-LS-01|neg|18,0,,2024-08-03T00:00:00,0.5,0.0,0.0,0.2,19.100000000000005,49.599999999999994,92.1,141.20000000000002,318.2,0.1,0.496,0.488
NH29-2024-LS-01,Mizoram / Manipur / Nagaland,landslide,C,REAL_RECONSTRUCTED,moderate,25.6841232,94.1193322,OK,5000.0,12.0,False,False,False,1431.0,17.52157834011532,141.0,NH29-2024-LS-01|neg|19,0,,2024-10-09T12:00:00,0.5,4.0,10.399999999999999,10.7,10.7,16.2,63.5,198.0,296.1,6.3,0.505,0.511
BARAK-2020-LS-01,Meghalaya / Assam hills,landslide,B,REAL_RECONSTRUCTED,high,24.75864,92.8816648,OK,60233.0,12.0,False,False,False,26.0,1.5001266477642177,13.0,BARAK-2020-LS-01|pos|72,1,72.0,2020-05-30T00:00:00,0.2,1.1,1.7000000000000002,1.7000000000000002,2.1,6.800000000000001,170.5,190.0,234.70000000000002,1.1,0.486,0.476
BARAK-2020-LS-01,Meghalaya / Assam hills,landslide,B,REAL_RECONSTRUCTED,high,24.75864,92.8816648,OK,60233.0,12.0,False,False,False,26.0,1.5001266477642177,13.0,BARAK-2020-LS-01|pos|48,1,48.0,2020-05-31T00:00:00,0.2,0.3,0.8,1.7,4.5,41.699999999999996,129.90000000000003,227.70000000000002,268.5,0.6,0.491,0.476
BARAK-2020-LS-01,Meghalaya / Assam hills,landslide,B,REAL_RECONSTRUCTED,high,24.75864,92.8816648,OK,60233.0,12.0,False,False,False,26.0,1.5001266477642177,13.0,BARAK-2020-LS-01|pos|24,1,24.0,2020-06-01T00:00:00,0.2,0.1,0.1,0.1,0.1,5.300000000000001,53.8,229.39999999999998,265.0,0.1,0.48,0.48
BARAK-2020-LS-01,Meghalaya / Assam hills,landslide,B,REAL_RECONSTRUCTED,high,24.75864,92.8816648,OK,60233.0,12.0,False,False,False,26.0,1.5001266477642177,13.0,BARAK-2020-LS-01|pos|12,1,12.0,2020-06-01T12:00:00,0.2,0.4,4.3,9.4,11.8,11.9,60.9,239.6,276.7,2.8,0.512,0.508
BARAK-2020-LS-01,Meghalaya / Assam hills,landslide,B,REAL_RECONSTRUCTED,high,24.75864,92.8816648,OK,60233.0,12.0,False,False,False,26.0,1.5001266477642177,13.0,BARAK-2020-LS-01|neg|0,0,,2020-05-03T00:00:00,0.5,0.0,0.0,0.0,0.2,0.2,8.4,36.0,95.0,0.0,0.42,0.438
BARAK-2020-LS-01,Meghalaya / Assam hills,landslide,B,REAL_RECONSTRUCTED,high,24.75864,92.8816648,OK,60233.0,12.0,False,False,False,26.0,1.5001266477642177,13.0,BARAK-2020-LS-01|neg|1,0,,2020-05-12T00:00:00,0.5,0.0,0.0,0.0,0.0,0.0,0.1,13.4,55.4,0.0,0.351,0.39
BARAK-2020-LS-01,Meghalaya / Assam hills,landslide,B,REAL_RECONSTRUCTED,high,24.75864,92.8816648,OK,60233.0,12.0,False,False,False,26.0,1.5001266477642177,13.0,BARAK-2020-LS-01|neg|2,0,,2020-05-10T00:00:00,0.5,0.0,0.0,0.0,0.0,0.1,1.2999999999999998,22.400000000000002,62.800000000000004,0.0,0.386,0.416
BARAK-2020-LS-01,Meghalaya / Assam hills,landslide,B,REAL_RECONSTRUCTED,high,24.75864,92.8816648,OK,60233.0,12.0,False,False,False,26.0,1.5001266477642177,13.0,BARAK-2020-LS-01|neg|3,0,,2020-04-10T00:00:00,0.5,0.0,0.0,0.0,0.0,0.0,0.2,11.5,11.5,0.0,0.292,0.277
BARAK-2020-LS-01,Meghalaya / Assam hills,landslide,B,REAL_RECONSTRUCTED,high,24.75864,92.8816648,OK,60233.0,12.0,False,False,False,26.0,1.5001266477642177,13.0,BARAK-2020-LS-01|neg|4,0,,2020-05-06T12:00:00,0.5,0.0,0.0,0.0,5.2,5.2,19.3,30.700000000000003,97.5,0.0,0.472,0.438
BARAK-2020-LS-01,Meghalaya / Assam hills,landslide,B,REAL_RECONSTRUCTED,high,24.75864,92.8816648,OK,60233.0,12.0,False,False,False,26.0,1.5001266477642177,13.0,BARAK-2020-LS-01|neg|5,0,,2020-07-02T00:00:00,0.5,0.3,0.4,0.4,5.8,11.9,22.3,71.4,159.3,0.3,0.487,0.489
BARAK-2020-LS-01,Meghalaya / Assam hills,landslide,B,REAL_RECONSTRUCTED,high,24.75864,92.8816648,OK,60233.0,12.0,False,False,False,26.0,1.5001266477642177,13.0,BARAK-2020-LS-01|neg|6,0,,2020-04-16T12:00:00,0.5,0.0,0.0,1.2,1.2,1.5,1.5,1.5,13.0,0.7,0.29,0.284
BARAK-2020-LS-01,Meghalaya / Assam hills,landslide,B,REAL_RECONSTRUCTED,high,24.75864,92.8816648,OK,60233.0,12.0,False,False,False,26.0,1.5001266477642177,13.0,BARAK-2020-LS-01|neg|7,0,,2020-07-16T12:00:00,0.5,0.5,2.0,2.5,5.000000000000001,8.399999999999999,19.900000000000002,56.099999999999994,141.4,0.9,0.504,0.493
BARAK-2020-LS-01,Meghalaya / Assam hills,landslide,B,REAL_RECONSTRUCTED,high,24.75864,92.8816648,OK,60233.0,12.0,False,False,False,26.0,1.5001266477642177,13.0,BARAK-2020-LS-01|neg|8,0,,2020-04-13T00:00:00,0.5,0.0,0.0,0.0,0.0,0.0,0.0,3.1,11.5,0.0,0.277,0.283
BARAK-2020-LS-01,Meghalaya / Assam hills,landslide,B,REAL_RECONSTRUCTED,high,24.75864,92.8816648,OK,60233.0,12.0,False,False,False,26.0,1.5001266477642177,13.0,BARAK-2020-LS-01|neg|9,0,,2020-07-11T12:00:00,0.5,0.5,1.2,1.8,3.0,5.5,33.8,69.5,153.10000000000002,0.6,0.505,0.503
BARAK-2020-LS-01,Meghalaya / Assam hills,landslide,B,REAL_RECONSTRUCTED,high,24.75864,92.8816648,OK,60233.0,12.0,False,False,False,26.0,1.5001266477642177,13.0,BARAK-2020-LS-01|neg|10,0,,2020-04-07T00:00:00,0.5,0.0,0.0,0.0,0.0,2.9000000000000004,7.699999999999999,11.299999999999999,16.3,0.0,0.292,0.272
BARAK-2020-LS-01,Meghalaya / Assam hills,landslide,B,REAL_RECONSTRUCTED,high,24.75864,92.8816648,OK,60233.0,12.0,False,False,False,26.0,1.5001266477642177,13.0,BARAK-2020-LS-01|neg|11,0,,2020-06-21T12:00:00,0.5,0.0,0.0,0.0,0.6,5.699999999999999,13.900000000000002,70.7,193.79999999999998,0.0,0.482,0.487
BARAK-2020-LS-01,Meghalaya / Assam hills,landslide,B,REAL_RECONSTRUCTED,high,24.75864,92.8816648,OK,60233.0,12.0,False,False,False,26.0,1.5001266477642177,13.0,BARAK-2020-LS-01|neg|12,0,,2020-04-24T12:00:00,0.5,0.0,0.0,0.0,0.0,0.0,19.0,38.2,59.199999999999996,0.0,0.426,0.429
BARAK-2020-LS-01,Meghalaya / Assam hills,landslide,B,REAL_RECONSTRUCTED,high,24.75864,92.8816648,OK,60233.0,12.0,False,False,False,26.0,1.5001266477642177,13.0,BARAK-2020-LS-01|neg|13,0,,2020-04-05T00:00:00,0.5,0.0,0.0,0.0,0.0,4.6,8.200000000000001,8.200000000000001,13.3,0.0,0.293,0.275
BARAK-2020-LS-01,Meghalaya / Assam hills,landslide,B,REAL_RECONSTRUCTED,high,24.75864,92.8816648,OK,60233.0,12.0,False,False,False,26.0,1.5001266477642177,13.0,BARAK-2020-LS-01|neg|14,0,,2020-04-03T00:00:00,0.5,0.0,0.0,0.0,0.0,0.0,0.0,0.0,5.1,0.0,0.265,0.281
BARAK-2020-LS-01,Meghalaya / Assam hills,landslide,B,REAL_RECONSTRUCTED,high,24.75864,92.8816648,OK,60233.0,12.0,False,False,False,26.0,1.5001266477642177,13.0,BARAK-2020-LS-01|neg|15,0,,2020-06-16T12:00:00,0.5,0.0,0.0,0.4,5.1,17.799999999999997,31.2,132.8,209.3,0.2,0.491,0.506
BARAK-2020-LS-01,Meghalaya / Assam hills,landslide,B,REAL_RECONSTRUCTED,high,24.75864,92.8816648,OK,60233.0,12.0,False,False,False,26.0,1.5001266477642177,13.0,BARAK-2020-LS-01|neg|16,0,,2020-06-29T00:00:00,0.5,0.1,0.1,0.2,3.2,10.899999999999999,37.900000000000006,83.4,162.3,0.1,0.495,0.491
BARAK-2020-LS-01,Meghalaya / Assam hills,landslide,B,REAL_RECONSTRUCTED,high,24.75864,92.8816648,OK,60233.0,12.0,False,False,False,26.0,1.5001266477642177,13.0,BARAK-2020-LS-01|neg|17,0,,2020-04-11T12:00:00,0.5,0.0,0.0,0.0,0.0,0.0,0.0,3.3000000000000003,11.499999999999998,0.0,0.28,0.279
BARAK-2020-LS-01,Meghalaya / Assam hills,landslide,B,REAL_RECONSTRUCTED,high,24.75864,92.8816648,OK,60233.0,12.0,False,False,False,26.0,1.5001266477642177,13.0,BARAK-2020-LS-01|neg|18,0,,2020-04-22T00:00:00,0.5,0.0,0.0,4.0,14.1,21.1,30.4,54.3,54.5,3.6,0.485,0.444
BARAK-2020-LS-01,Meghalaya / Assam hills,landslide,B,REAL_RECONSTRUCTED,high,24.75864,92.8816648,OK,60233.0,12.0,False,False,False,26.0,1.5001266477642177,13.0,BARAK-2020-LS-01|neg|19,0,,2020-06-20T12:00:00,0.5,0.1,0.2,0.5,0.9,5.2,25.099999999999998,75.9,193.8,0.1,0.479,0.484
GAROHILLS-2024-LS-01,Meghalaya / Assam hills,landslide,B,REAL_RECONSTRUCTED,high,25.347969,90.5657773,COARSE,43604.0,12.0,False,False,False,120.0,3.8782354007798774,41.0,GAROHILLS-2024-LS-01|pos|72,1,72.0,2024-10-02T00:00:00,0.22933675809558757,0.4,0.5,0.8,2.6,4.6,12.3,98.60000000000001,108.70000000000002,0.4,0.483,0.481
GAROHILLS-2024-LS-01,Meghalaya / Assam hills,landslide,B,REAL_RECONSTRUCTED,high,25.347969,90.5657773,COARSE,43604.0,12.0,False,False,False,120.0,3.8782354007798774,41.0,GAROHILLS-2024-LS-01|pos|48,1,48.0,2024-10-03T00:00:00,0.22933675809558757,0.0,0.0,0.0,0.4,16.7,24.599999999999998,75.0,125.4,0.0,0.486,0.491
GAROHILLS-2024-LS-01,Meghalaya / Assam hills,landslide,B,REAL_RECONSTRUCTED,high,25.347969,90.5657773,COARSE,43604.0,12.0,False,False,False,120.0,3.8782354007798774,41.0,GAROHILLS-2024-LS-01|pos|24,1,24.0,2024-10-04T00:00:00,0.22933675809558757,9.5,21.3,23.1,29.0,35.099999999999994,56.39999999999999,79.5,158.7,10.0,0.516,0.52
GAROHILLS-2024-LS-01,Meghalaya / Assam hills,landslide,B,REAL_RECONSTRUCTED,high,25.347969,90.5657773,COARSE,43604.0,12.0,False,False,False,120.0,3.8782354007798774,41.0,GAROHILLS-2024-LS-01|pos|12,1,12.0,2024-10-04T12:00:00,0.22933675809558757,2.8,7.8999999999999995,16.1,47.5,76.5,101.9,124.9,206.2,3.8,0.507,0.507
GAROHILLS-2024-LS-01,Meghalaya / Assam hills,landslide,B,REAL_RECONSTRUCTED,high,25.347969,90.5657773,COARSE,43604.0,12.0,False,False,False,120.0,3.8782354007798774,41.0,GAROHILLS-2024-LS-01|neg|0,0,,2024-08-14T00:00:00,0.5,0.4,0.4,0.4,1.8000000000000003,5.6,35.1,99.4,257.9,0.4,0.488,0.501
GAROHILLS-2024-LS-01,Meghalaya / Assam hills,landslide,B,REAL_RECONSTRUCTED,high,25.347969,90.5657773,COARSE,43604.0,12.0,False,False,False,120.0,3.8782354007798774,41.0,GAROHILLS-2024-LS-01|neg|1,0,,2024-08-12T00:00:00,0.5,0.2,0.4,0.8,8.499999999999998,14.100000000000001,39.1,109.1,242.1,0.3,0.505,0.511
GAROHILLS-2024-LS-01,Meghalaya / Assam hills,landslide,B,REAL_RECONSTRUCTED,high,25.347969,90.5657773,COARSE,43604.0,12.0,False,False,False,120.0,3.8782354007798774,41.0,GAROHILLS-2024-LS-01|neg|2,0,,2024-08-12T12:00:00,0.5,0.5,2.2,6.699999999999999,13.200000000000001,21.700000000000003,46.2,116.69999999999999,254.7,1.9,0.513,0.509
GAROHILLS-2024-LS-01,Meghalaya / Assam hills,landslide,B,REAL_RECONSTRUCTED,high,25.347969,90.5657773,COARSE,43604.0,12.0,False,False,False,120.0,3.8782354007798774,41.0,GAROHILLS-2024-LS-01|neg|3,0,,2024-08-27T00:00:00,0.5,0.0,0.0,0.0,0.0,0.7000000000000001,16.7,94.6,180.39999999999998,0.0,0.455,0.469
GAROHILLS-2024-LS-01,Meghalaya / Assam hills,landslide,B,REAL_RECONSTRUCTED,high,25.347969,90.5657773,COARSE,43604.0,12.0,False,False,False,120.0,3.8782354007798774,41.0,GAROHILLS-2024-LS-01|neg|4,0,,2024-08-22T00:00:00,0.5,0.0,0.1,0.1,2.0,36.3,103.1,127.60000000000001,228.7,0.1,0.498,0.504
GAROHILLS-2024-LS-01,Meghalaya / Assam hills,landslide,B,REAL_RECONSTRUCTED,high,25.347969,90.5657773,COARSE,43604.0,12.0,False,False,False,120.0,3.8782354007798774,41.0,GAROHILLS-2024-LS-01|neg|5,0,,2024-08-06T00:00:00,0.5,2.2,5.3,7.0,8.8,14.400000000000002,49.39999999999999,142.2,176.70000000000002,2.3,0.519,0.514
GAROHILLS-2024-LS-01,Meghalaya / Assam hills,landslide,B,REAL_RECONSTRUCTED,high,25.347969,90.5657773,COARSE,43604.0,12.0,False,False,False,120.0,3.8782354007798774,41.0,GAROHILLS-2024-LS-01|neg|6,0,,2024-08-11T12:00:00,0.5,0.2,1.5,3.5,5.6000000000000005,8.600000000000001,38.50000000000001,104.3,235.4,1.3,0.511,0.512
GAROHILLS-2024-LS-01,Meghalaya / Assam hills,landslide,B,REAL_RECONSTRUCTED,high,25.347969,90.5657773,COARSE,43604.0,12.0,False,False,False,120.0,3.8782354007798774,41.0,GAROHILLS-2024-LS-01|neg|7,0,,2024-08-21T12:00:00,0.5,1.1,3.8000000000000003,16.2,34.300000000000004,39.400000000000006,105.5,126.5,231.5,4.6,0.512,0.514
GAROHILLS-2024-LS-01,Meghalaya / Assam hills,landslide,B,REAL_RECONSTRUCTED,high,25.347969,90.5657773,COARSE,43604.0,12.0,False,False,False,120.0,3.8782354007798774,41.0,GAROHILLS-2024-LS-01|neg|8,0,,2024-08-15T00:00:00,0.5,0.4,0.4,0.4,0.9,1.7000000000000002,22.7,88.2,240.9,0.4,0.492,0.499
GAROHILLS-2024-LS-01,Meghalaya / Assam hills,landslide,B,REAL_RECONSTRUCTED,high,25.347969,90.5657773,COARSE,43604.0,12.0,False,False,False,120.0,3.8782354007798774,41.0,GAROHILLS-2024-LS-01|neg|9,0,,2024-08-25T00:00:00,0.5,1.5,1.7,4.1,12.4,14.2,27.6,137.1,203.4,2.1,0.506,0.487
GAROHILLS-2024-LS-01,Meghalaya / Assam hills,landslide,B,REAL_RECONSTRUCTED,high,25.347969,90.5657773,COARSE,43604.0,12.0,False,False,False,120.0,3.8782354007798774,41.0,GAROHILLS-2024-LS-01|neg|10,0,,2024-08-09T00:00:00,0.5,0.3,0.7,2.1999999999999997,7.9,26.400000000000002,55.599999999999994,148.2,207.39999999999998,1.0,0.509,0.51
GAROHILLS-2024-LS-01,Meghalaya / Assam hills,landslide,B,REAL_RECONSTRUCTED,high,25.347969,90.5657773,COARSE,43604.0,12.0,False,False,False,120.0,3.8782354007798774,41.0,GAROHILLS-2024-LS-01|neg|11,0,,2024-08-27T12:00:00,0.5,0.0,0.0,0.30000000000000004,1.0,1.0,15.9,72.5,168.2,0.1,0.452,0.464
GAROHILLS-2024-LS-01,Meghalaya / Assam hills,landslide,B,REAL_RECONSTRUCTED,high,25.347969,90.5657773,COARSE,43604.0,12.0,False,False,False,120.0,3.8782354007798774,41.0,GAROHILLS-2024-LS-01|neg|12,0,,2024-11-01T00:00:00,0.5,0.6,0.6,0.6,1.8000000000000003,3.9999999999999996,10.0,20.3,71.69999999999999,0.6,0.464,0.444
GAROHILLS-2024-LS-01,Meghalaya / Assam hills,landslide,B,REAL_RECONSTRUCTED,high,25.347969,90.5657773,COARSE,43604.0,12.0,False,False,False,120.0,3.8782354007798774,41.0,GAROHILLS-2024-LS-01|neg|13,0,,2024-10-19T00:00:00,0.5,0.0,0.0,0.0,1.7,2.4,8.4,13.5,176.79999999999998,0.0,0.475,0.462
GAROHILLS-2024-LS-01,Meghalaya / Assam hills,landslide,B,REAL_RECONSTRUCTED,high,25.347969,90.5657773,COARSE,43604.0,12.0,False,False,False,120.0,3.8782354007798774,41.0,GAROHILLS-2024-LS-01|neg|14,0,,2024-08-20T00:00:00,0.5,4.9,7.1000000000000005,7.1000000000000005,33.1,38.6,53.89999999999999,70.4,194.89999999999998,4.9,0.52,0.512
GAROHILLS-2024-LS-01,Meghalaya / Assam hills,landslide,B,REAL_RECONSTRUCTED,high,25.347969,90.5657773,COARSE,43604.0,12.0,False,False,False,120.0,3.8782354007798774,41.0,GAROHILLS-2024-LS-01|neg|15,0,,2024-11-08T12:00:00,0.5,0.0,0.0,0.0,0.0,0.0,3.1,5.6,39.599999999999994,0.0,0.423,0.422
GAROHILLS-2024-LS-01,Meghalaya / Assam hills,landslide,B,REAL_RECONSTRUCTED,high,25.347969,90.5657773,COARSE,43604.0,12.0,False,False,False,120.0,3.8782354007798774,41.0,GAROHILLS-2024-LS-01|neg|16,0,,2024-09-09T12:00:00,0.5,0.0,0.5,0.9,1.0,1.0,2.8,33.699999999999996,57.3,0.4,0.43,0.434
GAROHILLS-2024-LS-01,Meghalaya / Assam hills,landslide,B,REAL_RECONSTRUCTED,high,25.347969,90.5657773,COARSE,43604.0,12.0,False,False,False,120.0,3.8782354007798774,41.0,GAROHILLS-2024-LS-01|neg|17,0,,2024-09-21T00:00:00,0.5,0.0,0.0,0.0,0.0,0.0,2.7,23.799999999999997,56.599999999999994,0.0,0.364,0.397
GAROHILLS-2024-LS-01,Meghalaya / Assam hills,landslide,B,REAL_RECONSTRUCTED,high,25.347969,90.5657773,COARSE,43604.0,12.0,False,False,False,120.0,3.8782354007798774,41.0,GAROHILLS-2024-LS-01|neg|18,0,,2024-10-27T12:00:00,0.5,0.0,0.0,0.0,0.0,0.0,22.699999999999996,53.400000000000006,65.4,0.0,0.474,0.478
GAROHILLS-2024-LS-01,Meghalaya / Assam hills,landslide,B,REAL_RECONSTRUCTED,high,25.347969,90.5657773,COARSE,43604.0,12.0,False,False,False,120.0,3.8782354007798774,41.0,GAROHILLS-2024-LS-01|neg|19,0,,2024-11-11T12:00:00,0.5,0.0,0.0,0.0,0.0,0.0,0.0,3.1,16.900000000000002,0.0,0.388,0.402
